           bin (pT_lp)   qTcut           contribution/subprocess            dsigma +-            error     chi2_dof   n_run [total]   (removed)   events / bin

         0           5   0.01            NNLO.QT-CS.42.CT2.QCD          2254.32845 +-          1.12500
--------------------------------------------------------------------------------------------------------------------------------------------------------------
         0           5   0.01            ud~_epvebb~                    2254.32845 +-          1.12500        1.200       0 [   42]      (   0)       13534404

         0           5   0.05            NNLO.QT-CS.42.CT2.QCD          587.393130 +-         0.332903
--------------------------------------------------------------------------------------------------------------------------------------------------------------
         0           5   0.05            ud~_epvebb~                    587.393130 +-         0.332903        1.335       0 [   42]      (   0)       13534404

         0           5   0.1             NNLO.QT-CS.42.CT2.QCD          195.647518 +-         0.169717
--------------------------------------------------------------------------------------------------------------------------------------------------------------
         0           5   0.1             ud~_epvebb~                    195.647518 +-         0.169717        1.464       0 [   42]      (   0)       13534404

         0           5   0.15            NNLO.QT-CS.42.CT2.QCD          34.8876120 +-        0.1253110
--------------------------------------------------------------------------------------------------------------------------------------------------------------
         0           5   0.15            ud~_epvebb~                    34.8876120 +-        0.1253110        1.454       0 [   42]      (   0)       13534404

         0           5   0.2             NNLO.QT-CS.42.CT2.QCD         -53.2018829 +-        0.1161338
--------------------------------------------------------------------------------------------------------------------------------------------------------------
         0           5   0.2             ud~_epvebb~                   -53.2018829 +-        0.1161338        1.346       0 [   42]      (   0)       13534404

         0           5   0.25            NNLO.QT-CS.42.CT2.QCD         -108.329000 +-         0.117597
--------------------------------------------------------------------------------------------------------------------------------------------------------------
         0           5   0.25            ud~_epvebb~                   -108.329000 +-         0.117597        1.253       0 [   42]      (   0)       13534404

         0           5   0.5             NNLO.QT-CS.42.CT2.QCD         -217.264451 +-         0.134016
--------------------------------------------------------------------------------------------------------------------------------------------------------------
         0           5   0.5             ud~_epvebb~                   -217.264451 +-         0.134016        1.124       0 [   42]      (   0)       13534404

==============================================================================================================================================================

         5          10   0.01            NNLO.QT-CS.42.CT2.QCD          6819.71761 +-          1.97663
--------------------------------------------------------------------------------------------------------------------------------------------------------------
         5          10   0.01            ud~_epvebb~                    6819.71761 +-          1.97663        1.197       0 [   42]      (   0)       30863504

         5          10   0.05            NNLO.QT-CS.42.CT2.QCD          1778.74597 +-          0.58579
--------------------------------------------------------------------------------------------------------------------------------------------------------------
         5          10   0.05            ud~_epvebb~                    1778.74597 +-          0.58579        1.276       0 [   42]      (   0)       30863504

         5          10   0.1             NNLO.QT-CS.42.CT2.QCD          593.391335 +-         0.300259
--------------------------------------------------------------------------------------------------------------------------------------------------------------
         5          10   0.1             ud~_epvebb~                    593.391335 +-         0.300259        1.221       0 [   42]      (   0)       30863504

         5          10   0.15            NNLO.QT-CS.42.CT2.QCD          106.759143 +-         0.223003
--------------------------------------------------------------------------------------------------------------------------------------------------------------
         5          10   0.15            ud~_epvebb~                    106.759143 +-         0.223003        1.019       0 [   42]      (   0)       30863504

         5          10   0.2             NNLO.QT-CS.42.CT2.QCD         -159.987919 +-         0.207037
--------------------------------------------------------------------------------------------------------------------------------------------------------------
         5          10   0.2             ud~_epvebb~                   -159.987919 +-         0.207037       0.8616       0 [   42]      (   0)       30863504

         5          10   0.25            NNLO.QT-CS.42.CT2.QCD         -326.976130 +-         0.209480
--------------------------------------------------------------------------------------------------------------------------------------------------------------
         5          10   0.25            ud~_epvebb~                   -326.976130 +-         0.209480       0.8015       0 [   42]      (   0)       30863504

         5          10   0.5             NNLO.QT-CS.42.CT2.QCD         -657.241641 +-         0.237582
--------------------------------------------------------------------------------------------------------------------------------------------------------------
         5          10   0.5             ud~_epvebb~                   -657.241641 +-         0.237582       0.8339       0 [   42]      (   0)       30863504

==============================================================================================================================================================

        10          15   0.01            NNLO.QT-CS.42.CT2.QCD          11621.3787 +-           2.6020
--------------------------------------------------------------------------------------------------------------------------------------------------------------
        10          15   0.01            ud~_epvebb~                    11621.3787 +-           2.6020        1.199       0 [   42]      (   0)       46663753

        10          15   0.05            NNLO.QT-CS.42.CT2.QCD          3040.88019 +-          0.77321
--------------------------------------------------------------------------------------------------------------------------------------------------------------
        10          15   0.05            ud~_epvebb~                    3040.88019 +-          0.77321        1.206       0 [   42]      (   0)       46663753

        10          15   0.1             NNLO.QT-CS.42.CT2.QCD          1021.06265 +-          0.39744
--------------------------------------------------------------------------------------------------------------------------------------------------------------
        10          15   0.1             ud~_epvebb~                    1021.06265 +-          0.39744        1.010       0 [   42]      (   0)       46663753

        10          15   0.15            NNLO.QT-CS.42.CT2.QCD          191.180902 +-         0.295267
--------------------------------------------------------------------------------------------------------------------------------------------------------------
        10          15   0.15            ud~_epvebb~                    191.180902 +-         0.295267       0.7307       0 [   42]      (   0)       46663753

        10          15   0.2             NNLO.QT-CS.42.CT2.QCD         -264.041641 +-         0.273668
--------------------------------------------------------------------------------------------------------------------------------------------------------------
        10          15   0.2             ud~_epvebb~                   -264.041641 +-         0.273668       0.6051       0 [   42]      (   0)       46663753

        10          15   0.25            NNLO.QT-CS.42.CT2.QCD         -549.215799 +-         0.276453
--------------------------------------------------------------------------------------------------------------------------------------------------------------
        10          15   0.25            ud~_epvebb~                   -549.215799 +-         0.276453       0.6072       0 [   42]      (   0)       46663753

        10          15   0.5             NNLO.QT-CS.42.CT2.QCD         -1114.26516 +-          0.31277
--------------------------------------------------------------------------------------------------------------------------------------------------------------
        10          15   0.5             ud~_epvebb~                   -1114.26516 +-          0.31277       0.8000       0 [   42]      (   0)       46663753

==============================================================================================================================================================

        15          20   0.01            NNLO.QT-CS.42.CT2.QCD          16797.6760 +-           3.1308
--------------------------------------------------------------------------------------------------------------------------------------------------------------
        15          20   0.01            ud~_epvebb~                    16797.6760 +-           3.1308       0.9715       0 [   42]      (   0)       63444811

        15          20   0.05            NNLO.QT-CS.42.CT2.QCD          4408.94536 +-          0.93374
--------------------------------------------------------------------------------------------------------------------------------------------------------------
        15          20   0.05            ud~_epvebb~                    4408.94536 +-          0.93374        1.109       0 [   42]      (   0)       63444811

        15          20   0.1             NNLO.QT-CS.42.CT2.QCD          1490.09593 +-          0.48152
--------------------------------------------------------------------------------------------------------------------------------------------------------------
        15          20   0.1             ud~_epvebb~                    1490.09593 +-          0.48152        1.272       0 [   42]      (   0)       63444811

        15          20   0.15            NNLO.QT-CS.42.CT2.QCD          290.014226 +-         0.357617
--------------------------------------------------------------------------------------------------------------------------------------------------------------
        15          20   0.15            ud~_epvebb~                    290.014226 +-         0.357617        1.299       0 [   42]      (   0)       63444811

        15          20   0.2             NNLO.QT-CS.42.CT2.QCD         -368.673737 +-         0.330568
--------------------------------------------------------------------------------------------------------------------------------------------------------------
        15          20   0.2             ud~_epvebb~                   -368.673737 +-         0.330568        1.200       0 [   42]      (   0)       63444811

        15          20   0.25            NNLO.QT-CS.42.CT2.QCD         -781.551794 +-         0.333168
--------------------------------------------------------------------------------------------------------------------------------------------------------------
        15          20   0.25            ud~_epvebb~                   -781.551794 +-         0.333168        1.095       0 [   42]      (   0)       63444811

        15          20   0.5             NNLO.QT-CS.42.CT2.QCD         -1600.92891 +-          0.37574
--------------------------------------------------------------------------------------------------------------------------------------------------------------
        15          20   0.5             ud~_epvebb~                   -1600.92891 +-          0.37574       0.9021       0 [   42]      (   0)       63444811

==============================================================================================================================================================

        20          25   0.01            NNLO.QT-CS.42.CT2.QCD          22351.3254 +-           3.5709
--------------------------------------------------------------------------------------------------------------------------------------------------------------
        20          25   0.01            ud~_epvebb~                    22351.3254 +-           3.5709        1.131       0 [   42]      (   0)       81783009

        20          25   0.05            NNLO.QT-CS.42.CT2.QCD          5856.71444 +-          1.06633
--------------------------------------------------------------------------------------------------------------------------------------------------------------
        20          25   0.05            ud~_epvebb~                    5856.71444 +-          1.06633        1.124       0 [   42]      (   0)       81783009

        20          25   0.1             NNLO.QT-CS.42.CT2.QCD          1972.47857 +-          0.55138
--------------------------------------------------------------------------------------------------------------------------------------------------------------
        20          25   0.1             ud~_epvebb~                    1972.47857 +-          0.55138       0.9829       0 [   42]      (   0)       81783009

        20          25   0.15            NNLO.QT-CS.42.CT2.QCD          376.108489 +-         0.410338
--------------------------------------------------------------------------------------------------------------------------------------------------------------
        20          25   0.15            ud~_epvebb~                    376.108489 +-         0.410338       0.7891       0 [   42]      (   0)       81783009

        20          25   0.2             NNLO.QT-CS.42.CT2.QCD         -499.782950 +-         0.379320
--------------------------------------------------------------------------------------------------------------------------------------------------------------
        20          25   0.2             ud~_epvebb~                   -499.782950 +-         0.379320       0.6993       0 [   42]      (   0)       81783009

        20          25   0.25            NNLO.QT-CS.42.CT2.QCD         -1048.61965 +-          0.38200
--------------------------------------------------------------------------------------------------------------------------------------------------------------
        20          25   0.25            ud~_epvebb~                   -1048.61965 +-          0.38200       0.6969       0 [   42]      (   0)       81783009

        20          25   0.5             NNLO.QT-CS.42.CT2.QCD         -2136.80819 +-          0.42966
--------------------------------------------------------------------------------------------------------------------------------------------------------------
        20          25   0.5             ud~_epvebb~                   -2136.80819 +-          0.42966       0.8212       0 [   42]      (   0)       81783009

==============================================================================================================================================================

        25          30   0.01            NNLO.QT-CS.42.CT2.QCD          27940.9986 +-           3.8847
--------------------------------------------------------------------------------------------------------------------------------------------------------------
        25          30   0.01            ud~_epvebb~                    27940.9986 +-           3.8847        1.140       0 [   42]      (   0)      101428068

        25          30   0.05            NNLO.QT-CS.42.CT2.QCD          7233.72125 +-          1.15720
--------------------------------------------------------------------------------------------------------------------------------------------------------------
        25          30   0.05            ud~_epvebb~                    7233.72125 +-          1.15720        1.251       0 [   42]      (   0)      101428068

        25          30   0.1             NNLO.QT-CS.42.CT2.QCD          2373.83512 +-          0.60068
--------------------------------------------------------------------------------------------------------------------------------------------------------------
        25          30   0.1             ud~_epvebb~                    2373.83512 +-          0.60068        1.311       0 [   42]      (   0)      101428068

        25          30   0.15            NNLO.QT-CS.42.CT2.QCD          381.675943 +-         0.450876
--------------------------------------------------------------------------------------------------------------------------------------------------------------
        25          30   0.15            ud~_epvebb~                    381.675943 +-         0.450876        1.239       0 [   42]      (   0)      101428068

        25          30   0.2             NNLO.QT-CS.42.CT2.QCD         -708.843221 +-         0.419105
--------------------------------------------------------------------------------------------------------------------------------------------------------------
        25          30   0.2             ud~_epvebb~                   -708.843221 +-         0.419105        1.126       0 [   42]      (   0)      101428068

        25          30   0.25            NNLO.QT-CS.42.CT2.QCD         -1390.61003 +-          0.42271
--------------------------------------------------------------------------------------------------------------------------------------------------------------
        25          30   0.25            ud~_epvebb~                   -1390.61003 +-          0.42271        1.050       0 [   42]      (   0)      101428068

        25          30   0.5             NNLO.QT-CS.42.CT2.QCD         -2734.05567 +-          0.47384
--------------------------------------------------------------------------------------------------------------------------------------------------------------
        25          30   0.5             ud~_epvebb~                   -2734.05567 +-          0.47384       0.9720       0 [   42]      (   0)      101428068

==============================================================================================================================================================

        30          35   0.01            NNLO.QT-CS.42.CT2.QCD          32367.6585 +-           4.0147
--------------------------------------------------------------------------------------------------------------------------------------------------------------
        30          35   0.01            ud~_epvebb~                    32367.6585 +-           4.0147        1.007       0 [   42]      (   0)      118332425

        30          35   0.05            NNLO.QT-CS.42.CT2.QCD          8160.50316 +-          1.19043
--------------------------------------------------------------------------------------------------------------------------------------------------------------
        30          35   0.05            ud~_epvebb~                    8160.50316 +-          1.19043        1.096       0 [   42]      (   0)      118332425

        30          35   0.1             NNLO.QT-CS.42.CT2.QCD          2520.64090 +-          0.62298
--------------------------------------------------------------------------------------------------------------------------------------------------------------
        30          35   0.1             ud~_epvebb~                    2520.64090 +-          0.62298        1.194       0 [   42]      (   0)      118332425

        30          35   0.15            NNLO.QT-CS.42.CT2.QCD          221.868270 +-         0.475381
--------------------------------------------------------------------------------------------------------------------------------------------------------------
        30          35   0.15            ud~_epvebb~                    221.868270 +-         0.475381        1.193       0 [   42]      (   0)      118332425

        30          35   0.2             NNLO.QT-CS.42.CT2.QCD         -1030.09474 +-          0.44625
--------------------------------------------------------------------------------------------------------------------------------------------------------------
        30          35   0.2             ud~_epvebb~                   -1030.09474 +-          0.44625        1.125       0 [   42]      (   0)      118332425

        30          35   0.25            NNLO.QT-CS.42.CT2.QCD         -1808.85837 +-          0.45117
--------------------------------------------------------------------------------------------------------------------------------------------------------------
        30          35   0.25            ud~_epvebb~                   -1808.85837 +-          0.45117        1.062       0 [   42]      (   0)      118332425

        30          35   0.5             NNLO.QT-CS.42.CT2.QCD         -3322.44574 +-          0.50229
--------------------------------------------------------------------------------------------------------------------------------------------------------------
        30          35   0.5             ud~_epvebb~                   -3322.44574 +-          0.50229       0.9511       0 [   42]      (   0)      118332425

==============================================================================================================================================================

        35          40   0.01            NNLO.QT-CS.42.CT2.QCD          32087.5625 +-           3.8538
--------------------------------------------------------------------------------------------------------------------------------------------------------------
        35          40   0.01            ud~_epvebb~                    32087.5625 +-           3.8538       0.9743       0 [   42]      (   0)      117699697

        35          40   0.05            NNLO.QT-CS.42.CT2.QCD          7889.03506 +-          1.14364
--------------------------------------------------------------------------------------------------------------------------------------------------------------
        35          40   0.05            ud~_epvebb~                    7889.03506 +-          1.14364       0.9355       0 [   42]      (   0)      117699697

        35          40   0.1             NNLO.QT-CS.42.CT2.QCD          2290.63991 +-          0.60424
--------------------------------------------------------------------------------------------------------------------------------------------------------------
        35          40   0.1             ud~_epvebb~                    2290.63991 +-          0.60424       0.9650       0 [   42]      (   0)      117699697

        35          40   0.15            NNLO.QT-CS.42.CT2.QCD          21.2294476 +-        0.4659379
--------------------------------------------------------------------------------------------------------------------------------------------------------------
        35          40   0.15            ud~_epvebb~                    21.2294476 +-        0.4659379        1.041       0 [   42]      (   0)      117699697

        35          40   0.2             NNLO.QT-CS.42.CT2.QCD         -1208.66137 +-          0.43882
--------------------------------------------------------------------------------------------------------------------------------------------------------------
        35          40   0.2             ud~_epvebb~                   -1208.66137 +-          0.43882        1.089       0 [   42]      (   0)      117699697

        35          40   0.25            NNLO.QT-CS.42.CT2.QCD         -1969.95094 +-          0.44321
--------------------------------------------------------------------------------------------------------------------------------------------------------------
        35          40   0.25            ud~_epvebb~                   -1969.95094 +-          0.44321        1.104       0 [   42]      (   0)      117699697

        35          40   0.5             NNLO.QT-CS.42.CT2.QCD         -3429.59290 +-          0.48925
--------------------------------------------------------------------------------------------------------------------------------------------------------------
        35          40   0.5             ud~_epvebb~                   -3429.59290 +-          0.48925        1.078       0 [   42]      (   0)      117699697

==============================================================================================================================================================

        40          45   0.01            NNLO.QT-CS.42.CT2.QCD          23780.1995 +-           3.2892
--------------------------------------------------------------------------------------------------------------------------------------------------------------
        40          45   0.01            ud~_epvebb~                    23780.1995 +-           3.2892       0.9996       0 [   42]      (   0)       83061342

        40          45   0.05            NNLO.QT-CS.42.CT2.QCD          6070.04281 +-          0.99217
--------------------------------------------------------------------------------------------------------------------------------------------------------------
        40          45   0.05            ud~_epvebb~                    6070.04281 +-          0.99217       0.7977       0 [   42]      (   0)       83061342

        40          45   0.1             NNLO.QT-CS.42.CT2.QCD          1929.71559 +-          0.51637
--------------------------------------------------------------------------------------------------------------------------------------------------------------
        40          45   0.1             ud~_epvebb~                    1929.71559 +-          0.51637       0.6460       0 [   42]      (   0)       83061342

        40          45   0.15            NNLO.QT-CS.42.CT2.QCD          237.626512 +-         0.382632
--------------------------------------------------------------------------------------------------------------------------------------------------------------
        40          45   0.15            ud~_epvebb~                    237.626512 +-         0.382632       0.7124       0 [   42]      (   0)       83061342

        40          45   0.2             NNLO.QT-CS.42.CT2.QCD         -686.140194 +-         0.350542
--------------------------------------------------------------------------------------------------------------------------------------------------------------
        40          45   0.2             ud~_epvebb~                   -686.140194 +-         0.350542       0.8958       0 [   42]      (   0)       83061342

        40          45   0.25            NNLO.QT-CS.42.CT2.QCD         -1262.12485 +-          0.35072
--------------------------------------------------------------------------------------------------------------------------------------------------------------
        40          45   0.25            ud~_epvebb~                   -1262.12485 +-          0.35072        1.042       0 [   42]      (   0)       83061342

        40          45   0.5             NNLO.QT-CS.42.CT2.QCD         -2388.94440 +-          0.39165
--------------------------------------------------------------------------------------------------------------------------------------------------------------
        40          45   0.5             ud~_epvebb~                   -2388.94440 +-          0.39165        1.235       0 [   42]      (   0)       83061342

==============================================================================================================================================================

        45          50   0.01            NNLO.QT-CS.42.CT2.QCD          14531.3022 +-           2.6125
--------------------------------------------------------------------------------------------------------------------------------------------------------------
        45          50   0.01            ud~_epvebb~                    14531.3022 +-           2.6125        1.248       0 [   42]      (   0)       48237944

        45          50   0.05            NNLO.QT-CS.42.CT2.QCD          4018.02099 +-          0.81180
--------------------------------------------------------------------------------------------------------------------------------------------------------------
        45          50   0.05            ud~_epvebb~                    4018.02099 +-          0.81180        1.263       0 [   42]      (   0)       48237944

        45          50   0.1             NNLO.QT-CS.42.CT2.QCD          1501.21712 +-          0.41360
--------------------------------------------------------------------------------------------------------------------------------------------------------------
        45          50   0.1             ud~_epvebb~                    1501.21712 +-          0.41360        1.313       0 [   42]      (   0)       48237944

        45          50   0.15            NNLO.QT-CS.42.CT2.QCD          453.943474 +-         0.284356
--------------------------------------------------------------------------------------------------------------------------------------------------------------
        45          50   0.15            ud~_epvebb~                    453.943474 +-         0.284356        1.375       0 [   42]      (   0)       48237944

        45          50   0.2             NNLO.QT-CS.42.CT2.QCD         -126.931952 +-         0.243593
--------------------------------------------------------------------------------------------------------------------------------------------------------------
        45          50   0.2             ud~_epvebb~                   -126.931952 +-         0.243593        1.405       0 [   42]      (   0)       48237944

        45          50   0.25            NNLO.QT-CS.42.CT2.QCD         -494.743913 +-         0.236937
--------------------------------------------------------------------------------------------------------------------------------------------------------------
        45          50   0.25            ud~_epvebb~                   -494.743913 +-         0.236937        1.396       0 [   42]      (   0)       48237944

        45          50   0.5             NNLO.QT-CS.42.CT2.QCD         -1244.36783 +-          0.27138
--------------------------------------------------------------------------------------------------------------------------------------------------------------
        45          50   0.5             ud~_epvebb~                   -1244.36783 +-          0.27138        1.314       0 [   42]      (   0)       48237944

==============================================================================================================================================================

        50          55   0.01            NNLO.QT-CS.42.CT2.QCD          8870.27696 +-          2.08464
--------------------------------------------------------------------------------------------------------------------------------------------------------------
        50          55   0.01            ud~_epvebb~                    8870.27696 +-          2.08464        1.069       0 [   42]      (   0)       28570105

        50          55   0.05            NNLO.QT-CS.42.CT2.QCD          2604.06584 +-          0.66651
--------------------------------------------------------------------------------------------------------------------------------------------------------------
        50          55   0.05            ud~_epvebb~                    2604.06584 +-          0.66651        1.180       0 [   42]      (   0)       28570105

        50          55   0.1             NNLO.QT-CS.42.CT2.QCD          1075.38840 +-          0.33972
--------------------------------------------------------------------------------------------------------------------------------------------------------------
        50          55   0.1             ud~_epvebb~                    1075.38840 +-          0.33972        1.350       0 [   42]      (   0)       28570105

        50          55   0.15            NNLO.QT-CS.42.CT2.QCD          430.362075 +-         0.223689
--------------------------------------------------------------------------------------------------------------------------------------------------------------
        50          55   0.15            ud~_epvebb~                    430.362075 +-         0.223689        1.513       0 [   42]      (   0)       28570105

        50          55   0.2             NNLO.QT-CS.42.CT2.QCD          68.2915611 +-        0.1799170
--------------------------------------------------------------------------------------------------------------------------------------------------------------
        50          55   0.2             ud~_epvebb~                    68.2915611 +-        0.1799170        1.551       0 [   42]      (   0)       28570105

        50          55   0.25            NNLO.QT-CS.42.CT2.QCD         -163.589897 +-         0.167919
--------------------------------------------------------------------------------------------------------------------------------------------------------------
        50          55   0.25            ud~_epvebb~                   -163.589897 +-         0.167919        1.461       0 [   42]      (   0)       28570105

        50          55   0.5             NNLO.QT-CS.42.CT2.QCD         -650.011610 +-         0.192566
--------------------------------------------------------------------------------------------------------------------------------------------------------------
        50          55   0.5             ud~_epvebb~                   -650.011610 +-         0.192566        1.091       0 [   42]      (   0)       28570105

==============================================================================================================================================================

        55          60   0.01            NNLO.QT-CS.42.CT2.QCD          5668.34790 +-          1.69135
--------------------------------------------------------------------------------------------------------------------------------------------------------------
        55          60   0.01            ud~_epvebb~                    5668.34790 +-          1.69135        1.163       0 [   42]      (   0)       17972611

        55          60   0.05            NNLO.QT-CS.42.CT2.QCD          1730.19282 +-          0.55228
--------------------------------------------------------------------------------------------------------------------------------------------------------------
        55          60   0.05            ud~_epvebb~                    1730.19282 +-          0.55228        1.242       0 [   42]      (   0)       17972611

        55          60   0.1             NNLO.QT-CS.42.CT2.QCD          756.832973 +-         0.283782
--------------------------------------------------------------------------------------------------------------------------------------------------------------
        55          60   0.1             ud~_epvebb~                    756.832973 +-         0.283782        1.308       0 [   42]      (   0)       17972611

        55          60   0.15            NNLO.QT-CS.42.CT2.QCD          342.240052 +-         0.183934
--------------------------------------------------------------------------------------------------------------------------------------------------------------
        55          60   0.15            ud~_epvebb~                    342.240052 +-         0.183934        1.324       0 [   42]      (   0)       17972611

        55          60   0.2             NNLO.QT-CS.42.CT2.QCD          107.667076 +-         0.142470
--------------------------------------------------------------------------------------------------------------------------------------------------------------
        55          60   0.2             ud~_epvebb~                    107.667076 +-         0.142470        1.262       0 [   42]      (   0)       17972611

        55          60   0.25            NNLO.QT-CS.42.CT2.QCD         -43.6749533 +-        0.1283571
--------------------------------------------------------------------------------------------------------------------------------------------------------------
        55          60   0.25            ud~_epvebb~                   -43.6749533 +-        0.1283571        1.159       0 [   42]      (   0)       17972611

        55          60   0.5             NNLO.QT-CS.42.CT2.QCD         -366.981019 +-         0.144602
--------------------------------------------------------------------------------------------------------------------------------------------------------------
        55          60   0.5             ud~_epvebb~                   -366.981019 +-         0.144602        1.000       0 [   42]      (   0)       17972611

==============================================================================================================================================================

        60          65   0.01            NNLO.QT-CS.42.CT2.QCD          3785.52959 +-          1.39411
--------------------------------------------------------------------------------------------------------------------------------------------------------------
        60          65   0.01            ud~_epvebb~                    3785.52959 +-          1.39411       0.7703       0 [   42]      (   0)       11978987

        60          65   0.05            NNLO.QT-CS.42.CT2.QCD          1185.45317 +-          0.46218
--------------------------------------------------------------------------------------------------------------------------------------------------------------
        60          65   0.05            ud~_epvebb~                    1185.45317 +-          0.46218       0.7943       0 [   42]      (   0)       11978987

        60          65   0.1             NNLO.QT-CS.42.CT2.QCD          536.901410 +-         0.239918
--------------------------------------------------------------------------------------------------------------------------------------------------------------
        60          65   0.1             ud~_epvebb~                    536.901410 +-         0.239918       0.8843       0 [   42]      (   0)       11978987

        60          65   0.15            NNLO.QT-CS.42.CT2.QCD          258.862830 +-         0.155429
--------------------------------------------------------------------------------------------------------------------------------------------------------------
        60          65   0.15            ud~_epvebb~                    258.862830 +-         0.155429        1.049       0 [   42]      (   0)       11978987

        60          65   0.2             NNLO.QT-CS.42.CT2.QCD          100.704180 +-         0.118607
--------------------------------------------------------------------------------------------------------------------------------------------------------------
        60          65   0.2             ud~_epvebb~                    100.704180 +-         0.118607        1.245       0 [   42]      (   0)       11978987

        60          65   0.25            NNLO.QT-CS.42.CT2.QCD         -1.84229997 +-       0.10463169
--------------------------------------------------------------------------------------------------------------------------------------------------------------
        60          65   0.25            ud~_epvebb~                   -1.84229997 +-       0.10463169        1.370       0 [   42]      (   0)       11978987

        60          65   0.5             NNLO.QT-CS.42.CT2.QCD         -223.533976 +-         0.114777
--------------------------------------------------------------------------------------------------------------------------------------------------------------
        60          65   0.5             ud~_epvebb~                   -223.533976 +-         0.114777        1.189       0 [   42]      (   0)       11978987

==============================================================================================================================================================

        65          70   0.01            NNLO.QT-CS.42.CT2.QCD          2622.66767 +-          1.16460
--------------------------------------------------------------------------------------------------------------------------------------------------------------
        65          70   0.01            ud~_epvebb~                    2622.66767 +-          1.16460        1.001       0 [   42]      (   0)        8371183

        65          70   0.05            NNLO.QT-CS.42.CT2.QCD          836.098605 +-         0.390179
--------------------------------------------------------------------------------------------------------------------------------------------------------------
        65          70   0.05            ud~_epvebb~                    836.098605 +-         0.390179       0.9934       0 [   42]      (   0)        8371183

        65          70   0.1             NNLO.QT-CS.42.CT2.QCD          387.420731 +-         0.203860
--------------------------------------------------------------------------------------------------------------------------------------------------------------
        65          70   0.1             ud~_epvebb~                    387.420731 +-         0.203860       0.9798       0 [   42]      (   0)        8371183

        65          70   0.15            NNLO.QT-CS.42.CT2.QCD          194.156449 +-         0.131947
--------------------------------------------------------------------------------------------------------------------------------------------------------------
        65          70   0.15            ud~_epvebb~                    194.156449 +-         0.131947       0.9573       0 [   42]      (   0)        8371183

        65          70   0.2             NNLO.QT-CS.42.CT2.QCD          83.7931521 +-        0.0996048
--------------------------------------------------------------------------------------------------------------------------------------------------------------
        65          70   0.2             ud~_epvebb~                    83.7931521 +-        0.0996048       0.9318       0 [   42]      (   0)        8371183

        65          70   0.25            NNLO.QT-CS.42.CT2.QCD          11.9826622 +-        0.0865110
--------------------------------------------------------------------------------------------------------------------------------------------------------------
        65          70   0.25            ud~_epvebb~                    11.9826622 +-        0.0865110       0.9182       0 [   42]      (   0)        8371183

        65          70   0.5             NNLO.QT-CS.42.CT2.QCD         -144.569148 +-         0.093035
--------------------------------------------------------------------------------------------------------------------------------------------------------------
        65          70   0.5             ud~_epvebb~                   -144.569148 +-         0.093035       0.9461       0 [   42]      (   0)        8371183

==============================================================================================================================================================

        70          75   0.01            NNLO.QT-CS.42.CT2.QCD          1874.10686 +-          0.98484
--------------------------------------------------------------------------------------------------------------------------------------------------------------
        70          75   0.01            ud~_epvebb~                    1874.10686 +-          0.98484       0.8059       0 [   42]      (   0)        6079544

        70          75   0.05            NNLO.QT-CS.42.CT2.QCD          605.029486 +-         0.332636
--------------------------------------------------------------------------------------------------------------------------------------------------------------
        70          75   0.05            ud~_epvebb~                    605.029486 +-         0.332636       0.8012       0 [   42]      (   0)        6079544

        70          75   0.1             NNLO.QT-CS.42.CT2.QCD          284.656945 +-         0.175277
--------------------------------------------------------------------------------------------------------------------------------------------------------------
        70          75   0.1             ud~_epvebb~                    284.656945 +-         0.175277       0.7951       0 [   42]      (   0)        6079544

        70          75   0.15            NNLO.QT-CS.42.CT2.QCD          146.168275 +-         0.114303
--------------------------------------------------------------------------------------------------------------------------------------------------------------
        70          75   0.15            ud~_epvebb~                    146.168275 +-         0.114303       0.7843       0 [   42]      (   0)        6079544

        70          75   0.2             NNLO.QT-CS.42.CT2.QCD          66.8566791 +-        0.0865653
--------------------------------------------------------------------------------------------------------------------------------------------------------------
        70          75   0.2             ud~_epvebb~                    66.8566791 +-        0.0865653       0.7720       0 [   42]      (   0)        6079544

        70          75   0.25            NNLO.QT-CS.42.CT2.QCD          15.1165179 +-        0.0749593
--------------------------------------------------------------------------------------------------------------------------------------------------------------
        70          75   0.25            ud~_epvebb~                    15.1165179 +-        0.0749593       0.7637       0 [   42]      (   0)        6079544

        70          75   0.5             NNLO.QT-CS.42.CT2.QCD         -98.3674025 +-        0.0789043
--------------------------------------------------------------------------------------------------------------------------------------------------------------
        70          75   0.5             ud~_epvebb~                   -98.3674025 +-        0.0789043       0.7553       0 [   42]      (   0)        6079544

==============================================================================================================================================================

        75          80   0.01            NNLO.QT-CS.42.CT2.QCD          1374.66332 +-          0.84241
--------------------------------------------------------------------------------------------------------------------------------------------------------------
        75          80   0.01            ud~_epvebb~                    1374.66332 +-          0.84241       0.7143       0 [   42]      (   0)        4551701

        75          80   0.05            NNLO.QT-CS.42.CT2.QCD          447.963633 +-         0.285949
--------------------------------------------------------------------------------------------------------------------------------------------------------------
        75          80   0.05            ud~_epvebb~                    447.963633 +-         0.285949       0.6531       0 [   42]      (   0)        4551701

        75          80   0.1             NNLO.QT-CS.42.CT2.QCD          213.058936 +-         0.151461
--------------------------------------------------------------------------------------------------------------------------------------------------------------
        75          80   0.1             ud~_epvebb~                    213.058936 +-         0.151461       0.6698       0 [   42]      (   0)        4551701

        75          80   0.15            NNLO.QT-CS.42.CT2.QCD          111.232919 +-         0.099279
--------------------------------------------------------------------------------------------------------------------------------------------------------------
        75          80   0.15            ud~_epvebb~                    111.232919 +-         0.099279       0.7925       0 [   42]      (   0)        4551701

        75          80   0.2             NNLO.QT-CS.42.CT2.QCD          52.7873206 +-        0.0754418
--------------------------------------------------------------------------------------------------------------------------------------------------------------
        75          80   0.2             ud~_epvebb~                    52.7873206 +-        0.0754418        1.008       0 [   42]      (   0)        4551701

        75          80   0.25            NNLO.QT-CS.42.CT2.QCD          14.5829507 +-        0.0653308
--------------------------------------------------------------------------------------------------------------------------------------------------------------
        75          80   0.25            ud~_epvebb~                    14.5829507 +-        0.0653308        1.224       0 [   42]      (   0)        4551701

        75          80   0.5             NNLO.QT-CS.42.CT2.QCD         -69.6014145 +-        0.0680541
--------------------------------------------------------------------------------------------------------------------------------------------------------------
        75          80   0.5             ud~_epvebb~                   -69.6014145 +-        0.0680541        1.332       0 [   42]      (   0)        4551701

==============================================================================================================================================================

        80          85   0.01            NNLO.QT-CS.42.CT2.QCD          1029.80417 +-          0.72647
--------------------------------------------------------------------------------------------------------------------------------------------------------------
        80          85   0.01            ud~_epvebb~                    1029.80417 +-          0.72647       0.9807       0 [   42]      (   0)        3494584

        80          85   0.05            NNLO.QT-CS.42.CT2.QCD          337.830865 +-         0.247438
--------------------------------------------------------------------------------------------------------------------------------------------------------------
        80          85   0.05            ud~_epvebb~                    337.830865 +-         0.247438       0.9581       0 [   42]      (   0)        3494584

        80          85   0.1             NNLO.QT-CS.42.CT2.QCD          161.854861 +-         0.132012
--------------------------------------------------------------------------------------------------------------------------------------------------------------
        80          85   0.1             ud~_epvebb~                    161.854861 +-         0.132012       0.8932       0 [   42]      (   0)        3494584

        80          85   0.15            NNLO.QT-CS.42.CT2.QCD          85.4078056 +-        0.0875280
--------------------------------------------------------------------------------------------------------------------------------------------------------------
        80          85   0.15            ud~_epvebb~                    85.4078056 +-        0.0875280       0.7926       0 [   42]      (   0)        3494584

        80          85   0.2             NNLO.QT-CS.42.CT2.QCD          41.4535177 +-        0.0673778
--------------------------------------------------------------------------------------------------------------------------------------------------------------
        80          85   0.2             ud~_epvebb~                    41.4535177 +-        0.0673778       0.6847       0 [   42]      (   0)        3494584

        80          85   0.25            NNLO.QT-CS.42.CT2.QCD          12.6777482 +-        0.0588542
--------------------------------------------------------------------------------------------------------------------------------------------------------------
        80          85   0.25            ud~_epvebb~                    12.6777482 +-        0.0588542       0.6162       0 [   42]      (   0)        3494584

        80          85   0.5             NNLO.QT-CS.42.CT2.QCD         -50.9522399 +-        0.0607158
--------------------------------------------------------------------------------------------------------------------------------------------------------------
        80          85   0.5             ud~_epvebb~                   -50.9522399 +-        0.0607158       0.7263       0 [   42]      (   0)        3494584

==============================================================================================================================================================

        85          90   0.01            NNLO.QT-CS.42.CT2.QCD          784.690283 +-         0.630477
--------------------------------------------------------------------------------------------------------------------------------------------------------------
        85          90   0.01            ud~_epvebb~                    784.690283 +-         0.630477        1.106       0 [   42]      (   0)        2736630

        85          90   0.05            NNLO.QT-CS.42.CT2.QCD          258.760727 +-         0.215592
--------------------------------------------------------------------------------------------------------------------------------------------------------------
        85          90   0.05            ud~_epvebb~                    258.760727 +-         0.215592        1.169       0 [   42]      (   0)        2736630

        85          90   0.1             NNLO.QT-CS.42.CT2.QCD          124.645017 +-         0.116046
--------------------------------------------------------------------------------------------------------------------------------------------------------------
        85          90   0.1             ud~_epvebb~                    124.645017 +-         0.116046        1.148       0 [   42]      (   0)        2736630

        85          90   0.15            NNLO.QT-CS.42.CT2.QCD          66.2777308 +-        0.0780044
--------------------------------------------------------------------------------------------------------------------------------------------------------------
        85          90   0.15            ud~_epvebb~                    66.2777308 +-        0.0780044        1.044       0 [   42]      (   0)        2736630

        85          90   0.2             NNLO.QT-CS.42.CT2.QCD          32.6709277 +-        0.0609355
--------------------------------------------------------------------------------------------------------------------------------------------------------------
        85          90   0.2             ud~_epvebb~                    32.6709277 +-        0.0609355       0.8793       0 [   42]      (   0)        2736630

        85          90   0.25            NNLO.QT-CS.42.CT2.QCD          10.6417543 +-        0.0537255
--------------------------------------------------------------------------------------------------------------------------------------------------------------
        85          90   0.25            ud~_epvebb~                    10.6417543 +-        0.0537255       0.7180       0 [   42]      (   0)        2736630

        85          90   0.5             NNLO.QT-CS.42.CT2.QCD         -38.2083705 +-        0.0548093
--------------------------------------------------------------------------------------------------------------------------------------------------------------
        85          90   0.5             ud~_epvebb~                   -38.2083705 +-        0.0548093       0.6031       0 [   42]      (   0)        2736630

==============================================================================================================================================================

        90          95   0.01            NNLO.QT-CS.42.CT2.QCD          608.687016 +-         0.552850
--------------------------------------------------------------------------------------------------------------------------------------------------------------
        90          95   0.01            ud~_epvebb~                    608.687016 +-         0.552850        1.098       0 [   42]      (   0)        2181477

        90          95   0.05            NNLO.QT-CS.42.CT2.QCD          201.505220 +-         0.189437
--------------------------------------------------------------------------------------------------------------------------------------------------------------
        90          95   0.05            ud~_epvebb~                    201.505220 +-         0.189437       0.9565       0 [   42]      (   0)        2181477

        90          95   0.1             NNLO.QT-CS.42.CT2.QCD          97.4322872 +-        0.1024315
--------------------------------------------------------------------------------------------------------------------------------------------------------------
        90          95   0.1             ud~_epvebb~                    97.4322872 +-        0.1024315       0.8490       0 [   42]      (   0)        2181477

        90          95   0.15            NNLO.QT-CS.42.CT2.QCD          52.0719505 +-        0.0693287
--------------------------------------------------------------------------------------------------------------------------------------------------------------
        90          95   0.15            ud~_epvebb~                    52.0719505 +-        0.0693287       0.7914       0 [   42]      (   0)        2181477

        90          95   0.2             NNLO.QT-CS.42.CT2.QCD          25.9237951 +-        0.0545505
--------------------------------------------------------------------------------------------------------------------------------------------------------------
        90          95   0.2             ud~_epvebb~                    25.9237951 +-        0.0545505       0.7722       0 [   42]      (   0)        2181477

        90          95   0.25            NNLO.QT-CS.42.CT2.QCD          8.76618047 +-       0.04831762
--------------------------------------------------------------------------------------------------------------------------------------------------------------
        90          95   0.25            ud~_epvebb~                    8.76618047 +-       0.04831762       0.7915       0 [   42]      (   0)        2181477

        90          95   0.5             NNLO.QT-CS.42.CT2.QCD         -29.3683926 +-        0.0490809
--------------------------------------------------------------------------------------------------------------------------------------------------------------
        90          95   0.5             ud~_epvebb~                   -29.3683926 +-        0.0490809       0.9867       0 [   42]      (   0)        2181477

==============================================================================================================================================================

        95         100   0.01            NNLO.QT-CS.42.CT2.QCD          478.973743 +-         0.488153
--------------------------------------------------------------------------------------------------------------------------------------------------------------
        95         100   0.01            ud~_epvebb~                    478.973743 +-         0.488153        1.120       0 [   42]      (   0)        1768354

        95         100   0.05            NNLO.QT-CS.42.CT2.QCD          158.953417 +-         0.166854
--------------------------------------------------------------------------------------------------------------------------------------------------------------
        95         100   0.05            ud~_epvebb~                    158.953417 +-         0.166854        1.191       0 [   42]      (   0)        1768354

        95         100   0.1             NNLO.QT-CS.42.CT2.QCD          77.0126359 +-        0.0905855
--------------------------------------------------------------------------------------------------------------------------------------------------------------
        95         100   0.1             ud~_epvebb~                    77.0126359 +-        0.0905855        1.250       0 [   42]      (   0)        1768354

        95         100   0.15            NNLO.QT-CS.42.CT2.QCD          41.2580380 +-        0.0620246
--------------------------------------------------------------------------------------------------------------------------------------------------------------
        95         100   0.15            ud~_epvebb~                    41.2580380 +-        0.0620246        1.252       0 [   42]      (   0)        1768354

        95         100   0.2             NNLO.QT-CS.42.CT2.QCD          20.6290797 +-        0.0495799
--------------------------------------------------------------------------------------------------------------------------------------------------------------
        95         100   0.2             ud~_epvebb~                    20.6290797 +-        0.0495799        1.183       0 [   42]      (   0)        1768354

        95         100   0.25            NNLO.QT-CS.42.CT2.QCD          7.08268913 +-       0.04449452
--------------------------------------------------------------------------------------------------------------------------------------------------------------
        95         100   0.25            ud~_epvebb~                    7.08268913 +-       0.04449452        1.086       0 [   42]      (   0)        1768354

        95         100   0.5             NNLO.QT-CS.42.CT2.QCD         -23.0759842 +-        0.0454222
--------------------------------------------------------------------------------------------------------------------------------------------------------------
        95         100   0.5             ud~_epvebb~                   -23.0759842 +-        0.0454222       0.9123       0 [   42]      (   0)        1768354

==============================================================================================================================================================

       100         105   0.01            NNLO.QT-CS.42.CT2.QCD          381.519169 +-         0.432860
--------------------------------------------------------------------------------------------------------------------------------------------------------------
       100         105   0.01            ud~_epvebb~                    381.519169 +-         0.432860        1.187       0 [   42]      (   0)        1451435

       100         105   0.05            NNLO.QT-CS.42.CT2.QCD          126.909541 +-         0.147793
--------------------------------------------------------------------------------------------------------------------------------------------------------------
       100         105   0.05            ud~_epvebb~                    126.909541 +-         0.147793        1.106       0 [   42]      (   0)        1451435

       100         105   0.1             NNLO.QT-CS.42.CT2.QCD          61.6048778 +-        0.0800739
--------------------------------------------------------------------------------------------------------------------------------------------------------------
       100         105   0.1             ud~_epvebb~                    61.6048778 +-        0.0800739       0.9721       0 [   42]      (   0)        1451435

       100         105   0.15            NNLO.QT-CS.42.CT2.QCD          33.0781895 +-        0.0547704
--------------------------------------------------------------------------------------------------------------------------------------------------------------
       100         105   0.15            ud~_epvebb~                    33.0781895 +-        0.0547704       0.8163       0 [   42]      (   0)        1451435

       100         105   0.2             NNLO.QT-CS.42.CT2.QCD          16.6055632 +-        0.0438315
--------------------------------------------------------------------------------------------------------------------------------------------------------------
       100         105   0.2             ud~_epvebb~                    16.6055632 +-        0.0438315       0.7090       0 [   42]      (   0)        1451435

       100         105   0.25            NNLO.QT-CS.42.CT2.QCD          5.78059833 +-       0.03944827
--------------------------------------------------------------------------------------------------------------------------------------------------------------
       100         105   0.25            ud~_epvebb~                    5.78059833 +-       0.03944827       0.6967       0 [   42]      (   0)        1451435

       100         105   0.5             NNLO.QT-CS.42.CT2.QCD         -18.3579626 +-        0.0406741
--------------------------------------------------------------------------------------------------------------------------------------------------------------
       100         105   0.5             ud~_epvebb~                   -18.3579626 +-        0.0406741       0.9656       0 [   42]      (   0)        1451435

==============================================================================================================================================================

       105         110   0.01            NNLO.QT-CS.42.CT2.QCD          306.619278 +-         0.386322
--------------------------------------------------------------------------------------------------------------------------------------------------------------
       105         110   0.01            ud~_epvebb~                    306.619278 +-         0.386322       0.8192       0 [   42]      (   0)        1203404

       105         110   0.05            NNLO.QT-CS.42.CT2.QCD          102.186768 +-         0.132132
--------------------------------------------------------------------------------------------------------------------------------------------------------------
       105         110   0.05            ud~_epvebb~                    102.186768 +-         0.132132       0.8056       0 [   42]      (   0)        1203404

       105         110   0.1             NNLO.QT-CS.42.CT2.QCD          49.6718439 +-        0.0723515
--------------------------------------------------------------------------------------------------------------------------------------------------------------
       105         110   0.1             ud~_epvebb~                    49.6718439 +-        0.0723515       0.7567       0 [   42]      (   0)        1203404

       105         110   0.15            NNLO.QT-CS.42.CT2.QCD          26.7099323 +-        0.0503818
--------------------------------------------------------------------------------------------------------------------------------------------------------------
       105         110   0.15            ud~_epvebb~                    26.7099323 +-        0.0503818       0.6849       0 [   42]      (   0)        1203404

       105         110   0.2             NNLO.QT-CS.42.CT2.QCD          13.4408972 +-        0.0410616
--------------------------------------------------------------------------------------------------------------------------------------------------------------
       105         110   0.2             ud~_epvebb~                    13.4408972 +-        0.0410616       0.6147       0 [   42]      (   0)        1203404

       105         110   0.25            NNLO.QT-CS.42.CT2.QCD          4.71563028 +-       0.03736744
--------------------------------------------------------------------------------------------------------------------------------------------------------------
       105         110   0.25            ud~_epvebb~                    4.71563028 +-       0.03736744       0.5724       0 [   42]      (   0)        1203404

       105         110   0.5             NNLO.QT-CS.42.CT2.QCD         -14.7677066 +-        0.0382006
--------------------------------------------------------------------------------------------------------------------------------------------------------------
       105         110   0.5             ud~_epvebb~                   -14.7677066 +-        0.0382006       0.6288       0 [   42]      (   0)        1203404

==============================================================================================================================================================

       110         115   0.01            NNLO.QT-CS.42.CT2.QCD          249.799268 +-         0.345986
--------------------------------------------------------------------------------------------------------------------------------------------------------------
       110         115   0.01            ud~_epvebb~                    249.799268 +-         0.345986       0.8895       0 [   42]      (   0)        1008544

       110         115   0.05            NNLO.QT-CS.42.CT2.QCD          83.3678522 +-        0.1179171
--------------------------------------------------------------------------------------------------------------------------------------------------------------
       110         115   0.05            ud~_epvebb~                    83.3678522 +-        0.1179171       0.9663       0 [   42]      (   0)        1008544

       110         115   0.1             NNLO.QT-CS.42.CT2.QCD          40.5571077 +-        0.0645624
--------------------------------------------------------------------------------------------------------------------------------------------------------------
       110         115   0.1             ud~_epvebb~                    40.5571077 +-        0.0645624        1.057       0 [   42]      (   0)        1008544

       110         115   0.15            NNLO.QT-CS.42.CT2.QCD          21.8225512 +-        0.0451806
--------------------------------------------------------------------------------------------------------------------------------------------------------------
       110         115   0.15            ud~_epvebb~                    21.8225512 +-        0.0451806        1.128       0 [   42]      (   0)        1008544

       110         115   0.2             NNLO.QT-CS.42.CT2.QCD          10.9894614 +-        0.0371263
--------------------------------------------------------------------------------------------------------------------------------------------------------------
       110         115   0.2             ud~_epvebb~                    10.9894614 +-        0.0371263        1.174       0 [   42]      (   0)        1008544

       110         115   0.25            NNLO.QT-CS.42.CT2.QCD          3.86208358 +-       0.03404353
--------------------------------------------------------------------------------------------------------------------------------------------------------------
       110         115   0.25            ud~_epvebb~                    3.86208358 +-       0.03404353        1.194       0 [   42]      (   0)        1008544

       110         115   0.5             NNLO.QT-CS.42.CT2.QCD         -12.0720184 +-        0.0351137
--------------------------------------------------------------------------------------------------------------------------------------------------------------
       110         115   0.5             ud~_epvebb~                   -12.0720184 +-        0.0351137        1.041       0 [   42]      (   0)        1008544

==============================================================================================================================================================

       115         120   0.01            NNLO.QT-CS.42.CT2.QCD          204.710820 +-         0.312146
--------------------------------------------------------------------------------------------------------------------------------------------------------------
       115         120   0.01            ud~_epvebb~                    204.710820 +-         0.312146        1.081       0 [   42]      (   0)         849962

       115         120   0.05            NNLO.QT-CS.42.CT2.QCD          68.3344095 +-        0.1061009
--------------------------------------------------------------------------------------------------------------------------------------------------------------
       115         120   0.05            ud~_epvebb~                    68.3344095 +-        0.1061009        1.011       0 [   42]      (   0)         849962

       115         120   0.1             NNLO.QT-CS.42.CT2.QCD          33.2187584 +-        0.0584344
--------------------------------------------------------------------------------------------------------------------------------------------------------------
       115         120   0.1             ud~_epvebb~                    33.2187584 +-        0.0584344       0.8552       0 [   42]      (   0)         849962

       115         120   0.15            NNLO.QT-CS.42.CT2.QCD          17.8423712 +-        0.0415062
--------------------------------------------------------------------------------------------------------------------------------------------------------------
       115         120   0.15            ud~_epvebb~                    17.8423712 +-        0.0415062       0.6859       0 [   42]      (   0)         849962

       115         120   0.2             NNLO.QT-CS.42.CT2.QCD          8.94717963 +-       0.03470818
--------------------------------------------------------------------------------------------------------------------------------------------------------------
       115         120   0.2             ud~_epvebb~                    8.94717963 +-       0.03470818       0.5949       0 [   42]      (   0)         849962

       115         120   0.25            NNLO.QT-CS.42.CT2.QCD          3.09264777 +-       0.03222865
--------------------------------------------------------------------------------------------------------------------------------------------------------------
       115         120   0.25            ud~_epvebb~                    3.09264777 +-       0.03222865       0.5985       0 [   42]      (   0)         849962

       115         120   0.5             NNLO.QT-CS.42.CT2.QCD         -10.0056583 +-        0.0334144
--------------------------------------------------------------------------------------------------------------------------------------------------------------
       115         120   0.5             ud~_epvebb~                   -10.0056583 +-        0.0334144       0.8462       0 [   42]      (   0)         849962

==============================================================================================================================================================

       120         125   0.01            NNLO.QT-CS.42.CT2.QCD          169.302175 +-         0.282740
--------------------------------------------------------------------------------------------------------------------------------------------------------------
       120         125   0.01            ud~_epvebb~                    169.302175 +-         0.282740       0.9013       0 [   42]      (   0)         722683

       120         125   0.05            NNLO.QT-CS.42.CT2.QCD          56.5491434 +-        0.0960907
--------------------------------------------------------------------------------------------------------------------------------------------------------------
       120         125   0.05            ud~_epvebb~                    56.5491434 +-        0.0960907       0.8776       0 [   42]      (   0)         722683

       120         125   0.1             NNLO.QT-CS.42.CT2.QCD          27.4874343 +-        0.0532114
--------------------------------------------------------------------------------------------------------------------------------------------------------------
       120         125   0.1             ud~_epvebb~                    27.4874343 +-        0.0532114       0.8242       0 [   42]      (   0)         722683

       120         125   0.15            NNLO.QT-CS.42.CT2.QCD          14.7542252 +-        0.0381709
--------------------------------------------------------------------------------------------------------------------------------------------------------------
       120         125   0.15            ud~_epvebb~                    14.7542252 +-        0.0381709       0.7792       0 [   42]      (   0)         722683

       120         125   0.2             NNLO.QT-CS.42.CT2.QCD          7.38477149 +-       0.03222509
--------------------------------------------------------------------------------------------------------------------------------------------------------------
       120         125   0.2             ud~_epvebb~                    7.38477149 +-       0.03222509       0.7688       0 [   42]      (   0)         722683

       120         125   0.25            NNLO.QT-CS.42.CT2.QCD          2.53257744 +-       0.03009274
--------------------------------------------------------------------------------------------------------------------------------------------------------------
       120         125   0.25            ud~_epvebb~                    2.53257744 +-       0.03009274       0.7783       0 [   42]      (   0)         722683

       120         125   0.5             NNLO.QT-CS.42.CT2.QCD         -8.33193724 +-       0.03116272
--------------------------------------------------------------------------------------------------------------------------------------------------------------
       120         125   0.5             ud~_epvebb~                   -8.33193724 +-       0.03116272       0.8197       0 [   42]      (   0)         722683

==============================================================================================================================================================

       125         130   0.01            NNLO.QT-CS.42.CT2.QCD          141.494021 +-         0.259390
--------------------------------------------------------------------------------------------------------------------------------------------------------------
       125         130   0.01            ud~_epvebb~                    141.494021 +-         0.259390        1.055       0 [   42]      (   0)         618682

       125         130   0.05            NNLO.QT-CS.42.CT2.QCD          47.2146664 +-        0.0876628
--------------------------------------------------------------------------------------------------------------------------------------------------------------
       125         130   0.05            ud~_epvebb~                    47.2146664 +-        0.0876628        1.105       0 [   42]      (   0)         618682

       125         130   0.1             NNLO.QT-CS.42.CT2.QCD          22.9008572 +-        0.0495634
--------------------------------------------------------------------------------------------------------------------------------------------------------------
       125         130   0.1             ud~_epvebb~                    22.9008572 +-        0.0495634        1.166       0 [   42]      (   0)         618682

       125         130   0.15            NNLO.QT-CS.42.CT2.QCD          12.2447522 +-        0.0369752
--------------------------------------------------------------------------------------------------------------------------------------------------------------
       125         130   0.15            ud~_epvebb~                    12.2447522 +-        0.0369752        1.253       0 [   42]      (   0)         618682

       125         130   0.2             NNLO.QT-CS.42.CT2.QCD          6.07623020 +-       0.03236100
--------------------------------------------------------------------------------------------------------------------------------------------------------------
       125         130   0.2             ud~_epvebb~                    6.07623020 +-       0.03236100        1.351       0 [   42]      (   0)         618682

       125         130   0.25            NNLO.QT-CS.42.CT2.QCD          2.01415138 +-       0.03085042
--------------------------------------------------------------------------------------------------------------------------------------------------------------
       125         130   0.25            ud~_epvebb~                    2.01415138 +-       0.03085042        1.405       0 [   42]      (   0)         618682

       125         130   0.5             NNLO.QT-CS.42.CT2.QCD         -7.08348294 +-       0.03187441
--------------------------------------------------------------------------------------------------------------------------------------------------------------
       125         130   0.5             ud~_epvebb~                   -7.08348294 +-       0.03187441        1.208       0 [   42]      (   0)         618682

==============================================================================================================================================================

       130         135   0.01            NNLO.QT-CS.42.CT2.QCD          118.693952 +-         0.236093
--------------------------------------------------------------------------------------------------------------------------------------------------------------
       130         135   0.01            ud~_epvebb~                    118.693952 +-         0.236093        1.020       0 [   42]      (   0)         533509

       130         135   0.05            NNLO.QT-CS.42.CT2.QCD          39.6091719 +-        0.0793850
--------------------------------------------------------------------------------------------------------------------------------------------------------------
       130         135   0.05            ud~_epvebb~                    39.6091719 +-        0.0793850       0.8558       0 [   42]      (   0)         533509

       130         135   0.1             NNLO.QT-CS.42.CT2.QCD          19.1965590 +-        0.0453529
--------------------------------------------------------------------------------------------------------------------------------------------------------------
       130         135   0.1             ud~_epvebb~                    19.1965590 +-        0.0453529       0.8085       0 [   42]      (   0)         533509

       130         135   0.15            NNLO.QT-CS.42.CT2.QCD          10.2457706 +-        0.0345190
--------------------------------------------------------------------------------------------------------------------------------------------------------------
       130         135   0.15            ud~_epvebb~                    10.2457706 +-        0.0345190       0.9003       0 [   42]      (   0)         533509

       130         135   0.2             NNLO.QT-CS.42.CT2.QCD          5.06252546 +-       0.03073691
--------------------------------------------------------------------------------------------------------------------------------------------------------------
       130         135   0.2             ud~_epvebb~                    5.06252546 +-       0.03073691        1.040       0 [   42]      (   0)         533509

       130         135   0.25            NNLO.QT-CS.42.CT2.QCD          1.64824362 +-       0.02958338
--------------------------------------------------------------------------------------------------------------------------------------------------------------
       130         135   0.25            ud~_epvebb~                    1.64824362 +-       0.02958338        1.165       0 [   42]      (   0)         533509

       130         135   0.5             NNLO.QT-CS.42.CT2.QCD         -6.00319936 +-       0.03059008
--------------------------------------------------------------------------------------------------------------------------------------------------------------
       130         135   0.5             ud~_epvebb~                   -6.00319936 +-       0.03059008        1.314       0 [   42]      (   0)         533509

==============================================================================================================================================================

       135         140   0.01            NNLO.QT-CS.42.CT2.QCD          99.9784034 +-        0.2149334
--------------------------------------------------------------------------------------------------------------------------------------------------------------
       135         140   0.01            ud~_epvebb~                    99.9784034 +-        0.2149334       0.9850       0 [   42]      (   0)         461478

       135         140   0.05            NNLO.QT-CS.42.CT2.QCD          33.3400077 +-        0.0725255
--------------------------------------------------------------------------------------------------------------------------------------------------------------
       135         140   0.05            ud~_epvebb~                    33.3400077 +-        0.0725255       0.7922       0 [   42]      (   0)         461478

       135         140   0.1             NNLO.QT-CS.42.CT2.QCD          16.1317248 +-        0.0423763
--------------------------------------------------------------------------------------------------------------------------------------------------------------
       135         140   0.1             ud~_epvebb~                    16.1317248 +-        0.0423763       0.6369       0 [   42]      (   0)         461478

       135         140   0.15            NNLO.QT-CS.42.CT2.QCD          8.58407517 +-       0.03312946
--------------------------------------------------------------------------------------------------------------------------------------------------------------
       135         140   0.15            ud~_epvebb~                    8.58407517 +-       0.03312946       0.6425       0 [   42]      (   0)         461478

       135         140   0.2             NNLO.QT-CS.42.CT2.QCD          4.21260854 +-       0.03000197
--------------------------------------------------------------------------------------------------------------------------------------------------------------
       135         140   0.2             ud~_epvebb~                    4.21260854 +-       0.03000197       0.7506       0 [   42]      (   0)         461478

       135         140   0.25            NNLO.QT-CS.42.CT2.QCD          1.33267541 +-       0.02906099
--------------------------------------------------------------------------------------------------------------------------------------------------------------
       135         140   0.25            ud~_epvebb~                    1.33267541 +-       0.02906099       0.8717       0 [   42]      (   0)         461478

       135         140   0.5             NNLO.QT-CS.42.CT2.QCD         -5.12278132 +-       0.02975963
--------------------------------------------------------------------------------------------------------------------------------------------------------------
       135         140   0.5             ud~_epvebb~                   -5.12278132 +-       0.02975963        1.118       0 [   42]      (   0)         461478

==============================================================================================================================================================

       140         145   0.01            NNLO.QT-CS.42.CT2.QCD          85.0427867 +-        0.1972396
--------------------------------------------------------------------------------------------------------------------------------------------------------------
       140         145   0.01            ud~_epvebb~                    85.0427867 +-        0.1972396       0.8896       0 [   42]      (   0)         402017

       140         145   0.05            NNLO.QT-CS.42.CT2.QCD          28.4153605 +-        0.0665209
--------------------------------------------------------------------------------------------------------------------------------------------------------------
       140         145   0.05            ud~_epvebb~                    28.4153605 +-        0.0665209       0.9605       0 [   42]      (   0)         402017

       140         145   0.1             NNLO.QT-CS.42.CT2.QCD          13.7727092 +-        0.0379125
--------------------------------------------------------------------------------------------------------------------------------------------------------------
       140         145   0.1             ud~_epvebb~                    13.7727092 +-        0.0379125        1.047       0 [   42]      (   0)         402017

       140         145   0.15            NNLO.QT-CS.42.CT2.QCD          7.34489179 +-       0.02868075
--------------------------------------------------------------------------------------------------------------------------------------------------------------
       140         145   0.15            ud~_epvebb~                    7.34489179 +-       0.02868075        1.119       0 [   42]      (   0)         402017

       140         145   0.2             NNLO.QT-CS.42.CT2.QCD          3.61957006 +-       0.02539791
--------------------------------------------------------------------------------------------------------------------------------------------------------------
       140         145   0.2             ud~_epvebb~                    3.61957006 +-       0.02539791        1.138       0 [   42]      (   0)         402017

       140         145   0.25            NNLO.QT-CS.42.CT2.QCD          1.16392299 +-       0.02436772
--------------------------------------------------------------------------------------------------------------------------------------------------------------
       140         145   0.25            ud~_epvebb~                    1.16392299 +-       0.02436772        1.103       0 [   42]      (   0)         402017

       140         145   0.5             NNLO.QT-CS.42.CT2.QCD         -4.34736032 +-       0.02518675
--------------------------------------------------------------------------------------------------------------------------------------------------------------
       140         145   0.5             ud~_epvebb~                   -4.34736032 +-       0.02518675       0.9081       0 [   42]      (   0)         402017

==============================================================================================================================================================

       145         150   0.01            NNLO.QT-CS.42.CT2.QCD          72.6282515 +-        0.1824639
--------------------------------------------------------------------------------------------------------------------------------------------------------------
       145         150   0.01            ud~_epvebb~                    72.6282515 +-        0.1824639        1.112       0 [   42]      (   0)         352244

       145         150   0.05            NNLO.QT-CS.42.CT2.QCD          24.2054997 +-        0.0618119
--------------------------------------------------------------------------------------------------------------------------------------------------------------
       145         150   0.05            ud~_epvebb~                    24.2054997 +-        0.0618119        1.191       0 [   42]      (   0)         352244

       145         150   0.1             NNLO.QT-CS.42.CT2.QCD          11.6863039 +-        0.0370183
--------------------------------------------------------------------------------------------------------------------------------------------------------------
       145         150   0.1             ud~_epvebb~                    11.6863039 +-        0.0370183        1.176       0 [   42]      (   0)         352244

       145         150   0.15            NNLO.QT-CS.42.CT2.QCD          6.19156096 +-       0.02962231
--------------------------------------------------------------------------------------------------------------------------------------------------------------
       145         150   0.15            ud~_epvebb~                    6.19156096 +-       0.02962231        1.121       0 [   42]      (   0)         352244

       145         150   0.2             NNLO.QT-CS.42.CT2.QCD          3.00754745 +-       0.02712448
--------------------------------------------------------------------------------------------------------------------------------------------------------------
       145         150   0.2             ud~_epvebb~                    3.00754745 +-       0.02712448        1.102       0 [   42]      (   0)         352244

       145         150   0.25            NNLO.QT-CS.42.CT2.QCD          0.90907775 +-       0.02632499
--------------------------------------------------------------------------------------------------------------------------------------------------------------
       145         150   0.25            ud~_epvebb~                    0.90907775 +-       0.02632499        1.075       0 [   42]      (   0)         352244

       145         150   0.5             NNLO.QT-CS.42.CT2.QCD         -3.79837802 +-       0.02652279
--------------------------------------------------------------------------------------------------------------------------------------------------------------
       145         150   0.5             ud~_epvebb~                   -3.79837802 +-       0.02652279       0.8576       0 [   42]      (   0)         352244

==============================================================================================================================================================

       150         155   0.01            NNLO.QT-CS.42.CT2.QCD          62.3529871 +-        0.1701386
--------------------------------------------------------------------------------------------------------------------------------------------------------------
       150         155   0.01            ud~_epvebb~                    62.3529871 +-        0.1701386       0.8516       0 [   42]      (   0)         307926

       150         155   0.05            NNLO.QT-CS.42.CT2.QCD          20.7900120 +-        0.0562732
--------------------------------------------------------------------------------------------------------------------------------------------------------------
       150         155   0.05            ud~_epvebb~                    20.7900120 +-        0.0562732       0.8125       0 [   42]      (   0)         307926

       150         155   0.1             NNLO.QT-CS.42.CT2.QCD          10.0339494 +-        0.0327396
--------------------------------------------------------------------------------------------------------------------------------------------------------------
       150         155   0.1             ud~_epvebb~                    10.0339494 +-        0.0327396       0.9330       0 [   42]      (   0)         307926

       150         155   0.15            NNLO.QT-CS.42.CT2.QCD          5.31033048 +-       0.02598537
--------------------------------------------------------------------------------------------------------------------------------------------------------------
       150         155   0.15            ud~_epvebb~                    5.31033048 +-       0.02598537        1.234       0 [   42]      (   0)         307926

       150         155   0.2             NNLO.QT-CS.42.CT2.QCD          2.57199435 +-       0.02399478
--------------------------------------------------------------------------------------------------------------------------------------------------------------
       150         155   0.2             ud~_epvebb~                    2.57199435 +-       0.02399478        1.594       0 [   42]      (   0)         307926

       150         155   0.25            NNLO.QT-CS.42.CT2.QCD          0.76661446 +-       0.02359050
--------------------------------------------------------------------------------------------------------------------------------------------------------------
       150         155   0.25            ud~_epvebb~                    0.76661446 +-       0.02359050        1.865       0 [   42]      (   0)         307926

       150         155   0.5             NNLO.QT-CS.42.CT2.QCD         -3.28632839 +-       0.02474947
--------------------------------------------------------------------------------------------------------------------------------------------------------------
       150         155   0.5             ud~_epvebb~                   -3.28632839 +-       0.02474947        1.781       0 [   42]      (   0)         307926

==============================================================================================================================================================

       155         160   0.01            NNLO.QT-CS.42.CT2.QCD          53.9491686 +-        0.1570933
--------------------------------------------------------------------------------------------------------------------------------------------------------------
       155         160   0.01            ud~_epvebb~                    53.9491686 +-        0.1570933       0.8198       0 [   42]      (   0)         273003

       155         160   0.05            NNLO.QT-CS.42.CT2.QCD          17.9628363 +-        0.0523546
--------------------------------------------------------------------------------------------------------------------------------------------------------------
       155         160   0.05            ud~_epvebb~                    17.9628363 +-        0.0523546       0.8811       0 [   42]      (   0)         273003

       155         160   0.1             NNLO.QT-CS.42.CT2.QCD          8.64861561 +-       0.03202508
--------------------------------------------------------------------------------------------------------------------------------------------------------------
       155         160   0.1             ud~_epvebb~                    8.64861561 +-       0.03202508        1.020       0 [   42]      (   0)         273003

       155         160   0.15            NNLO.QT-CS.42.CT2.QCD          4.55802618 +-       0.02659035
--------------------------------------------------------------------------------------------------------------------------------------------------------------
       155         160   0.15            ud~_epvebb~                    4.55802618 +-       0.02659035        1.145       0 [   42]      (   0)         273003

       155         160   0.2             NNLO.QT-CS.42.CT2.QCD          2.18665318 +-       0.02502873
--------------------------------------------------------------------------------------------------------------------------------------------------------------
       155         160   0.2             ud~_epvebb~                    2.18665318 +-       0.02502873        1.272       0 [   42]      (   0)         273003

       155         160   0.25            NNLO.QT-CS.42.CT2.QCD          0.62323346 +-       0.02466762
--------------------------------------------------------------------------------------------------------------------------------------------------------------
       155         160   0.25            ud~_epvebb~                    0.62323346 +-       0.02466762        1.366       0 [   42]      (   0)         273003

       155         160   0.5             NNLO.QT-CS.42.CT2.QCD         -2.88619251 +-       0.02514324
--------------------------------------------------------------------------------------------------------------------------------------------------------------
       155         160   0.5             ud~_epvebb~                   -2.88619251 +-       0.02514324        1.228       0 [   42]      (   0)         273003

==============================================================================================================================================================

       160         165   0.01            NNLO.QT-CS.42.CT2.QCD          46.4352181 +-        0.1465790
--------------------------------------------------------------------------------------------------------------------------------------------------------------
       160         165   0.01            ud~_epvebb~                    46.4352181 +-        0.1465790        1.084       0 [   42]      (   0)         240220

       160         165   0.05            NNLO.QT-CS.42.CT2.QCD          15.4671973 +-        0.0488514
--------------------------------------------------------------------------------------------------------------------------------------------------------------
       160         165   0.05            ud~_epvebb~                    15.4671973 +-        0.0488514        1.359       0 [   42]      (   0)         240220

       160         165   0.1             NNLO.QT-CS.42.CT2.QCD          7.44501466 +-       0.03016467
--------------------------------------------------------------------------------------------------------------------------------------------------------------
       160         165   0.1             ud~_epvebb~                    7.44501466 +-       0.03016467        1.363       0 [   42]      (   0)         240220

       160         165   0.15            NNLO.QT-CS.42.CT2.QCD          3.92006388 +-       0.02535231
--------------------------------------------------------------------------------------------------------------------------------------------------------------
       160         165   0.15            ud~_epvebb~                    3.92006388 +-       0.02535231        1.331       0 [   42]      (   0)         240220

       160         165   0.2             NNLO.QT-CS.42.CT2.QCD          1.87583342 +-       0.02406128
--------------------------------------------------------------------------------------------------------------------------------------------------------------
       160         165   0.2             ud~_epvebb~                    1.87583342 +-       0.02406128        1.436       0 [   42]      (   0)         240220

       160         165   0.25            NNLO.QT-CS.42.CT2.QCD          0.52767263 +-       0.02382284
--------------------------------------------------------------------------------------------------------------------------------------------------------------
       160         165   0.25            ud~_epvebb~                    0.52767263 +-       0.02382284        1.605       0 [   42]      (   0)         240220

       160         165   0.5             NNLO.QT-CS.42.CT2.QCD         -2.50052256 +-       0.02441119
--------------------------------------------------------------------------------------------------------------------------------------------------------------
       160         165   0.5             ud~_epvebb~                   -2.50052256 +-       0.02441119        1.693       0 [   42]      (   0)         240220

==============================================================================================================================================================

       165         170   0.01            NNLO.QT-CS.42.CT2.QCD          40.5921223 +-        0.1382262
--------------------------------------------------------------------------------------------------------------------------------------------------------------
       165         170   0.01            ud~_epvebb~                    40.5921223 +-        0.1382262       0.5680       0 [   42]      (   0)         214334

       165         170   0.05            NNLO.QT-CS.42.CT2.QCD          13.4936150 +-        0.0465033
--------------------------------------------------------------------------------------------------------------------------------------------------------------
       165         170   0.05            ud~_epvebb~                    13.4936150 +-        0.0465033       0.6767       0 [   42]      (   0)         214334

       165         170   0.1             NNLO.QT-CS.42.CT2.QCD          6.47361429 +-       0.02882597
--------------------------------------------------------------------------------------------------------------------------------------------------------------
       165         170   0.1             ud~_epvebb~                    6.47361429 +-       0.02882597       0.8758       0 [   42]      (   0)         214334

       165         170   0.15            NNLO.QT-CS.42.CT2.QCD          3.38915574 +-       0.02412826
--------------------------------------------------------------------------------------------------------------------------------------------------------------
       165         170   0.15            ud~_epvebb~                    3.38915574 +-       0.02412826        1.148       0 [   42]      (   0)         214334

       165         170   0.2             NNLO.QT-CS.42.CT2.QCD          1.60049944 +-       0.02277049
--------------------------------------------------------------------------------------------------------------------------------------------------------------
       165         170   0.2             ud~_epvebb~                    1.60049944 +-       0.02277049        1.408       0 [   42]      (   0)         214334

       165         170   0.25            NNLO.QT-CS.42.CT2.QCD          0.42098324 +-       0.02244453
--------------------------------------------------------------------------------------------------------------------------------------------------------------
       165         170   0.25            ud~_epvebb~                    0.42098324 +-       0.02244453        1.535       0 [   42]      (   0)         214334

       165         170   0.5             NNLO.QT-CS.42.CT2.QCD         -2.22772970 +-       0.02280155
--------------------------------------------------------------------------------------------------------------------------------------------------------------
       165         170   0.5             ud~_epvebb~                   -2.22772970 +-       0.02280155        1.090       0 [   42]      (   0)         214334

==============================================================================================================================================================

       170         175   0.01            NNLO.QT-CS.42.CT2.QCD          35.1336194 +-        0.1251094
--------------------------------------------------------------------------------------------------------------------------------------------------------------
       170         175   0.01            ud~_epvebb~                    35.1336194 +-        0.1251094        1.054       0 [   42]      (   0)         190089

       170         175   0.05            NNLO.QT-CS.42.CT2.QCD          11.6813204 +-        0.0424667
--------------------------------------------------------------------------------------------------------------------------------------------------------------
       170         175   0.05            ud~_epvebb~                    11.6813204 +-        0.0424667       0.9036       0 [   42]      (   0)         190089

       170         175   0.1             NNLO.QT-CS.42.CT2.QCD          5.60225903 +-       0.02755886
--------------------------------------------------------------------------------------------------------------------------------------------------------------
       170         175   0.1             ud~_epvebb~                    5.60225903 +-       0.02755886       0.8583       0 [   42]      (   0)         190089

       170         175   0.15            NNLO.QT-CS.42.CT2.QCD          2.93028257 +-       0.02384546
--------------------------------------------------------------------------------------------------------------------------------------------------------------
       170         175   0.15            ud~_epvebb~                    2.93028257 +-       0.02384546        1.215       0 [   42]      (   0)         190089

       170         175   0.2             NNLO.QT-CS.42.CT2.QCD          1.38041777 +-       0.02278408
--------------------------------------------------------------------------------------------------------------------------------------------------------------
       170         175   0.2             ud~_epvebb~                    1.38041777 +-       0.02278408        1.931       0 [   42]      (   0)         190089

       170         175   0.25            NNLO.QT-CS.42.CT2.QCD          0.35814876 +-       0.02249223
--------------------------------------------------------------------------------------------------------------------------------------------------------------
       170         175   0.25            ud~_epvebb~                    0.35814876 +-       0.02249223        2.658       0 [   42]      (   0)         190089

       170         175   0.5             NNLO.QT-CS.42.CT2.QCD         -1.93847763 +-       0.02242113
--------------------------------------------------------------------------------------------------------------------------------------------------------------
       170         175   0.5             ud~_epvebb~                   -1.93847763 +-       0.02242113        2.871       0 [   42]      (   0)         190089

==============================================================================================================================================================

       175         180   0.01            NNLO.QT-CS.42.CT2.QCD          30.7717306 +-        0.1170701
--------------------------------------------------------------------------------------------------------------------------------------------------------------
       175         180   0.01            ud~_epvebb~                    30.7717306 +-        0.1170701       0.6671       0 [   42]      (   0)         170223

       175         180   0.05            NNLO.QT-CS.42.CT2.QCD          10.2403269 +-        0.0390509
--------------------------------------------------------------------------------------------------------------------------------------------------------------
       175         180   0.05            ud~_epvebb~                    10.2403269 +-        0.0390509       0.6289       0 [   42]      (   0)         170223

       175         180   0.1             NNLO.QT-CS.42.CT2.QCD          4.91385176 +-       0.02348683
--------------------------------------------------------------------------------------------------------------------------------------------------------------
       175         180   0.1             ud~_epvebb~                    4.91385176 +-       0.02348683       0.7331       0 [   42]      (   0)         170223

       175         180   0.15            NNLO.QT-CS.42.CT2.QCD          2.57141929 +-       0.01920398
--------------------------------------------------------------------------------------------------------------------------------------------------------------
       175         180   0.15            ud~_epvebb~                    2.57141929 +-       0.01920398       0.9856       0 [   42]      (   0)         170223

       175         180   0.2             NNLO.QT-CS.42.CT2.QCD          1.21215550 +-       0.01796324
--------------------------------------------------------------------------------------------------------------------------------------------------------------
       175         180   0.2             ud~_epvebb~                    1.21215550 +-       0.01796324        1.322       0 [   42]      (   0)         170223

       175         180   0.25            NNLO.QT-CS.42.CT2.QCD          0.31529375 +-       0.01769431
--------------------------------------------------------------------------------------------------------------------------------------------------------------
       175         180   0.25            ud~_epvebb~                    0.31529375 +-       0.01769431        1.547       0 [   42]      (   0)         170223

       175         180   0.5             NNLO.QT-CS.42.CT2.QCD         -1.70109781 +-       0.01824924
--------------------------------------------------------------------------------------------------------------------------------------------------------------
       175         180   0.5             ud~_epvebb~                   -1.70109781 +-       0.01824924        1.329       0 [   42]      (   0)         170223

==============================================================================================================================================================

       180         185   0.01            NNLO.QT-CS.42.CT2.QCD          27.1679085 +-        0.1112492
--------------------------------------------------------------------------------------------------------------------------------------------------------------
       180         185   0.01            ud~_epvebb~                    27.1679085 +-        0.1112492       0.9160       0 [   42]      (   0)         153125

       180         185   0.05            NNLO.QT-CS.42.CT2.QCD          9.02710990 +-       0.03831413
--------------------------------------------------------------------------------------------------------------------------------------------------------------
       180         185   0.05            ud~_epvebb~                    9.02710990 +-       0.03831413       0.8696       0 [   42]      (   0)         153125

       180         185   0.1             NNLO.QT-CS.42.CT2.QCD          4.32025599 +-       0.02549931
--------------------------------------------------------------------------------------------------------------------------------------------------------------
       180         185   0.1             ud~_epvebb~                    4.32025599 +-       0.02549931       0.9746       0 [   42]      (   0)         153125

       180         185   0.15            NNLO.QT-CS.42.CT2.QCD          2.25027538 +-       0.02238243
--------------------------------------------------------------------------------------------------------------------------------------------------------------
       180         185   0.15            ud~_epvebb~                    2.25027538 +-       0.02238243        1.192       0 [   42]      (   0)         153125

       180         185   0.2             NNLO.QT-CS.42.CT2.QCD          1.04912859 +-       0.02148965
--------------------------------------------------------------------------------------------------------------------------------------------------------------
       180         185   0.2             ud~_epvebb~                    1.04912859 +-       0.02148965        1.427       0 [   42]      (   0)         153125

       180         185   0.25            NNLO.QT-CS.42.CT2.QCD          0.25662187 +-       0.02122869
--------------------------------------------------------------------------------------------------------------------------------------------------------------
       180         185   0.25            ud~_epvebb~                    0.25662187 +-       0.02122869        1.561       0 [   42]      (   0)         153125

       180         185   0.5             NNLO.QT-CS.42.CT2.QCD         -1.52488904 +-       0.02104004
--------------------------------------------------------------------------------------------------------------------------------------------------------------
       180         185   0.5             ud~_epvebb~                   -1.52488904 +-       0.02104004        1.419       0 [   42]      (   0)         153125

==============================================================================================================================================================

       185         190   0.01            NNLO.QT-CS.42.CT2.QCD          23.6851602 +-        0.1033235
--------------------------------------------------------------------------------------------------------------------------------------------------------------
       185         190   0.01            ud~_epvebb~                    23.6851602 +-        0.1033235        1.177       0 [   42]      (   0)         136436

       185         190   0.05            NNLO.QT-CS.42.CT2.QCD          7.83649091 +-       0.03492379
--------------------------------------------------------------------------------------------------------------------------------------------------------------
       185         190   0.05            ud~_epvebb~                    7.83649091 +-       0.03492379       0.9359       0 [   42]      (   0)         136436

       185         190   0.1             NNLO.QT-CS.42.CT2.QCD          3.72605279 +-       0.02508081
--------------------------------------------------------------------------------------------------------------------------------------------------------------
       185         190   0.1             ud~_epvebb~                    3.72605279 +-       0.02508081       0.8940       0 [   42]      (   0)         136436

       185         190   0.15            NNLO.QT-CS.42.CT2.QCD          1.91905503 +-       0.02342381
--------------------------------------------------------------------------------------------------------------------------------------------------------------
       185         190   0.15            ud~_epvebb~                    1.91905503 +-       0.02342381        1.078       0 [   42]      (   0)         136436

       185         190   0.2             NNLO.QT-CS.42.CT2.QCD          0.87088414 +-       0.02319547
--------------------------------------------------------------------------------------------------------------------------------------------------------------
       185         190   0.2             ud~_epvebb~                    0.87088414 +-       0.02319547        1.416       0 [   42]      (   0)         136436

       185         190   0.25            NNLO.QT-CS.42.CT2.QCD          0.17955347 +-       0.02323817
--------------------------------------------------------------------------------------------------------------------------------------------------------------
       185         190   0.25            ud~_epvebb~                    0.17955347 +-       0.02323817        1.715       0 [   42]      (   0)         136436

       185         190   0.5             NNLO.QT-CS.42.CT2.QCD         -1.37308514 +-       0.02320552
--------------------------------------------------------------------------------------------------------------------------------------------------------------
       185         190   0.5             ud~_epvebb~                   -1.37308514 +-       0.02320552        1.880       0 [   42]      (   0)         136436

==============================================================================================================================================================

       190         195   0.01            NNLO.QT-CS.42.CT2.QCD          21.0559239 +-        0.0977981
--------------------------------------------------------------------------------------------------------------------------------------------------------------
       190         195   0.01            ud~_epvebb~                    21.0559239 +-        0.0977981        1.185       0 [   42]      (   0)         123336

       190         195   0.05            NNLO.QT-CS.42.CT2.QCD          6.97912818 +-       0.03209711
--------------------------------------------------------------------------------------------------------------------------------------------------------------
       190         195   0.05            ud~_epvebb~                    6.97912818 +-       0.03209711        1.107       0 [   42]      (   0)         123336

       190         195   0.1             NNLO.QT-CS.42.CT2.QCD          3.32474703 +-       0.02174113
--------------------------------------------------------------------------------------------------------------------------------------------------------------
       190         195   0.1             ud~_epvebb~                    3.32474703 +-       0.02174113        1.104       0 [   42]      (   0)         123336

       190         195   0.15            NNLO.QT-CS.42.CT2.QCD          1.71723503 +-       0.01986706
--------------------------------------------------------------------------------------------------------------------------------------------------------------
       190         195   0.15            ud~_epvebb~                    1.71723503 +-       0.01986706        1.315       0 [   42]      (   0)         123336

       190         195   0.2             NNLO.QT-CS.42.CT2.QCD          0.78432270 +-       0.01963310
--------------------------------------------------------------------------------------------------------------------------------------------------------------
       190         195   0.2             ud~_epvebb~                    0.78432270 +-       0.01963310        1.720       0 [   42]      (   0)         123336

       190         195   0.25            NNLO.QT-CS.42.CT2.QCD          0.16874801 +-       0.01974102
--------------------------------------------------------------------------------------------------------------------------------------------------------------
       190         195   0.25            ud~_epvebb~                    0.16874801 +-       0.01974102        2.125       0 [   42]      (   0)         123336

       190         195   0.5             NNLO.QT-CS.42.CT2.QCD         -1.21508057 +-       0.02012880
--------------------------------------------------------------------------------------------------------------------------------------------------------------
       190         195   0.5             ud~_epvebb~                   -1.21508057 +-       0.02012880        2.091       0 [   42]      (   0)         123336

==============================================================================================================================================================

       195         200   0.01            NNLO.QT-CS.42.CT2.QCD          18.5878294 +-        0.0890593
--------------------------------------------------------------------------------------------------------------------------------------------------------------
       195         200   0.01            ud~_epvebb~                    18.5878294 +-        0.0890593       0.8924       0 [   42]      (   0)         110617

       195         200   0.05            NNLO.QT-CS.42.CT2.QCD          6.19039664 +-       0.02944161
--------------------------------------------------------------------------------------------------------------------------------------------------------------
       195         200   0.05            ud~_epvebb~                    6.19039664 +-       0.02944161       0.7480       0 [   42]      (   0)         110617

       195         200   0.1             NNLO.QT-CS.42.CT2.QCD          2.96596486 +-       0.01732557
--------------------------------------------------------------------------------------------------------------------------------------------------------------
       195         200   0.1             ud~_epvebb~                    2.96596486 +-       0.01732557       0.8257       0 [   42]      (   0)         110617

       195         200   0.15            NNLO.QT-CS.42.CT2.QCD          1.54581004 +-       0.01397676
--------------------------------------------------------------------------------------------------------------------------------------------------------------
       195         200   0.15            ud~_epvebb~                    1.54581004 +-       0.01397676        1.105       0 [   42]      (   0)         110617

       195         200   0.2             NNLO.QT-CS.42.CT2.QCD          0.72081110 +-       0.01305273
--------------------------------------------------------------------------------------------------------------------------------------------------------------
       195         200   0.2             ud~_epvebb~                    0.72081110 +-       0.01305273        1.501       0 [   42]      (   0)         110617

       195         200   0.25            NNLO.QT-CS.42.CT2.QCD          0.17596215 +-       0.01290610
--------------------------------------------------------------------------------------------------------------------------------------------------------------
       195         200   0.25            ud~_epvebb~                    0.17596215 +-       0.01290610        1.911       0 [   42]      (   0)         110617

       195         200   0.5             NNLO.QT-CS.42.CT2.QCD         -1.05133812 +-       0.01358768
--------------------------------------------------------------------------------------------------------------------------------------------------------------
       195         200   0.5             ud~_epvebb~                   -1.05133812 +-       0.01358768        2.077       0 [   42]      (   0)         110617

==============================================================================================================================================================

       200         205   0.01            NNLO.QT-CS.42.CT2.QCD          16.6675551 +-        0.0874030
--------------------------------------------------------------------------------------------------------------------------------------------------------------
       200         205   0.01            ud~_epvebb~                    16.6675551 +-        0.0874030        1.090       0 [   42]      (   0)         100401

       200         205   0.05            NNLO.QT-CS.42.CT2.QCD          5.50190950 +-       0.03038232
--------------------------------------------------------------------------------------------------------------------------------------------------------------
       200         205   0.05            ud~_epvebb~                    5.50190950 +-       0.03038232       0.9798       0 [   42]      (   0)         100401

       200         205   0.1             NNLO.QT-CS.42.CT2.QCD          2.60285104 +-       0.02226689
--------------------------------------------------------------------------------------------------------------------------------------------------------------
       200         205   0.1             ud~_epvebb~                    2.60285104 +-       0.02226689       0.9627       0 [   42]      (   0)         100401

       200         205   0.15            NNLO.QT-CS.42.CT2.QCD          1.32764862 +-       0.02087627
--------------------------------------------------------------------------------------------------------------------------------------------------------------
       200         205   0.15            ud~_epvebb~                    1.32764862 +-       0.02087627        1.290       0 [   42]      (   0)         100401

       200         205   0.2             NNLO.QT-CS.42.CT2.QCD          0.58766739 +-       0.02065888
--------------------------------------------------------------------------------------------------------------------------------------------------------------
       200         205   0.2             ud~_epvebb~                    0.58766739 +-       0.02065888        1.839       0 [   42]      (   0)         100401

       200         205   0.25            NNLO.QT-CS.42.CT2.QCD         0.099464224 +-      0.020670704
--------------------------------------------------------------------------------------------------------------------------------------------------------------
       200         205   0.25            ud~_epvebb~                   0.099464224 +-      0.020670704        2.244       0 [   42]      (   0)         100401

       200         205   0.5             NNLO.QT-CS.42.CT2.QCD         -0.99751042 +-       0.02058145
--------------------------------------------------------------------------------------------------------------------------------------------------------------
       200         205   0.5             ud~_epvebb~                   -0.99751042 +-       0.02058145        2.149       0 [   42]      (   0)         100401

==============================================================================================================================================================

       205         210   0.01            NNLO.QT-CS.42.CT2.QCD          14.9671080 +-        0.0828298
--------------------------------------------------------------------------------------------------------------------------------------------------------------
       205         210   0.01            ud~_epvebb~                    14.9671080 +-        0.0828298       0.6793       0 [   42]      (   0)          91570

       205         210   0.05            NNLO.QT-CS.42.CT2.QCD          4.91093429 +-       0.02948667
--------------------------------------------------------------------------------------------------------------------------------------------------------------
       205         210   0.05            ud~_epvebb~                    4.91093429 +-       0.02948667       0.8314       0 [   42]      (   0)          91570

       205         210   0.1             NNLO.QT-CS.42.CT2.QCD          2.30453993 +-       0.02271340
--------------------------------------------------------------------------------------------------------------------------------------------------------------
       205         210   0.1             ud~_epvebb~                    2.30453993 +-       0.02271340        1.236       0 [   42]      (   0)          91570

       205         210   0.15            NNLO.QT-CS.42.CT2.QCD          1.15946679 +-       0.02152237
--------------------------------------------------------------------------------------------------------------------------------------------------------------
       205         210   0.15            ud~_epvebb~                    1.15946679 +-       0.02152237        1.812       0 [   42]      (   0)          91570

       205         210   0.2             NNLO.QT-CS.42.CT2.QCD          0.49565548 +-       0.02121121
--------------------------------------------------------------------------------------------------------------------------------------------------------------
       205         210   0.2             ud~_epvebb~                    0.49565548 +-       0.02121121        2.290       0 [   42]      (   0)          91570

       205         210   0.25            NNLO.QT-CS.42.CT2.QCD         0.058097031 +-      0.021065914
--------------------------------------------------------------------------------------------------------------------------------------------------------------
       205         210   0.25            ud~_epvebb~                   0.058097031 +-      0.021065914        2.476       0 [   42]      (   0)          91570

       205         210   0.5             NNLO.QT-CS.42.CT2.QCD         -0.92302448 +-       0.02031651
--------------------------------------------------------------------------------------------------------------------------------------------------------------
       205         210   0.5             ud~_epvebb~                   -0.92302448 +-       0.02031651        1.790       0 [   42]      (   0)          91570

==============================================================================================================================================================

       210         215   0.01            NNLO.QT-CS.42.CT2.QCD          13.2404359 +-        0.0820140
--------------------------------------------------------------------------------------------------------------------------------------------------------------
       210         215   0.01            ud~_epvebb~                    13.2404359 +-        0.0820140        1.109       0 [   42]      (   0)          82546

       210         215   0.05            NNLO.QT-CS.42.CT2.QCD          4.32293548 +-       0.02817933
--------------------------------------------------------------------------------------------------------------------------------------------------------------
       210         215   0.05            ud~_epvebb~                    4.32293548 +-       0.02817933       0.9390       0 [   42]      (   0)          82546

       210         215   0.1             NNLO.QT-CS.42.CT2.QCD          2.01295828 +-       0.02567785
--------------------------------------------------------------------------------------------------------------------------------------------------------------
       210         215   0.1             ud~_epvebb~                    2.01295828 +-       0.02567785       0.9787       0 [   42]      (   0)          82546

       210         215   0.15            NNLO.QT-CS.42.CT2.QCD          0.99860262 +-       0.02645530
--------------------------------------------------------------------------------------------------------------------------------------------------------------
       210         215   0.15            ud~_epvebb~                    0.99860262 +-       0.02645530        1.720       0 [   42]      (   0)          82546

       210         215   0.2             NNLO.QT-CS.42.CT2.QCD          0.41082956 +-       0.02705983
--------------------------------------------------------------------------------------------------------------------------------------------------------------
       210         215   0.2             ud~_epvebb~                    0.41082956 +-       0.02705983        2.896       0 [   42]      (   0)          82546

       210         215   0.25            NNLO.QT-CS.42.CT2.QCD         0.023559126 +-      0.027380656
--------------------------------------------------------------------------------------------------------------------------------------------------------------
       210         215   0.25            ud~_epvebb~                   0.023559126 +-      0.027380656        4.026       0 [   42]      (   0)          82546

       210         215   0.5             NNLO.QT-CS.42.CT2.QCD         -0.84384001 +-       0.02708353
--------------------------------------------------------------------------------------------------------------------------------------------------------------
       210         215   0.5             ud~_epvebb~                   -0.84384001 +-       0.02708353        4.470       0 [   42]      (   0)          82546

==============================================================================================================================================================

       215         220   0.01            NNLO.QT-CS.42.CT2.QCD          11.8953720 +-        0.0744118
--------------------------------------------------------------------------------------------------------------------------------------------------------------
       215         220   0.01            ud~_epvebb~                    11.8953720 +-        0.0744118        1.329       0 [   42]      (   0)          75313

       215         220   0.05            NNLO.QT-CS.42.CT2.QCD          3.90446449 +-       0.02756192
--------------------------------------------------------------------------------------------------------------------------------------------------------------
       215         220   0.05            ud~_epvebb~                    3.90446449 +-       0.02756192        1.175       0 [   42]      (   0)          75313

       215         220   0.1             NNLO.QT-CS.42.CT2.QCD          1.83081639 +-       0.02165524
--------------------------------------------------------------------------------------------------------------------------------------------------------------
       215         220   0.1             ud~_epvebb~                    1.83081639 +-       0.02165524        1.386       0 [   42]      (   0)          75313

       215         220   0.15            NNLO.QT-CS.42.CT2.QCD          0.91912652 +-       0.02046248
--------------------------------------------------------------------------------------------------------------------------------------------------------------
       215         220   0.15            ud~_epvebb~                    0.91912652 +-       0.02046248        1.914       0 [   42]      (   0)          75313

       215         220   0.2             NNLO.QT-CS.42.CT2.QCD          0.39032335 +-       0.02003992
--------------------------------------------------------------------------------------------------------------------------------------------------------------
       215         220   0.2             ud~_epvebb~                    0.39032335 +-       0.02003992        2.944       0 [   42]      (   0)          75313

       215         220   0.25            NNLO.QT-CS.42.CT2.QCD         0.041598593 +-      0.019787386
--------------------------------------------------------------------------------------------------------------------------------------------------------------
       215         220   0.25            ud~_epvebb~                   0.041598593 +-      0.019787386        4.017       0 [   42]      (   0)          75313

       215         220   0.5             NNLO.QT-CS.42.CT2.QCD         -0.74107239 +-       0.01875846
--------------------------------------------------------------------------------------------------------------------------------------------------------------
       215         220   0.5             ud~_epvebb~                   -0.74107239 +-       0.01875846        4.033       0 [   42]      (   0)          75313

==============================================================================================================================================================

       220         225   0.01            NNLO.QT-CS.42.CT2.QCD          10.7011271 +-        0.0727065
--------------------------------------------------------------------------------------------------------------------------------------------------------------
       220         225   0.01            ud~_epvebb~                    10.7011271 +-        0.0727065       0.8245       0 [   42]      (   0)          68747

       220         225   0.05            NNLO.QT-CS.42.CT2.QCD          3.50306108 +-       0.02431503
--------------------------------------------------------------------------------------------------------------------------------------------------------------
       220         225   0.05            ud~_epvebb~                    3.50306108 +-       0.02431503       0.7410       0 [   42]      (   0)          68747

       220         225   0.1             NNLO.QT-CS.42.CT2.QCD          1.63526717 +-       0.01779247
--------------------------------------------------------------------------------------------------------------------------------------------------------------
       220         225   0.1             ud~_epvebb~                    1.63526717 +-       0.01779247       0.8484       0 [   42]      (   0)          68747

       220         225   0.15            NNLO.QT-CS.42.CT2.QCD          0.81418369 +-       0.01687902
--------------------------------------------------------------------------------------------------------------------------------------------------------------
       220         225   0.15            ud~_epvebb~                    0.81418369 +-       0.01687902        1.445       0 [   42]      (   0)          68747

       220         225   0.2             NNLO.QT-CS.42.CT2.QCD          0.33800135 +-       0.01684860
--------------------------------------------------------------------------------------------------------------------------------------------------------------
       220         225   0.2             ud~_epvebb~                    0.33800135 +-       0.01684860        2.420       0 [   42]      (   0)          68747

       220         225   0.25            NNLO.QT-CS.42.CT2.QCD         0.024025686 +-      0.016948571
--------------------------------------------------------------------------------------------------------------------------------------------------------------
       220         225   0.25            ud~_epvebb~                   0.024025686 +-      0.016948571        3.255       0 [   42]      (   0)          68747

       220         225   0.5             NNLO.QT-CS.42.CT2.QCD         -0.68034494 +-       0.01701296
--------------------------------------------------------------------------------------------------------------------------------------------------------------
       220         225   0.5             ud~_epvebb~                   -0.68034494 +-       0.01701296        2.552       0 [   42]      (   0)          68747

==============================================================================================================================================================

       225         230   0.01            NNLO.QT-CS.42.CT2.QCD          9.71790257 +-       0.07706579
--------------------------------------------------------------------------------------------------------------------------------------------------------------
       225         230   0.01            ud~_epvebb~                    9.71790257 +-       0.07706579        1.303       0 [   42]      (   0)          63227

       225         230   0.05            NNLO.QT-CS.42.CT2.QCD          3.19645448 +-       0.02616002
--------------------------------------------------------------------------------------------------------------------------------------------------------------
       225         230   0.05            ud~_epvebb~                    3.19645448 +-       0.02616002       0.9413       0 [   42]      (   0)          63227

       225         230   0.1             NNLO.QT-CS.42.CT2.QCD          1.50092343 +-       0.01743912
--------------------------------------------------------------------------------------------------------------------------------------------------------------
       225         230   0.1             ud~_epvebb~                    1.50092343 +-       0.01743912       0.9107       0 [   42]      (   0)          63227

       225         230   0.15            NNLO.QT-CS.42.CT2.QCD          0.75460113 +-       0.01551727
--------------------------------------------------------------------------------------------------------------------------------------------------------------
       225         230   0.15            ud~_epvebb~                    0.75460113 +-       0.01551727        1.472       0 [   42]      (   0)          63227

       225         230   0.2             NNLO.QT-CS.42.CT2.QCD          0.32133202 +-       0.01508639
--------------------------------------------------------------------------------------------------------------------------------------------------------------
       225         230   0.2             ud~_epvebb~                    0.32133202 +-       0.01508639        2.683       0 [   42]      (   0)          63227

       225         230   0.25            NNLO.QT-CS.42.CT2.QCD         0.035391975 +-      0.015041053
--------------------------------------------------------------------------------------------------------------------------------------------------------------
       225         230   0.25            ud~_epvebb~                   0.035391975 +-      0.015041053        4.047       0 [   42]      (   0)          63227

       225         230   0.5             NNLO.QT-CS.42.CT2.QCD         -0.60741112 +-       0.01522243
--------------------------------------------------------------------------------------------------------------------------------------------------------------
       225         230   0.5             ud~_epvebb~                   -0.60741112 +-       0.01522243        4.132       0 [   42]      (   0)          63227

==============================================================================================================================================================

       230         235   0.01            NNLO.QT-CS.42.CT2.QCD          8.77422468 +-       0.06946738
--------------------------------------------------------------------------------------------------------------------------------------------------------------
       230         235   0.01            ud~_epvebb~                    8.77422468 +-       0.06946738       0.7124       0 [   42]      (   0)          57873

       230         235   0.05            NNLO.QT-CS.42.CT2.QCD          2.87029580 +-       0.02243209
--------------------------------------------------------------------------------------------------------------------------------------------------------------
       230         235   0.05            ud~_epvebb~                    2.87029580 +-       0.02243209       0.7210       0 [   42]      (   0)          57873

       230         235   0.1             NNLO.QT-CS.42.CT2.QCD          1.33735665 +-       0.01593719
--------------------------------------------------------------------------------------------------------------------------------------------------------------
       230         235   0.1             ud~_epvebb~                    1.33735665 +-       0.01593719       0.9829       0 [   42]      (   0)          57873

       230         235   0.15            NNLO.QT-CS.42.CT2.QCD          0.66324040 +-       0.01512200
--------------------------------------------------------------------------------------------------------------------------------------------------------------
       230         235   0.15            ud~_epvebb~                    0.66324040 +-       0.01512200        1.840       0 [   42]      (   0)          57873

       230         235   0.2             NNLO.QT-CS.42.CT2.QCD          0.27219565 +-       0.01519814
--------------------------------------------------------------------------------------------------------------------------------------------------------------
       230         235   0.2             ud~_epvebb~                    0.27219565 +-       0.01519814        3.284       0 [   42]      (   0)          57873

       230         235   0.25            NNLO.QT-CS.42.CT2.QCD         0.014306343 +-      0.015388635
--------------------------------------------------------------------------------------------------------------------------------------------------------------
       230         235   0.25            ud~_epvebb~                   0.014306343 +-      0.015388635        4.870       0 [   42]      (   0)          57873

       230         235   0.5             NNLO.QT-CS.42.CT2.QCD         -0.56445212 +-       0.01573361
--------------------------------------------------------------------------------------------------------------------------------------------------------------
       230         235   0.5             ud~_epvebb~                   -0.56445212 +-       0.01573361        3.655       0 [   42]      (   0)          57873

==============================================================================================================================================================

       235         240   0.01            NNLO.QT-CS.42.CT2.QCD          7.86119645 +-       0.05877253
--------------------------------------------------------------------------------------------------------------------------------------------------------------
       235         240   0.01            ud~_epvebb~                    7.86119645 +-       0.05877253       0.8398       0 [   42]      (   0)          52836

       235         240   0.05            NNLO.QT-CS.42.CT2.QCD          2.59925186 +-       0.01972450
--------------------------------------------------------------------------------------------------------------------------------------------------------------
       235         240   0.05            ud~_epvebb~                    2.59925186 +-       0.01972450       0.9764       0 [   42]      (   0)          52836

       235         240   0.1             NNLO.QT-CS.42.CT2.QCD          1.22824342 +-       0.01355284
--------------------------------------------------------------------------------------------------------------------------------------------------------------
       235         240   0.1             ud~_epvebb~                    1.22824342 +-       0.01355284        1.173       0 [   42]      (   0)          52836

       235         240   0.15            NNLO.QT-CS.42.CT2.QCD          0.62390724 +-       0.01238479
--------------------------------------------------------------------------------------------------------------------------------------------------------------
       235         240   0.15            ud~_epvebb~                    0.62390724 +-       0.01238479        1.700       0 [   42]      (   0)          52836

       235         240   0.2             NNLO.QT-CS.42.CT2.QCD          0.27267133 +-       0.01219761
--------------------------------------------------------------------------------------------------------------------------------------------------------------
       235         240   0.2             ud~_epvebb~                    0.27267133 +-       0.01219761        2.535       0 [   42]      (   0)          52836

       235         240   0.25            NNLO.QT-CS.42.CT2.QCD         0.040638724 +-      0.012226347
--------------------------------------------------------------------------------------------------------------------------------------------------------------
       235         240   0.25            ud~_epvebb~                   0.040638724 +-      0.012226347        3.203       0 [   42]      (   0)          52836

       235         240   0.5             NNLO.QT-CS.42.CT2.QCD         -0.48216100 +-       0.01237504
--------------------------------------------------------------------------------------------------------------------------------------------------------------
       235         240   0.5             ud~_epvebb~                   -0.48216100 +-       0.01237504        2.276       0 [   42]      (   0)          52836

==============================================================================================================================================================

       240         245   0.01            NNLO.QT-CS.42.CT2.QCD          6.98996488 +-       0.05546208
--------------------------------------------------------------------------------------------------------------------------------------------------------------
       240         245   0.01            ud~_epvebb~                    6.98996488 +-       0.05546208        1.112       0 [   42]      (   0)          48370

       240         245   0.05            NNLO.QT-CS.42.CT2.QCD          2.29931551 +-       0.01910222
--------------------------------------------------------------------------------------------------------------------------------------------------------------
       240         245   0.05            ud~_epvebb~                    2.29931551 +-       0.01910222        1.093       0 [   42]      (   0)          48370

       240         245   0.1             NNLO.QT-CS.42.CT2.QCD          1.07893311 +-       0.01534384
--------------------------------------------------------------------------------------------------------------------------------------------------------------
       240         245   0.1             ud~_epvebb~                    1.07893311 +-       0.01534384        1.174       0 [   42]      (   0)          48370

       240         245   0.15            NNLO.QT-CS.42.CT2.QCD          0.54153030 +-       0.01493539
--------------------------------------------------------------------------------------------------------------------------------------------------------------
       240         245   0.15            ud~_epvebb~                    0.54153030 +-       0.01493539        1.761       0 [   42]      (   0)          48370

       240         245   0.2             NNLO.QT-CS.42.CT2.QCD          0.22944912 +-       0.01489979
--------------------------------------------------------------------------------------------------------------------------------------------------------------
       240         245   0.2             ud~_epvebb~                    0.22944912 +-       0.01489979        2.931       0 [   42]      (   0)          48370

       240         245   0.25            NNLO.QT-CS.42.CT2.QCD         0.023433771 +-      0.014879714
--------------------------------------------------------------------------------------------------------------------------------------------------------------
       240         245   0.25            ud~_epvebb~                   0.023433771 +-      0.014879714        4.043       0 [   42]      (   0)          48370

       240         245   0.5             NNLO.QT-CS.42.CT2.QCD         -0.43995152 +-       0.01438788
--------------------------------------------------------------------------------------------------------------------------------------------------------------
       240         245   0.5             ud~_epvebb~                   -0.43995152 +-       0.01438788        3.162       0 [   42]      (   0)          48370

==============================================================================================================================================================

       245         250   0.01            NNLO.QT-CS.42.CT2.QCD          6.37512378 +-       0.05642233
--------------------------------------------------------------------------------------------------------------------------------------------------------------
       245         250   0.01            ud~_epvebb~                    6.37512378 +-       0.05642233       0.8342       0 [   42]      (   0)          44312

       245         250   0.05            NNLO.QT-CS.42.CT2.QCD          2.07477760 +-       0.01828877
--------------------------------------------------------------------------------------------------------------------------------------------------------------
       245         250   0.05            ud~_epvebb~                    2.07477760 +-       0.01828877       0.7437       0 [   42]      (   0)          44312

       245         250   0.1             NNLO.QT-CS.42.CT2.QCD          0.95808475 +-       0.01337842
--------------------------------------------------------------------------------------------------------------------------------------------------------------
       245         250   0.1             ud~_epvebb~                    0.95808475 +-       0.01337842        1.134       0 [   42]      (   0)          44312

       245         250   0.15            NNLO.QT-CS.42.CT2.QCD          0.46705845 +-       0.01289449
--------------------------------------------------------------------------------------------------------------------------------------------------------------
       245         250   0.15            ud~_epvebb~                    0.46705845 +-       0.01289449        2.121       0 [   42]      (   0)          44312

       245         250   0.2             NNLO.QT-CS.42.CT2.QCD          0.18226502 +-       0.01303191
--------------------------------------------------------------------------------------------------------------------------------------------------------------
       245         250   0.2             ud~_epvebb~                    0.18226502 +-       0.01303191        3.891       0 [   42]      (   0)          44312

       245         250   0.25            NNLO.QT-CS.42.CT2.QCD       -0.0055171623 +-     0.0132204310
--------------------------------------------------------------------------------------------------------------------------------------------------------------
       245         250   0.25            ud~_epvebb~                 -0.0055171623 +-     0.0132204310        6.224       0 [   42]      (   0)          44312

       245         250   0.5             NNLO.QT-CS.42.CT2.QCD         -0.42667949 +-       0.01351947
--------------------------------------------------------------------------------------------------------------------------------------------------------------
       245         250   0.5             ud~_epvebb~                   -0.42667949 +-       0.01351947        4.912       0 [   42]      (   0)          44312

==============================================================================================================================================================

       250         255   0.01            NNLO.QT-CS.42.CT2.QCD          5.78733214 +-       0.05193293
--------------------------------------------------------------------------------------------------------------------------------------------------------------
       250         255   0.01            ud~_epvebb~                    5.78733214 +-       0.05193293       0.8890       0 [   42]      (   0)          40952

       250         255   0.05            NNLO.QT-CS.42.CT2.QCD          1.91508252 +-       0.01696916
--------------------------------------------------------------------------------------------------------------------------------------------------------------
       250         255   0.05            ud~_epvebb~                    1.91508252 +-       0.01696916       0.7889       0 [   42]      (   0)          40952

       250         255   0.1             NNLO.QT-CS.42.CT2.QCD          0.90414042 +-       0.01066838
--------------------------------------------------------------------------------------------------------------------------------------------------------------
       250         255   0.1             ud~_epvebb~                    0.90414042 +-       0.01066838       0.8076       0 [   42]      (   0)          40952

       250         255   0.15            NNLO.QT-CS.42.CT2.QCD          0.45799513 +-       0.00929343
--------------------------------------------------------------------------------------------------------------------------------------------------------------
       250         255   0.15            ud~_epvebb~                    0.45799513 +-       0.00929343       0.9986       0 [   42]      (   0)          40952

       250         255   0.2             NNLO.QT-CS.42.CT2.QCD          0.19847578 +-       0.00905544
--------------------------------------------------------------------------------------------------------------------------------------------------------------
       250         255   0.2             ud~_epvebb~                    0.19847578 +-       0.00905544        1.430       0 [   42]      (   0)          40952

       250         255   0.25            NNLO.QT-CS.42.CT2.QCD         0.026910420 +-      0.009105753
--------------------------------------------------------------------------------------------------------------------------------------------------------------
       250         255   0.25            ud~_epvebb~                   0.026910420 +-      0.009105753        2.065       0 [   42]      (   0)          40952

       250         255   0.5             NNLO.QT-CS.42.CT2.QCD         -0.36021408 +-       0.00953545
--------------------------------------------------------------------------------------------------------------------------------------------------------------
       250         255   0.5             ud~_epvebb~                   -0.36021408 +-       0.00953545        2.542       0 [   42]      (   0)          40952

==============================================================================================================================================================

       255         260   0.01            NNLO.QT-CS.42.CT2.QCD          5.31567965 +-       0.05652832
--------------------------------------------------------------------------------------------------------------------------------------------------------------
       255         260   0.01            ud~_epvebb~                    5.31567965 +-       0.05652832        1.166       0 [   42]      (   0)          37861

       255         260   0.05            NNLO.QT-CS.42.CT2.QCD          1.73434660 +-       0.01666335
--------------------------------------------------------------------------------------------------------------------------------------------------------------
       255         260   0.05            ud~_epvebb~                    1.73434660 +-       0.01666335       0.9709       0 [   42]      (   0)          37861

       255         260   0.1             NNLO.QT-CS.42.CT2.QCD          0.80310696 +-       0.01072257
--------------------------------------------------------------------------------------------------------------------------------------------------------------
       255         260   0.1             ud~_epvebb~                    0.80310696 +-       0.01072257        1.078       0 [   42]      (   0)          37861

       255         260   0.15            NNLO.QT-CS.42.CT2.QCD          0.39326756 +-       0.01021367
--------------------------------------------------------------------------------------------------------------------------------------------------------------
       255         260   0.15            ud~_epvebb~                    0.39326756 +-       0.01021367        1.994       0 [   42]      (   0)          37861

       255         260   0.2             NNLO.QT-CS.42.CT2.QCD          0.15539909 +-       0.01055681
--------------------------------------------------------------------------------------------------------------------------------------------------------------
       255         260   0.2             ud~_epvebb~                    0.15539909 +-       0.01055681        3.825       0 [   42]      (   0)          37861

       255         260   0.25            NNLO.QT-CS.42.CT2.QCD       -0.0015369389 +-     0.0109571823
--------------------------------------------------------------------------------------------------------------------------------------------------------------
       255         260   0.25            ud~_epvebb~                 -0.0015369389 +-     0.0109571823        5.828       0 [   42]      (   0)          37861

       255         260   0.5             NNLO.QT-CS.42.CT2.QCD         -0.35399153 +-       0.01192949
--------------------------------------------------------------------------------------------------------------------------------------------------------------
       255         260   0.5             ud~_epvebb~                   -0.35399153 +-       0.01192949        4.794       0 [   42]      (   0)          37861

==============================================================================================================================================================

       260         265   0.01            NNLO.QT-CS.42.CT2.QCD          4.74581230 +-       0.04638322
--------------------------------------------------------------------------------------------------------------------------------------------------------------
       260         265   0.01            ud~_epvebb~                    4.74581230 +-       0.04638322        1.161       0 [   42]      (   0)          34741

       260         265   0.05            NNLO.QT-CS.42.CT2.QCD          1.55491024 +-       0.01649012
--------------------------------------------------------------------------------------------------------------------------------------------------------------
       260         265   0.05            ud~_epvebb~                    1.55491024 +-       0.01649012       0.8982       0 [   42]      (   0)          34741

       260         265   0.1             NNLO.QT-CS.42.CT2.QCD          0.72399640 +-       0.01507161
--------------------------------------------------------------------------------------------------------------------------------------------------------------
       260         265   0.1             ud~_epvebb~                    0.72399640 +-       0.01507161        1.008       0 [   42]      (   0)          34741

       260         265   0.15            NNLO.QT-CS.42.CT2.QCD          0.35795848 +-       0.01529957
--------------------------------------------------------------------------------------------------------------------------------------------------------------
       260         265   0.15            ud~_epvebb~                    0.35795848 +-       0.01529957        1.711       0 [   42]      (   0)          34741

       260         265   0.2             NNLO.QT-CS.42.CT2.QCD          0.14534917 +-       0.01545532
--------------------------------------------------------------------------------------------------------------------------------------------------------------
       260         265   0.2             ud~_epvebb~                    0.14534917 +-       0.01545532        3.170       0 [   42]      (   0)          34741

       260         265   0.25            NNLO.QT-CS.42.CT2.QCD        0.0049823021 +-     0.0154867091
--------------------------------------------------------------------------------------------------------------------------------------------------------------
       260         265   0.25            ud~_epvebb~                  0.0049823021 +-     0.0154867091        4.827       0 [   42]      (   0)          34741

       260         265   0.5             NNLO.QT-CS.42.CT2.QCD         -0.31075526 +-       0.01487756
--------------------------------------------------------------------------------------------------------------------------------------------------------------
       260         265   0.5             ud~_epvebb~                   -0.31075526 +-       0.01487756        4.627       0 [   42]      (   0)          34741

==============================================================================================================================================================

       265         270   0.01            NNLO.QT-CS.42.CT2.QCD          4.34509406 +-       0.04228265
--------------------------------------------------------------------------------------------------------------------------------------------------------------
       265         270   0.01            ud~_epvebb~                    4.34509406 +-       0.04228265       0.9334       0 [   42]      (   0)          32184

       265         270   0.05            NNLO.QT-CS.42.CT2.QCD          1.40505143 +-       0.02192695
--------------------------------------------------------------------------------------------------------------------------------------------------------------
       265         270   0.05            ud~_epvebb~                    1.40505143 +-       0.02192695       0.9326       0 [   42]      (   0)          32184

       265         270   0.1             NNLO.QT-CS.42.CT2.QCD          0.64313633 +-       0.01951648
--------------------------------------------------------------------------------------------------------------------------------------------------------------
       265         270   0.1             ud~_epvebb~                    0.64313633 +-       0.01951648        1.531       0 [   42]      (   0)          32184

       265         270   0.15            NNLO.QT-CS.42.CT2.QCD          0.30855390 +-       0.01842541
--------------------------------------------------------------------------------------------------------------------------------------------------------------
       265         270   0.15            ud~_epvebb~                    0.30855390 +-       0.01842541        3.298       0 [   42]      (   0)          32184

       265         270   0.2             NNLO.QT-CS.42.CT2.QCD          0.11470020 +-       0.01762847
--------------------------------------------------------------------------------------------------------------------------------------------------------------
       265         270   0.2             ud~_epvebb~                    0.11470020 +-       0.01762847        6.171       0 [   42]      (   0)          32184

       265         270   0.25            NNLO.QT-CS.42.CT2.QCD        -0.013001132 +-      0.016970491
--------------------------------------------------------------------------------------------------------------------------------------------------------------
       265         270   0.25            ud~_epvebb~                  -0.013001132 +-      0.016970491        9.277       0 [   42]      (   0)          32184

       265         270   0.5             NNLO.QT-CS.42.CT2.QCD         -0.29880437 +-       0.01466903
--------------------------------------------------------------------------------------------------------------------------------------------------------------
       265         270   0.5             ud~_epvebb~                   -0.29880437 +-       0.01466903        6.805       0 [   42]      (   0)          32184

==============================================================================================================================================================

       270         275   0.01            NNLO.QT-CS.42.CT2.QCD          4.01125895 +-       0.04742744
--------------------------------------------------------------------------------------------------------------------------------------------------------------
       270         275   0.01            ud~_epvebb~                    4.01125895 +-       0.04742744        1.035       0 [   42]      (   0)          29878

       270         275   0.05            NNLO.QT-CS.42.CT2.QCD          1.28134505 +-       0.01671664
--------------------------------------------------------------------------------------------------------------------------------------------------------------
       270         275   0.05            ud~_epvebb~                    1.28134505 +-       0.01671664       0.9283       0 [   42]      (   0)          29878

       270         275   0.1             NNLO.QT-CS.42.CT2.QCD          0.57503733 +-       0.01488915
--------------------------------------------------------------------------------------------------------------------------------------------------------------
       270         275   0.1             ud~_epvebb~                    0.57503733 +-       0.01488915        1.274       0 [   42]      (   0)          29878

       270         275   0.15            NNLO.QT-CS.42.CT2.QCD          0.26529622 +-       0.01507530
--------------------------------------------------------------------------------------------------------------------------------------------------------------
       270         275   0.15            ud~_epvebb~                    0.26529622 +-       0.01507530        2.693       0 [   42]      (   0)          29878

       270         275   0.2             NNLO.QT-CS.42.CT2.QCD         0.086054385 +-      0.015264492
--------------------------------------------------------------------------------------------------------------------------------------------------------------
       270         275   0.2             ud~_epvebb~                   0.086054385 +-      0.015264492        5.333       0 [   42]      (   0)          29878

       270         275   0.25            NNLO.QT-CS.42.CT2.QCD        -0.031882585 +-      0.015344502
--------------------------------------------------------------------------------------------------------------------------------------------------------------
       270         275   0.25            ud~_epvebb~                  -0.031882585 +-      0.015344502        8.032       0 [   42]      (   0)          29878

       270         275   0.5             NNLO.QT-CS.42.CT2.QCD         -0.29504212 +-       0.01494721
--------------------------------------------------------------------------------------------------------------------------------------------------------------
       270         275   0.5             ud~_epvebb~                   -0.29504212 +-       0.01494721        6.592       0 [   42]      (   0)          29878

==============================================================================================================================================================

       275         280   0.01            NNLO.QT-CS.42.CT2.QCD          3.60213735 +-       0.04091903
--------------------------------------------------------------------------------------------------------------------------------------------------------------
       275         280   0.01            ud~_epvebb~                    3.60213735 +-       0.04091903        1.179       0 [   42]      (   0)          27536

       275         280   0.05            NNLO.QT-CS.42.CT2.QCD          1.18279361 +-       0.01340438
--------------------------------------------------------------------------------------------------------------------------------------------------------------
       275         280   0.05            ud~_epvebb~                    1.18279361 +-       0.01340438        1.107       0 [   42]      (   0)          27536

       275         280   0.1             NNLO.QT-CS.42.CT2.QCD          0.55152480 +-       0.00878600
--------------------------------------------------------------------------------------------------------------------------------------------------------------
       275         280   0.1             ud~_epvebb~                    0.55152480 +-       0.00878600        1.072       0 [   42]      (   0)          27536

       275         280   0.15            NNLO.QT-CS.42.CT2.QCD          0.27308891 +-       0.00789492
--------------------------------------------------------------------------------------------------------------------------------------------------------------
       275         280   0.15            ud~_epvebb~                    0.27308891 +-       0.00789492        1.389       0 [   42]      (   0)          27536

       275         280   0.2             NNLO.QT-CS.42.CT2.QCD          0.11121001 +-       0.00778290
--------------------------------------------------------------------------------------------------------------------------------------------------------------
       275         280   0.2             ud~_epvebb~                    0.11121001 +-       0.00778290        2.229       0 [   42]      (   0)          27536

       275         280   0.25            NNLO.QT-CS.42.CT2.QCD        0.0042498662 +-     0.0078460543
--------------------------------------------------------------------------------------------------------------------------------------------------------------
       275         280   0.25            ud~_epvebb~                  0.0042498662 +-     0.0078460543        3.305       0 [   42]      (   0)          27536

       275         280   0.5             NNLO.QT-CS.42.CT2.QCD         -0.23676030 +-       0.00814541
--------------------------------------------------------------------------------------------------------------------------------------------------------------
       275         280   0.5             ud~_epvebb~                   -0.23676030 +-       0.00814541        3.333       0 [   42]      (   0)          27536

==============================================================================================================================================================

       280         285   0.01            NNLO.QT-CS.42.CT2.QCD          3.44258242 +-       0.04327652
--------------------------------------------------------------------------------------------------------------------------------------------------------------
       280         285   0.01            ud~_epvebb~                    3.44258242 +-       0.04327652        1.551       0 [   42]      (   0)          25929

       280         285   0.05            NNLO.QT-CS.42.CT2.QCD          1.09897998 +-       0.02171572
--------------------------------------------------------------------------------------------------------------------------------------------------------------
       280         285   0.05            ud~_epvebb~                    1.09897998 +-       0.02171572        1.101       0 [   42]      (   0)          25929

       280         285   0.1             NNLO.QT-CS.42.CT2.QCD          0.49192566 +-       0.02121363
--------------------------------------------------------------------------------------------------------------------------------------------------------------
       280         285   0.1             ud~_epvebb~                    0.49192566 +-       0.02121363        1.416       0 [   42]      (   0)          25929

       280         285   0.15            NNLO.QT-CS.42.CT2.QCD          0.22553798 +-       0.02103492
--------------------------------------------------------------------------------------------------------------------------------------------------------------
       280         285   0.15            ud~_epvebb~                    0.22553798 +-       0.02103492        3.294       0 [   42]      (   0)          25929

       280         285   0.2             NNLO.QT-CS.42.CT2.QCD         0.071313420 +-      0.020726453
--------------------------------------------------------------------------------------------------------------------------------------------------------------
       280         285   0.2             ud~_epvebb~                   0.071313420 +-      0.020726453        7.183       0 [   42]      (   0)          25929

       280         285   0.25            NNLO.QT-CS.42.CT2.QCD        -0.030200299 +-      0.020353978
--------------------------------------------------------------------------------------------------------------------------------------------------------------
       280         285   0.25            ud~_epvebb~                  -0.030200299 +-      0.020353978        11.53       0 [   42]      (   0)          25929

       280         285   0.5             NNLO.QT-CS.42.CT2.QCD         -0.25687671 +-       0.01845491
--------------------------------------------------------------------------------------------------------------------------------------------------------------
       280         285   0.5             ud~_epvebb~                   -0.25687671 +-       0.01845491        8.781       0 [   42]      (   0)          25929

==============================================================================================================================================================

       285         290   0.01            NNLO.QT-CS.42.CT2.QCD          3.07749454 +-       0.03988269
--------------------------------------------------------------------------------------------------------------------------------------------------------------
       285         290   0.01            ud~_epvebb~                    3.07749454 +-       0.03988269        1.325       0 [   42]      (   0)          23810

       285         290   0.05            NNLO.QT-CS.42.CT2.QCD          0.98862140 +-       0.01894105
--------------------------------------------------------------------------------------------------------------------------------------------------------------
       285         290   0.05            ud~_epvebb~                    0.98862140 +-       0.01894105        1.157       0 [   42]      (   0)          23810

       285         290   0.1             NNLO.QT-CS.42.CT2.QCD          0.44680381 +-       0.01677470
--------------------------------------------------------------------------------------------------------------------------------------------------------------
       285         290   0.1             ud~_epvebb~                    0.44680381 +-       0.01677470        1.428       0 [   42]      (   0)          23810

       285         290   0.15            NNLO.QT-CS.42.CT2.QCD          0.20880226 +-       0.01603766
--------------------------------------------------------------------------------------------------------------------------------------------------------------
       285         290   0.15            ud~_epvebb~                    0.20880226 +-       0.01603766        2.750       0 [   42]      (   0)          23810

       285         290   0.2             NNLO.QT-CS.42.CT2.QCD         0.070894021 +-      0.015535931
--------------------------------------------------------------------------------------------------------------------------------------------------------------
       285         290   0.2             ud~_epvebb~                   0.070894021 +-      0.015535931        5.508       0 [   42]      (   0)          23810

       285         290   0.25            NNLO.QT-CS.42.CT2.QCD        -0.019951828 +-      0.015115635
--------------------------------------------------------------------------------------------------------------------------------------------------------------
       285         290   0.25            ud~_epvebb~                  -0.019951828 +-      0.015115635        8.396       0 [   42]      (   0)          23810

       285         290   0.5             NNLO.QT-CS.42.CT2.QCD         -0.22319716 +-       0.01351328
--------------------------------------------------------------------------------------------------------------------------------------------------------------
       285         290   0.5             ud~_epvebb~                   -0.22319716 +-       0.01351328        6.724       0 [   42]      (   0)          23810

==============================================================================================================================================================

       290         295   0.01            NNLO.QT-CS.42.CT2.QCD          2.88767225 +-       0.03976724
--------------------------------------------------------------------------------------------------------------------------------------------------------------
       290         295   0.01            ud~_epvebb~                    2.88767225 +-       0.03976724       0.9740       0 [   42]      (   0)          22728

       290         295   0.05            NNLO.QT-CS.42.CT2.QCD          0.93789056 +-       0.01282689
--------------------------------------------------------------------------------------------------------------------------------------------------------------
       290         295   0.05            ud~_epvebb~                    0.93789056 +-       0.01282689       0.8788       0 [   42]      (   0)          22728

       290         295   0.1             NNLO.QT-CS.42.CT2.QCD          0.43012900 +-       0.01008391
--------------------------------------------------------------------------------------------------------------------------------------------------------------
       290         295   0.1             ud~_epvebb~                    0.43012900 +-       0.01008391        1.237       0 [   42]      (   0)          22728

       290         295   0.15            NNLO.QT-CS.42.CT2.QCD          0.20649483 +-       0.01005968
--------------------------------------------------------------------------------------------------------------------------------------------------------------
       290         295   0.15            ud~_epvebb~                    0.20649483 +-       0.01005968        2.307       0 [   42]      (   0)          22728

       290         295   0.2             NNLO.QT-CS.42.CT2.QCD         0.076638158 +-      0.010277477
--------------------------------------------------------------------------------------------------------------------------------------------------------------
       290         295   0.2             ud~_epvebb~                   0.076638158 +-      0.010277477        4.524       0 [   42]      (   0)          22728

       290         295   0.25            NNLO.QT-CS.42.CT2.QCD       -0.0090643395 +-     0.0104556035
--------------------------------------------------------------------------------------------------------------------------------------------------------------
       290         295   0.25            ud~_epvebb~                 -0.0090643395 +-     0.0104556035        7.144       0 [   42]      (   0)          22728

       290         295   0.5             NNLO.QT-CS.42.CT2.QCD         -0.20162882 +-       0.01063832
--------------------------------------------------------------------------------------------------------------------------------------------------------------
       290         295   0.5             ud~_epvebb~                   -0.20162882 +-       0.01063832        5.066       0 [   42]      (   0)          22728

==============================================================================================================================================================

       295         300   0.01            NNLO.QT-CS.42.CT2.QCD          2.55067055 +-       0.03592977
--------------------------------------------------------------------------------------------------------------------------------------------------------------
       295         300   0.01            ud~_epvebb~                    2.55067055 +-       0.03592977        1.223       0 [   42]      (   0)          20802

       295         300   0.05            NNLO.QT-CS.42.CT2.QCD          0.82742882 +-       0.01184542
--------------------------------------------------------------------------------------------------------------------------------------------------------------
       295         300   0.05            ud~_epvebb~                    0.82742882 +-       0.01184542        1.154       0 [   42]      (   0)          20802

       295         300   0.1             NNLO.QT-CS.42.CT2.QCD          0.37877986 +-       0.01026993
--------------------------------------------------------------------------------------------------------------------------------------------------------------
       295         300   0.1             ud~_epvebb~                    0.37877986 +-       0.01026993        1.163       0 [   42]      (   0)          20802

       295         300   0.15            NNLO.QT-CS.42.CT2.QCD          0.18121799 +-       0.01049747
--------------------------------------------------------------------------------------------------------------------------------------------------------------
       295         300   0.15            ud~_epvebb~                    0.18121799 +-       0.01049747        1.978       0 [   42]      (   0)          20802

       295         300   0.2             NNLO.QT-CS.42.CT2.QCD         0.066518677 +-      0.010740402
--------------------------------------------------------------------------------------------------------------------------------------------------------------
       295         300   0.2             ud~_epvebb~                   0.066518677 +-      0.010740402        3.826       0 [   42]      (   0)          20802

       295         300   0.25            NNLO.QT-CS.42.CT2.QCD       -0.0091693409 +-     0.0108861292
--------------------------------------------------------------------------------------------------------------------------------------------------------------
       295         300   0.25            ud~_epvebb~                 -0.0091693409 +-     0.0108861292        5.845       0 [   42]      (   0)          20802

       295         300   0.5             NNLO.QT-CS.42.CT2.QCD         -0.17917306 +-       0.01084807
--------------------------------------------------------------------------------------------------------------------------------------------------------------
       295         300   0.5             ud~_epvebb~                   -0.17917306 +-       0.01084807        4.216       0 [   42]      (   0)          20802

==============================================================================================================================================================

       300         305   0.01            NNLO.QT-CS.42.CT2.QCD          2.38683564 +-       0.03709523
--------------------------------------------------------------------------------------------------------------------------------------------------------------
       300         305   0.01            ud~_epvebb~                    2.38683564 +-       0.03709523        1.558       0 [   42]      (   0)          19490

       300         305   0.05            NNLO.QT-CS.42.CT2.QCD          0.76432444 +-       0.01266103
--------------------------------------------------------------------------------------------------------------------------------------------------------------
       300         305   0.05            ud~_epvebb~                    0.76432444 +-       0.01266103        1.003       0 [   42]      (   0)          19490

       300         305   0.1             NNLO.QT-CS.42.CT2.QCD          0.34351628 +-       0.01048671
--------------------------------------------------------------------------------------------------------------------------------------------------------------
       300         305   0.1             ud~_epvebb~                    0.34351628 +-       0.01048671        1.155       0 [   42]      (   0)          19490

       300         305   0.15            NNLO.QT-CS.42.CT2.QCD          0.15869341 +-       0.01043093
--------------------------------------------------------------------------------------------------------------------------------------------------------------
       300         305   0.15            ud~_epvebb~                    0.15869341 +-       0.01043093        2.741       0 [   42]      (   0)          19490

       300         305   0.2             NNLO.QT-CS.42.CT2.QCD         0.051613429 +-      0.010539468
--------------------------------------------------------------------------------------------------------------------------------------------------------------
       300         305   0.2             ud~_epvebb~                   0.051613429 +-      0.010539468        6.276       0 [   42]      (   0)          19490

       300         305   0.25            NNLO.QT-CS.42.CT2.QCD        -0.018914632 +-      0.010614654
--------------------------------------------------------------------------------------------------------------------------------------------------------------
       300         305   0.25            ud~_epvebb~                  -0.018914632 +-      0.010614654        11.10       0 [   42]      (   0)          19490

       300         305   0.5             NNLO.QT-CS.42.CT2.QCD         -0.17664028 +-       0.01049462
--------------------------------------------------------------------------------------------------------------------------------------------------------------
       300         305   0.5             ud~_epvebb~                   -0.17664028 +-       0.01049462        9.693       0 [   42]      (   0)          19490

==============================================================================================================================================================

       305         310   0.01            NNLO.QT-CS.42.CT2.QCD          2.16954489 +-       0.03330149
--------------------------------------------------------------------------------------------------------------------------------------------------------------
       305         310   0.01            ud~_epvebb~                    2.16954489 +-       0.03330149        1.512       0 [   42]      (   0)          18075

       305         310   0.05            NNLO.QT-CS.42.CT2.QCD          0.70097569 +-       0.00942315
--------------------------------------------------------------------------------------------------------------------------------------------------------------
       305         310   0.05            ud~_epvebb~                    0.70097569 +-       0.00942315        1.308       0 [   42]      (   0)          18075

       305         310   0.1             NNLO.QT-CS.42.CT2.QCD          0.31867450 +-       0.00809780
--------------------------------------------------------------------------------------------------------------------------------------------------------------
       305         310   0.1             ud~_epvebb~                    0.31867450 +-       0.00809780        1.329       0 [   42]      (   0)          18075

       305         310   0.15            NNLO.QT-CS.42.CT2.QCD          0.15035914 +-       0.00863935
--------------------------------------------------------------------------------------------------------------------------------------------------------------
       305         310   0.15            ud~_epvebb~                    0.15035914 +-       0.00863935        2.190       0 [   42]      (   0)          18075

       305         310   0.2             NNLO.QT-CS.42.CT2.QCD         0.052658834 +-      0.009086145
--------------------------------------------------------------------------------------------------------------------------------------------------------------
       305         310   0.2             ud~_epvebb~                   0.052658834 +-      0.009086145        4.206       0 [   42]      (   0)          18075

       305         310   0.25            NNLO.QT-CS.42.CT2.QCD        -0.011798289 +-      0.009370443
--------------------------------------------------------------------------------------------------------------------------------------------------------------
       305         310   0.25            ud~_epvebb~                  -0.011798289 +-      0.009370443        6.874       0 [   42]      (   0)          18075

       305         310   0.5             NNLO.QT-CS.42.CT2.QCD         -0.15648895 +-       0.00967216
--------------------------------------------------------------------------------------------------------------------------------------------------------------
       305         310   0.5             ud~_epvebb~                   -0.15648895 +-       0.00967216        5.934       0 [   42]      (   0)          18075

==============================================================================================================================================================

       310         315   0.01            NNLO.QT-CS.42.CT2.QCD          2.02060331 +-       0.02916940
--------------------------------------------------------------------------------------------------------------------------------------------------------------
       310         315   0.01            ud~_epvebb~                    2.02060331 +-       0.02916940        1.140       0 [   42]      (   0)          17227

       310         315   0.05            NNLO.QT-CS.42.CT2.QCD          0.65881804 +-       0.01075205
--------------------------------------------------------------------------------------------------------------------------------------------------------------
       310         315   0.05            ud~_epvebb~                    0.65881804 +-       0.01075205       0.8817       0 [   42]      (   0)          17227

       310         315   0.1             NNLO.QT-CS.42.CT2.QCD          0.30336604 +-       0.00881484
--------------------------------------------------------------------------------------------------------------------------------------------------------------
       310         315   0.1             ud~_epvebb~                    0.30336604 +-       0.00881484       0.7909       0 [   42]      (   0)          17227

       310         315   0.15            NNLO.QT-CS.42.CT2.QCD          0.14658387 +-       0.00854600
--------------------------------------------------------------------------------------------------------------------------------------------------------------
       310         315   0.15            ud~_epvebb~                    0.14658387 +-       0.00854600        1.083       0 [   42]      (   0)          17227

       310         315   0.2             NNLO.QT-CS.42.CT2.QCD         0.055442556 +-      0.008482205
--------------------------------------------------------------------------------------------------------------------------------------------------------------
       310         315   0.2             ud~_epvebb~                   0.055442556 +-      0.008482205        2.212       0 [   42]      (   0)          17227

       310         315   0.25            NNLO.QT-CS.42.CT2.QCD       -0.0047680364 +-     0.0084393018
--------------------------------------------------------------------------------------------------------------------------------------------------------------
       310         315   0.25            ud~_epvebb~                 -0.0047680364 +-     0.0084393018        3.999       0 [   42]      (   0)          17227

       310         315   0.5             NNLO.QT-CS.42.CT2.QCD         -0.14035055 +-       0.00810557
--------------------------------------------------------------------------------------------------------------------------------------------------------------
       310         315   0.5             ud~_epvebb~                   -0.14035055 +-       0.00810557        4.247       0 [   42]      (   0)          17227

==============================================================================================================================================================

       315         320   0.01            NNLO.QT-CS.42.CT2.QCD          1.87615155 +-       0.03706495
--------------------------------------------------------------------------------------------------------------------------------------------------------------
       315         320   0.01            ud~_epvebb~                    1.87615155 +-       0.03706495        1.037       0 [   42]      (   0)          15777

       315         320   0.05            NNLO.QT-CS.42.CT2.QCD          0.60995219 +-       0.01070987
--------------------------------------------------------------------------------------------------------------------------------------------------------------
       315         320   0.05            ud~_epvebb~                    0.60995219 +-       0.01070987        1.132       0 [   42]      (   0)          15777

       315         320   0.1             NNLO.QT-CS.42.CT2.QCD          0.27918616 +-       0.00778798
--------------------------------------------------------------------------------------------------------------------------------------------------------------
       315         320   0.1             ud~_epvebb~                    0.27918616 +-       0.00778798        1.012       0 [   42]      (   0)          15777

       315         320   0.15            NNLO.QT-CS.42.CT2.QCD          0.13324068 +-       0.00795899
--------------------------------------------------------------------------------------------------------------------------------------------------------------
       315         320   0.15            ud~_epvebb~                    0.13324068 +-       0.00795899        1.561       0 [   42]      (   0)          15777

       315         320   0.2             NNLO.QT-CS.42.CT2.QCD         0.048382393 +-      0.008376349
--------------------------------------------------------------------------------------------------------------------------------------------------------------
       315         320   0.2             ud~_epvebb~                   0.048382393 +-      0.008376349        3.173       0 [   42]      (   0)          15777

       315         320   0.25            NNLO.QT-CS.42.CT2.QCD       -0.0076840966 +-     0.0087133894
--------------------------------------------------------------------------------------------------------------------------------------------------------------
       315         320   0.25            ud~_epvebb~                 -0.0076840966 +-     0.0087133894        5.483       0 [   42]      (   0)          15777

       315         320   0.5             NNLO.QT-CS.42.CT2.QCD         -0.13394580 +-       0.00934925
--------------------------------------------------------------------------------------------------------------------------------------------------------------
       315         320   0.5             ud~_epvebb~                   -0.13394580 +-       0.00934925        4.648       0 [   42]      (   0)          15777

==============================================================================================================================================================

       320         325   0.01            NNLO.QT-CS.42.CT2.QCD          1.81463574 +-       0.06464469
--------------------------------------------------------------------------------------------------------------------------------------------------------------
       320         325   0.01            ud~_epvebb~                    1.81463574 +-       0.06464469        1.536       0 [   42]      (   0)          15073

       320         325   0.05            NNLO.QT-CS.42.CT2.QCD          0.57895694 +-       0.01975416
--------------------------------------------------------------------------------------------------------------------------------------------------------------
       320         325   0.05            ud~_epvebb~                    0.57895694 +-       0.01975416        1.066       0 [   42]      (   0)          15073

       320         325   0.1             NNLO.QT-CS.42.CT2.QCD          0.25795929 +-       0.01134668
--------------------------------------------------------------------------------------------------------------------------------------------------------------
       320         325   0.1             ud~_epvebb~                    0.25795929 +-       0.01134668       0.8503       0 [   42]      (   0)          15073

       320         325   0.15            NNLO.QT-CS.42.CT2.QCD          0.11686179 +-       0.00978552
--------------------------------------------------------------------------------------------------------------------------------------------------------------
       320         325   0.15            ud~_epvebb~                    0.11686179 +-       0.00978552        1.978       0 [   42]      (   0)          15073

       320         325   0.2             NNLO.QT-CS.42.CT2.QCD         0.035074083 +-      0.009832537
--------------------------------------------------------------------------------------------------------------------------------------------------------------
       320         325   0.2             ud~_epvebb~                   0.035074083 +-      0.009832537        5.595       0 [   42]      (   0)          15073

       320         325   0.25            NNLO.QT-CS.42.CT2.QCD        -0.018814398 +-      0.010207900
--------------------------------------------------------------------------------------------------------------------------------------------------------------
       320         325   0.25            ud~_epvebb~                  -0.018814398 +-      0.010207900        11.18       0 [   42]      (   0)          15073

       320         325   0.5             NNLO.QT-CS.42.CT2.QCD         -0.13939066 +-       0.01158298
--------------------------------------------------------------------------------------------------------------------------------------------------------------
       320         325   0.5             ud~_epvebb~                   -0.13939066 +-       0.01158298        10.13       0 [   42]      (   0)          15073

==============================================================================================================================================================

       325         330   0.01            NNLO.QT-CS.42.CT2.QCD          1.64011465 +-       0.03135584
--------------------------------------------------------------------------------------------------------------------------------------------------------------
       325         330   0.01            ud~_epvebb~                    1.64011465 +-       0.03135584        1.222       0 [   42]      (   0)          14152

       325         330   0.05            NNLO.QT-CS.42.CT2.QCD          0.51100990 +-       0.01305506
--------------------------------------------------------------------------------------------------------------------------------------------------------------
       325         330   0.05            ud~_epvebb~                    0.51100990 +-       0.01305506       0.9257       0 [   42]      (   0)          14152

       325         330   0.1             NNLO.QT-CS.42.CT2.QCD          0.21933199 +-       0.01318108
--------------------------------------------------------------------------------------------------------------------------------------------------------------
       325         330   0.1             ud~_epvebb~                    0.21933199 +-       0.01318108        1.526       0 [   42]      (   0)          14152

       325         330   0.15            NNLO.QT-CS.42.CT2.QCD         0.091631216 +-      0.013579938
--------------------------------------------------------------------------------------------------------------------------------------------------------------
       325         330   0.15            ud~_epvebb~                   0.091631216 +-      0.013579938        4.137       0 [   42]      (   0)          14152

       325         330   0.2             NNLO.QT-CS.42.CT2.QCD         0.017852832 +-      0.013744281
--------------------------------------------------------------------------------------------------------------------------------------------------------------
       325         330   0.2             ud~_epvebb~                   0.017852832 +-      0.013744281        9.684       0 [   42]      (   0)          14152

       325         330   0.25            NNLO.QT-CS.42.CT2.QCD        -0.030611481 +-      0.013766365
--------------------------------------------------------------------------------------------------------------------------------------------------------------
       325         330   0.25            ud~_epvebb~                  -0.030611481 +-      0.013766365        16.11       0 [   42]      (   0)          14152

       325         330   0.5             NNLO.QT-CS.42.CT2.QCD         -0.13826558 +-       0.01319282
--------------------------------------------------------------------------------------------------------------------------------------------------------------
       325         330   0.5             ud~_epvebb~                   -0.13826558 +-       0.01319282        11.15       0 [   42]      (   0)          14152

==============================================================================================================================================================

       330         335   0.01            NNLO.QT-CS.42.CT2.QCD          1.47433114 +-       0.02612165
--------------------------------------------------------------------------------------------------------------------------------------------------------------
       330         335   0.01            ud~_epvebb~                    1.47433114 +-       0.02612165        1.375       0 [   42]      (   0)          13062

       330         335   0.05            NNLO.QT-CS.42.CT2.QCD          0.48430302 +-       0.00854765
--------------------------------------------------------------------------------------------------------------------------------------------------------------
       330         335   0.05            ud~_epvebb~                    0.48430302 +-       0.00854765        1.284       0 [   42]      (   0)          13062

       330         335   0.1             NNLO.QT-CS.42.CT2.QCD          0.22507177 +-       0.00509200
--------------------------------------------------------------------------------------------------------------------------------------------------------------
       330         335   0.1             ud~_epvebb~                    0.22507177 +-       0.00509200        1.297       0 [   42]      (   0)          13062

       330         335   0.15            NNLO.QT-CS.42.CT2.QCD          0.11049234 +-       0.00423257
--------------------------------------------------------------------------------------------------------------------------------------------------------------
       330         335   0.15            ud~_epvebb~                    0.11049234 +-       0.00423257        1.396       0 [   42]      (   0)          13062

       330         335   0.2             NNLO.QT-CS.42.CT2.QCD         0.043774972 +-      0.004053432
--------------------------------------------------------------------------------------------------------------------------------------------------------------
       330         335   0.2             ud~_epvebb~                   0.043774972 +-      0.004053432        1.898       0 [   42]      (   0)          13062

       330         335   0.25            NNLO.QT-CS.42.CT2.QCD      -0.00036450287 +-    0.00407069476
--------------------------------------------------------------------------------------------------------------------------------------------------------------
       330         335   0.25            ud~_epvebb~                -0.00036450287 +-    0.00407069476        2.946       0 [   42]      (   0)          13062

       330         335   0.5             NNLO.QT-CS.42.CT2.QCD         -0.10008574 +-       0.00438386
--------------------------------------------------------------------------------------------------------------------------------------------------------------
       330         335   0.5             ud~_epvebb~                   -0.10008574 +-       0.00438386        3.230       0 [   42]      (   0)          13062

==============================================================================================================================================================

       335         340   0.01            NNLO.QT-CS.42.CT2.QCD          1.40445504 +-       0.03259513
--------------------------------------------------------------------------------------------------------------------------------------------------------------
       335         340   0.01            ud~_epvebb~                    1.40445504 +-       0.03259513        1.517       0 [   42]      (   0)          12512

       335         340   0.05            NNLO.QT-CS.42.CT2.QCD          0.43174807 +-       0.01265195
--------------------------------------------------------------------------------------------------------------------------------------------------------------
       335         340   0.05            ud~_epvebb~                    0.43174807 +-       0.01265195        1.107       0 [   42]      (   0)          12512

       335         340   0.1             NNLO.QT-CS.42.CT2.QCD          0.18170022 +-       0.01563878
--------------------------------------------------------------------------------------------------------------------------------------------------------------
       335         340   0.1             ud~_epvebb~                    0.18170022 +-       0.01563878        2.467       0 [   42]      (   0)          12512

       335         340   0.15            NNLO.QT-CS.42.CT2.QCD         0.072583503 +-      0.016863974
--------------------------------------------------------------------------------------------------------------------------------------------------------------
       335         340   0.15            ud~_epvebb~                   0.072583503 +-      0.016863974        6.689       0 [   42]      (   0)          12512

       335         340   0.2             NNLO.QT-CS.42.CT2.QCD        0.0097067894 +-     0.0173152295
--------------------------------------------------------------------------------------------------------------------------------------------------------------
       335         340   0.2             ud~_epvebb~                  0.0097067894 +-     0.0173152295        15.25       0 [   42]      (   0)          12512

       335         340   0.25            NNLO.QT-CS.42.CT2.QCD        -0.031499644 +-      0.017427905
--------------------------------------------------------------------------------------------------------------------------------------------------------------
       335         340   0.25            ud~_epvebb~                  -0.031499644 +-      0.017427905        25.59       0 [   42]      (   0)          12512

       335         340   0.5             NNLO.QT-CS.42.CT2.QCD         -0.12253562 +-       0.01661611
--------------------------------------------------------------------------------------------------------------------------------------------------------------
       335         340   0.5             ud~_epvebb~                   -0.12253562 +-       0.01661611        18.64       0 [   42]      (   0)          12512

==============================================================================================================================================================

       340         345   0.01            NNLO.QT-CS.42.CT2.QCD          1.31422253 +-       0.03525058
--------------------------------------------------------------------------------------------------------------------------------------------------------------
       340         345   0.01            ud~_epvebb~                    1.31422253 +-       0.03525058        1.637       0 [   42]      (   0)          11624

       340         345   0.05            NNLO.QT-CS.42.CT2.QCD          0.41408733 +-       0.01261915
--------------------------------------------------------------------------------------------------------------------------------------------------------------
       340         345   0.05            ud~_epvebb~                    0.41408733 +-       0.01261915        1.221       0 [   42]      (   0)          11624

       340         345   0.1             NNLO.QT-CS.42.CT2.QCD          0.18055764 +-       0.01031408
--------------------------------------------------------------------------------------------------------------------------------------------------------------
       340         345   0.1             ud~_epvebb~                    0.18055764 +-       0.01031408        1.374       0 [   42]      (   0)          11624

       340         345   0.15            NNLO.QT-CS.42.CT2.QCD         0.078022094 +-      0.010123274
--------------------------------------------------------------------------------------------------------------------------------------------------------------
       340         345   0.15            ud~_epvebb~                   0.078022094 +-      0.010123274        2.972       0 [   42]      (   0)          11624

       340         345   0.2             NNLO.QT-CS.42.CT2.QCD         0.018647554 +-      0.010160426
--------------------------------------------------------------------------------------------------------------------------------------------------------------
       340         345   0.2             ud~_epvebb~                   0.018647554 +-      0.010160426        7.322       0 [   42]      (   0)          11624

       340         345   0.25            NNLO.QT-CS.42.CT2.QCD        -0.020434407 +-      0.010198267
--------------------------------------------------------------------------------------------------------------------------------------------------------------
       340         345   0.25            ud~_epvebb~                  -0.020434407 +-      0.010198267        13.62       0 [   42]      (   0)          11624

       340         345   0.5             NNLO.QT-CS.42.CT2.QCD         -0.10765530 +-       0.01004454
--------------------------------------------------------------------------------------------------------------------------------------------------------------
       340         345   0.5             ud~_epvebb~                   -0.10765530 +-       0.01004454        11.00       0 [   42]      (   0)          11624

==============================================================================================================================================================

       345         350   0.01            NNLO.QT-CS.42.CT2.QCD          1.12502651 +-       0.01944343
--------------------------------------------------------------------------------------------------------------------------------------------------------------
       345         350   0.01            ud~_epvebb~                    1.12502651 +-       0.01944343        1.299       0 [   42]      (   0)          10948

       345         350   0.05            NNLO.QT-CS.42.CT2.QCD          0.35780945 +-       0.00684774
--------------------------------------------------------------------------------------------------------------------------------------------------------------
       345         350   0.05            ud~_epvebb~                    0.35780945 +-       0.00684774        1.066       0 [   42]      (   0)          10948

       345         350   0.1             NNLO.QT-CS.42.CT2.QCD          0.15831997 +-       0.00555465
--------------------------------------------------------------------------------------------------------------------------------------------------------------
       345         350   0.1             ud~_epvebb~                    0.15831997 +-       0.00555465        1.293       0 [   42]      (   0)          10948

       345         350   0.15            NNLO.QT-CS.42.CT2.QCD         0.070591906 +-      0.005454543
--------------------------------------------------------------------------------------------------------------------------------------------------------------
       345         350   0.15            ud~_epvebb~                   0.070591906 +-      0.005454543        2.425       0 [   42]      (   0)          10948

       345         350   0.2             NNLO.QT-CS.42.CT2.QCD         0.019725376 +-      0.005482297
--------------------------------------------------------------------------------------------------------------------------------------------------------------
       345         350   0.2             ud~_epvebb~                   0.019725376 +-      0.005482297        4.901       0 [   42]      (   0)          10948

       345         350   0.25            NNLO.QT-CS.42.CT2.QCD        -0.013796483 +-      0.005509385
--------------------------------------------------------------------------------------------------------------------------------------------------------------
       345         350   0.25            ud~_epvebb~                  -0.013796483 +-      0.005509385        8.037       0 [   42]      (   0)          10948

       345         350   0.5             NNLO.QT-CS.42.CT2.QCD        -0.088823305 +-      0.005442789
--------------------------------------------------------------------------------------------------------------------------------------------------------------
       345         350   0.5             ud~_epvebb~                  -0.088823305 +-      0.005442789        6.642       0 [   42]      (   0)          10948

==============================================================================================================================================================

       350         355   0.01            NNLO.QT-CS.42.CT2.QCD          1.06836899 +-       0.02223674
--------------------------------------------------------------------------------------------------------------------------------------------------------------
       350         355   0.01            ud~_epvebb~                    1.06836899 +-       0.02223674        1.759       0 [   42]      (   0)          10430

       350         355   0.05            NNLO.QT-CS.42.CT2.QCD          0.34582161 +-       0.00614608
--------------------------------------------------------------------------------------------------------------------------------------------------------------
       350         355   0.05            ud~_epvebb~                    0.34582161 +-       0.00614608        1.546       0 [   42]      (   0)          10430

       350         355   0.1             NNLO.QT-CS.42.CT2.QCD          0.15707130 +-       0.00387038
--------------------------------------------------------------------------------------------------------------------------------------------------------------
       350         355   0.1             ud~_epvebb~                    0.15707130 +-       0.00387038        1.420       0 [   42]      (   0)          10430

       350         355   0.15            NNLO.QT-CS.42.CT2.QCD         0.073794921 +-      0.003861135
--------------------------------------------------------------------------------------------------------------------------------------------------------------
       350         355   0.15            ud~_epvebb~                   0.073794921 +-      0.003861135        1.474       0 [   42]      (   0)          10430

       350         355   0.2             NNLO.QT-CS.42.CT2.QCD         0.025380283 +-      0.004132034
--------------------------------------------------------------------------------------------------------------------------------------------------------------
       350         355   0.2             ud~_epvebb~                   0.025380283 +-      0.004132034        2.174       0 [   42]      (   0)          10430

       350         355   0.25            NNLO.QT-CS.42.CT2.QCD       -0.0066033946 +-     0.0043775886
--------------------------------------------------------------------------------------------------------------------------------------------------------------
       350         355   0.25            ud~_epvebb~                 -0.0066033946 +-     0.0043775886        3.474       0 [   42]      (   0)          10430

       350         355   0.5             NNLO.QT-CS.42.CT2.QCD        -0.078600483 +-      0.004942366
--------------------------------------------------------------------------------------------------------------------------------------------------------------
       350         355   0.5             ud~_epvebb~                  -0.078600483 +-      0.004942366        3.465       0 [   42]      (   0)          10430

==============================================================================================================================================================

       355         360   0.01            NNLO.QT-CS.42.CT2.QCD          1.01396006 +-       0.02172547
--------------------------------------------------------------------------------------------------------------------------------------------------------------
       355         360   0.01            ud~_epvebb~                    1.01396006 +-       0.02172547       0.9872       0 [   42]      (   0)           9685

       355         360   0.05            NNLO.QT-CS.42.CT2.QCD          0.33032766 +-       0.00646684
--------------------------------------------------------------------------------------------------------------------------------------------------------------
       355         360   0.05            ud~_epvebb~                    0.33032766 +-       0.00646684       0.9361       0 [   42]      (   0)           9685

       355         360   0.1             NNLO.QT-CS.42.CT2.QCD          0.15133802 +-       0.00437672
--------------------------------------------------------------------------------------------------------------------------------------------------------------
       355         360   0.1             ud~_epvebb~                    0.15133802 +-       0.00437672        1.025       0 [   42]      (   0)           9685

       355         360   0.15            NNLO.QT-CS.42.CT2.QCD         0.072250355 +-      0.004258163
--------------------------------------------------------------------------------------------------------------------------------------------------------------
       355         360   0.15            ud~_epvebb~                   0.072250355 +-      0.004258163        1.295       0 [   42]      (   0)           9685

       355         360   0.2             NNLO.QT-CS.42.CT2.QCD         0.026216805 +-      0.004408057
--------------------------------------------------------------------------------------------------------------------------------------------------------------
       355         360   0.2             ud~_epvebb~                   0.026216805 +-      0.004408057        2.127       0 [   42]      (   0)           9685

       355         360   0.25            NNLO.QT-CS.42.CT2.QCD       -0.0042255589 +-     0.0045619319
--------------------------------------------------------------------------------------------------------------------------------------------------------------
       355         360   0.25            ud~_epvebb~                 -0.0042255589 +-     0.0045619319        3.353       0 [   42]      (   0)           9685

       355         360   0.5             NNLO.QT-CS.42.CT2.QCD        -0.072915869 +-      0.004900929
--------------------------------------------------------------------------------------------------------------------------------------------------------------
       355         360   0.5             ud~_epvebb~                  -0.072915869 +-      0.004900929        2.806       0 [   42]      (   0)           9685

==============================================================================================================================================================

       360         365   0.01            NNLO.QT-CS.42.CT2.QCD          0.92312523 +-       0.02115950
--------------------------------------------------------------------------------------------------------------------------------------------------------------
       360         365   0.01            ud~_epvebb~                    0.92312523 +-       0.02115950        1.343       0 [   42]      (   0)           9271

       360         365   0.05            NNLO.QT-CS.42.CT2.QCD          0.29407923 +-       0.00714692
--------------------------------------------------------------------------------------------------------------------------------------------------------------
       360         365   0.05            ud~_epvebb~                    0.29407923 +-       0.00714692        1.131       0 [   42]      (   0)           9271

       360         365   0.1             NNLO.QT-CS.42.CT2.QCD          0.13032608 +-       0.00795581
--------------------------------------------------------------------------------------------------------------------------------------------------------------
       360         365   0.1             ud~_epvebb~                    0.13032608 +-       0.00795581        1.270       0 [   42]      (   0)           9271

       360         365   0.15            NNLO.QT-CS.42.CT2.QCD         0.058261358 +-      0.008635302
--------------------------------------------------------------------------------------------------------------------------------------------------------------
       360         365   0.15            ud~_epvebb~                   0.058261358 +-      0.008635302        1.963       0 [   42]      (   0)           9271

       360         365   0.2             NNLO.QT-CS.42.CT2.QCD         0.016453695 +-      0.008979960
--------------------------------------------------------------------------------------------------------------------------------------------------------------
       360         365   0.2             ud~_epvebb~                   0.016453695 +-      0.008979960        3.749       0 [   42]      (   0)           9271

       360         365   0.25            NNLO.QT-CS.42.CT2.QCD        -0.011111317 +-      0.009144627
--------------------------------------------------------------------------------------------------------------------------------------------------------------
       360         365   0.25            ud~_epvebb~                  -0.011111317 +-      0.009144627        6.181       0 [   42]      (   0)           9271

       360         365   0.5             NNLO.QT-CS.42.CT2.QCD        -0.072869884 +-      0.009076728
--------------------------------------------------------------------------------------------------------------------------------------------------------------
       360         365   0.5             ud~_epvebb~                  -0.072869884 +-      0.009076728        5.413       0 [   42]      (   0)           9271

==============================================================================================================================================================

       365         370   0.01            NNLO.QT-CS.42.CT2.QCD          0.90365489 +-       0.03374060
--------------------------------------------------------------------------------------------------------------------------------------------------------------
       365         370   0.01            ud~_epvebb~                    0.90365489 +-       0.03374060        1.767       0 [   42]      (   0)           8842

       365         370   0.05            NNLO.QT-CS.42.CT2.QCD          0.29052497 +-       0.00732404
--------------------------------------------------------------------------------------------------------------------------------------------------------------
       365         370   0.05            ud~_epvebb~                    0.29052497 +-       0.00732404        1.436       0 [   42]      (   0)           8842

       365         370   0.1             NNLO.QT-CS.42.CT2.QCD          0.13014456 +-       0.00421349
--------------------------------------------------------------------------------------------------------------------------------------------------------------
       365         370   0.1             ud~_epvebb~                    0.13014456 +-       0.00421349        1.216       0 [   42]      (   0)           8842

       365         370   0.15            NNLO.QT-CS.42.CT2.QCD         0.059345938 +-      0.005328764
--------------------------------------------------------------------------------------------------------------------------------------------------------------
       365         370   0.15            ud~_epvebb~                   0.059345938 +-      0.005328764        1.538       0 [   42]      (   0)           8842

       365         370   0.2             NNLO.QT-CS.42.CT2.QCD         0.018174284 +-      0.006364773
--------------------------------------------------------------------------------------------------------------------------------------------------------------
       365         370   0.2             ud~_epvebb~                   0.018174284 +-      0.006364773        3.039       0 [   42]      (   0)           8842

       365         370   0.25            NNLO.QT-CS.42.CT2.QCD       -0.0090282442 +-     0.0070912533
--------------------------------------------------------------------------------------------------------------------------------------------------------------
       365         370   0.25            ud~_epvebb~                 -0.0090282442 +-     0.0070912533        5.895       0 [   42]      (   0)           8842

       365         370   0.5             NNLO.QT-CS.42.CT2.QCD        -0.070259870 +-      0.008580715
--------------------------------------------------------------------------------------------------------------------------------------------------------------
       365         370   0.5             ud~_epvebb~                  -0.070259870 +-      0.008580715        5.701       0 [   42]      (   0)           8842

==============================================================================================================================================================

       370         375   0.01            NNLO.QT-CS.42.CT2.QCD          0.82626640 +-       0.02332020
--------------------------------------------------------------------------------------------------------------------------------------------------------------
       370         375   0.01            ud~_epvebb~                    0.82626640 +-       0.02332020        1.517       0 [   42]      (   0)           8326

       370         375   0.05            NNLO.QT-CS.42.CT2.QCD          0.25194662 +-       0.01511173
--------------------------------------------------------------------------------------------------------------------------------------------------------------
       370         375   0.05            ud~_epvebb~                    0.25194662 +-       0.01511173        1.336       0 [   42]      (   0)           8326

       370         375   0.1             NNLO.QT-CS.42.CT2.QCD          0.10406103 +-       0.01404378
--------------------------------------------------------------------------------------------------------------------------------------------------------------
       370         375   0.1             ud~_epvebb~                    0.10406103 +-       0.01404378        2.158       0 [   42]      (   0)           8326

       370         375   0.15            NNLO.QT-CS.42.CT2.QCD         0.039474125 +-      0.013376572
--------------------------------------------------------------------------------------------------------------------------------------------------------------
       370         375   0.15            ud~_epvebb~                   0.039474125 +-      0.013376572        5.094       0 [   42]      (   0)           8326

       370         375   0.2             NNLO.QT-CS.42.CT2.QCD        0.0022391639 +-     0.0128299575
--------------------------------------------------------------------------------------------------------------------------------------------------------------
       370         375   0.2             ud~_epvebb~                  0.0022391639 +-     0.0128299575        11.03       0 [   42]      (   0)           8326

       370         375   0.25            NNLO.QT-CS.42.CT2.QCD        -0.022170613 +-      0.012358838
--------------------------------------------------------------------------------------------------------------------------------------------------------------
       370         375   0.25            ud~_epvebb~                  -0.022170613 +-      0.012358838        16.61       0 [   42]      (   0)           8326

       370         375   0.5             NNLO.QT-CS.42.CT2.QCD        -0.076116805 +-      0.010655894
--------------------------------------------------------------------------------------------------------------------------------------------------------------
       370         375   0.5             ud~_epvebb~                  -0.076116805 +-      0.010655894        9.116       0 [   42]      (   0)           8326

==============================================================================================================================================================

       375         380   0.01            NNLO.QT-CS.42.CT2.QCD          0.78295010 +-       0.02047763
--------------------------------------------------------------------------------------------------------------------------------------------------------------
       375         380   0.01            ud~_epvebb~                    0.78295010 +-       0.02047763        1.512       0 [   42]      (   0)           8163

       375         380   0.05            NNLO.QT-CS.42.CT2.QCD          0.24050010 +-       0.01074947
--------------------------------------------------------------------------------------------------------------------------------------------------------------
       375         380   0.05            ud~_epvebb~                    0.24050010 +-       0.01074947        1.266       0 [   42]      (   0)           8163

       375         380   0.1             NNLO.QT-CS.42.CT2.QCD          0.10044515 +-       0.01096409
--------------------------------------------------------------------------------------------------------------------------------------------------------------
       375         380   0.1             ud~_epvebb~                    0.10044515 +-       0.01096409        1.975       0 [   42]      (   0)           8163

       375         380   0.15            NNLO.QT-CS.42.CT2.QCD         0.039170177 +-      0.011090713
--------------------------------------------------------------------------------------------------------------------------------------------------------------
       375         380   0.15            ud~_epvebb~                   0.039170177 +-      0.011090713        4.459       0 [   42]      (   0)           8163

       375         380   0.2             NNLO.QT-CS.42.CT2.QCD        0.0037951405 +-     0.0110668140
--------------------------------------------------------------------------------------------------------------------------------------------------------------
       375         380   0.2             ud~_epvebb~                  0.0037951405 +-     0.0110668140        9.733       0 [   42]      (   0)           8163

       375         380   0.25            NNLO.QT-CS.42.CT2.QCD        -0.019424232 +-      0.010969541
--------------------------------------------------------------------------------------------------------------------------------------------------------------
       375         380   0.25            ud~_epvebb~                  -0.019424232 +-      0.010969541        16.18       0 [   42]      (   0)           8163

       375         380   0.5             NNLO.QT-CS.42.CT2.QCD        -0.070887095 +-      0.010230626
--------------------------------------------------------------------------------------------------------------------------------------------------------------
       375         380   0.5             ud~_epvebb~                  -0.070887095 +-      0.010230626        10.72       0 [   42]      (   0)           8163

==============================================================================================================================================================

       380         385   0.01            NNLO.QT-CS.42.CT2.QCD          0.70366495 +-       0.01870639
--------------------------------------------------------------------------------------------------------------------------------------------------------------
       380         385   0.01            ud~_epvebb~                    0.70366495 +-       0.01870639       0.9569       0 [   42]      (   0)           7535

       380         385   0.05            NNLO.QT-CS.42.CT2.QCD          0.22321781 +-       0.00669336
--------------------------------------------------------------------------------------------------------------------------------------------------------------
       380         385   0.05            ud~_epvebb~                    0.22321781 +-       0.00669336       0.8269       0 [   42]      (   0)           7535

       380         385   0.1             NNLO.QT-CS.42.CT2.QCD         0.097943701 +-      0.006607424
--------------------------------------------------------------------------------------------------------------------------------------------------------------
       380         385   0.1             ud~_epvebb~                   0.097943701 +-      0.006607424        1.069       0 [   42]      (   0)           7535

       380         385   0.15            NNLO.QT-CS.42.CT2.QCD         0.042764436 +-      0.007041282
--------------------------------------------------------------------------------------------------------------------------------------------------------------
       380         385   0.15            ud~_epvebb~                   0.042764436 +-      0.007041282        2.069       0 [   42]      (   0)           7535

       380         385   0.2             NNLO.QT-CS.42.CT2.QCD         0.010733804 +-      0.007337042
--------------------------------------------------------------------------------------------------------------------------------------------------------------
       380         385   0.2             ud~_epvebb~                   0.010733804 +-      0.007337042        4.572       0 [   42]      (   0)           7535

       380         385   0.25            NNLO.QT-CS.42.CT2.QCD        -0.010394495 +-      0.007520159
--------------------------------------------------------------------------------------------------------------------------------------------------------------
       380         385   0.25            ud~_epvebb~                  -0.010394495 +-      0.007520159        8.485       0 [   42]      (   0)           7535

       380         385   0.5             NNLO.QT-CS.42.CT2.QCD        -0.057769056 +-      0.007730215
--------------------------------------------------------------------------------------------------------------------------------------------------------------
       380         385   0.5             ud~_epvebb~                  -0.057769056 +-      0.007730215        5.903       0 [   42]      (   0)           7535

==============================================================================================================================================================

       385         390   0.01            NNLO.QT-CS.42.CT2.QCD          0.70726934 +-       0.02211860
--------------------------------------------------------------------------------------------------------------------------------------------------------------
       385         390   0.01            ud~_epvebb~                    0.70726934 +-       0.02211860        1.549       0 [   42]      (   0)           7286

       385         390   0.05            NNLO.QT-CS.42.CT2.QCD          0.20798580 +-       0.01124888
--------------------------------------------------------------------------------------------------------------------------------------------------------------
       385         390   0.05            ud~_epvebb~                    0.20798580 +-       0.01124888       0.9393       0 [   42]      (   0)           7286

       385         390   0.1             NNLO.QT-CS.42.CT2.QCD         0.080249568 +-      0.012764527
--------------------------------------------------------------------------------------------------------------------------------------------------------------
       385         390   0.1             ud~_epvebb~                   0.080249568 +-      0.012764527        2.679       0 [   42]      (   0)           7286

       385         390   0.15            NNLO.QT-CS.42.CT2.QCD         0.024732886 +-      0.013401318
--------------------------------------------------------------------------------------------------------------------------------------------------------------
       385         390   0.15            ud~_epvebb~                   0.024732886 +-      0.013401318        9.086       0 [   42]      (   0)           7286

       385         390   0.2             NNLO.QT-CS.42.CT2.QCD       -0.0071398809 +-     0.0136223101
--------------------------------------------------------------------------------------------------------------------------------------------------------------
       385         390   0.2             ud~_epvebb~                 -0.0071398809 +-     0.0136223101        24.54       0 [   42]      (   0)           7286

       385         390   0.25            NNLO.QT-CS.42.CT2.QCD        -0.027952589 +-      0.013655707
--------------------------------------------------------------------------------------------------------------------------------------------------------------
       385         390   0.25            ud~_epvebb~                  -0.027952589 +-      0.013655707        42.39       0 [   42]      (   0)           7286

       385         390   0.5             NNLO.QT-CS.42.CT2.QCD        -0.073501038 +-      0.013050791
--------------------------------------------------------------------------------------------------------------------------------------------------------------
       385         390   0.5             ud~_epvebb~                  -0.073501038 +-      0.013050791        23.89       0 [   42]      (   0)           7286

==============================================================================================================================================================

       390         395   0.01            NNLO.QT-CS.42.CT2.QCD          0.65565028 +-       0.02843035
--------------------------------------------------------------------------------------------------------------------------------------------------------------
       390         395   0.01            ud~_epvebb~                    0.65565028 +-       0.02843035        2.356       0 [   42]      (   0)           6763

       390         395   0.05            NNLO.QT-CS.42.CT2.QCD          0.19808731 +-       0.00715422
--------------------------------------------------------------------------------------------------------------------------------------------------------------
       390         395   0.05            ud~_epvebb~                    0.19808731 +-       0.00715422        1.337       0 [   42]      (   0)           6763

       390         395   0.1             NNLO.QT-CS.42.CT2.QCD         0.080142584 +-      0.009561241
--------------------------------------------------------------------------------------------------------------------------------------------------------------
       390         395   0.1             ud~_epvebb~                   0.080142584 +-      0.009561241        1.533       0 [   42]      (   0)           6763

       390         395   0.15            NNLO.QT-CS.42.CT2.QCD         0.028614540 +-      0.011125594
--------------------------------------------------------------------------------------------------------------------------------------------------------------
       390         395   0.15            ud~_epvebb~                   0.028614540 +-      0.011125594        4.516       0 [   42]      (   0)           6763

       390         395   0.2             NNLO.QT-CS.42.CT2.QCD       -0.0010944398 +-     0.0119476560
--------------------------------------------------------------------------------------------------------------------------------------------------------------
       390         395   0.2             ud~_epvebb~                 -0.0010944398 +-     0.0119476560        12.15       0 [   42]      (   0)           6763

       390         395   0.25            NNLO.QT-CS.42.CT2.QCD        -0.020569649 +-      0.012400422
--------------------------------------------------------------------------------------------------------------------------------------------------------------
       390         395   0.25            ud~_epvebb~                  -0.020569649 +-      0.012400422        24.52       0 [   42]      (   0)           6763

       390         395   0.5             NNLO.QT-CS.42.CT2.QCD        -0.063588241 +-      0.012832435
--------------------------------------------------------------------------------------------------------------------------------------------------------------
       390         395   0.5             ud~_epvebb~                  -0.063588241 +-      0.012832435        21.31       0 [   42]      (   0)           6763

==============================================================================================================================================================

       395         400   0.01            NNLO.QT-CS.42.CT2.QCD          0.59013554 +-       0.01565080
--------------------------------------------------------------------------------------------------------------------------------------------------------------
       395         400   0.01            ud~_epvebb~                    0.59013554 +-       0.01565080        1.934       0 [   42]      (   0)           6566

       395         400   0.05            NNLO.QT-CS.42.CT2.QCD          0.19677753 +-       0.00525540
--------------------------------------------------------------------------------------------------------------------------------------------------------------
       395         400   0.05            ud~_epvebb~                    0.19677753 +-       0.00525540        1.812       0 [   42]      (   0)           6566

       395         400   0.1             NNLO.QT-CS.42.CT2.QCD         0.092873620 +-      0.002579838
--------------------------------------------------------------------------------------------------------------------------------------------------------------
       395         400   0.1             ud~_epvebb~                   0.092873620 +-      0.002579838        1.636       0 [   42]      (   0)           6566

       395         400   0.15            NNLO.QT-CS.42.CT2.QCD         0.046695260 +-      0.001485814
--------------------------------------------------------------------------------------------------------------------------------------------------------------
       395         400   0.15            ud~_epvebb~                   0.046695260 +-      0.001485814        1.371       0 [   42]      (   0)           6566

       395         400   0.2             NNLO.QT-CS.42.CT2.QCD         0.019693295 +-      0.000994233
--------------------------------------------------------------------------------------------------------------------------------------------------------------
       395         400   0.2             ud~_epvebb~                   0.019693295 +-      0.000994233       0.9348       0 [   42]      (   0)           6566

       395         400   0.25            NNLO.QT-CS.42.CT2.QCD        0.0017642674 +-     0.0008597547
--------------------------------------------------------------------------------------------------------------------------------------------------------------
       395         400   0.25            ud~_epvebb~                  0.0017642674 +-     0.0008597547       0.8078       0 [   42]      (   0)           6566

       395         400   0.5             NNLO.QT-CS.42.CT2.QCD        -0.039063457 +-      0.001347995
--------------------------------------------------------------------------------------------------------------------------------------------------------------
       395         400   0.5             ud~_epvebb~                  -0.039063457 +-      0.001347995        2.659       0 [   42]      (   0)           6566

==============================================================================================================================================================

       400         405   0.01            NNLO.QT-CS.42.CT2.QCD          0.57648712 +-       0.02021552
--------------------------------------------------------------------------------------------------------------------------------------------------------------
       400         405   0.01            ud~_epvebb~                    0.57648712 +-       0.02021552        1.308       0 [   42]      (   0)           6231

       400         405   0.05            NNLO.QT-CS.42.CT2.QCD          0.17686405 +-       0.00957388
--------------------------------------------------------------------------------------------------------------------------------------------------------------
       400         405   0.05            ud~_epvebb~                    0.17686405 +-       0.00957388       0.8556       0 [   42]      (   0)           6231

       400         405   0.1             NNLO.QT-CS.42.CT2.QCD         0.073564779 +-      0.009379498
--------------------------------------------------------------------------------------------------------------------------------------------------------------
       400         405   0.1             ud~_epvebb~                   0.073564779 +-      0.009379498        1.305       0 [   42]      (   0)           6231

       400         405   0.15            NNLO.QT-CS.42.CT2.QCD         0.028340364 +-      0.009422720
--------------------------------------------------------------------------------------------------------------------------------------------------------------
       400         405   0.15            ud~_epvebb~                   0.028340364 +-      0.009422720        3.514       0 [   42]      (   0)           6231

       400         405   0.2             NNLO.QT-CS.42.CT2.QCD        0.0022190914 +-     0.0093895711
--------------------------------------------------------------------------------------------------------------------------------------------------------------
       400         405   0.2             ud~_epvebb~                  0.0022190914 +-     0.0093895711        8.451       0 [   42]      (   0)           6231

       400         405   0.25            NNLO.QT-CS.42.CT2.QCD        -0.014932996 +-      0.009307013
--------------------------------------------------------------------------------------------------------------------------------------------------------------
       400         405   0.25            ud~_epvebb~                  -0.014932996 +-      0.009307013        15.22       0 [   42]      (   0)           6231

       400         405   0.5             NNLO.QT-CS.42.CT2.QCD        -0.052977675 +-      0.008701585
--------------------------------------------------------------------------------------------------------------------------------------------------------------
       400         405   0.5             ud~_epvebb~                  -0.052977675 +-      0.008701585        11.17       0 [   42]      (   0)           6231

==============================================================================================================================================================

       405         410   0.01            NNLO.QT-CS.42.CT2.QCD          0.49130032 +-       0.01185470
--------------------------------------------------------------------------------------------------------------------------------------------------------------
       405         410   0.01            ud~_epvebb~                    0.49130032 +-       0.01185470        1.730       0 [   42]      (   0)           5916

       405         410   0.05            NNLO.QT-CS.42.CT2.QCD          0.16389712 +-       0.00404211
--------------------------------------------------------------------------------------------------------------------------------------------------------------
       405         410   0.05            ud~_epvebb~                    0.16389712 +-       0.00404211        1.730       0 [   42]      (   0)           5916

       405         410   0.1             NNLO.QT-CS.42.CT2.QCD         0.077414676 +-      0.002064341
--------------------------------------------------------------------------------------------------------------------------------------------------------------
       405         410   0.1             ud~_epvebb~                   0.077414676 +-      0.002064341        1.665       0 [   42]      (   0)           5916

       405         410   0.15            NNLO.QT-CS.42.CT2.QCD         0.038978026 +-      0.001282783
--------------------------------------------------------------------------------------------------------------------------------------------------------------
       405         410   0.15            ud~_epvebb~                   0.038978026 +-      0.001282783        1.464       0 [   42]      (   0)           5916

       405         410   0.2             NNLO.QT-CS.42.CT2.QCD         0.016502202 +-      0.000944916
--------------------------------------------------------------------------------------------------------------------------------------------------------------
       405         410   0.2             ud~_epvebb~                   0.016502202 +-      0.000944916        1.056       0 [   42]      (   0)           5916

       405         410   0.25            NNLO.QT-CS.42.CT2.QCD        0.0015779853 +-     0.0008406331
--------------------------------------------------------------------------------------------------------------------------------------------------------------
       405         410   0.25            ud~_epvebb~                  0.0015779853 +-     0.0008406331       0.9337       0 [   42]      (   0)           5916

       405         410   0.5             NNLO.QT-CS.42.CT2.QCD        -0.032410508 +-      0.001093234
--------------------------------------------------------------------------------------------------------------------------------------------------------------
       405         410   0.5             ud~_epvebb~                  -0.032410508 +-      0.001093234        1.735       0 [   42]      (   0)           5916

==============================================================================================================================================================

       410         415   0.01            NNLO.QT-CS.42.CT2.QCD          0.47446885 +-       0.01622087
--------------------------------------------------------------------------------------------------------------------------------------------------------------
       410         415   0.01            ud~_epvebb~                    0.47446885 +-       0.01622087        1.584       0 [   42]      (   0)           5688

       410         415   0.05            NNLO.QT-CS.42.CT2.QCD          0.13706866 +-       0.01015547
--------------------------------------------------------------------------------------------------------------------------------------------------------------
       410         415   0.05            ud~_epvebb~                    0.13706866 +-       0.01015547        1.130       0 [   42]      (   0)           5688

       410         415   0.1             NNLO.QT-CS.42.CT2.QCD         0.051143307 +-      0.011181883
--------------------------------------------------------------------------------------------------------------------------------------------------------------
       410         415   0.1             ud~_epvebb~                   0.051143307 +-      0.011181883        2.908       0 [   42]      (   0)           5688

       410         415   0.15            NNLO.QT-CS.42.CT2.QCD         0.013920425 +-      0.011455963
--------------------------------------------------------------------------------------------------------------------------------------------------------------
       410         415   0.15            ud~_epvebb~                   0.013920425 +-      0.011455963        9.393       0 [   42]      (   0)           5688

       410         415   0.2             NNLO.QT-CS.42.CT2.QCD       -0.0073914067 +-     0.0114550676
--------------------------------------------------------------------------------------------------------------------------------------------------------------
       410         415   0.2             ud~_epvebb~                 -0.0073914067 +-     0.0114550676        23.28       0 [   42]      (   0)           5688

       410         415   0.25            NNLO.QT-CS.42.CT2.QCD        -0.021272812 +-      0.011345204
--------------------------------------------------------------------------------------------------------------------------------------------------------------
       410         415   0.25            ud~_epvebb~                  -0.021272812 +-      0.011345204        40.91       0 [   42]      (   0)           5688

       410         415   0.5             NNLO.QT-CS.42.CT2.QCD        -0.051465823 +-      0.010471570
--------------------------------------------------------------------------------------------------------------------------------------------------------------
       410         415   0.5             ud~_epvebb~                  -0.051465823 +-      0.010471570        21.54       0 [   42]      (   0)           5688

==============================================================================================================================================================

       415         420   0.01            NNLO.QT-CS.42.CT2.QCD          0.45592693 +-       0.01491864
--------------------------------------------------------------------------------------------------------------------------------------------------------------
       415         420   0.01            ud~_epvebb~                    0.45592693 +-       0.01491864        1.009       0 [   42]      (   0)           5373

       415         420   0.05            NNLO.QT-CS.42.CT2.QCD          0.13394336 +-       0.00953908
--------------------------------------------------------------------------------------------------------------------------------------------------------------
       415         420   0.05            ud~_epvebb~                    0.13394336 +-       0.00953908       0.8590       0 [   42]      (   0)           5373

       415         420   0.1             NNLO.QT-CS.42.CT2.QCD         0.051634775 +-      0.011073571
--------------------------------------------------------------------------------------------------------------------------------------------------------------
       415         420   0.1             ud~_epvebb~                   0.051634775 +-      0.011073571        2.179       0 [   42]      (   0)           5373

       415         420   0.15            NNLO.QT-CS.42.CT2.QCD         0.015879484 +-      0.011532703
--------------------------------------------------------------------------------------------------------------------------------------------------------------
       415         420   0.15            ud~_epvebb~                   0.015879484 +-      0.011532703        6.225       0 [   42]      (   0)           5373

       415         420   0.2             NNLO.QT-CS.42.CT2.QCD       -0.0046404505 +-     0.0116295596
--------------------------------------------------------------------------------------------------------------------------------------------------------------
       415         420   0.2             ud~_epvebb~                 -0.0046404505 +-     0.0116295596        14.56       0 [   42]      (   0)           5373

       415         420   0.25            NNLO.QT-CS.42.CT2.QCD        -0.018035599 +-      0.011580743
--------------------------------------------------------------------------------------------------------------------------------------------------------------
       415         420   0.25            ud~_epvebb~                  -0.018035599 +-      0.011580743        23.52       0 [   42]      (   0)           5373

       415         420   0.5             NNLO.QT-CS.42.CT2.QCD        -0.047330706 +-      0.010834835
--------------------------------------------------------------------------------------------------------------------------------------------------------------
       415         420   0.5             ud~_epvebb~                  -0.047330706 +-      0.010834835        16.43       0 [   42]      (   0)           5373

==============================================================================================================================================================

       420         425   0.01            NNLO.QT-CS.42.CT2.QCD          0.41732289 +-       0.01165188
--------------------------------------------------------------------------------------------------------------------------------------------------------------
       420         425   0.01            ud~_epvebb~                    0.41732289 +-       0.01165188        1.173       0 [   42]      (   0)           5340

       420         425   0.05            NNLO.QT-CS.42.CT2.QCD          0.13564584 +-       0.00347180
--------------------------------------------------------------------------------------------------------------------------------------------------------------
       420         425   0.05            ud~_epvebb~                    0.13564584 +-       0.00347180        1.029       0 [   42]      (   0)           5340

       420         425   0.1             NNLO.QT-CS.42.CT2.QCD         0.061644577 +-      0.002228396
--------------------------------------------------------------------------------------------------------------------------------------------------------------
       420         425   0.1             ud~_epvebb~                   0.061644577 +-      0.002228396       0.8701       0 [   42]      (   0)           5340

       420         425   0.15            NNLO.QT-CS.42.CT2.QCD         0.028883883 +-      0.002141496
--------------------------------------------------------------------------------------------------------------------------------------------------------------
       420         425   0.15            ud~_epvebb~                   0.028883883 +-      0.002141496       0.8606       0 [   42]      (   0)           5340

       420         425   0.2             NNLO.QT-CS.42.CT2.QCD        0.0097895590 +-     0.0022356842
--------------------------------------------------------------------------------------------------------------------------------------------------------------
       420         425   0.2             ud~_epvebb~                  0.0097895590 +-     0.0022356842        1.285       0 [   42]      (   0)           5340

       420         425   0.25            NNLO.QT-CS.42.CT2.QCD       -0.0028513616 +-     0.0023387199
--------------------------------------------------------------------------------------------------------------------------------------------------------------
       420         425   0.25            ud~_epvebb~                 -0.0028513616 +-     0.0023387199        2.470       0 [   42]      (   0)           5340

       420         425   0.5             NNLO.QT-CS.42.CT2.QCD        -0.031434138 +-      0.002600618
--------------------------------------------------------------------------------------------------------------------------------------------------------------
       420         425   0.5             ud~_epvebb~                  -0.031434138 +-      0.002600618        2.971       0 [   42]      (   0)           5340

==============================================================================================================================================================

       425         430   0.01            NNLO.QT-CS.42.CT2.QCD          0.40339713 +-       0.01179889
--------------------------------------------------------------------------------------------------------------------------------------------------------------
       425         430   0.01            ud~_epvebb~                    0.40339713 +-       0.01179889        1.175       0 [   42]      (   0)           4988

       425         430   0.05            NNLO.QT-CS.42.CT2.QCD          0.13172870 +-       0.00400658
--------------------------------------------------------------------------------------------------------------------------------------------------------------
       425         430   0.05            ud~_epvebb~                    0.13172870 +-       0.00400658        1.041       0 [   42]      (   0)           4988

       425         430   0.1             NNLO.QT-CS.42.CT2.QCD         0.060376448 +-      0.002598267
--------------------------------------------------------------------------------------------------------------------------------------------------------------
       425         430   0.1             ud~_epvebb~                   0.060376448 +-      0.002598267       0.9304       0 [   42]      (   0)           4988

       425         430   0.15            NNLO.QT-CS.42.CT2.QCD         0.028787561 +-      0.002259673
--------------------------------------------------------------------------------------------------------------------------------------------------------------
       425         430   0.15            ud~_epvebb~                   0.028787561 +-      0.002259673       0.8040       0 [   42]      (   0)           4988

       425         430   0.2             NNLO.QT-CS.42.CT2.QCD         0.010373944 +-      0.002174000
--------------------------------------------------------------------------------------------------------------------------------------------------------------
       425         430   0.2             ud~_epvebb~                   0.010373944 +-      0.002174000       0.9191       0 [   42]      (   0)           4988

       425         430   0.25            NNLO.QT-CS.42.CT2.QCD       -0.0018184366 +-     0.0021598126
--------------------------------------------------------------------------------------------------------------------------------------------------------------
       425         430   0.25            ud~_epvebb~                 -0.0018184366 +-     0.0021598126        1.597       0 [   42]      (   0)           4988

       425         430   0.5             NNLO.QT-CS.42.CT2.QCD        -0.029403581 +-      0.002197678
--------------------------------------------------------------------------------------------------------------------------------------------------------------
       425         430   0.5             ud~_epvebb~                  -0.029403581 +-      0.002197678        2.457       0 [   42]      (   0)           4988

==============================================================================================================================================================

       430         435   0.01            NNLO.QT-CS.42.CT2.QCD          0.36713716 +-       0.01185993
--------------------------------------------------------------------------------------------------------------------------------------------------------------
       430         435   0.01            ud~_epvebb~                    0.36713716 +-       0.01185993        1.416       0 [   42]      (   0)           4629

       430         435   0.05            NNLO.QT-CS.42.CT2.QCD          0.11643898 +-       0.00474838
--------------------------------------------------------------------------------------------------------------------------------------------------------------
       430         435   0.05            ud~_epvebb~                    0.11643898 +-       0.00474838        1.045       0 [   42]      (   0)           4629

       430         435   0.1             NNLO.QT-CS.42.CT2.QCD         0.050928560 +-      0.004899604
--------------------------------------------------------------------------------------------------------------------------------------------------------------
       430         435   0.1             ud~_epvebb~                   0.050928560 +-      0.004899604       0.9594       0 [   42]      (   0)           4629

       430         435   0.15            NNLO.QT-CS.42.CT2.QCD         0.022037663 +-      0.005136732
--------------------------------------------------------------------------------------------------------------------------------------------------------------
       430         435   0.15            ud~_epvebb~                   0.022037663 +-      0.005136732        1.370       0 [   42]      (   0)           4629

       430         435   0.2             NNLO.QT-CS.42.CT2.QCD        0.0052522388 +-     0.0052589057
--------------------------------------------------------------------------------------------------------------------------------------------------------------
       430         435   0.2             ud~_epvebb~                  0.0052522388 +-     0.0052589057        3.151       0 [   42]      (   0)           4629

       430         435   0.25            NNLO.QT-CS.42.CT2.QCD       -0.0058278284 +-     0.0053111814
--------------------------------------------------------------------------------------------------------------------------------------------------------------
       430         435   0.25            ud~_epvebb~                 -0.0058278284 +-     0.0053111814        6.635       0 [   42]      (   0)           4629

       430         435   0.5             NNLO.QT-CS.42.CT2.QCD        -0.030707318 +-      0.005209454
--------------------------------------------------------------------------------------------------------------------------------------------------------------
       430         435   0.5             ud~_epvebb~                  -0.030707318 +-      0.005209454        6.365       0 [   42]      (   0)           4629

==============================================================================================================================================================

       435         440   0.01            NNLO.QT-CS.42.CT2.QCD          0.35908129 +-       0.01124657
--------------------------------------------------------------------------------------------------------------------------------------------------------------
       435         440   0.01            ud~_epvebb~                    0.35908129 +-       0.01124657        2.249       0 [   42]      (   0)           4593

       435         440   0.05            NNLO.QT-CS.42.CT2.QCD          0.11505231 +-       0.00393179
--------------------------------------------------------------------------------------------------------------------------------------------------------------
       435         440   0.05            ud~_epvebb~                    0.11505231 +-       0.00393179        1.871       0 [   42]      (   0)           4593

       435         440   0.1             NNLO.QT-CS.42.CT2.QCD         0.051222696 +-      0.002699808
--------------------------------------------------------------------------------------------------------------------------------------------------------------
       435         440   0.1             ud~_epvebb~                   0.051222696 +-      0.002699808        1.551       0 [   42]      (   0)           4593

       435         440   0.15            NNLO.QT-CS.42.CT2.QCD         0.023047631 +-      0.002426049
--------------------------------------------------------------------------------------------------------------------------------------------------------------
       435         440   0.15            ud~_epvebb~                   0.023047631 +-      0.002426049        1.500       0 [   42]      (   0)           4593

       435         440   0.2             NNLO.QT-CS.42.CT2.QCD        0.0066642944 +-     0.0023597146
--------------------------------------------------------------------------------------------------------------------------------------------------------------
       435         440   0.2             ud~_epvebb~                  0.0066642944 +-     0.0023597146        2.252       0 [   42]      (   0)           4593

       435         440   0.25            NNLO.QT-CS.42.CT2.QCD       -0.0041593351 +-     0.0023479105
--------------------------------------------------------------------------------------------------------------------------------------------------------------
       435         440   0.25            ud~_epvebb~                 -0.0041593351 +-     0.0023479105        4.489       0 [   42]      (   0)           4593

       435         440   0.5             NNLO.QT-CS.42.CT2.QCD        -0.028515868 +-      0.002357210
--------------------------------------------------------------------------------------------------------------------------------------------------------------
       435         440   0.5             ud~_epvebb~                  -0.028515868 +-      0.002357210        4.803       0 [   42]      (   0)           4593

==============================================================================================================================================================

       440         445   0.01            NNLO.QT-CS.42.CT2.QCD          0.33709283 +-       0.01347449
--------------------------------------------------------------------------------------------------------------------------------------------------------------
       440         445   0.01            ud~_epvebb~                    0.33709283 +-       0.01347449        1.327       0 [   42]      (   0)           4387

       440         445   0.05            NNLO.QT-CS.42.CT2.QCD          0.10698236 +-       0.00521306
--------------------------------------------------------------------------------------------------------------------------------------------------------------
       440         445   0.05            ud~_epvebb~                    0.10698236 +-       0.00521306        1.058       0 [   42]      (   0)           4387

       440         445   0.1             NNLO.QT-CS.42.CT2.QCD         0.046939562 +-      0.004811706
--------------------------------------------------------------------------------------------------------------------------------------------------------------
       440         445   0.1             ud~_epvebb~                   0.046939562 +-      0.004811706       0.9902       0 [   42]      (   0)           4387

       440         445   0.15            NNLO.QT-CS.42.CT2.QCD         0.020480703 +-      0.004878756
--------------------------------------------------------------------------------------------------------------------------------------------------------------
       440         445   0.15            ud~_epvebb~                   0.020480703 +-      0.004878756        1.411       0 [   42]      (   0)           4387

       440         445   0.2             NNLO.QT-CS.42.CT2.QCD        0.0051164823 +-     0.0049318565
--------------------------------------------------------------------------------------------------------------------------------------------------------------
       440         445   0.2             ud~_epvebb~                  0.0051164823 +-     0.0049318565        3.171       0 [   42]      (   0)           4387

       440         445   0.25            NNLO.QT-CS.42.CT2.QCD       -0.0050212037 +-     0.0049511804
--------------------------------------------------------------------------------------------------------------------------------------------------------------
       440         445   0.25            ud~_epvebb~                 -0.0050212037 +-     0.0049511804        6.826       0 [   42]      (   0)           4387

       440         445   0.5             NNLO.QT-CS.42.CT2.QCD        -0.027767008 +-      0.004819194
--------------------------------------------------------------------------------------------------------------------------------------------------------------
       440         445   0.5             ud~_epvebb~                  -0.027767008 +-      0.004819194        6.397       0 [   42]      (   0)           4387

==============================================================================================================================================================

       445         450   0.01            NNLO.QT-CS.42.CT2.QCD          0.32174976 +-       0.01575578
--------------------------------------------------------------------------------------------------------------------------------------------------------------
       445         450   0.01            ud~_epvebb~                    0.32174976 +-       0.01575578        2.495       0 [   42]      (   0)           4084

       445         450   0.05            NNLO.QT-CS.42.CT2.QCD          0.10552162 +-       0.00474420
--------------------------------------------------------------------------------------------------------------------------------------------------------------
       445         450   0.05            ud~_epvebb~                    0.10552162 +-       0.00474420        2.413       0 [   42]      (   0)           4084

       445         450   0.1             NNLO.QT-CS.42.CT2.QCD         0.048499496 +-      0.002002196
--------------------------------------------------------------------------------------------------------------------------------------------------------------
       445         450   0.1             ud~_epvebb~                   0.048499496 +-      0.002002196        2.275       0 [   42]      (   0)           4084

       445         450   0.15            NNLO.QT-CS.42.CT2.QCD         0.023193121 +-      0.001024395
--------------------------------------------------------------------------------------------------------------------------------------------------------------
       445         450   0.15            ud~_epvebb~                   0.023193121 +-      0.001024395        2.157       0 [   42]      (   0)           4084

       445         450   0.2             NNLO.QT-CS.42.CT2.QCD        0.0084148995 +-     0.0008701950
--------------------------------------------------------------------------------------------------------------------------------------------------------------
       445         450   0.2             ud~_epvebb~                  0.0084148995 +-     0.0008701950        1.260       0 [   42]      (   0)           4084

       445         450   0.25            NNLO.QT-CS.42.CT2.QCD       -0.0013853242 +-     0.0010606596
--------------------------------------------------------------------------------------------------------------------------------------------------------------
       445         450   0.25            ud~_epvebb~                 -0.0013853242 +-     0.0010606596        1.794       0 [   42]      (   0)           4084

       445         450   0.5             NNLO.QT-CS.42.CT2.QCD        -0.023630054 +-      0.001867123
--------------------------------------------------------------------------------------------------------------------------------------------------------------
       445         450   0.5             ud~_epvebb~                  -0.023630054 +-      0.001867123        4.112       0 [   42]      (   0)           4084

==============================================================================================================================================================

       450         455   0.01            NNLO.QT-CS.42.CT2.QCD          0.31257529 +-       0.01193750
--------------------------------------------------------------------------------------------------------------------------------------------------------------
       450         455   0.01            ud~_epvebb~                    0.31257529 +-       0.01193750        1.808       0 [   42]      (   0)           4054

       450         455   0.05            NNLO.QT-CS.42.CT2.QCD         0.095153582 +-      0.008335761
--------------------------------------------------------------------------------------------------------------------------------------------------------------
       450         455   0.05            ud~_epvebb~                   0.095153582 +-      0.008335761        1.147       0 [   42]      (   0)           4054

       450         455   0.1             NNLO.QT-CS.42.CT2.QCD         0.038999060 +-      0.007954431
--------------------------------------------------------------------------------------------------------------------------------------------------------------
       450         455   0.1             ud~_epvebb~                   0.038999060 +-      0.007954431       0.9846       0 [   42]      (   0)           4054

       450         455   0.15            NNLO.QT-CS.42.CT2.QCD         0.014430434 +-      0.007654665
--------------------------------------------------------------------------------------------------------------------------------------------------------------
       450         455   0.15            ud~_epvebb~                   0.014430434 +-      0.007654665        1.916       0 [   42]      (   0)           4054

       450         455   0.2             NNLO.QT-CS.42.CT2.QCD       0.00024777672 +-    0.00738338227
--------------------------------------------------------------------------------------------------------------------------------------------------------------
       450         455   0.2             ud~_epvebb~                 0.00024777672 +-    0.00738338227        5.690       0 [   42]      (   0)           4054

       450         455   0.25            NNLO.QT-CS.42.CT2.QCD       -0.0090600070 +-     0.0071381706
--------------------------------------------------------------------------------------------------------------------------------------------------------------
       450         455   0.25            ud~_epvebb~                 -0.0090600070 +-     0.0071381706        13.59       0 [   42]      (   0)           4054

       450         455   0.5             NNLO.QT-CS.42.CT2.QCD        -0.029676955 +-      0.006203359
--------------------------------------------------------------------------------------------------------------------------------------------------------------
       450         455   0.5             ud~_epvebb~                  -0.029676955 +-      0.006203359        10.20       0 [   42]      (   0)           4054

==============================================================================================================================================================

       455         460   0.01            NNLO.QT-CS.42.CT2.QCD          0.26662873 +-       0.01115315
--------------------------------------------------------------------------------------------------------------------------------------------------------------
       455         460   0.01            ud~_epvebb~                    0.26662873 +-       0.01115315       0.8687       0 [   42]      (   0)           3721

       455         460   0.05            NNLO.QT-CS.42.CT2.QCD         0.087313730 +-      0.004204762
--------------------------------------------------------------------------------------------------------------------------------------------------------------
       455         460   0.05            ud~_epvebb~                   0.087313730 +-      0.004204762       0.8159       0 [   42]      (   0)           3721

       455         460   0.1             NNLO.QT-CS.42.CT2.QCD         0.040037207 +-      0.002639931
--------------------------------------------------------------------------------------------------------------------------------------------------------------
       455         460   0.1             ud~_epvebb~                   0.040037207 +-      0.002639931       0.8499       0 [   42]      (   0)           3721

       455         460   0.15            NNLO.QT-CS.42.CT2.QCD         0.019059554 +-      0.002107435
--------------------------------------------------------------------------------------------------------------------------------------------------------------
       455         460   0.15            ud~_epvebb~                   0.019059554 +-      0.002107435       0.8636       0 [   42]      (   0)           3721

       455         460   0.2             NNLO.QT-CS.42.CT2.QCD        0.0068109782 +-     0.0018891533
--------------------------------------------------------------------------------------------------------------------------------------------------------------
       455         460   0.2             ud~_epvebb~                  0.0068109782 +-     0.0018891533       0.9212       0 [   42]      (   0)           3721

       455         460   0.25            NNLO.QT-CS.42.CT2.QCD       -0.0013106007 +-     0.0017953520
--------------------------------------------------------------------------------------------------------------------------------------------------------------
       455         460   0.25            ud~_epvebb~                 -0.0013106007 +-     0.0017953520        1.672       0 [   42]      (   0)           3721

       455         460   0.5             NNLO.QT-CS.42.CT2.QCD        -0.019739013 +-      0.001744057
--------------------------------------------------------------------------------------------------------------------------------------------------------------
       455         460   0.5             ud~_epvebb~                  -0.019739013 +-      0.001744057        2.804       0 [   42]      (   0)           3721

==============================================================================================================================================================

       460         465   0.01            NNLO.QT-CS.42.CT2.QCD          0.25851891 +-       0.01159110
--------------------------------------------------------------------------------------------------------------------------------------------------------------
       460         465   0.01            ud~_epvebb~                    0.25851891 +-       0.01159110        1.736       0 [   42]      (   0)           3710

       460         465   0.05            NNLO.QT-CS.42.CT2.QCD         0.084373417 +-      0.003519263
--------------------------------------------------------------------------------------------------------------------------------------------------------------
       460         465   0.05            ud~_epvebb~                   0.084373417 +-      0.003519263        1.572       0 [   42]      (   0)           3710

       460         465   0.1             NNLO.QT-CS.42.CT2.QCD         0.038520793 +-      0.002588656
--------------------------------------------------------------------------------------------------------------------------------------------------------------
       460         465   0.1             ud~_epvebb~                   0.038520793 +-      0.002588656        1.391       0 [   42]      (   0)           3710

       460         465   0.15            NNLO.QT-CS.42.CT2.QCD         0.018192351 +-      0.002610102
--------------------------------------------------------------------------------------------------------------------------------------------------------------
       460         465   0.15            ud~_epvebb~                   0.018192351 +-      0.002610102        1.307       0 [   42]      (   0)           3710

       460         465   0.2             NNLO.QT-CS.42.CT2.QCD        0.0063307490 +-     0.0027233269
--------------------------------------------------------------------------------------------------------------------------------------------------------------
       460         465   0.2             ud~_epvebb~                  0.0063307490 +-     0.0027233269        1.260       0 [   42]      (   0)           3710

       460         465   0.25            NNLO.QT-CS.42.CT2.QCD       -0.0015296528 +-     0.0028202549
--------------------------------------------------------------------------------------------------------------------------------------------------------------
       460         465   0.25            ud~_epvebb~                 -0.0015296528 +-     0.0028202549        2.490       0 [   42]      (   0)           3710

       460         465   0.5             NNLO.QT-CS.42.CT2.QCD        -0.019342098 +-      0.003013828
--------------------------------------------------------------------------------------------------------------------------------------------------------------
       460         465   0.5             ud~_epvebb~                  -0.019342098 +-      0.003013828        4.368       0 [   42]      (   0)           3710

==============================================================================================================================================================

       465         470   0.01            NNLO.QT-CS.42.CT2.QCD          0.24829621 +-       0.01244578
--------------------------------------------------------------------------------------------------------------------------------------------------------------
       465         470   0.01            ud~_epvebb~                    0.24829621 +-       0.01244578        2.048       0 [   42]      (   0)           3501

       465         470   0.05            NNLO.QT-CS.42.CT2.QCD         0.080952144 +-      0.003584435
--------------------------------------------------------------------------------------------------------------------------------------------------------------
       465         470   0.05            ud~_epvebb~                   0.080952144 +-      0.003584435        1.945       0 [   42]      (   0)           3501

       465         470   0.1             NNLO.QT-CS.42.CT2.QCD         0.036832921 +-      0.001681974
--------------------------------------------------------------------------------------------------------------------------------------------------------------
       465         470   0.1             ud~_epvebb~                   0.036832921 +-      0.001681974        1.829       0 [   42]      (   0)           3501

       465         470   0.15            NNLO.QT-CS.42.CT2.QCD         0.017259207 +-      0.001306765
--------------------------------------------------------------------------------------------------------------------------------------------------------------
       465         470   0.15            ud~_epvebb~                   0.017259207 +-      0.001306765        1.691       0 [   42]      (   0)           3501

       465         470   0.2             NNLO.QT-CS.42.CT2.QCD        0.0058325012 +-     0.0013840472
--------------------------------------------------------------------------------------------------------------------------------------------------------------
       465         470   0.2             ud~_epvebb~                  0.0058325012 +-     0.0013840472        1.348       0 [   42]      (   0)           3501

       465         470   0.25            NNLO.QT-CS.42.CT2.QCD       -0.0017425536 +-     0.0015399905
--------------------------------------------------------------------------------------------------------------------------------------------------------------
       465         470   0.25            ud~_epvebb~                 -0.0017425536 +-     0.0015399905        2.181       0 [   42]      (   0)           3501

       465         470   0.5             NNLO.QT-CS.42.CT2.QCD        -0.018920295 +-      0.002036904
--------------------------------------------------------------------------------------------------------------------------------------------------------------
       465         470   0.5             ud~_epvebb~                  -0.018920295 +-      0.002036904        4.035       0 [   42]      (   0)           3501

==============================================================================================================================================================

       470         475   0.01            NNLO.QT-CS.42.CT2.QCD          0.21516028 +-       0.00741347
--------------------------------------------------------------------------------------------------------------------------------------------------------------
       470         475   0.01            ud~_epvebb~                    0.21516028 +-       0.00741347        1.575       0 [   42]      (   0)           3351

       470         475   0.05            NNLO.QT-CS.42.CT2.QCD         0.070763501 +-      0.002453224
--------------------------------------------------------------------------------------------------------------------------------------------------------------
       470         475   0.05            ud~_epvebb~                   0.070763501 +-      0.002453224        1.656       0 [   42]      (   0)           3351

       470         475   0.1             NNLO.QT-CS.42.CT2.QCD         0.032630597 +-      0.001198043
--------------------------------------------------------------------------------------------------------------------------------------------------------------
       470         475   0.1             ud~_epvebb~                   0.032630597 +-      0.001198043        1.802       0 [   42]      (   0)           3351

       470         475   0.15            NNLO.QT-CS.42.CT2.QCD         0.015691930 +-      0.000709045
--------------------------------------------------------------------------------------------------------------------------------------------------------------
       470         475   0.15            ud~_epvebb~                   0.015691930 +-      0.000709045        1.663       0 [   42]      (   0)           3351

       470         475   0.2             NNLO.QT-CS.42.CT2.QCD        0.0057932748 +-     0.0005178587
--------------------------------------------------------------------------------------------------------------------------------------------------------------
       470         475   0.2             ud~_epvebb~                  0.0057932748 +-     0.0005178587        1.185       0 [   42]      (   0)           3351

       470         475   0.25            NNLO.QT-CS.42.CT2.QCD      -0.00077506536 +-    0.00048717833
--------------------------------------------------------------------------------------------------------------------------------------------------------------
       470         475   0.25            ud~_epvebb~                -0.00077506536 +-    0.00048717833        1.235       0 [   42]      (   0)           3351

       470         475   0.5             NNLO.QT-CS.42.CT2.QCD        -0.015704285 +-      0.000726290
--------------------------------------------------------------------------------------------------------------------------------------------------------------
       470         475   0.5             ud~_epvebb~                  -0.015704285 +-      0.000726290        1.626       0 [   42]      (   0)           3351

==============================================================================================================================================================

       475         480   0.01            NNLO.QT-CS.42.CT2.QCD          0.21025688 +-       0.01180681
--------------------------------------------------------------------------------------------------------------------------------------------------------------
       475         480   0.01            ud~_epvebb~                    0.21025688 +-       0.01180681        4.372       0 [   42]      (   0)           3208

       475         480   0.05            NNLO.QT-CS.42.CT2.QCD         0.063111627 +-      0.004158570
--------------------------------------------------------------------------------------------------------------------------------------------------------------
       475         480   0.05            ud~_epvebb~                   0.063111627 +-      0.004158570        3.067       0 [   42]      (   0)           3208

       475         480   0.1             NNLO.QT-CS.42.CT2.QCD         0.025187981 +-      0.005369572
--------------------------------------------------------------------------------------------------------------------------------------------------------------
       475         480   0.1             ud~_epvebb~                   0.025187981 +-      0.005369572        2.097       0 [   42]      (   0)           3208

       475         480   0.15            NNLO.QT-CS.42.CT2.QCD        0.0086234280 +-     0.0059033545
--------------------------------------------------------------------------------------------------------------------------------------------------------------
       475         480   0.15            ud~_epvebb~                  0.0086234280 +-     0.0059033545        2.180       0 [   42]      (   0)           3208

       475         480   0.2             NNLO.QT-CS.42.CT2.QCD      -0.00092470555 +-    0.00612807320
--------------------------------------------------------------------------------------------------------------------------------------------------------------
       475         480   0.2             ud~_epvebb~                -0.00092470555 +-    0.00612807320        5.684       0 [   42]      (   0)           3208

       475         480   0.25            NNLO.QT-CS.42.CT2.QCD       -0.0071821741 +-     0.0062142581
--------------------------------------------------------------------------------------------------------------------------------------------------------------
       475         480   0.25            ud~_epvebb~                 -0.0071821741 +-     0.0062142581        13.07       0 [   42]      (   0)           3208

       475         480   0.5             NNLO.QT-CS.42.CT2.QCD        -0.020993503 +-      0.006046104
--------------------------------------------------------------------------------------------------------------------------------------------------------------
       475         480   0.5             ud~_epvebb~                  -0.020993503 +-      0.006046104        12.89       0 [   42]      (   0)           3208

==============================================================================================================================================================

       480         485   0.01            NNLO.QT-CS.42.CT2.QCD          0.20060942 +-       0.00860021
--------------------------------------------------------------------------------------------------------------------------------------------------------------
       480         485   0.01            ud~_epvebb~                    0.20060942 +-       0.00860021        2.158       0 [   42]      (   0)           3087

       480         485   0.05            NNLO.QT-CS.42.CT2.QCD         0.066178462 +-      0.002910544
--------------------------------------------------------------------------------------------------------------------------------------------------------------
       480         485   0.05            ud~_epvebb~                   0.066178462 +-      0.002910544        2.123       0 [   42]      (   0)           3087

       480         485   0.1             NNLO.QT-CS.42.CT2.QCD         0.030666212 +-      0.001438243
--------------------------------------------------------------------------------------------------------------------------------------------------------------
       480         485   0.1             ud~_epvebb~                   0.030666212 +-      0.001438243        2.062       0 [   42]      (   0)           3087

       480         485   0.15            NNLO.QT-CS.42.CT2.QCD         0.014887167 +-      0.000826520
--------------------------------------------------------------------------------------------------------------------------------------------------------------
       480         485   0.15            ud~_epvebb~                   0.014887167 +-      0.000826520        1.789       0 [   42]      (   0)           3087

       480         485   0.2             NNLO.QT-CS.42.CT2.QCD        0.0056637715 +-     0.0005372707
--------------------------------------------------------------------------------------------------------------------------------------------------------------
       480         485   0.2             ud~_epvebb~                  0.0056637715 +-     0.0005372707        1.160       0 [   42]      (   0)           3087

       480         485   0.25            NNLO.QT-CS.42.CT2.QCD      -0.00045804540 +-    0.00044246938
--------------------------------------------------------------------------------------------------------------------------------------------------------------
       480         485   0.25            ud~_epvebb~                -0.00045804540 +-    0.00044246938       0.9684       0 [   42]      (   0)           3087

       480         485   0.5             NNLO.QT-CS.42.CT2.QCD        -0.014381434 +-      0.000696010
--------------------------------------------------------------------------------------------------------------------------------------------------------------
       480         485   0.5             ud~_epvebb~                  -0.014381434 +-      0.000696010        2.394       0 [   42]      (   0)           3087

==============================================================================================================================================================

       485         490   0.01            NNLO.QT-CS.42.CT2.QCD          0.18987560 +-       0.00794606
--------------------------------------------------------------------------------------------------------------------------------------------------------------
       485         490   0.01            ud~_epvebb~                    0.18987560 +-       0.00794606        1.094       0 [   42]      (   0)           2923

       485         490   0.05            NNLO.QT-CS.42.CT2.QCD         0.063232086 +-      0.002689055
--------------------------------------------------------------------------------------------------------------------------------------------------------------
       485         490   0.05            ud~_epvebb~                   0.063232086 +-      0.002689055        1.060       0 [   42]      (   0)           2923

       485         490   0.1             NNLO.QT-CS.42.CT2.QCD         0.029672931 +-      0.001336080
--------------------------------------------------------------------------------------------------------------------------------------------------------------
       485         490   0.1             ud~_epvebb~                   0.029672931 +-      0.001336080        1.048       0 [   42]      (   0)           2923

       485         490   0.15            NNLO.QT-CS.42.CT2.QCD         0.014731055 +-      0.000783722
--------------------------------------------------------------------------------------------------------------------------------------------------------------
       485         490   0.15            ud~_epvebb~                   0.014731055 +-      0.000783722       0.9986       0 [   42]      (   0)           2923

       485         490   0.2             NNLO.QT-CS.42.CT2.QCD        0.0059828200 +-     0.0005338371
--------------------------------------------------------------------------------------------------------------------------------------------------------------
       485         490   0.2             ud~_epvebb~                  0.0059828200 +-     0.0005338371       0.9136       0 [   42]      (   0)           2923

       485         490   0.25            NNLO.QT-CS.42.CT2.QCD       0.00016803134 +-    0.00045910832
--------------------------------------------------------------------------------------------------------------------------------------------------------------
       485         490   0.25            ud~_epvebb~                 0.00016803134 +-    0.00045910832       0.8855       0 [   42]      (   0)           2923

       485         490   0.5             NNLO.QT-CS.42.CT2.QCD        -0.013100365 +-      0.000683910
--------------------------------------------------------------------------------------------------------------------------------------------------------------
       485         490   0.5             ud~_epvebb~                  -0.013100365 +-      0.000683910        2.204       0 [   42]      (   0)           2923

==============================================================================================================================================================

       490         495   0.01            NNLO.QT-CS.42.CT2.QCD          0.17535834 +-       0.00800672
--------------------------------------------------------------------------------------------------------------------------------------------------------------
       490         495   0.01            ud~_epvebb~                    0.17535834 +-       0.00800672        1.460       0 [   42]      (   0)           2859

       490         495   0.05            NNLO.QT-CS.42.CT2.QCD         0.057766599 +-      0.002632070
--------------------------------------------------------------------------------------------------------------------------------------------------------------
       490         495   0.05            ud~_epvebb~                   0.057766599 +-      0.002632070        1.495       0 [   42]      (   0)           2859

       490         495   0.1             NNLO.QT-CS.42.CT2.QCD         0.026657181 +-      0.001256033
--------------------------------------------------------------------------------------------------------------------------------------------------------------
       490         495   0.1             ud~_epvebb~                   0.026657181 +-      0.001256033        1.518       0 [   42]      (   0)           2859

       490         495   0.15            NNLO.QT-CS.42.CT2.QCD         0.012823582 +-      0.000705359
--------------------------------------------------------------------------------------------------------------------------------------------------------------
       490         495   0.15            ud~_epvebb~                   0.012823582 +-      0.000705359        1.437       0 [   42]      (   0)           2859

       490         495   0.2             NNLO.QT-CS.42.CT2.QCD        0.0047330691 +-     0.0004823072
--------------------------------------------------------------------------------------------------------------------------------------------------------------
       490         495   0.2             ud~_epvebb~                  0.0047330691 +-     0.0004823072        1.072       0 [   42]      (   0)           2859

       490         495   0.25            NNLO.QT-CS.42.CT2.QCD      -0.00063904070 +-    0.00045241447
--------------------------------------------------------------------------------------------------------------------------------------------------------------
       490         495   0.25            ud~_epvebb~                -0.00063904070 +-    0.00045241447        1.287       0 [   42]      (   0)           2859

       490         495   0.5             NNLO.QT-CS.42.CT2.QCD        -0.012866471 +-      0.000755766
--------------------------------------------------------------------------------------------------------------------------------------------------------------
       490         495   0.5             ud~_epvebb~                  -0.012866471 +-      0.000755766        1.757       0 [   42]      (   0)           2859

==============================================================================================================================================================

       495         500   0.01            NNLO.QT-CS.42.CT2.QCD          0.18057255 +-       0.00887886
--------------------------------------------------------------------------------------------------------------------------------------------------------------
       495         500   0.01            ud~_epvebb~                    0.18057255 +-       0.00887886        1.067       0 [   42]      (   0)           2817

       495         500   0.05            NNLO.QT-CS.42.CT2.QCD         0.055799687 +-      0.003301585
--------------------------------------------------------------------------------------------------------------------------------------------------------------
       495         500   0.05            ud~_epvebb~                   0.055799687 +-      0.003301585       0.8472       0 [   42]      (   0)           2817

       495         500   0.1             NNLO.QT-CS.42.CT2.QCD         0.023330676 +-      0.002752424
--------------------------------------------------------------------------------------------------------------------------------------------------------------
       495         500   0.1             ud~_epvebb~                   0.023330676 +-      0.002752424        1.086       0 [   42]      (   0)           2817

       495         500   0.15            NNLO.QT-CS.42.CT2.QCD        0.0090559505 +-     0.0027120373
--------------------------------------------------------------------------------------------------------------------------------------------------------------
       495         500   0.15            ud~_epvebb~                  0.0090559505 +-     0.0027120373        1.426       0 [   42]      (   0)           2817

       495         500   0.2             NNLO.QT-CS.42.CT2.QCD       0.00078442647 +-    0.00272486189
--------------------------------------------------------------------------------------------------------------------------------------------------------------
       495         500   0.2             ud~_epvebb~                 0.00078442647 +-    0.00272486189        3.128       0 [   42]      (   0)           2817

       495         500   0.25            NNLO.QT-CS.42.CT2.QCD       -0.0046620590 +-     0.0027368332
--------------------------------------------------------------------------------------------------------------------------------------------------------------
       495         500   0.25            ud~_epvebb~                 -0.0046620590 +-     0.0027368332        7.006       0 [   42]      (   0)           2817

       495         500   0.5             NNLO.QT-CS.42.CT2.QCD        -0.016816921 +-      0.002706054
--------------------------------------------------------------------------------------------------------------------------------------------------------------
       495         500   0.5             ud~_epvebb~                  -0.016816921 +-      0.002706054        5.070       0 [   42]      (   0)           2817

==============================================================================================================================================================

