qTcut          mu_R/mWbb      mu_F/mWbb           subprocess                                                     dXS +- err (contribution/subprocess)     chi2_dof   n_run   (removed)

0.01           0.5            1                   NNLO.QT-CS.42.RCA.QCD                                                  6607.0883 +-          5.1492
--------------------------------------------------------------------------------------------------------------------------------------------------------------------------------------
0.01           0.5            1                   gu_epvebb~d                                                           11365.9864 +-          2.7779        2.976       3      (   0)
0.01           0.5            1                   gd~_epvebb~u~                                                          5105.5116 +-          1.5303       0.1322       3      (   0)
0.01           0.5            1                   ud~_epvebb~g                                                          -9864.4097 +-          4.0566       0.2367       5      (   0)

0.01           1              1                   NNLO.QT-CS.42.RCA.QCD                                                 4617.33619 +-         3.34109
--------------------------------------------------------------------------------------------------------------------------------------------------------------------------------------
0.01           1              1                   gu_epvebb~d                                                           7472.47986 +-         1.80789        3.035       3      (   0)
0.01           1              1                   gd~_epvebb~u~                                                         3331.57602 +-         0.99268       0.1197       3      (   0)
0.01           1              1                   ud~_epvebb~g                                                         -6186.71970 +-         2.62850       0.2382       5      (   0)

0.01           2              1                   NNLO.QT-CS.42.RCA.QCD                                                 3321.22594 +-         2.26999
--------------------------------------------------------------------------------------------------------------------------------------------------------------------------------------
0.01           2              1                   gu_epvebb~d                                                           5128.28230 +-         1.23202        3.078       3      (   0)
0.01           2              1                   gd~_epvebb~u~                                                         2272.07392 +-         0.67448       0.1104       3      (   0)
0.01           2              1                   ud~_epvebb~g                                                         -4079.13028 +-         1.78327       0.2392       5      (   0)

======================================================================================================================================================================================

0.02           0.5            1                   NNLO.QT-CS.42.RCA.QCD                                                  9828.6908 +-          4.3614
--------------------------------------------------------------------------------------------------------------------------------------------------------------------------------------
0.02           0.5            1                   gu_epvebb~d                                                           11109.3273 +-          2.5390        2.351       3      (   0)
0.02           0.5            1                   gd~_epvebb~u~                                                          4862.5533 +-          1.4182      0.09116       3      (   0)
0.02           0.5            1                   ud~_epvebb~g                                                          -6143.1897 +-          3.2502       0.3345       5      (   0)

0.02           1              1                   NNLO.QT-CS.42.RCA.QCD                                                 6659.55085 +-         2.83416
--------------------------------------------------------------------------------------------------------------------------------------------------------------------------------------
0.02           1              1                   gu_epvebb~d                                                           7303.74283 +-         1.65710        2.400       3      (   0)
0.02           1              1                   gd~_epvebb~u~                                                         3173.94426 +-         0.92210      0.07689       3      (   0)
0.02           1              1                   ud~_epvebb~g                                                         -3818.13624 +-         2.10623       0.3254       5      (   0)

0.02           2              1                   NNLO.QT-CS.42.RCA.QCD                                                 4680.36079 +-         1.92821
--------------------------------------------------------------------------------------------------------------------------------------------------------------------------------------
0.02           2              1                   gu_epvebb~d                                                           5012.54429 +-         1.13209        2.434       3      (   0)
0.02           2              1                   gd~_epvebb~u~                                                         2165.10522 +-         0.62776      0.06725       3      (   0)
0.02           2              1                   ud~_epvebb~g                                                         -2497.28872 +-         1.42908       0.3176       5      (   0)

======================================================================================================================================================================================

0.03           0.5            1                   NNLO.QT-CS.42.RCA.QCD                                                 11261.1767 +-          4.0134
--------------------------------------------------------------------------------------------------------------------------------------------------------------------------------------
0.03           0.5            1                   gu_epvebb~d                                                           10930.3789 +-          2.4321        2.389       3      (   0)
0.03           0.5            1                   gd~_epvebb~u~                                                          4714.8123 +-          1.3692       0.1197       3      (   0)
0.03           0.5            1                   ud~_epvebb~g                                                          -4384.0146 +-          2.8841       0.2083       5      (   0)

0.03           1              1                   NNLO.QT-CS.42.RCA.QCD                                                 7564.44098 +-         2.61042
--------------------------------------------------------------------------------------------------------------------------------------------------------------------------------------
0.03           1              1                   gu_epvebb~d                                                           7186.54386 +-         1.58950        2.440       3      (   0)
0.03           1              1                   gd~_epvebb~u~                                                         3078.15588 +-         0.89116       0.1058       3      (   0)
0.03           1              1                   ud~_epvebb~g                                                         -2700.25876 +-         1.86913       0.2054       5      (   0)

0.03           2              1                   NNLO.QT-CS.42.RCA.QCD                                                 5280.75911 +-         1.77748
--------------------------------------------------------------------------------------------------------------------------------------------------------------------------------------
0.03           2              1                   gu_epvebb~d                                                           4932.40088 +-         1.08722        2.475       3      (   0)
0.03           2              1                   gd~_epvebb~u~                                                         2100.13944 +-         0.60724      0.09669       3      (   0)
0.03           2              1                   ud~_epvebb~g                                                         -1751.78121 +-         1.26833       0.2034       5      (   0)

======================================================================================================================================================================================

0.04           0.5            1                   NNLO.QT-CS.42.RCA.QCD                                                 12089.7248 +-          3.7975
--------------------------------------------------------------------------------------------------------------------------------------------------------------------------------------
0.04           0.5            1                   gu_epvebb~d                                                           10790.1867 +-          2.3615        2.292       3      (   0)
0.04           0.5            1                   gd~_epvebb~u~                                                          4607.0833 +-          1.3366       0.1266       3      (   0)
0.04           0.5            1                   ud~_epvebb~g                                                          -3307.5452 +-          2.6566       0.2875       5      (   0)

0.04           1              1                   NNLO.QT-CS.42.RCA.QCD                                                 8086.13386 +-         2.47176
--------------------------------------------------------------------------------------------------------------------------------------------------------------------------------------
0.04           1              1                   gu_epvebb~d                                                           7094.90076 +-         1.54489        2.349       3      (   0)
0.04           1              1                   gd~_epvebb~u~                                                         3008.32965 +-         0.87055       0.1146       3      (   0)
0.04           1              1                   ud~_epvebb~g                                                         -2017.09655 +-         1.72193       0.2793       5      (   0)

0.04           2              1                   NNLO.QT-CS.42.RCA.QCD                                                 5625.92882 +-         1.68417
--------------------------------------------------------------------------------------------------------------------------------------------------------------------------------------
0.04           2              1                   gu_epvebb~d                                                           4869.82767 +-         1.05763        2.390       3      (   0)
0.04           2              1                   gd~_epvebb~u~                                                         2052.79269 +-         0.59358       0.1079       3      (   0)
0.04           2              1                   ud~_epvebb~g                                                         -1296.69154 +-         1.16855       0.2728       5      (   0)

======================================================================================================================================================================================

0.05           0.5            1                   NNLO.QT-CS.42.RCA.QCD                                                 12631.7559 +-          3.6432
--------------------------------------------------------------------------------------------------------------------------------------------------------------------------------------
0.05           0.5            1                   gu_epvebb~d                                                           10673.9762 +-          2.3089        1.853       3      (   0)
0.05           0.5            1                   gd~_epvebb~u~                                                          4522.3588 +-          1.3120       0.1712       3      (   0)
0.05           0.5            1                   ud~_epvebb~g                                                          -2564.5791 +-          2.4940       0.4106       5      (   0)

0.05           1              1                   NNLO.QT-CS.42.RCA.QCD                                                 8426.30154 +-         2.37277
--------------------------------------------------------------------------------------------------------------------------------------------------------------------------------------
0.05           1              1                   gu_epvebb~d                                                           7019.01547 +-         1.51169        1.905       3      (   0)
0.05           1              1                   gd~_epvebb~u~                                                         2953.42576 +-         0.85507       0.1538       3      (   0)
0.05           1              1                   ud~_epvebb~g                                                         -1546.13970 +-         1.61669       0.3919       5      (   0)

0.05           2              1                   NNLO.QT-CS.42.RCA.QCD                                                 5850.34764 +-         1.61763
--------------------------------------------------------------------------------------------------------------------------------------------------------------------------------------
0.05           2              1                   gu_epvebb~d                                                           4818.05798 +-         1.03562        1.943       3      (   0)
0.05           2              1                   gd~_epvebb~u~                                                         2015.57062 +-         0.58333       0.1423       3      (   0)
0.05           2              1                   ud~_epvebb~g                                                          -983.28096 +-         1.09724       0.3765       5      (   0)

======================================================================================================================================================================================

0.06           0.5            1                   NNLO.QT-CS.42.RCA.QCD                                                 13013.9893 +-          3.5246
--------------------------------------------------------------------------------------------------------------------------------------------------------------------------------------
0.06           0.5            1                   gu_epvebb~d                                                           10575.4093 +-          2.2674        1.875       3      (   0)
0.06           0.5            1                   gd~_epvebb~u~                                                          4452.7734 +-          1.2925       0.1065       3      (   0)
0.06           0.5            1                   ud~_epvebb~g                                                          -2014.1934 +-          2.3687       0.7176       5      (   0)

0.06           1              1                   NNLO.QT-CS.42.RCA.QCD                                                 8665.41832 +-         2.29673
--------------------------------------------------------------------------------------------------------------------------------------------------------------------------------------
0.06           1              1                   gu_epvebb~d                                                           6954.69937 +-         1.48544        1.922       3      (   0)
0.06           1              1                   gd~_epvebb~u~                                                         2908.33909 +-         0.84276      0.08580       3      (   0)
0.06           1              1                   ud~_epvebb~g                                                         -1197.62013 +-         1.53563       0.7040       5      (   0)

0.06           2              1                   NNLO.QT-CS.42.RCA.QCD                                                 6007.65604 +-         1.56654
--------------------------------------------------------------------------------------------------------------------------------------------------------------------------------------
0.06           2              1                   gu_epvebb~d                                                           4774.20659 +-         1.01822        1.954       3      (   0)
0.06           2              1                   gd~_epvebb~u~                                                         1985.00767 +-         0.57517      0.07191       3      (   0)
0.06           2              1                   ud~_epvebb~g                                                          -751.55822 +-         1.04232       0.6919       5      (   0)

======================================================================================================================================================================================

0.07           0.5            1                   NNLO.QT-CS.42.RCA.QCD                                                 13292.7952 +-          3.4288
--------------------------------------------------------------------------------------------------------------------------------------------------------------------------------------
0.07           0.5            1                   gu_epvebb~d                                                           10487.2445 +-          2.2326        2.011       3      (   0)
0.07           0.5            1                   gd~_epvebb~u~                                                          4392.8101 +-          1.2763       0.1801       3      (   0)
0.07           0.5            1                   ud~_epvebb~g                                                          -1587.2594 +-          2.2678       0.7161       5      (   0)

0.07           1              1                   NNLO.QT-CS.42.RCA.QCD                                                 8839.16199 +-         2.23537
--------------------------------------------------------------------------------------------------------------------------------------------------------------------------------------
0.07           1              1                   gu_epvebb~d                                                           6897.21011 +-         1.46349        2.051       3      (   0)
0.07           1              1                   gd~_epvebb~u~                                                         2869.49448 +-         0.83250       0.1674       3      (   0)
0.07           1              1                   ud~_epvebb~g                                                          -927.54260 +-         1.47038       0.6959       5      (   0)

0.07           2              1                   NNLO.QT-CS.42.RCA.QCD                                                 6121.56759 +-         1.52534
--------------------------------------------------------------------------------------------------------------------------------------------------------------------------------------
0.07           2              1                   gu_epvebb~d                                                           4735.03144 +-         1.00367        2.077       3      (   0)
0.07           2              1                   gd~_epvebb~u~                                                         1958.68025 +-         0.56837       0.1599       3      (   0)
0.07           2              1                   ud~_epvebb~g                                                          -572.14411 +-         0.99812       0.6789       5      (   0)

======================================================================================================================================================================================

0.08           0.5            1                   NNLO.QT-CS.42.RCA.QCD                                                 13505.8966 +-          3.3499
--------------------------------------------------------------------------------------------------------------------------------------------------------------------------------------
0.08           0.5            1                   gu_epvebb~d                                                           10408.7503 +-          2.2030        2.690       3      (   0)
0.08           0.5            1                   gd~_epvebb~u~                                                          4340.9317 +-          1.2623       0.1534       3      (   0)
0.08           0.5            1                   ud~_epvebb~g                                                          -1243.7854 +-          2.1852       0.6978       5      (   0)

0.08           1              1                   NNLO.QT-CS.42.RCA.QCD                                                 8971.49499 +-         2.18488
--------------------------------------------------------------------------------------------------------------------------------------------------------------------------------------
0.08           1              1                   gu_epvebb~d                                                           6846.04071 +-         1.44480        2.714       3      (   0)
0.08           1              1                   gd~_epvebb~u~                                                         2835.88837 +-         0.82372       0.1473       3      (   0)
0.08           1              1                   ud~_epvebb~g                                                          -710.43409 +-         1.41695       0.6980       5      (   0)

0.08           2              1                   NNLO.QT-CS.42.RCA.QCD                                                 6208.05715 +-         1.49146
--------------------------------------------------------------------------------------------------------------------------------------------------------------------------------------
0.08           2              1                   gu_epvebb~d                                                           4700.17046 +-         0.99129        2.725       3      (   0)
0.08           2              1                   gd~_epvebb~u~                                                         1935.90372 +-         0.56256       0.1450       3      (   0)
0.08           2              1                   ud~_epvebb~g                                                          -428.01703 +-         0.96194       0.6974       5      (   0)

======================================================================================================================================================================================

0.09           0.5            1                   NNLO.QT-CS.42.RCA.QCD                                                 13667.9489 +-          3.2827
--------------------------------------------------------------------------------------------------------------------------------------------------------------------------------------
0.09           0.5            1                   gu_epvebb~d                                                           10337.5798 +-          2.1772        2.419       3      (   0)
0.09           0.5            1                   gd~_epvebb~u~                                                          4294.3228 +-          1.2501       0.1659       3      (   0)
0.09           0.5            1                   ud~_epvebb~g                                                           -963.9537 +-          2.1150       0.5274       5      (   0)

0.09           1              1                   NNLO.QT-CS.42.RCA.QCD                                                 9071.61282 +-         2.14192
--------------------------------------------------------------------------------------------------------------------------------------------------------------------------------------
0.09           1              1                   gu_epvebb~d                                                           6799.65915 +-         1.42851        2.438       3      (   0)
0.09           1              1                   gd~_epvebb~u~                                                         2805.69971 +-         0.81598       0.1578       3      (   0)
0.09           1              1                   ud~_epvebb~g                                                          -533.74605 +-         1.37162       0.5212       5      (   0)

0.09           2              1                   NNLO.QT-CS.42.RCA.QCD                                                 6273.19073 +-         1.46265
--------------------------------------------------------------------------------------------------------------------------------------------------------------------------------------
0.09           2              1                   gu_epvebb~d                                                           4668.57857 +-         0.98050        2.446       3      (   0)
0.09           2              1                   gd~_epvebb~u~                                                         1915.44557 +-         0.55743       0.1536       3      (   0)
0.09           2              1                   ud~_epvebb~g                                                          -310.83341 +-         0.93127       0.5155       5      (   0)

======================================================================================================================================================================================

0.1            0.5            1                   NNLO.QT-CS.42.RCA.QCD                                                 13796.4739 +-          3.2244
--------------------------------------------------------------------------------------------------------------------------------------------------------------------------------------
0.1            0.5            1                   gu_epvebb~d                                                           10272.3691 +-          2.1544        2.146       3      (   0)
0.1            0.5            1                   gd~_epvebb~u~                                                          4252.5993 +-          1.2392       0.1788       3      (   0)
0.1            0.5            1                   ud~_epvebb~g                                                           -728.4945 +-          2.0542       0.5502       5      (   0)

0.1            1              1                   NNLO.QT-CS.42.RCA.QCD                                                 9150.64966 +-         2.10461
--------------------------------------------------------------------------------------------------------------------------------------------------------------------------------------
0.1            1              1                   gu_epvebb~d                                                           6757.17460 +-         1.41410        2.168       3      (   0)
0.1            1              1                   gd~_epvebb~u~                                                         2778.67829 +-         0.80914       0.1632       3      (   0)
0.1            1              1                   ud~_epvebb~g                                                          -385.20322 +-         1.33229       0.5449       5      (   0)

0.1            2              1                   NNLO.QT-CS.42.RCA.QCD                                                 6324.39300 +-         1.43764
--------------------------------------------------------------------------------------------------------------------------------------------------------------------------------------
0.1            2              1                   gu_epvebb~d                                                           4639.64834 +-         0.97095        2.180       3      (   0)
0.1            2              1                   gd~_epvebb~u~                                                         1897.13529 +-         0.55290       0.1532       3      (   0)
0.1            2              1                   ud~_epvebb~g                                                          -212.39062 +-         0.90464       0.5394       5      (   0)

======================================================================================================================================================================================

0.11           0.5            1                   NNLO.QT-CS.42.RCA.QCD                                                 13898.8923 +-          3.1729
--------------------------------------------------------------------------------------------------------------------------------------------------------------------------------------
0.11           0.5            1                   gu_epvebb~d                                                           10212.4405 +-          2.1342        1.508       3      (   0)
0.11           0.5            1                   gd~_epvebb~u~                                                          4214.5462 +-          1.2294       0.1726       3      (   0)
0.11           0.5            1                   ud~_epvebb~g                                                           -528.0944 +-          2.0004       0.6412       5      (   0)

0.11           1              1                   NNLO.QT-CS.42.RCA.QCD                                                 9213.26880 +-         2.07174
--------------------------------------------------------------------------------------------------------------------------------------------------------------------------------------
0.11           1              1                   gu_epvebb~d                                                           6718.13348 +-         1.40136        1.539       3      (   0)
0.11           1              1                   gd~_epvebb~u~                                                         2754.03965 +-         0.80298       0.1605       3      (   0)
0.11           1              1                   ud~_epvebb~g                                                          -258.90433 +-         1.29751       0.6266       5      (   0)

0.11           2              1                   NNLO.QT-CS.42.RCA.QCD                                                 6364.74415 +-         1.41562
--------------------------------------------------------------------------------------------------------------------------------------------------------------------------------------
0.11           2              1                   gu_epvebb~d                                                           4613.06381 +-         0.96251        1.561       3      (   0)
0.11           2              1                   gd~_epvebb~u~                                                         1880.44273 +-         0.54883       0.1534       3      (   0)
0.11           2              1                   ud~_epvebb~g                                                          -128.76239 +-         0.88109       0.6133       5      (   0)

======================================================================================================================================================================================

0.12           0.5            1                   NNLO.QT-CS.42.RCA.QCD                                                 13981.0333 +-          3.1267
--------------------------------------------------------------------------------------------------------------------------------------------------------------------------------------
0.12           0.5            1                   gu_epvebb~d                                                           10156.2744 +-          2.1155        1.406       3      (   0)
0.12           0.5            1                   gd~_epvebb~u~                                                          4179.8966 +-          1.2205      0.07830       3      (   0)
0.12           0.5            1                   ud~_epvebb~g                                                           -355.1377 +-          1.9521       0.8057       5      (   0)

0.12           1              1                   NNLO.QT-CS.42.RCA.QCD                                                 9263.15172 +-         2.04211
--------------------------------------------------------------------------------------------------------------------------------------------------------------------------------------
0.12           1              1                   gu_epvebb~d                                                           6681.55509 +-         1.38958        1.436       3      (   0)
0.12           1              1                   gd~_epvebb~u~                                                         2731.59813 +-         0.79736      0.07472       3      (   0)
0.12           1              1                   ud~_epvebb~g                                                          -150.00149 +-         1.26629       0.7947       5      (   0)

0.12           2              1                   NNLO.QT-CS.42.RCA.QCD                                                 6396.68653 +-         1.39573
--------------------------------------------------------------------------------------------------------------------------------------------------------------------------------------
0.12           2              1                   gu_epvebb~d                                                           4588.16239 +-         0.95470        1.457       3      (   0)
0.12           2              1                   gd~_epvebb~u~                                                         1865.23510 +-         0.54511      0.07441       3      (   0)
0.12           2              1                   ud~_epvebb~g                                                           -56.71097 +-         0.85992       0.7835       5      (   0)

======================================================================================================================================================================================

0.13           0.5            1                   NNLO.QT-CS.42.RCA.QCD                                                 14046.8989 +-          3.0853
--------------------------------------------------------------------------------------------------------------------------------------------------------------------------------------
0.13           0.5            1                   gu_epvebb~d                                                           10104.3570 +-          2.0988        1.556       3      (   0)
0.13           0.5            1                   gd~_epvebb~u~                                                          4147.4532 +-          1.2124      0.07143       3      (   0)
0.13           0.5            1                   ud~_epvebb~g                                                           -204.9113 +-          1.9091       0.9000       5      (   0)

0.13           1              1                   NNLO.QT-CS.42.RCA.QCD                                                 9302.82617 +-         2.01571
--------------------------------------------------------------------------------------------------------------------------------------------------------------------------------------
0.13           1              1                   gu_epvebb~d                                                           6647.74463 +-         1.37902        1.585       3      (   0)
0.13           1              1                   gd~_epvebb~u~                                                         2710.58646 +-         0.79224      0.06605       3      (   0)
0.13           1              1                   ud~_epvebb~g                                                           -55.50492 +-         1.23845       0.8928       5      (   0)

0.13           2              1                   NNLO.QT-CS.42.RCA.QCD                                                 6421.89745 +-         1.37805
--------------------------------------------------------------------------------------------------------------------------------------------------------------------------------------
0.13           2              1                   gu_epvebb~d                                                           4565.14568 +-         0.94771        1.604       3      (   0)
0.13           2              1                   gd~_epvebb~u~                                                         1850.99688 +-         0.54172      0.06448       3      (   0)
0.13           2              1                   ud~_epvebb~g                                                             5.75490 +-         0.84107       0.8844       5      (   0)

======================================================================================================================================================================================

0.14           0.5            1                   NNLO.QT-CS.42.RCA.QCD                                                 14099.8146 +-          3.0478
--------------------------------------------------------------------------------------------------------------------------------------------------------------------------------------
0.14           0.5            1                   gu_epvebb~d                                                           10054.8765 +-          2.0832        1.481       3      (   0)
0.14           0.5            1                   gd~_epvebb~u~                                                          4117.4155 +-          1.2049       0.1555       3      (   0)
0.14           0.5            1                   ud~_epvebb~g                                                            -72.4774 +-          1.8701        1.216       5      (   0)

0.14           1              1                   NNLO.QT-CS.42.RCA.QCD                                                 9334.40315 +-         1.99172
--------------------------------------------------------------------------------------------------------------------------------------------------------------------------------------
0.14           1              1                   gu_epvebb~d                                                           6615.52407 +-         1.36922        1.507       3      (   0)
0.14           1              1                   gd~_epvebb~u~                                                         2691.13768 +-         0.78753       0.1396       3      (   0)
0.14           1              1                   ud~_epvebb~g                                                            27.74139 +-         1.21325        1.210       5      (   0)

0.14           2              1                   NNLO.QT-CS.42.RCA.QCD                                                 6441.78264 +-         1.36197
--------------------------------------------------------------------------------------------------------------------------------------------------------------------------------------
0.14           2              1                   gu_epvebb~d                                                           4543.21272 +-         0.94122        1.524       3      (   0)
0.14           2              1                   gd~_epvebb~u~                                                         1837.82042 +-         0.53861       0.1300       3      (   0)
0.14           2              1                   ud~_epvebb~g                                                            60.74949 +-         0.82399        1.201       5      (   0)

======================================================================================================================================================================================

0.15           0.5            1                   NNLO.QT-CS.42.RCA.QCD                                                 14141.6540 +-          3.0134
--------------------------------------------------------------------------------------------------------------------------------------------------------------------------------------
0.15           0.5            1                   gu_epvebb~d                                                           10008.6248 +-          2.0688        1.392       3      (   0)
0.15           0.5            1                   gd~_epvebb~u~                                                          4089.1491 +-          1.1980       0.1715       3      (   0)
0.15           0.5            1                   ud~_epvebb~g                                                             43.8801 +-          1.8345        1.070       5      (   0)

0.15           1              1                   NNLO.QT-CS.42.RCA.QCD                                                 9359.05137 +-         1.96976
--------------------------------------------------------------------------------------------------------------------------------------------------------------------------------------
0.15           1              1                   gu_epvebb~d                                                           6585.41309 +-         1.36013        1.416       3      (   0)
0.15           1              1                   gd~_epvebb~u~                                                         2672.83444 +-         0.78315       0.1632       3      (   0)
0.15           1              1                   ud~_epvebb~g                                                           100.80384 +-         1.19025        1.061       5      (   0)

0.15           2              1                   NNLO.QT-CS.42.RCA.QCD                                                 6457.11053 +-         1.34728
--------------------------------------------------------------------------------------------------------------------------------------------------------------------------------------
0.15           2              1                   gu_epvebb~d                                                           4522.71946 +-         0.93520        1.430       3      (   0)
0.15           2              1                   gd~_epvebb~u~                                                         1825.41931 +-         0.53571       0.1598       3      (   0)
0.15           2              1                   ud~_epvebb~g                                                           108.97176 +-         0.80844        1.050       5      (   0)

======================================================================================================================================================================================

0.16           0.5            1                   NNLO.QT-CS.42.RCA.QCD                                                 14174.8616 +-          2.9819
--------------------------------------------------------------------------------------------------------------------------------------------------------------------------------------
0.16           0.5            1                   gu_epvebb~d                                                            9964.3837 +-          2.0555        1.498       3      (   0)
0.16           0.5            1                   gd~_epvebb~u~                                                          4062.7464 +-          1.1915       0.1651       3      (   0)
0.16           0.5            1                   ud~_epvebb~g                                                            147.7315 +-          1.8019        1.024       5      (   0)

0.16           1              1                   NNLO.QT-CS.42.RCA.QCD                                                 9378.30262 +-         1.94967
--------------------------------------------------------------------------------------------------------------------------------------------------------------------------------------
0.16           1              1                   gu_epvebb~d                                                           6556.61242 +-         1.35177        1.507       3      (   0)
0.16           1              1                   gd~_epvebb~u~                                                         2655.73680 +-         0.77908       0.1625       3      (   0)
0.16           1              1                   ud~_epvebb~g                                                           165.95340 +-         1.16917        1.017       5      (   0)

0.16           2              1                   NNLO.QT-CS.42.RCA.QCD                                                 6468.88911 +-         1.33383
--------------------------------------------------------------------------------------------------------------------------------------------------------------------------------------
0.16           2              1                   gu_epvebb~d                                                           4503.11871 +-         0.92967        1.509       3      (   0)
0.16           2              1                   gd~_epvebb~u~                                                         1813.83428 +-         0.53301       0.1639       3      (   0)
0.16           2              1                   ud~_epvebb~g                                                           151.93613 +-         0.79418        1.009       5      (   0)

======================================================================================================================================================================================

0.17           0.5            1                   NNLO.QT-CS.42.RCA.QCD                                                 14200.5843 +-          2.9521
--------------------------------------------------------------------------------------------------------------------------------------------------------------------------------------
0.17           0.5            1                   gu_epvebb~d                                                            9921.9415 +-          2.0431        1.422       3      (   0)
0.17           0.5            1                   gd~_epvebb~u~                                                          4037.3876 +-          1.1854       0.1501       3      (   0)
0.17           0.5            1                   ud~_epvebb~g                                                            241.2552 +-          1.7707       0.6880       5      (   0)

0.17           1              1                   NNLO.QT-CS.42.RCA.QCD                                                 9392.88115 +-         1.93064
--------------------------------------------------------------------------------------------------------------------------------------------------------------------------------------
0.17           1              1                   gu_epvebb~d                                                           6528.98707 +-         1.34390        1.427       3      (   0)
0.17           1              1                   gd~_epvebb~u~                                                         2639.31885 +-         0.77521       0.1552       3      (   0)
0.17           1              1                   ud~_epvebb~g                                                           224.57523 +-         1.14907       0.6840       5      (   0)

0.17           2              1                   NNLO.QT-CS.42.RCA.QCD                                                 6477.59911 +-         1.32110
--------------------------------------------------------------------------------------------------------------------------------------------------------------------------------------
0.17           2              1                   gu_epvebb~d                                                           4484.31987 +-         0.92446        1.426       3      (   0)
0.17           2              1                   gd~_epvebb~u~                                                         1802.71172 +-         0.53045       0.1630       3      (   0)
0.17           2              1                   ud~_epvebb~g                                                           190.56752 +-         0.78058       0.6795       5      (   0)

======================================================================================================================================================================================

0.18           0.5            1                   NNLO.QT-CS.42.RCA.QCD                                                 14220.6158 +-          2.9246
--------------------------------------------------------------------------------------------------------------------------------------------------------------------------------------
0.18           0.5            1                   gu_epvebb~d                                                            9881.8079 +-          2.0314        1.562       3      (   0)
0.18           0.5            1                   gd~_epvebb~u~                                                          4013.9238 +-          1.1796       0.1202       3      (   0)
0.18           0.5            1                   ud~_epvebb~g                                                            324.8841 +-          1.7422       0.9606       5      (   0)

0.18           1              1                   NNLO.QT-CS.42.RCA.QCD                                                 9403.91595 +-         1.91309
--------------------------------------------------------------------------------------------------------------------------------------------------------------------------------------
0.18           1              1                   gu_epvebb~d                                                           6502.85467 +-         1.33651        1.569       3      (   0)
0.18           1              1                   gd~_epvebb~u~                                                         2624.12398 +-         0.77156       0.1286       3      (   0)
0.18           1              1                   ud~_epvebb~g                                                           276.93730 +-         1.13063       0.9693       5      (   0)

0.18           2              1                   NNLO.QT-CS.42.RCA.QCD                                                 6483.98753 +-         1.30935
--------------------------------------------------------------------------------------------------------------------------------------------------------------------------------------
0.18           2              1                   gu_epvebb~d                                                           4466.53154 +-         0.91957        1.569       3      (   0)
0.18           2              1                   gd~_epvebb~u~                                                         1792.41572 +-         0.52803       0.1391       3      (   0)
0.18           2              1                   ud~_epvebb~g                                                           225.04028 +-         0.76810       0.9745       5      (   0)

======================================================================================================================================================================================

0.19           0.5            1                   NNLO.QT-CS.42.RCA.QCD                                                 14235.3611 +-          2.8990
--------------------------------------------------------------------------------------------------------------------------------------------------------------------------------------
0.19           0.5            1                   gu_epvebb~d                                                            9843.2499 +-          2.0202        1.319       3      (   0)
0.19           0.5            1                   gd~_epvebb~u~                                                          3991.4290 +-          1.1741       0.2085       3      (   0)
0.19           0.5            1                   ud~_epvebb~g                                                            400.6822 +-          1.7159       0.9468       5      (   0)

0.19           1              1                   NNLO.QT-CS.42.RCA.QCD                                                 9411.66062 +-         1.89677
--------------------------------------------------------------------------------------------------------------------------------------------------------------------------------------
0.19           1              1                   gu_epvebb~d                                                           6477.75666 +-         1.32948        1.334       3      (   0)
0.19           1              1                   gd~_epvebb~u~                                                         2609.55686 +-         0.76811       0.2143       3      (   0)
0.19           1              1                   ud~_epvebb~g                                                           324.34710 +-         1.11366       0.9592       5      (   0)

0.19           2              1                   NNLO.QT-CS.42.RCA.QCD                                                 6488.22060 +-         1.29843
--------------------------------------------------------------------------------------------------------------------------------------------------------------------------------------
0.19           2              1                   gu_epvebb~d                                                           4449.45166 +-         0.91490        1.342       3      (   0)
0.19           2              1                   gd~_epvebb~u~                                                         1782.54506 +-         0.52575       0.2226       3      (   0)
0.19           2              1                   ud~_epvebb~g                                                           256.22387 +-         0.75661       0.9679       5      (   0)

======================================================================================================================================================================================

0.2            0.5            1                   NNLO.QT-CS.42.RCA.QCD                                                 14245.8613 +-          2.8751
--------------------------------------------------------------------------------------------------------------------------------------------------------------------------------------
0.2            0.5            1                   gu_epvebb~d                                                            9806.0723 +-          2.0096        1.324       3      (   0)
0.2            0.5            1                   gd~_epvebb~u~                                                          3969.8972 +-          1.1689       0.3222       3      (   0)
0.2            0.5            1                   ud~_epvebb~g                                                            469.8918 +-          1.6915        1.041       5      (   0)

0.2            1              1                   NNLO.QT-CS.42.RCA.QCD                                                 9416.77555 +-         1.88148
--------------------------------------------------------------------------------------------------------------------------------------------------------------------------------------
0.2            1              1                   gu_epvebb~d                                                           6453.55142 +-         1.32276        1.348       3      (   0)
0.2            1              1                   gd~_epvebb~u~                                                         2595.61480 +-         0.76482       0.3154       3      (   0)
0.2            1              1                   ud~_epvebb~g                                                           367.60933 +-         1.09788        1.052       5      (   0)

0.2            2              1                   NNLO.QT-CS.42.RCA.QCD                                                 6490.73893 +-         1.28819
--------------------------------------------------------------------------------------------------------------------------------------------------------------------------------------
0.2            2              1                   gu_epvebb~d                                                           4432.97603 +-         0.91045        1.363       3      (   0)
0.2            2              1                   gd~_epvebb~u~                                                         1773.09870 +-         0.52356       0.3131       3      (   0)
0.2            2              1                   ud~_epvebb~g                                                           284.66420 +-         0.74593        1.059       5      (   0)

======================================================================================================================================================================================

0.21           0.5            1                   NNLO.QT-CS.42.RCA.QCD                                                 14253.7770 +-          2.8525
--------------------------------------------------------------------------------------------------------------------------------------------------------------------------------------
0.21           0.5            1                   gu_epvebb~d                                                            9770.9938 +-          1.9996        1.252       3      (   0)
0.21           0.5            1                   gd~_epvebb~u~                                                          3949.4147 +-          1.1639       0.3207       3      (   0)
0.21           0.5            1                   ud~_epvebb~g                                                            533.3684 +-          1.6684       0.8336       5      (   0)

0.21           1              1                   NNLO.QT-CS.42.RCA.QCD                                                 9420.32224 +-         1.86707
--------------------------------------------------------------------------------------------------------------------------------------------------------------------------------------
0.21           1              1                   gu_epvebb~d                                                           6430.71748 +-         1.31644        1.282       3      (   0)
0.21           1              1                   gd~_epvebb~u~                                                         2582.35592 +-         0.76170       0.3198       3      (   0)
0.21           1              1                   ud~_epvebb~g                                                           407.24885 +-         1.08293       0.8422       5      (   0)

0.21           2              1                   NNLO.QT-CS.42.RCA.QCD                                                 6492.25324 +-         1.27854
--------------------------------------------------------------------------------------------------------------------------------------------------------------------------------------
0.21           2              1                   gu_epvebb~d                                                           4417.43629 +-         0.90625        1.304       3      (   0)
0.21           2              1                   gd~_epvebb~u~                                                         1764.11722 +-         0.52149       0.3222       3      (   0)
0.21           2              1                   ud~_epvebb~g                                                           310.69973 +-         0.73581       0.8485       5      (   0)

======================================================================================================================================================================================

0.22           0.5            1                   NNLO.QT-CS.42.RCA.QCD                                                 14257.9581 +-          2.8313
--------------------------------------------------------------------------------------------------------------------------------------------------------------------------------------
0.22           0.5            1                   gu_epvebb~d                                                            9736.7907 +-          1.9902        1.054       3      (   0)
0.22           0.5            1                   gd~_epvebb~u~                                                          3929.9469 +-          1.1593       0.4014       3      (   0)
0.22           0.5            1                   ud~_epvebb~g                                                            591.2205 +-          1.6467       0.7074       5      (   0)

0.22           1              1                   NNLO.QT-CS.42.RCA.QCD                                                 9421.54248 +-         1.85358
--------------------------------------------------------------------------------------------------------------------------------------------------------------------------------------
0.22           1              1                   gu_epvebb~d                                                           6408.45189 +-         1.31053        1.081       3      (   0)
0.22           1              1                   gd~_epvebb~u~                                                         2569.74900 +-         0.75876       0.3921       3      (   0)
0.22           1              1                   ud~_epvebb~g                                                           443.34158 +-         1.06890       0.7096       5      (   0)

0.22           2              1                   NNLO.QT-CS.42.RCA.QCD                                                 6492.24331 +-         1.26952
--------------------------------------------------------------------------------------------------------------------------------------------------------------------------------------
0.22           2              1                   gu_epvebb~d                                                           4402.28245 +-         0.90234        1.101       3      (   0)
0.22           2              1                   gd~_epvebb~u~                                                         1755.57477 +-         0.51955       0.3876       3      (   0)
0.22           2              1                   ud~_epvebb~g                                                           334.38609 +-         0.72632       0.7108       5      (   0)

======================================================================================================================================================================================

0.23           0.5            1                   NNLO.QT-CS.42.RCA.QCD                                                 14259.8429 +-          2.8112
--------------------------------------------------------------------------------------------------------------------------------------------------------------------------------------
0.23           0.5            1                   gu_epvebb~d                                                            9703.9885 +-          1.9812        1.013       3      (   0)
0.23           0.5            1                   gd~_epvebb~u~                                                          3911.3245 +-          1.1549       0.5459       3      (   0)
0.23           0.5            1                   ud~_epvebb~g                                                            644.5299 +-          1.6261       0.6814       5      (   0)

0.23           1              1                   NNLO.QT-CS.42.RCA.QCD                                                 9421.34450 +-         1.84075
--------------------------------------------------------------------------------------------------------------------------------------------------------------------------------------
0.23           1              1                   gu_epvebb~d                                                           6387.09115 +-         1.30481        1.041       3      (   0)
0.23           1              1                   gd~_epvebb~u~                                                         2557.69124 +-         0.75599       0.5345       3      (   0)
0.23           1              1                   ud~_epvebb~g                                                           476.56210 +-         1.05561       0.6831       5      (   0)

0.23           2              1                   NNLO.QT-CS.42.RCA.QCD                                                 6491.31077 +-         1.26094
--------------------------------------------------------------------------------------------------------------------------------------------------------------------------------------
0.23           2              1                   gu_epvebb~d                                                           4387.74022 +-         0.89854        1.062       3      (   0)
0.23           2              1                   gd~_epvebb~u~                                                         1747.40542 +-         0.51772       0.5275       3      (   0)
0.23           2              1                   ud~_epvebb~g                                                           356.16513 +-         0.71733       0.6844       5      (   0)

======================================================================================================================================================================================

0.24           0.5            1                   NNLO.QT-CS.42.RCA.QCD                                                 14258.9046 +-          2.7921
--------------------------------------------------------------------------------------------------------------------------------------------------------------------------------------
0.24           0.5            1                   gu_epvebb~d                                                            9672.0693 +-          1.9725        1.135       3      (   0)
0.24           0.5            1                   gd~_epvebb~u~                                                          3893.4444 +-          1.1507       0.4702       3      (   0)
0.24           0.5            1                   ud~_epvebb~g                                                            693.3909 +-          1.6065       0.6779       5      (   0)

0.24           1              1                   NNLO.QT-CS.42.RCA.QCD                                                 9419.39561 +-         1.82853
--------------------------------------------------------------------------------------------------------------------------------------------------------------------------------------
0.24           1              1                   gu_epvebb~d                                                           6366.30894 +-         1.29933        1.164       3      (   0)
0.24           1              1                   gd~_epvebb~u~                                                         2546.11262 +-         0.75336       0.4559       3      (   0)
0.24           1              1                   ud~_epvebb~g                                                           506.97405 +-         1.04294       0.6820       5      (   0)

0.24           2              1                   NNLO.QT-CS.42.RCA.QCD                                                 6489.23498 +-         1.25276
--------------------------------------------------------------------------------------------------------------------------------------------------------------------------------------
0.24           2              1                   gu_epvebb~d                                                           4373.59360 +-         0.89489        1.185       3      (   0)
0.24           2              1                   gd~_epvebb~u~                                                         1739.55977 +-         0.51598       0.4470       3      (   0)
0.24           2              1                   ud~_epvebb~g                                                           376.08161 +-         0.70875       0.6862       5      (   0)

======================================================================================================================================================================================

0.25           0.5            1                   NNLO.QT-CS.42.RCA.QCD                                                 14255.9504 +-          2.7739
--------------------------------------------------------------------------------------------------------------------------------------------------------------------------------------
0.25           0.5            1                   gu_epvebb~d                                                            9641.1194 +-          1.9643        1.061       3      (   0)
0.25           0.5            1                   gd~_epvebb~u~                                                          3876.1713 +-          1.1467       0.5245       3      (   0)
0.25           0.5            1                   ud~_epvebb~g                                                            738.6597 +-          1.5879       0.7790       5      (   0)

0.25           1              1                   NNLO.QT-CS.42.RCA.QCD                                                 9416.20732 +-         1.81696
--------------------------------------------------------------------------------------------------------------------------------------------------------------------------------------
0.25           1              1                   gu_epvebb~d                                                           6346.15633 +-         1.29412        1.091       3      (   0)
0.25           1              1                   gd~_epvebb~u~                                                         2534.92662 +-         0.75084       0.5069       3      (   0)
0.25           1              1                   ud~_epvebb~g                                                           535.12436 +-         1.03095       0.7845       5      (   0)

0.25           2              1                   NNLO.QT-CS.42.RCA.QCD                                                 6486.35624 +-         1.24501
--------------------------------------------------------------------------------------------------------------------------------------------------------------------------------------
0.25           2              1                   gu_epvebb~d                                                           4359.87452 +-         0.89143        1.113       3      (   0)
0.25           2              1                   gd~_epvebb~u~                                                         1731.97978 +-         0.51430       0.4951       3      (   0)
0.25           2              1                   ud~_epvebb~g                                                           394.50194 +-         0.70064       0.7896       5      (   0)

======================================================================================================================================================================================

0.26           0.5            1                   NNLO.QT-CS.42.RCA.QCD                                                 14250.7430 +-          2.7557
--------------------------------------------------------------------------------------------------------------------------------------------------------------------------------------
0.26           0.5            1                   gu_epvebb~d                                                            9611.3124 +-          1.9564        1.004       3      (   0)
0.26           0.5            1                   gd~_epvebb~u~                                                          3859.4921 +-          1.1428       0.6204       3      (   0)
0.26           0.5            1                   ud~_epvebb~g                                                            779.9386 +-          1.5685       0.7546       5      (   0)

0.26           1              1                   NNLO.QT-CS.42.RCA.QCD                                                 9411.62249 +-         1.80512
--------------------------------------------------------------------------------------------------------------------------------------------------------------------------------------
0.26           1              1                   gu_epvebb~d                                                           6326.74753 +-         1.28916        1.034       3      (   0)
0.26           1              1                   gd~_epvebb~u~                                                         2524.12723 +-         0.74839       0.5970       3      (   0)
0.26           1              1                   ud~_epvebb~g                                                           560.74773 +-         1.01805       0.7661       5      (   0)

0.26           2              1                   NNLO.QT-CS.42.RCA.QCD                                                 6482.56633 +-         1.23696
--------------------------------------------------------------------------------------------------------------------------------------------------------------------------------------
0.26           2              1                   gu_epvebb~d                                                           4346.66178 +-         0.88814        1.056       3      (   0)
0.26           2              1                   gd~_epvebb~u~                                                         1724.66302 +-         0.51268       0.5804       3      (   0)
0.26           2              1                   ud~_epvebb~g                                                           411.24152 +-         0.69169       0.7767       5      (   0)

======================================================================================================================================================================================

0.27           0.5            1                   NNLO.QT-CS.42.RCA.QCD                                                 14244.5090 +-          2.7391
--------------------------------------------------------------------------------------------------------------------------------------------------------------------------------------
0.27           0.5            1                   gu_epvebb~d                                                            9582.2516 +-          1.9487       0.8145       3      (   0)
0.27           0.5            1                   gd~_epvebb~u~                                                          3843.5141 +-          1.1391       0.6557       3      (   0)
0.27           0.5            1                   ud~_epvebb~g                                                            818.7433 +-          1.5517       0.8730       5      (   0)

0.27           1              1                   NNLO.QT-CS.42.RCA.QCD                                                 9406.43968 +-         1.79457
--------------------------------------------------------------------------------------------------------------------------------------------------------------------------------------
0.27           1              1                   gu_epvebb~d                                                           6307.82516 +-         1.28430       0.8397       3      (   0)
0.27           1              1                   gd~_epvebb~u~                                                         2513.77941 +-         0.74603       0.6291       3      (   0)
0.27           1              1                   ud~_epvebb~g                                                           584.83511 +-         1.00722       0.8931       5      (   0)

0.27           2              1                   NNLO.QT-CS.42.RCA.QCD                                                 6478.40857 +-         1.22990
--------------------------------------------------------------------------------------------------------------------------------------------------------------------------------------
0.27           2              1                   gu_epvebb~d                                                           4333.78004 +-         0.88491       0.8590       3      (   0)
0.27           2              1                   gd~_epvebb~u~                                                         1717.65064 +-         0.51112       0.6099       3      (   0)
0.27           2              1                   ud~_epvebb~g                                                           426.97789 +-         0.68436       0.9110       5      (   0)

======================================================================================================================================================================================

0.28           0.5            1                   NNLO.QT-CS.42.RCA.QCD                                                 14236.7023 +-          2.7234
--------------------------------------------------------------------------------------------------------------------------------------------------------------------------------------
0.28           0.5            1                   gu_epvebb~d                                                            9554.5300 +-          1.9415       0.8422       3      (   0)
0.28           0.5            1                   gd~_epvebb~u~                                                          3827.9000 +-          1.1355       0.6198       3      (   0)
0.28           0.5            1                   ud~_epvebb~g                                                            854.2722 +-          1.5356       0.7929       5      (   0)

0.28           1              1                   NNLO.QT-CS.42.RCA.QCD                                                 9400.28838 +-         1.78455
--------------------------------------------------------------------------------------------------------------------------------------------------------------------------------------
0.28           1              1                   gu_epvebb~d                                                           6289.77434 +-         1.27975       0.8638       3      (   0)
0.28           1              1                   gd~_epvebb~u~                                                         2503.66682 +-         0.74375       0.5848       3      (   0)
0.28           1              1                   ud~_epvebb~g                                                           606.84722 +-         0.99684       0.8018       5      (   0)

0.28           2              1                   NNLO.QT-CS.42.RCA.QCD                                                 6473.62303 +-         1.22320
--------------------------------------------------------------------------------------------------------------------------------------------------------------------------------------
0.28           2              1                   gu_epvebb~d                                                           4321.49171 +-         0.88189       0.8798       3      (   0)
0.28           2              1                   gd~_epvebb~u~                                                         1710.79749 +-         0.50961       0.5591       3      (   0)
0.28           2              1                   ud~_epvebb~g                                                           441.33382 +-         0.67734       0.8104       5      (   0)

======================================================================================================================================================================================

0.29           0.5            1                   NNLO.QT-CS.42.RCA.QCD                                                 14227.0622 +-          2.7081
--------------------------------------------------------------------------------------------------------------------------------------------------------------------------------------
0.29           0.5            1                   gu_epvebb~d                                                            9526.9841 +-          1.9343        1.113       3      (   0)
0.29           0.5            1                   gd~_epvebb~u~                                                          3812.8024 +-          1.1320       0.7971       3      (   0)
0.29           0.5            1                   ud~_epvebb~g                                                            887.2757 +-          1.5202       0.6385       5      (   0)

0.29           1              1                   NNLO.QT-CS.42.RCA.QCD                                                 9392.98352 +-         1.77477
--------------------------------------------------------------------------------------------------------------------------------------------------------------------------------------
0.29           1              1                   gu_epvebb~d                                                           6271.83365 +-         1.27521        1.131       3      (   0)
0.29           1              1                   gd~_epvebb~u~                                                         2493.88834 +-         0.74153       0.7574       3      (   0)
0.29           1              1                   ud~_epvebb~g                                                           627.26153 +-         0.98682       0.6546       5      (   0)

0.29           2              1                   NNLO.QT-CS.42.RCA.QCD                                                 6468.07404 +-         1.21665
--------------------------------------------------------------------------------------------------------------------------------------------------------------------------------------
0.29           2              1                   gu_epvebb~d                                                           4309.27556 +-         0.87887        1.143       3      (   0)
0.29           2              1                   gd~_epvebb~u~                                                         1704.17055 +-         0.50813       0.7276       3      (   0)
0.29           2              1                   ud~_epvebb~g                                                           454.62793 +-         0.67053       0.6700       5      (   0)

======================================================================================================================================================================================

0.3            0.5            1                   NNLO.QT-CS.42.RCA.QCD                                                 14216.7740 +-          2.6936
--------------------------------------------------------------------------------------------------------------------------------------------------------------------------------------
0.3            0.5            1                   gu_epvebb~d                                                            9500.4878 +-          1.9276        1.234       3      (   0)
0.3            0.5            1                   gd~_epvebb~u~                                                          3798.1665 +-          1.1286       0.8088       3      (   0)
0.3            0.5            1                   ud~_epvebb~g                                                            918.1196 +-          1.5054       0.6075       5      (   0)

0.3            1              1                   NNLO.QT-CS.42.RCA.QCD                                                 9385.31452 +-         1.76552
--------------------------------------------------------------------------------------------------------------------------------------------------------------------------------------
0.3            1              1                   gu_epvebb~d                                                           6254.57490 +-         1.27093        1.255       3      (   0)
0.3            1              1                   gd~_epvebb~u~                                                         2484.40991 +-         0.73939       0.7712       3      (   0)
0.3            1              1                   ud~_epvebb~g                                                           646.32971 +-         0.97729       0.6252       5      (   0)

0.3            2              1                   NNLO.QT-CS.42.RCA.QCD                                                 6462.30957 +-         1.21045
--------------------------------------------------------------------------------------------------------------------------------------------------------------------------------------
0.3            2              1                   gu_epvebb~d                                                           4297.52266 +-         0.87603        1.269       3      (   0)
0.3            2              1                   gd~_epvebb~u~                                                         1697.74732 +-         0.50671       0.7429       3      (   0)
0.3            2              1                   ud~_epvebb~g                                                           467.03959 +-         0.66408       0.6424       5      (   0)

======================================================================================================================================================================================

0.31           0.5            1                   NNLO.QT-CS.42.RCA.QCD                                                 14205.6591 +-          2.6797
--------------------------------------------------------------------------------------------------------------------------------------------------------------------------------------
0.31           0.5            1                   gu_epvebb~d                                                            9474.5932 +-          1.9210        1.295       3      (   0)
0.31           0.5            1                   gd~_epvebb~u~                                                          3784.0002 +-          1.1254       0.7482       3      (   0)
0.31           0.5            1                   ud~_epvebb~g                                                            947.0657 +-          1.4913       0.6531       5      (   0)

0.31           1              1                   NNLO.QT-CS.42.RCA.QCD                                                 9377.15644 +-         1.75662
--------------------------------------------------------------------------------------------------------------------------------------------------------------------------------------
0.31           1              1                   gu_epvebb~d                                                           6237.71229 +-         1.26676        1.320       3      (   0)
0.31           1              1                   gd~_epvebb~u~                                                         2475.23341 +-         0.73737       0.7060       3      (   0)
0.31           1              1                   ud~_epvebb~g                                                           664.21074 +-         0.96816       0.6696       5      (   0)

0.31           2              1                   NNLO.QT-CS.42.RCA.QCD                                                 6456.23987 +-         1.20450
--------------------------------------------------------------------------------------------------------------------------------------------------------------------------------------
0.31           2              1                   gu_epvebb~d                                                           4286.04198 +-         0.87325        1.337       3      (   0)
0.31           2              1                   gd~_epvebb~u~                                                         1691.52760 +-         0.50537       0.6745       3      (   0)
0.31           2              1                   ud~_epvebb~g                                                           478.67029 +-         0.65791       0.6858       5      (   0)

======================================================================================================================================================================================

0.32           0.5            1                   NNLO.QT-CS.42.RCA.QCD                                                 14193.7610 +-          2.6662
--------------------------------------------------------------------------------------------------------------------------------------------------------------------------------------
0.32           0.5            1                   gu_epvebb~d                                                            9449.4814 +-          1.9147        1.298       3      (   0)
0.32           0.5            1                   gd~_epvebb~u~                                                          3770.2933 +-          1.1221       0.7511       3      (   0)
0.32           0.5            1                   ud~_epvebb~g                                                            973.9864 +-          1.4777       0.5622       5      (   0)

0.32           1              1                   NNLO.QT-CS.42.RCA.QCD                                                 9368.52415 +-         1.74805
--------------------------------------------------------------------------------------------------------------------------------------------------------------------------------------
0.32           1              1                   gu_epvebb~d                                                           6221.35844 +-         1.26278        1.321       3      (   0)
0.32           1              1                   gd~_epvebb~u~                                                         2466.35556 +-         0.73532       0.7101       3      (   0)
0.32           1              1                   ud~_epvebb~g                                                           680.81015 +-         0.95937       0.5772       5      (   0)

0.32           2              1                   NNLO.QT-CS.42.RCA.QCD                                                 6449.86731 +-         1.19876
--------------------------------------------------------------------------------------------------------------------------------------------------------------------------------------
0.32           2              1                   gu_epvebb~d                                                           4274.90704 +-         0.87061        1.337       3      (   0)
0.32           2              1                   gd~_epvebb~u~                                                         1685.51079 +-         0.50401       0.6794       3      (   0)
0.32           2              1                   ud~_epvebb~g                                                           489.44948 +-         0.65195       0.5924       5      (   0)

======================================================================================================================================================================================

0.33           0.5            1                   NNLO.QT-CS.42.RCA.QCD                                                 14180.8379 +-          2.6532
--------------------------------------------------------------------------------------------------------------------------------------------------------------------------------------
0.33           0.5            1                   gu_epvebb~d                                                            9424.8699 +-          1.9085        1.468       3      (   0)
0.33           0.5            1                   gd~_epvebb~u~                                                          3756.7528 +-          1.1189       0.7020       3      (   0)
0.33           0.5            1                   ud~_epvebb~g                                                            999.2152 +-          1.4646       0.4451       5      (   0)

0.33           1              1                   NNLO.QT-CS.42.RCA.QCD                                                 9359.25250 +-         1.73972
--------------------------------------------------------------------------------------------------------------------------------------------------------------------------------------
0.33           1              1                   gu_epvebb~d                                                           6205.32445 +-         1.25884        1.484       3      (   0)
0.33           1              1                   gd~_epvebb~u~                                                         2457.58441 +-         0.73328       0.6696       3      (   0)
0.33           1              1                   ud~_epvebb~g                                                           696.34363 +-         0.95093       0.4501       5      (   0)

0.33           2              1                   NNLO.QT-CS.42.RCA.QCD                                                 6443.07516 +-         1.19318
--------------------------------------------------------------------------------------------------------------------------------------------------------------------------------------
0.33           2              1                   gu_epvebb~d                                                           4263.98644 +-         0.86799        1.493       3      (   0)
0.33           2              1                   gd~_epvebb~u~                                                         1679.56560 +-         0.50264       0.6460       3      (   0)
0.33           2              1                   ud~_epvebb~g                                                           499.52311 +-         0.64623       0.4573       5      (   0)

======================================================================================================================================================================================

0.34           0.5            1                   NNLO.QT-CS.42.RCA.QCD                                                 14167.5480 +-          2.6408
--------------------------------------------------------------------------------------------------------------------------------------------------------------------------------------
0.34           0.5            1                   gu_epvebb~d                                                            9400.8964 +-          1.9026        1.507       3      (   0)
0.34           0.5            1                   gd~_epvebb~u~                                                          3743.7903 +-          1.1160       0.7363       3      (   0)
0.34           0.5            1                   ud~_epvebb~g                                                           1022.8613 +-          1.4520       0.4278       5      (   0)

0.34           1              1                   NNLO.QT-CS.42.RCA.QCD                                                 9349.77569 +-         1.73181
--------------------------------------------------------------------------------------------------------------------------------------------------------------------------------------
0.34           1              1                   gu_epvebb~d                                                           6189.70500 +-         1.25512        1.518       3      (   0)
0.34           1              1                   gd~_epvebb~u~                                                         2449.18731 +-         0.73144       0.7125       3      (   0)
0.34           1              1                   ud~_epvebb~g                                                           710.88338 +-         0.94277       0.4333       5      (   0)

0.34           2              1                   NNLO.QT-CS.42.RCA.QCD                                                 6436.16214 +-         1.18788
--------------------------------------------------------------------------------------------------------------------------------------------------------------------------------------
0.34           2              1                   gu_epvebb~d                                                           4253.34743 +-         0.86551        1.525       3      (   0)
0.34           2              1                   gd~_epvebb~u~                                                         1673.87372 +-         0.50142       0.6954       3      (   0)
0.34           2              1                   ud~_epvebb~g                                                           508.94098 +-         0.64071       0.4410       5      (   0)

======================================================================================================================================================================================

0.35           0.5            1                   NNLO.QT-CS.42.RCA.QCD                                                 14153.8490 +-          2.6289
--------------------------------------------------------------------------------------------------------------------------------------------------------------------------------------
0.35           0.5            1                   gu_epvebb~d                                                            9377.5972 +-          1.8970        1.466       3      (   0)
0.35           0.5            1                   gd~_epvebb~u~                                                          3731.2281 +-          1.1132       0.7608       3      (   0)
0.35           0.5            1                   ud~_epvebb~g                                                           1045.0236 +-          1.4398       0.4318       5      (   0)

0.35           1              1                   NNLO.QT-CS.42.RCA.QCD                                                 9340.07249 +-         1.72420
--------------------------------------------------------------------------------------------------------------------------------------------------------------------------------------
0.35           1              1                   gu_epvebb~d                                                           6174.52933 +-         1.25159        1.481       3      (   0)
0.35           1              1                   gd~_epvebb~u~                                                         2441.04960 +-         0.72965       0.7335       3      (   0)
0.35           1              1                   ud~_epvebb~g                                                           724.49355 +-         0.93487       0.4400       5      (   0)

0.35           2              1                   NNLO.QT-CS.42.RCA.QCD                                                 6429.11764 +-         1.18278
--------------------------------------------------------------------------------------------------------------------------------------------------------------------------------------
0.35           2              1                   gu_epvebb~d                                                           4243.01319 +-         0.86317        1.489       3      (   0)
0.35           2              1                   gd~_epvebb~u~                                                         1668.35780 +-         0.50024       0.7140       3      (   0)
0.35           2              1                   ud~_epvebb~g                                                           517.74665 +-         0.63536       0.4496       5      (   0)

======================================================================================================================================================================================

0.36           0.5            1                   NNLO.QT-CS.42.RCA.QCD                                                 14139.6971 +-          2.6172
--------------------------------------------------------------------------------------------------------------------------------------------------------------------------------------
0.36           0.5            1                   gu_epvebb~d                                                            9354.5300 +-          1.8914        1.668       3      (   0)
0.36           0.5            1                   gd~_epvebb~u~                                                          3718.9606 +-          1.1104       0.7009       3      (   0)
0.36           0.5            1                   ud~_epvebb~g                                                           1066.2065 +-          1.4280       0.4882       5      (   0)

0.36           1              1                   NNLO.QT-CS.42.RCA.QCD                                                 9330.09878 +-         1.71672
--------------------------------------------------------------------------------------------------------------------------------------------------------------------------------------
0.36           1              1                   gu_epvebb~d                                                           6159.49558 +-         1.24802        1.677       3      (   0)
0.36           1              1                   gd~_epvebb~u~                                                         2433.10280 +-         0.72791       0.6795       3      (   0)
0.36           1              1                   ud~_epvebb~g                                                           737.50040 +-         0.92721       0.4933       5      (   0)

0.36           2              1                   NNLO.QT-CS.42.RCA.QCD                                                 6421.90212 +-         1.17777
--------------------------------------------------------------------------------------------------------------------------------------------------------------------------------------
0.36           2              1                   gu_epvebb~d                                                           4232.77021 +-         0.86078        1.680       3      (   0)
0.36           2              1                   gd~_epvebb~u~                                                         1662.97140 +-         0.49908       0.6647       3      (   0)
0.36           2              1                   ud~_epvebb~g                                                           526.16051 +-         0.63017       0.5007       5      (   0)

======================================================================================================================================================================================

0.37           0.5            1                   NNLO.QT-CS.42.RCA.QCD                                                 14124.9356 +-          2.6058
--------------------------------------------------------------------------------------------------------------------------------------------------------------------------------------
0.37           0.5            1                   gu_epvebb~d                                                            9331.9414 +-          1.8858        1.792       3      (   0)
0.37           0.5            1                   gd~_epvebb~u~                                                          3706.9471 +-          1.1076       0.6649       3      (   0)
0.37           0.5            1                   ud~_epvebb~g                                                           1086.0470 +-          1.4166       0.4211       5      (   0)

0.37           1              1                   NNLO.QT-CS.42.RCA.QCD                                                 9319.75065 +-         1.70942
--------------------------------------------------------------------------------------------------------------------------------------------------------------------------------------
0.37           1              1                   gu_epvebb~d                                                           6144.77404 +-         1.24446        1.799       3      (   0)
0.37           1              1                   gd~_epvebb~u~                                                         2425.31785 +-         0.72609       0.6498       3      (   0)
0.37           1              1                   ud~_epvebb~g                                                           749.65877 +-         0.91990       0.4278       5      (   0)

0.37           2              1                   NNLO.QT-CS.42.RCA.QCD                                                 6414.44420 +-         1.17287
--------------------------------------------------------------------------------------------------------------------------------------------------------------------------------------
0.37           2              1                   gu_epvebb~d                                                           4222.73994 +-         0.85840        1.800       3      (   0)
0.37           2              1                   gd~_epvebb~u~                                                         1657.69291 +-         0.49785       0.6404       3      (   0)
0.37           2              1                   ud~_epvebb~g                                                           534.01135 +-         0.62522       0.4365       5      (   0)

======================================================================================================================================================================================

0.38           0.5            1                   NNLO.QT-CS.42.RCA.QCD                                                 14109.2655 +-          2.5946
--------------------------------------------------------------------------------------------------------------------------------------------------------------------------------------
0.38           0.5            1                   gu_epvebb~d                                                            9309.7522 +-          1.8802        1.821       3      (   0)
0.38           0.5            1                   gd~_epvebb~u~                                                          3695.2145 +-          1.1050       0.6713       3      (   0)
0.38           0.5            1                   ud~_epvebb~g                                                           1104.2988 +-          1.4057       0.3502       5      (   0)

0.38           1              1                   NNLO.QT-CS.42.RCA.QCD                                                 9308.84595 +-         1.70226
--------------------------------------------------------------------------------------------------------------------------------------------------------------------------------------
0.38           1              1                   gu_epvebb~d                                                           6130.30956 +-         1.24084        1.819       3      (   0)
0.38           1              1                   gd~_epvebb~u~                                                         2417.71605 +-         0.72442       0.6575       3      (   0)
0.38           1              1                   ud~_epvebb~g                                                           760.82034 +-         0.91282       0.3479       5      (   0)

0.38           2              1                   NNLO.QT-CS.42.RCA.QCD                                                 6406.62670 +-         1.16803
--------------------------------------------------------------------------------------------------------------------------------------------------------------------------------------
0.38           2              1                   gu_epvebb~d                                                           4212.88267 +-         0.85594        1.813       3      (   0)
0.38           2              1                   gd~_epvebb~u~                                                         1652.53929 +-         0.49673       0.6489       3      (   0)
0.38           2              1                   ud~_epvebb~g                                                           541.20474 +-         0.62043       0.3490       5      (   0)

======================================================================================================================================================================================

0.39           0.5            1                   NNLO.QT-CS.42.RCA.QCD                                                 14093.7325 +-          2.5841
--------------------------------------------------------------------------------------------------------------------------------------------------------------------------------------
0.39           0.5            1                   gu_epvebb~d                                                            9288.3046 +-          1.8751        2.140       3      (   0)
0.39           0.5            1                   gd~_epvebb~u~                                                          3683.7672 +-          1.1024       0.7211       3      (   0)
0.39           0.5            1                   ud~_epvebb~g                                                           1121.6607 +-          1.3950       0.3933       5      (   0)

0.39           1              1                   NNLO.QT-CS.42.RCA.QCD                                                 9298.05758 +-         1.69549
--------------------------------------------------------------------------------------------------------------------------------------------------------------------------------------
0.39           1              1                   gu_epvebb~d                                                           6116.33068 +-         1.23756        2.133       3      (   0)
0.39           1              1                   gd~_epvebb~u~                                                         2410.29838 +-         0.72283       0.7067       3      (   0)
0.39           1              1                   ud~_epvebb~g                                                           771.42851 +-         0.90591       0.3903       5      (   0)

0.39           2              1                   NNLO.QT-CS.42.RCA.QCD                                                 6398.90394 +-         1.16350
--------------------------------------------------------------------------------------------------------------------------------------------------------------------------------------
0.39           2              1                   gu_epvebb~d                                                           4203.35773 +-         0.85374        2.121       3      (   0)
0.39           2              1                   gd~_epvebb~u~                                                         1647.51019 +-         0.49568       0.6971       3      (   0)
0.39           2              1                   ud~_epvebb~g                                                           548.03602 +-         0.61575       0.3908       5      (   0)

======================================================================================================================================================================================

0.4            0.5            1                   NNLO.QT-CS.42.RCA.QCD                                                 14077.2867 +-          2.5737
--------------------------------------------------------------------------------------------------------------------------------------------------------------------------------------
0.4            0.5            1                   gu_epvebb~d                                                            9266.8565 +-          1.8700        2.238       3      (   0)
0.4            0.5            1                   gd~_epvebb~u~                                                          3672.4291 +-          1.0998       0.7608       3      (   0)
0.4            0.5            1                   ud~_epvebb~g                                                           1138.0011 +-          1.3847       0.4157       5      (   0)

0.4            1              1                   NNLO.QT-CS.42.RCA.QCD                                                 9286.70014 +-         1.68889
--------------------------------------------------------------------------------------------------------------------------------------------------------------------------------------
0.4            1              1                   gu_epvebb~d                                                           6102.35309 +-         1.23435        2.222       3      (   0)
0.4            1              1                   gd~_epvebb~u~                                                         2402.95114 +-         0.72116       0.7498       3      (   0)
0.4            1              1                   ud~_epvebb~g                                                           781.39590 +-         0.89925       0.4098       5      (   0)

0.4            2              1                   NNLO.QT-CS.42.RCA.QCD                                                 6390.80780 +-         1.15907
--------------------------------------------------------------------------------------------------------------------------------------------------------------------------------------
0.4            2              1                   gu_epvebb~d                                                           4193.83466 +-         0.85161        2.203       3      (   0)
0.4            2              1                   gd~_epvebb~u~                                                         1642.52854 +-         0.49457       0.7427       3      (   0)
0.4            2              1                   ud~_epvebb~g                                                           554.44460 +-         0.61124       0.4077       5      (   0)

======================================================================================================================================================================================

0.41           0.5            1                   NNLO.QT-CS.42.RCA.QCD                                                 14061.2054 +-          2.5636
--------------------------------------------------------------------------------------------------------------------------------------------------------------------------------------
0.41           0.5            1                   gu_epvebb~d                                                            9246.0918 +-          1.8651        2.243       3      (   0)
0.41           0.5            1                   gd~_epvebb~u~                                                          3661.5296 +-          1.0973       0.8261       3      (   0)
0.41           0.5            1                   ud~_epvebb~g                                                           1153.5840 +-          1.3746       0.4273       5      (   0)

0.41           1              1                   NNLO.QT-CS.42.RCA.QCD                                                 9275.58741 +-         1.68242
--------------------------------------------------------------------------------------------------------------------------------------------------------------------------------------
0.41           1              1                   gu_epvebb~d                                                           6088.81409 +-         1.23122        2.220       3      (   0)
0.41           1              1                   gd~_epvebb~u~                                                         2395.88728 +-         0.71954       0.8120       3      (   0)
0.41           1              1                   ud~_epvebb~g                                                           790.88604 +-         0.89270       0.4155       5      (   0)

0.41           2              1                   NNLO.QT-CS.42.RCA.QCD                                                 6382.88250 +-         1.15473
--------------------------------------------------------------------------------------------------------------------------------------------------------------------------------------
0.41           2              1                   gu_epvebb~d                                                           4184.60646 +-         0.84951        2.194       3      (   0)
0.41           2              1                   gd~_epvebb~u~                                                         1637.73849 +-         0.49347       0.8024       3      (   0)
0.41           2              1                   ud~_epvebb~g                                                           560.53754 +-         0.60680       0.4088       5      (   0)

======================================================================================================================================================================================

0.42           0.5            1                   NNLO.QT-CS.42.RCA.QCD                                                 14044.3518 +-          2.5536
--------------------------------------------------------------------------------------------------------------------------------------------------------------------------------------
0.42           0.5            1                   gu_epvebb~d                                                            9225.4516 +-          1.8599        2.312       3      (   0)
0.42           0.5            1                   gd~_epvebb~u~                                                          3650.8025 +-          1.0949        1.032       3      (   0)
0.42           0.5            1                   ud~_epvebb~g                                                           1168.0977 +-          1.3649       0.4226       5      (   0)

0.42           1              1                   NNLO.QT-CS.42.RCA.QCD                                                 9263.99319 +-         1.67600
--------------------------------------------------------------------------------------------------------------------------------------------------------------------------------------
0.42           1              1                   gu_epvebb~d                                                           6075.34840 +-         1.22788        2.281       3      (   0)
0.42           1              1                   gd~_epvebb~u~                                                         2388.93435 +-         0.71802        1.010       3      (   0)
0.42           1              1                   ud~_epvebb~g                                                           799.71045 +-         0.88642       0.4117       5      (   0)

0.42           2              1                   NNLO.QT-CS.42.RCA.QCD                                                 6374.64048 +-         1.15039
--------------------------------------------------------------------------------------------------------------------------------------------------------------------------------------
0.42           2              1                   gu_epvebb~d                                                           4175.42305 +-         0.84725        2.248       3      (   0)
0.42           2              1                   gd~_epvebb~u~                                                         1633.02331 +-         0.49246       0.9946       3      (   0)
0.42           2              1                   ud~_epvebb~g                                                           566.19412 +-         0.60255       0.4052       5      (   0)

======================================================================================================================================================================================

0.43           0.5            1                   NNLO.QT-CS.42.RCA.QCD                                                 14027.3374 +-          2.5441
--------------------------------------------------------------------------------------------------------------------------------------------------------------------------------------
0.43           0.5            1                   gu_epvebb~d                                                            9205.4508 +-          1.8552        2.386       3      (   0)
0.43           0.5            1                   gd~_epvebb~u~                                                          3640.3584 +-          1.0926        1.002       3      (   0)
0.43           0.5            1                   ud~_epvebb~g                                                           1181.5282 +-          1.3554       0.4066       5      (   0)

0.43           1              1                   NNLO.QT-CS.42.RCA.QCD                                                 9252.32102 +-         1.66992
--------------------------------------------------------------------------------------------------------------------------------------------------------------------------------------
0.43           1              1                   gu_epvebb~d                                                           6062.30575 +-         1.22488        2.357       3      (   0)
0.43           1              1                   gd~_epvebb~u~                                                         2382.16489 +-         0.71655       0.9848       3      (   0)
0.43           1              1                   ud~_epvebb~g                                                           807.85037 +-         0.88026       0.3937       5      (   0)

0.43           2              1                   NNLO.QT-CS.42.RCA.QCD                                                 6366.36088 +-         1.14630
--------------------------------------------------------------------------------------------------------------------------------------------------------------------------------------
0.43           2              1                   gu_epvebb~d                                                           4166.53202 +-         0.84524        2.325       3      (   0)
0.43           2              1                   gd~_epvebb~u~                                                         1628.43258 +-         0.49148       0.9724       3      (   0)
0.43           2              1                   ud~_epvebb~g                                                           571.39628 +-         0.59836       0.3855       5      (   0)

======================================================================================================================================================================================

0.44           0.5            1                   NNLO.QT-CS.42.RCA.QCD                                                 14010.3218 +-          2.5350
--------------------------------------------------------------------------------------------------------------------------------------------------------------------------------------
0.44           0.5            1                   gu_epvebb~d                                                            9185.8484 +-          1.8507        2.439       3      (   0)
0.44           0.5            1                   gd~_epvebb~u~                                                          3630.1773 +-          1.0903        1.076       3      (   0)
0.44           0.5            1                   ud~_epvebb~g                                                           1194.2961 +-          1.3462       0.3526       5      (   0)

0.44           1              1                   NNLO.QT-CS.42.RCA.QCD                                                 9240.67027 +-         1.66406
--------------------------------------------------------------------------------------------------------------------------------------------------------------------------------------
0.44           1              1                   gu_epvebb~d                                                           6049.52759 +-         1.22201        2.399       3      (   0)
0.44           1              1                   gd~_epvebb~u~                                                         2375.56655 +-         0.71512        1.054       3      (   0)
0.44           1              1                   ud~_epvebb~g                                                           815.57613 +-         0.87429       0.3402       5      (   0)

0.44           2              1                   NNLO.QT-CS.42.RCA.QCD                                                 6358.10851 +-         1.14237
--------------------------------------------------------------------------------------------------------------------------------------------------------------------------------------
0.44           2              1                   gu_epvebb~d                                                           4157.82397 +-         0.84332        2.358       3      (   0)
0.44           2              1                   gd~_epvebb~u~                                                         1623.95818 +-         0.49053        1.037       3      (   0)
0.44           2              1                   ud~_epvebb~g                                                           576.32636 +-         0.59432       0.3324       5      (   0)

======================================================================================================================================================================================

0.45           0.5            1                   NNLO.QT-CS.42.RCA.QCD                                                 13993.4094 +-          2.5260
--------------------------------------------------------------------------------------------------------------------------------------------------------------------------------------
0.45           0.5            1                   gu_epvebb~d                                                            9166.6990 +-          1.8462        2.493       3      (   0)
0.45           0.5            1                   gd~_epvebb~u~                                                          3620.1708 +-          1.0880        1.067       3      (   0)
0.45           0.5            1                   ud~_epvebb~g                                                           1206.5396 +-          1.3372       0.3786       5      (   0)

0.45           1              1                   NNLO.QT-CS.42.RCA.QCD                                                 9229.10437 +-         1.65831
--------------------------------------------------------------------------------------------------------------------------------------------------------------------------------------
0.45           1              1                   gu_epvebb~d                                                           6037.04297 +-         1.21917        2.458       3      (   0)
0.45           1              1                   gd~_epvebb~u~                                                         2369.08114 +-         0.71366        1.044       3      (   0)
0.45           1              1                   ud~_epvebb~g                                                           822.98026 +-         0.86851       0.3670       5      (   0)

0.45           2              1                   NNLO.QT-CS.42.RCA.QCD                                                 6349.92369 +-         1.13852
--------------------------------------------------------------------------------------------------------------------------------------------------------------------------------------
0.45           2              1                   gu_epvebb~d                                                           4149.31490 +-         0.84142        2.422       3      (   0)
0.45           2              1                   gd~_epvebb~u~                                                         1619.56020 +-         0.48955        1.026       3      (   0)
0.45           2              1                   ud~_epvebb~g                                                           581.04859 +-         0.59040       0.3599       5      (   0)

======================================================================================================================================================================================

0.46           0.5            1                   NNLO.QT-CS.42.RCA.QCD                                                 13976.1070 +-          2.5172
--------------------------------------------------------------------------------------------------------------------------------------------------------------------------------------
0.46           0.5            1                   gu_epvebb~d                                                            9147.6736 +-          1.8419        2.465       3      (   0)
0.46           0.5            1                   gd~_epvebb~u~                                                          3610.4362 +-          1.0857       0.9029       3      (   0)
0.46           0.5            1                   ud~_epvebb~g                                                           1217.9971 +-          1.3285       0.3323       5      (   0)

0.46           1              1                   NNLO.QT-CS.42.RCA.QCD                                                 9217.29729 +-         1.65272
--------------------------------------------------------------------------------------------------------------------------------------------------------------------------------------
0.46           1              1                   gu_epvebb~d                                                           6024.63618 +-         1.21643        2.430       3      (   0)
0.46           1              1                   gd~_epvebb~u~                                                         2362.76869 +-         0.71220       0.8892       3      (   0)
0.46           1              1                   ud~_epvebb~g                                                           829.89242 +-         0.86287       0.3202       5      (   0)

0.46           2              1                   NNLO.QT-CS.42.RCA.QCD                                                 6341.58174 +-         1.13476
--------------------------------------------------------------------------------------------------------------------------------------------------------------------------------------
0.46           2              1                   gu_epvebb~d                                                           4140.85703 +-         0.83959        2.394       3      (   0)
0.46           2              1                   gd~_epvebb~u~                                                         1615.27762 +-         0.48857       0.8797       3      (   0)
0.46           2              1                   ud~_epvebb~g                                                           585.44710 +-         0.58657       0.3126       5      (   0)

======================================================================================================================================================================================

0.47           0.5            1                   NNLO.QT-CS.42.RCA.QCD                                                 13958.5450 +-          2.5087
--------------------------------------------------------------------------------------------------------------------------------------------------------------------------------------
0.47           0.5            1                   gu_epvebb~d                                                            9128.9686 +-          1.8377        2.267       3      (   0)
0.47           0.5            1                   gd~_epvebb~u~                                                          3600.6563 +-          1.0835       0.9439       3      (   0)
0.47           0.5            1                   ud~_epvebb~g                                                           1228.9201 +-          1.3201       0.3768       5      (   0)

0.47           1              1                   NNLO.QT-CS.42.RCA.QCD                                                 9205.33789 +-         1.64727
--------------------------------------------------------------------------------------------------------------------------------------------------------------------------------------
0.47           1              1                   gu_epvebb~d                                                           6012.43315 +-         1.21371        2.243       3      (   0)
0.47           1              1                   gd~_epvebb~u~                                                         2356.43047 +-         0.71080       0.9365       3      (   0)
0.47           1              1                   ud~_epvebb~g                                                           836.47427 +-         0.85742       0.3599       5      (   0)

0.47           2              1                   NNLO.QT-CS.42.RCA.QCD                                                 6333.14559 +-         1.13111
--------------------------------------------------------------------------------------------------------------------------------------------------------------------------------------
0.47           2              1                   gu_epvebb~d                                                           4132.53510 +-         0.83777        2.216       3      (   0)
0.47           2              1                   gd~_epvebb~u~                                                         1610.97972 +-         0.48764       0.9318       3      (   0)
0.47           2              1                   ud~_epvebb~g                                                           589.63076 +-         0.58288       0.3483       5      (   0)

======================================================================================================================================================================================

0.48           0.5            1                   NNLO.QT-CS.42.RCA.QCD                                                 13940.9169 +-          2.5003
--------------------------------------------------------------------------------------------------------------------------------------------------------------------------------------
0.48           0.5            1                   gu_epvebb~d                                                            9110.5943 +-          1.8335        2.307       3      (   0)
0.48           0.5            1                   gd~_epvebb~u~                                                          3591.1361 +-          1.0814       0.9523       3      (   0)
0.48           0.5            1                   ud~_epvebb~g                                                           1239.1864 +-          1.3118       0.3898       5      (   0)

0.48           1              1                   NNLO.QT-CS.42.RCA.QCD                                                 9193.34140 +-         1.64190
--------------------------------------------------------------------------------------------------------------------------------------------------------------------------------------
0.48           1              1                   gu_epvebb~d                                                           6000.44570 +-         1.21102        2.287       3      (   0)
0.48           1              1                   gd~_epvebb~u~                                                         2350.25706 +-         0.70943       0.9413       3      (   0)
0.48           1              1                   ud~_epvebb~g                                                           842.63865 +-         0.85204       0.3690       5      (   0)

0.48           2              1                   NNLO.QT-CS.42.RCA.QCD                                                 6324.68721 +-         1.12750
--------------------------------------------------------------------------------------------------------------------------------------------------------------------------------------
0.48           2              1                   gu_epvebb~d                                                           4124.35998 +-         0.83597        2.263       3      (   0)
0.48           2              1                   gd~_epvebb~u~                                                         1606.79143 +-         0.48672       0.9333       3      (   0)
0.48           2              1                   ud~_epvebb~g                                                           593.53580 +-         0.57924       0.3541       5      (   0)

======================================================================================================================================================================================

0.49           0.5            1                   NNLO.QT-CS.42.RCA.QCD                                                 13923.2998 +-          2.4923
--------------------------------------------------------------------------------------------------------------------------------------------------------------------------------------
0.49           0.5            1                   gu_epvebb~d                                                            9092.5854 +-          1.8294        2.526       3      (   0)
0.49           0.5            1                   gd~_epvebb~u~                                                          3581.7676 +-          1.0793       0.8871       3      (   0)
0.49           0.5            1                   ud~_epvebb~g                                                           1248.9468 +-          1.3037       0.5153       5      (   0)

0.49           1              1                   NNLO.QT-CS.42.RCA.QCD                                                 9181.37011 +-         1.63674
--------------------------------------------------------------------------------------------------------------------------------------------------------------------------------------
0.49           1              1                   gu_epvebb~d                                                           5988.69633 +-         1.20844        2.495       3      (   0)
0.49           1              1                   gd~_epvebb~u~                                                         2344.18233 +-         0.70813       0.8760       3      (   0)
0.49           1              1                   ud~_epvebb~g                                                           848.49146 +-         0.84685       0.4892       5      (   0)

0.49           2              1                   NNLO.QT-CS.42.RCA.QCD                                                 6316.25605 +-         1.12404
--------------------------------------------------------------------------------------------------------------------------------------------------------------------------------------
0.49           2              1                   gu_epvebb~d                                                           4116.34698 +-         0.83423        2.462       3      (   0)
0.49           2              1                   gd~_epvebb~u~                                                         1602.67040 +-         0.48586       0.8680       3      (   0)
0.49           2              1                   ud~_epvebb~g                                                           597.23867 +-         0.57572       0.4701       5      (   0)

======================================================================================================================================================================================

0.5            0.5            1                   NNLO.QT-CS.42.RCA.QCD                                                 13906.0186 +-          2.4844
--------------------------------------------------------------------------------------------------------------------------------------------------------------------------------------
0.5            0.5            1                   gu_epvebb~d                                                            9075.0115 +-          1.8255        2.532       3      (   0)
0.5            0.5            1                   gd~_epvebb~u~                                                          3572.7521 +-          1.0773       0.9386       3      (   0)
0.5            0.5            1                   ud~_epvebb~g                                                           1258.2550 +-          1.2959       0.5089       5      (   0)

0.5            1              1                   NNLO.QT-CS.42.RCA.QCD                                                 9169.62588 +-         1.63173
--------------------------------------------------------------------------------------------------------------------------------------------------------------------------------------
0.5            1              1                   gu_epvebb~d                                                           5977.22611 +-         1.20592        2.510       3      (   0)
0.5            1              1                   gd~_epvebb~u~                                                         2338.33864 +-         0.70688       0.9245       3      (   0)
0.5            1              1                   ud~_epvebb~g                                                           854.06113 +-         0.84181       0.4814       5      (   0)

0.5            2              1                   NNLO.QT-CS.42.RCA.QCD                                                 6307.98420 +-         1.12068
--------------------------------------------------------------------------------------------------------------------------------------------------------------------------------------
0.5            2              1                   gu_epvebb~d                                                           4108.52173 +-         0.83255        2.483       3      (   0)
0.5            2              1                   gd~_epvebb~u~                                                         1598.70724 +-         0.48503       0.9137       3      (   0)
0.5            2              1                   ud~_epvebb~g                                                           600.75522 +-         0.57230       0.4617       5      (   0)

======================================================================================================================================================================================

0.51           0.5            1                   NNLO.QT-CS.42.RCA.QCD                                                 13888.2189 +-          2.4767
--------------------------------------------------------------------------------------------------------------------------------------------------------------------------------------
0.51           0.5            1                   gu_epvebb~d                                                            9057.3277 +-          1.8215        2.731       3      (   0)
0.51           0.5            1                   gd~_epvebb~u~                                                          3563.9428 +-          1.0754       0.7609       3      (   0)
0.51           0.5            1                   ud~_epvebb~g                                                           1266.9485 +-          1.2883       0.4741       5      (   0)

0.51           1              1                   NNLO.QT-CS.42.RCA.QCD                                                 9157.56484 +-         1.62677
--------------------------------------------------------------------------------------------------------------------------------------------------------------------------------------
0.51           1              1                   gu_epvebb~d                                                           5965.68950 +-         1.20338        2.705       3      (   0)
0.51           1              1                   gd~_epvebb~u~                                                         2332.62550 +-         0.70562       0.7483       3      (   0)
0.51           1              1                   ud~_epvebb~g                                                           859.24984 +-         0.83687       0.4429       5      (   0)

0.51           2              1                   NNLO.QT-CS.42.RCA.QCD                                                 6299.50829 +-         1.11734
--------------------------------------------------------------------------------------------------------------------------------------------------------------------------------------
0.51           2              1                   gu_epvebb~d                                                           4100.65419 +-         0.83084        2.675       3      (   0)
0.51           2              1                   gd~_epvebb~u~                                                         1594.83081 +-         0.48418       0.7387       3      (   0)
0.51           2              1                   ud~_epvebb~g                                                           604.02330 +-         0.56896       0.4202       5      (   0)

======================================================================================================================================================================================

0.52           0.5            1                   NNLO.QT-CS.42.RCA.QCD                                                 13870.5846 +-          2.4691
--------------------------------------------------------------------------------------------------------------------------------------------------------------------------------------
0.52           0.5            1                   gu_epvebb~d                                                            9040.1971 +-          1.8176        2.780       3      (   0)
0.52           0.5            1                   gd~_epvebb~u~                                                          3555.1811 +-          1.0735       0.7037       3      (   0)
0.52           0.5            1                   ud~_epvebb~g                                                           1275.2064 +-          1.2807       0.4381       5      (   0)

0.52           1              1                   NNLO.QT-CS.42.RCA.QCD                                                 9145.60954 +-         1.62189
--------------------------------------------------------------------------------------------------------------------------------------------------------------------------------------
0.52           1              1                   gu_epvebb~d                                                           5954.50473 +-         1.20089        2.748       3      (   0)
0.52           1              1                   gd~_epvebb~u~                                                         2326.94416 +-         0.70442       0.6922       3      (   0)
0.52           1              1                   ud~_epvebb~g                                                           864.16064 +-         0.83198       0.4065       5      (   0)

0.52           2              1                   NNLO.QT-CS.42.RCA.QCD                                                 6291.10312 +-         1.11405
--------------------------------------------------------------------------------------------------------------------------------------------------------------------------------------
0.52           2              1                   gu_epvebb~d                                                           4093.02132 +-         0.82916        2.713       3      (   0)
0.52           2              1                   gd~_epvebb~u~                                                         1590.97644 +-         0.48338       0.6838       3      (   0)
0.52           2              1                   ud~_epvebb~g                                                           607.10536 +-         0.56565       0.3832       5      (   0)

======================================================================================================================================================================================

0.53           0.5            1                   NNLO.QT-CS.42.RCA.QCD                                                 13852.6074 +-          2.4617
--------------------------------------------------------------------------------------------------------------------------------------------------------------------------------------
0.53           0.5            1                   gu_epvebb~d                                                            9023.1697 +-          1.8139        2.904       3      (   0)
0.53           0.5            1                   gd~_epvebb~u~                                                          3546.4786 +-          1.0716       0.6377       3      (   0)
0.53           0.5            1                   ud~_epvebb~g                                                           1282.9591 +-          1.2734       0.6084       5      (   0)

0.53           1              1                   NNLO.QT-CS.42.RCA.QCD                                                 9133.46194 +-         1.61718
--------------------------------------------------------------------------------------------------------------------------------------------------------------------------------------
0.53           1              1                   gu_epvebb~d                                                           5943.39367 +-         1.19851        2.870       3      (   0)
0.53           1              1                   gd~_epvebb~u~                                                         2321.30483 +-         0.70324       0.6248       3      (   0)
0.53           1              1                   ud~_epvebb~g                                                           868.76343 +-         0.82722       0.5754       5      (   0)

0.53           2              1                   NNLO.QT-CS.42.RCA.QCD                                                 6282.58451 +-         1.11089
--------------------------------------------------------------------------------------------------------------------------------------------------------------------------------------
0.53           2              1                   gu_epvebb~d                                                           4085.44240 +-         0.82756        2.834       3      (   0)
0.53           2              1                   gd~_epvebb~u~                                                         1587.15271 +-         0.48259       0.6154       3      (   0)
0.53           2              1                   ud~_epvebb~g                                                           609.98940 +-         0.56242       0.5508       5      (   0)

======================================================================================================================================================================================

0.54           0.5            1                   NNLO.QT-CS.42.RCA.QCD                                                 13835.1121 +-          2.4544
--------------------------------------------------------------------------------------------------------------------------------------------------------------------------------------
0.54           0.5            1                   gu_epvebb~d                                                            9006.6575 +-          1.8102        3.008       3      (   0)
0.54           0.5            1                   gd~_epvebb~u~                                                          3537.9467 +-          1.0698       0.6433       3      (   0)
0.54           0.5            1                   ud~_epvebb~g                                                           1290.5080 +-          1.2661       0.6464       5      (   0)

0.54           1              1                   NNLO.QT-CS.42.RCA.QCD                                                 9121.62451 +-         1.61252
--------------------------------------------------------------------------------------------------------------------------------------------------------------------------------------
0.54           1              1                   gu_epvebb~d                                                           5932.60990 +-         1.19615        2.969       3      (   0)
0.54           1              1                   gd~_epvebb~u~                                                         2315.77502 +-         0.70208       0.6246       3      (   0)
0.54           1              1                   ud~_epvebb~g                                                           873.23959 +-         0.82251       0.6032       5      (   0)

0.54           2              1                   NNLO.QT-CS.42.RCA.QCD                                                 6274.27489 +-         1.10776
--------------------------------------------------------------------------------------------------------------------------------------------------------------------------------------
0.54           2              1                   gu_epvebb~d                                                           4078.08164 +-         0.82598        2.927       3      (   0)
0.54           2              1                   gd~_epvebb~u~                                                         1583.40263 +-         0.48183       0.6106       3      (   0)
0.54           2              1                   ud~_epvebb~g                                                           612.79063 +-         0.55923       0.5701       5      (   0)

======================================================================================================================================================================================

0.55           0.5            1                   NNLO.QT-CS.42.RCA.QCD                                                 13817.1414 +-          2.4474
--------------------------------------------------------------------------------------------------------------------------------------------------------------------------------------
0.55           0.5            1                   gu_epvebb~d                                                            8990.0745 +-          1.8066        3.006       3      (   0)
0.55           0.5            1                   gd~_epvebb~u~                                                          3529.5198 +-          1.0679       0.7619       3      (   0)
0.55           0.5            1                   ud~_epvebb~g                                                           1297.5471 +-          1.2591       0.7234       5      (   0)

0.55           1              1                   NNLO.QT-CS.42.RCA.QCD                                                 9109.49852 +-         1.60803
--------------------------------------------------------------------------------------------------------------------------------------------------------------------------------------
0.55           1              1                   gu_epvebb~d                                                           5921.78533 +-         1.19388        2.967       3      (   0)
0.55           1              1                   gd~_epvebb~u~                                                         2310.31143 +-         0.70091       0.7390       3      (   0)
0.55           1              1                   ud~_epvebb~g                                                           877.40177 +-         0.81801       0.6761       5      (   0)

0.55           2              1                   NNLO.QT-CS.42.RCA.QCD                                                 6265.78079 +-         1.10475
--------------------------------------------------------------------------------------------------------------------------------------------------------------------------------------
0.55           2              1                   gu_epvebb~d                                                           4070.69620 +-         0.82446        2.926       3      (   0)
0.55           2              1                   gd~_epvebb~u~                                                         1579.69637 +-         0.48104       0.7212       3      (   0)
0.55           2              1                   ud~_epvebb~g                                                           615.38822 +-         0.55619       0.6398       5      (   0)

======================================================================================================================================================================================

0.56           0.5            1                   NNLO.QT-CS.42.RCA.QCD                                                 13799.1502 +-          2.4404
--------------------------------------------------------------------------------------------------------------------------------------------------------------------------------------
0.56           0.5            1                   gu_epvebb~d                                                            8973.8022 +-          1.8030        3.262       3      (   0)
0.56           0.5            1                   gd~_epvebb~u~                                                          3521.3179 +-          1.0662       0.8964       3      (   0)
0.56           0.5            1                   ud~_epvebb~g                                                           1304.0301 +-          1.2522       0.7836       5      (   0)

0.56           1              1                   NNLO.QT-CS.42.RCA.QCD                                                 9097.36278 +-         1.60355
--------------------------------------------------------------------------------------------------------------------------------------------------------------------------------------
0.56           1              1                   gu_epvebb~d                                                           5911.15904 +-         1.19158        3.215       3      (   0)
0.56           1              1                   gd~_epvebb~u~                                                         2304.99134 +-         0.69979       0.8686       3      (   0)
0.56           1              1                   ud~_epvebb~g                                                           881.21240 +-         0.81351       0.7393       5      (   0)

0.56           2              1                   NNLO.QT-CS.42.RCA.QCD                                                 6257.28175 +-         1.10174
--------------------------------------------------------------------------------------------------------------------------------------------------------------------------------------
0.56           2              1                   gu_epvebb~d                                                           4063.44320 +-         0.82291        3.167       3      (   0)
0.56           2              1                   gd~_epvebb~u~                                                         1576.08626 +-         0.48029       0.8467       3      (   0)
0.56           2              1                   ud~_epvebb~g                                                           617.75229 +-         0.55314       0.7053       5      (   0)

======================================================================================================================================================================================

0.57           0.5            1                   NNLO.QT-CS.42.RCA.QCD                                                 13781.1424 +-          2.4336
--------------------------------------------------------------------------------------------------------------------------------------------------------------------------------------
0.57           0.5            1                   gu_epvebb~d                                                            8957.6203 +-          1.7996        3.409       3      (   0)
0.57           0.5            1                   gd~_epvebb~u~                                                          3513.1366 +-          1.0644       0.8401       3      (   0)
0.57           0.5            1                   ud~_epvebb~g                                                           1310.3854 +-          1.2455       0.8860       5      (   0)

0.57           1              1                   NNLO.QT-CS.42.RCA.QCD                                                 9085.22611 +-         1.59919
--------------------------------------------------------------------------------------------------------------------------------------------------------------------------------------
0.57           1              1                   gu_epvebb~d                                                           5900.59586 +-         1.18935        3.352       3      (   0)
0.57           1              1                   gd~_epvebb~u~                                                         2299.68446 +-         0.69866       0.8155       3      (   0)
0.57           1              1                   ud~_epvebb~g                                                           884.94579 +-         0.80916       0.8331       5      (   0)

0.57           2              1                   NNLO.QT-CS.42.RCA.QCD                                                 6248.78779 +-         1.09881
--------------------------------------------------------------------------------------------------------------------------------------------------------------------------------------
0.57           2              1                   gu_epvebb~d                                                           4056.23575 +-         0.82142        3.294       3      (   0)
0.57           2              1                   gd~_epvebb~u~                                                         1572.48488 +-         0.47954       0.7961       3      (   0)
0.57           2              1                   ud~_epvebb~g                                                           620.06716 +-         0.55019       0.7918       5      (   0)

======================================================================================================================================================================================

0.58           0.5            1                   NNLO.QT-CS.42.RCA.QCD                                                 13763.2335 +-          2.4270
--------------------------------------------------------------------------------------------------------------------------------------------------------------------------------------
0.58           0.5            1                   gu_epvebb~d                                                            8941.6867 +-          1.7961        3.347       3      (   0)
0.58           0.5            1                   gd~_epvebb~u~                                                          3505.0801 +-          1.0627       0.8153       3      (   0)
0.58           0.5            1                   ud~_epvebb~g                                                           1316.4668 +-          1.2389       0.7705       5      (   0)

0.58           1              1                   NNLO.QT-CS.42.RCA.QCD                                                 9073.16812 +-         1.59496
--------------------------------------------------------------------------------------------------------------------------------------------------------------------------------------
0.58           1              1                   gu_epvebb~d                                                           5890.19487 +-         1.18716        3.293       3      (   0)
0.58           1              1                   gd~_epvebb~u~                                                         2294.45982 +-         0.69757       0.7875       3      (   0)
0.58           1              1                   ud~_epvebb~g                                                           888.51344 +-         0.80495       0.7242       5      (   0)

0.58           2              1                   NNLO.QT-CS.42.RCA.QCD                                                 6240.35546 +-         1.09598
--------------------------------------------------------------------------------------------------------------------------------------------------------------------------------------
0.58           2              1                   gu_epvebb~d                                                           4049.13900 +-         0.81995        3.239       3      (   0)
0.58           2              1                   gd~_epvebb~u~                                                         1568.94006 +-         0.47882       0.7660       3      (   0)
0.58           2              1                   ud~_epvebb~g                                                           622.27640 +-         0.54734       0.6887       5      (   0)

======================================================================================================================================================================================

0.59           0.5            1                   NNLO.QT-CS.42.RCA.QCD                                                 13745.1256 +-          2.4204
--------------------------------------------------------------------------------------------------------------------------------------------------------------------------------------
0.59           0.5            1                   gu_epvebb~d                                                            8925.8082 +-          1.7927        3.340       3      (   0)
0.59           0.5            1                   gd~_epvebb~u~                                                          3497.1579 +-          1.0610       0.8364       3      (   0)
0.59           0.5            1                   ud~_epvebb~g                                                           1322.1595 +-          1.2325       0.7232       5      (   0)

0.59           1              1                   NNLO.QT-CS.42.RCA.QCD                                                 9060.98775 +-         1.59075
--------------------------------------------------------------------------------------------------------------------------------------------------------------------------------------
0.59           1              1                   gu_epvebb~d                                                           5879.82584 +-         1.18497        3.291       3      (   0)
0.59           1              1                   gd~_epvebb~u~                                                         2289.32046 +-         0.69647       0.8105       3      (   0)
0.59           1              1                   ud~_epvebb~g                                                           891.84145 +-         0.80078       0.6842       5      (   0)

0.59           2              1                   NNLO.QT-CS.42.RCA.QCD                                                 6231.84349 +-         1.09314
--------------------------------------------------------------------------------------------------------------------------------------------------------------------------------------
0.59           2              1                   gu_epvebb~d                                                           4042.06156 +-         0.81848        3.240       3      (   0)
0.59           2              1                   gd~_epvebb~u~                                                         1565.45195 +-         0.47808       0.7901       3      (   0)
0.59           2              1                   ud~_epvebb~g                                                           624.32998 +-         0.54451       0.6548       5      (   0)

======================================================================================================================================================================================

0.6            0.5            1                   NNLO.QT-CS.42.RCA.QCD                                                 13727.0324 +-          2.4138
--------------------------------------------------------------------------------------------------------------------------------------------------------------------------------------
0.6            0.5            1                   gu_epvebb~d                                                            8910.2212 +-          1.7892        3.490       3      (   0)
0.6            0.5            1                   gd~_epvebb~u~                                                          3489.3887 +-          1.0592       0.7858       3      (   0)
0.6            0.5            1                   ud~_epvebb~g                                                           1327.4225 +-          1.2260       0.6216       5      (   0)

0.6            1              1                   NNLO.QT-CS.42.RCA.QCD                                                 9048.82071 +-         1.58652
--------------------------------------------------------------------------------------------------------------------------------------------------------------------------------------
0.6            1              1                   gu_epvebb~d                                                           5869.64637 +-         1.18275        3.445       3      (   0)
0.6            1              1                   gd~_epvebb~u~                                                         2284.28126 +-         0.69538       0.7628       3      (   0)
0.6            1              1                   ud~_epvebb~g                                                           894.89308 +-         0.79661       0.5859       5      (   0)

0.6            2              1                   NNLO.QT-CS.42.RCA.QCD                                                 6223.34270 +-         1.09030
--------------------------------------------------------------------------------------------------------------------------------------------------------------------------------------
0.6            2              1                   gu_epvebb~d                                                           4035.11300 +-         0.81698        3.398       3      (   0)
0.6            2              1                   gd~_epvebb~u~                                                         1562.03237 +-         0.47735       0.7450       3      (   0)
0.6            2              1                   ud~_epvebb~g                                                           626.19733 +-         0.54169       0.5595       5      (   0)

======================================================================================================================================================================================

0.61           0.5            1                   NNLO.QT-CS.42.RCA.QCD                                                 13709.4716 +-          2.4075
--------------------------------------------------------------------------------------------------------------------------------------------------------------------------------------
0.61           0.5            1                   gu_epvebb~d                                                            8895.0006 +-          1.7859        3.531       3      (   0)
0.61           0.5            1                   gd~_epvebb~u~                                                          3481.7900 +-          1.0576       0.8356       3      (   0)
0.61           0.5            1                   ud~_epvebb~g                                                           1332.6810 +-          1.2198       0.7606       5      (   0)

0.61           1              1                   NNLO.QT-CS.42.RCA.QCD                                                 9037.00697 +-         1.58245
--------------------------------------------------------------------------------------------------------------------------------------------------------------------------------------
0.61           1              1                   gu_epvebb~d                                                           5859.70616 +-         1.18064        3.476       3      (   0)
0.61           1              1                   gd~_epvebb~u~                                                         2279.35035 +-         0.69433       0.8066       3      (   0)
0.61           1              1                   ud~_epvebb~g                                                           897.95045 +-         0.79255       0.7232       5      (   0)

0.61           2              1                   NNLO.QT-CS.42.RCA.QCD                                                 6215.08595 +-         1.08756
--------------------------------------------------------------------------------------------------------------------------------------------------------------------------------------
0.61           2              1                   gu_epvebb~d                                                           4028.32756 +-         0.81556        3.420       3      (   0)
0.61           2              1                   gd~_epvebb~u~                                                         1558.68501 +-         0.47664       0.7838       3      (   0)
0.61           2              1                   ud~_epvebb~g                                                           628.07337 +-         0.53894       0.6953       5      (   0)

======================================================================================================================================================================================

0.62           0.5            1                   NNLO.QT-CS.42.RCA.QCD                                                 13691.2491 +-          2.4013
--------------------------------------------------------------------------------------------------------------------------------------------------------------------------------------
0.62           0.5            1                   gu_epvebb~d                                                            8879.8289 +-          1.7827        3.394       3      (   0)
0.62           0.5            1                   gd~_epvebb~u~                                                          3474.2203 +-          1.0560       0.7720       3      (   0)
0.62           0.5            1                   ud~_epvebb~g                                                           1337.1999 +-          1.2137       0.7275       5      (   0)

0.62           1              1                   NNLO.QT-CS.42.RCA.QCD                                                 9024.77251 +-         1.57850
--------------------------------------------------------------------------------------------------------------------------------------------------------------------------------------
0.62           1              1                   gu_epvebb~d                                                           5849.79606 +-         1.17860        3.332       3      (   0)
0.62           1              1                   gd~_epvebb~u~                                                         2274.43899 +-         0.69329       0.7424       3      (   0)
0.62           1              1                   ud~_epvebb~g                                                           900.53747 +-         0.78861       0.6928       5      (   0)

0.62           2              1                   NNLO.QT-CS.42.RCA.QCD                                                 6206.54873 +-         1.08490
--------------------------------------------------------------------------------------------------------------------------------------------------------------------------------------
0.62           2              1                   gu_epvebb~d                                                           4021.56188 +-         0.81419        3.271       3      (   0)
0.62           2              1                   gd~_epvebb~u~                                                         1555.35127 +-         0.47595       0.7194       3      (   0)
0.62           2              1                   ud~_epvebb~g                                                           629.63558 +-         0.53627       0.6669       5      (   0)

======================================================================================================================================================================================

0.63           0.5            1                   NNLO.QT-CS.42.RCA.QCD                                                 13673.2470 +-          2.3952
--------------------------------------------------------------------------------------------------------------------------------------------------------------------------------------
0.63           0.5            1                   gu_epvebb~d                                                            8864.8829 +-          1.7795        3.385       3      (   0)
0.63           0.5            1                   gd~_epvebb~u~                                                          3466.7678 +-          1.0544       0.7827       3      (   0)
0.63           0.5            1                   ud~_epvebb~g                                                           1341.5963 +-          1.2077       0.7327       5      (   0)

0.63           1              1                   NNLO.QT-CS.42.RCA.QCD                                                 9012.69062 +-         1.57459
--------------------------------------------------------------------------------------------------------------------------------------------------------------------------------------
0.63           1              1                   gu_epvebb~d                                                           5840.03582 +-         1.17655        3.322       3      (   0)
0.63           1              1                   gd~_epvebb~u~                                                         2269.60344 +-         0.69226       0.7565       3      (   0)
0.63           1              1                   ud~_epvebb~g                                                           903.05136 +-         0.78476       0.7028       5      (   0)

0.63           2              1                   NNLO.QT-CS.42.RCA.QCD                                                 6198.12040 +-         1.08228
--------------------------------------------------------------------------------------------------------------------------------------------------------------------------------------
0.63           2              1                   gu_epvebb~d                                                           4014.89985 +-         0.81281        3.260       3      (   0)
0.63           2              1                   gd~_epvebb~u~                                                         1552.06881 +-         0.47526       0.7361       3      (   0)
0.63           2              1                   ud~_epvebb~g                                                           631.15174 +-         0.53365       0.6810       5      (   0)

======================================================================================================================================================================================

0.64           0.5            1                   NNLO.QT-CS.42.RCA.QCD                                                 13655.0135 +-          2.3893
--------------------------------------------------------------------------------------------------------------------------------------------------------------------------------------
0.64           0.5            1                   gu_epvebb~d                                                            8850.0323 +-          1.7765        3.225       3      (   0)
0.64           0.5            1                   gd~_epvebb~u~                                                          3459.3200 +-          1.0527       0.8477       3      (   0)
0.64           0.5            1                   ud~_epvebb~g                                                           1345.6612 +-          1.2019       0.6182       5      (   0)

0.64           1              1                   NNLO.QT-CS.42.RCA.QCD                                                 9000.46320 +-         1.57078
--------------------------------------------------------------------------------------------------------------------------------------------------------------------------------------
0.64           1              1                   gu_epvebb~d                                                           5830.33214 +-         1.17458        3.159       3      (   0)
0.64           1              1                   gd~_epvebb~u~                                                         2264.77135 +-         0.69124       0.8252       3      (   0)
0.64           1              1                   ud~_epvebb~g                                                           905.35972 +-         0.78096       0.5972       5      (   0)

0.64           2              1                   NNLO.QT-CS.42.RCA.QCD                                                 6189.59596 +-         1.07971
--------------------------------------------------------------------------------------------------------------------------------------------------------------------------------------
0.64           2              1                   gu_epvebb~d                                                           4008.27328 +-         0.81148        3.093       3      (   0)
0.64           2              1                   gd~_epvebb~u~                                                         1548.78905 +-         0.47457       0.8076       3      (   0)
0.64           2              1                   ud~_epvebb~g                                                           632.53363 +-         0.53108       0.5829       5      (   0)

======================================================================================================================================================================================

0.65           0.5            1                   NNLO.QT-CS.42.RCA.QCD                                                 13637.3657 +-          2.3834
--------------------------------------------------------------------------------------------------------------------------------------------------------------------------------------
0.65           0.5            1                   gu_epvebb~d                                                            8835.5267 +-          1.7734        2.912       3      (   0)
0.65           0.5            1                   gd~_epvebb~u~                                                          3452.2286 +-          1.0512       0.9471       3      (   0)
0.65           0.5            1                   ud~_epvebb~g                                                           1349.6105 +-          1.1961       0.6185       5      (   0)

0.65           1              1                   NNLO.QT-CS.42.RCA.QCD                                                 8988.61719 +-         1.56702
--------------------------------------------------------------------------------------------------------------------------------------------------------------------------------------
0.65           1              1                   gu_epvebb~d                                                           5820.85183 +-         1.17261        2.845       3      (   0)
0.65           1              1                   gd~_epvebb~u~                                                         2260.17075 +-         0.69027       0.9172       3      (   0)
0.65           1              1                   ud~_epvebb~g                                                           907.59461 +-         0.77722       0.5951       5      (   0)

0.65           2              1                   NNLO.QT-CS.42.RCA.QCD                                                 6181.33091 +-         1.07718
--------------------------------------------------------------------------------------------------------------------------------------------------------------------------------------
0.65           2              1                   gu_epvebb~d                                                           4001.79779 +-         0.81016        2.781       3      (   0)
0.65           2              1                   gd~_epvebb~u~                                                         1545.66656 +-         0.47393       0.8937       3      (   0)
0.65           2              1                   ud~_epvebb~g                                                           633.86656 +-         0.52854       0.5786       5      (   0)

======================================================================================================================================================================================

0.66           0.5            1                   NNLO.QT-CS.42.RCA.QCD                                                 13619.3022 +-          2.3776
--------------------------------------------------------------------------------------------------------------------------------------------------------------------------------------
0.66           0.5            1                   gu_epvebb~d                                                            8821.0538 +-          1.7704        2.907       3      (   0)
0.66           0.5            1                   gd~_epvebb~u~                                                          3445.0382 +-          1.0496       0.8651       3      (   0)
0.66           0.5            1                   ud~_epvebb~g                                                           1353.2102 +-          1.1904       0.6042       5      (   0)

0.66           1              1                   NNLO.QT-CS.42.RCA.QCD                                                 8976.50937 +-         1.56328
--------------------------------------------------------------------------------------------------------------------------------------------------------------------------------------
0.66           1              1                   gu_epvebb~d                                                           5811.39331 +-         1.17066        2.846       3      (   0)
0.66           1              1                   gd~_epvebb~u~                                                         2255.50295 +-         0.68925       0.8322       3      (   0)
0.66           1              1                   ud~_epvebb~g                                                           909.61311 +-         0.77353       0.5774       5      (   0)

0.66           2              1                   NNLO.QT-CS.42.RCA.QCD                                                 6172.89229 +-         1.07466
--------------------------------------------------------------------------------------------------------------------------------------------------------------------------------------
0.66           2              1                   gu_epvebb~d                                                           3995.33732 +-         0.80884        2.787       3      (   0)
0.66           2              1                   gd~_epvebb~u~                                                         1542.49656 +-         0.47324       0.8066       3      (   0)
0.66           2              1                   ud~_epvebb~g                                                           635.05841 +-         0.52603       0.5584       5      (   0)

======================================================================================================================================================================================

0.67           0.5            1                   NNLO.QT-CS.42.RCA.QCD                                                 13601.4029 +-          2.3719
--------------------------------------------------------------------------------------------------------------------------------------------------------------------------------------
0.67           0.5            1                   gu_epvebb~d                                                            8806.6385 +-          1.7673        2.822       3      (   0)
0.67           0.5            1                   gd~_epvebb~u~                                                          3437.9923 +-          1.0480       0.8035       3      (   0)
0.67           0.5            1                   ud~_epvebb~g                                                           1356.7720 +-          1.1849       0.5042       5      (   0)

0.67           1              1                   NNLO.QT-CS.42.RCA.QCD                                                 8964.50907 +-         1.55960
--------------------------------------------------------------------------------------------------------------------------------------------------------------------------------------
0.67           1              1                   gu_epvebb~d                                                           5801.97109 +-         1.16872        2.762       3      (   0)
0.67           1              1                   gd~_epvebb~u~                                                         2250.92812 +-         0.68820       0.7731       3      (   0)
0.67           1              1                   ud~_epvebb~g                                                           911.60986 +-         0.76994       0.4843       5      (   0)

0.67           2              1                   NNLO.QT-CS.42.RCA.QCD                                                 6164.52742 +-         1.07217
--------------------------------------------------------------------------------------------------------------------------------------------------------------------------------------
0.67           2              1                   gu_epvebb~d                                                           3988.90080 +-         0.80754        2.704       3      (   0)
0.67           2              1                   gd~_epvebb~u~                                                         1539.38938 +-         0.47253       0.7497       3      (   0)
0.67           2              1                   ud~_epvebb~g                                                           636.23723 +-         0.52359       0.4708       5      (   0)

======================================================================================================================================================================================

0.68           0.5            1                   NNLO.QT-CS.42.RCA.QCD                                                 13583.8803 +-          2.3663
--------------------------------------------------------------------------------------------------------------------------------------------------------------------------------------
0.68           0.5            1                   gu_epvebb~d                                                            8792.5151 +-          1.7643        2.740       3      (   0)
0.68           0.5            1                   gd~_epvebb~u~                                                          3431.1638 +-          1.0466       0.8062       3      (   0)
0.68           0.5            1                   ud~_epvebb~g                                                           1360.2015 +-          1.1795       0.5793       5      (   0)

0.68           1              1                   NNLO.QT-CS.42.RCA.QCD                                                 8952.76077 +-         1.55600
--------------------------------------------------------------------------------------------------------------------------------------------------------------------------------------
0.68           1              1                   gu_epvebb~d                                                           5792.73512 +-         1.16678        2.683       3      (   0)
0.68           1              1                   gd~_epvebb~u~                                                         2246.49565 +-         0.68728       0.7782       3      (   0)
0.68           1              1                   ud~_epvebb~g                                                           913.53001 +-         0.76642       0.5555       5      (   0)

0.68           2              1                   NNLO.QT-CS.42.RCA.QCD                                                 6156.33804 +-         1.06975
--------------------------------------------------------------------------------------------------------------------------------------------------------------------------------------
0.68           2              1                   gu_epvebb~d                                                           3982.58905 +-         0.80622        2.628       3      (   0)
0.68           2              1                   gd~_epvebb~u~                                                         1536.37967 +-         0.47191       0.7565       3      (   0)
0.68           2              1                   ud~_epvebb~g                                                           637.36932 +-         0.52121       0.5385       5      (   0)

======================================================================================================================================================================================

0.69           0.5            1                   NNLO.QT-CS.42.RCA.QCD                                                 13565.9766 +-          2.3609
--------------------------------------------------------------------------------------------------------------------------------------------------------------------------------------
0.69           0.5            1                   gu_epvebb~d                                                            8778.5517 +-          1.7615        2.657       3      (   0)
0.69           0.5            1                   gd~_epvebb~u~                                                          3424.3784 +-          1.0451       0.7749       3      (   0)
0.69           0.5            1                   ud~_epvebb~g                                                           1363.0466 +-          1.1741       0.5980       5      (   0)

0.69           1              1                   NNLO.QT-CS.42.RCA.QCD                                                 8940.77817 +-         1.55254
--------------------------------------------------------------------------------------------------------------------------------------------------------------------------------------
0.69           1              1                   gu_epvebb~d                                                           5783.60585 +-         1.16497        2.604       3      (   0)
0.69           1              1                   gd~_epvebb~u~                                                         2242.09166 +-         0.68638       0.7507       3      (   0)
0.69           1              1                   ud~_epvebb~g                                                           915.08066 +-         0.76297       0.5746       5      (   0)

0.69           2              1                   NNLO.QT-CS.42.RCA.QCD                                                 6147.99697 +-         1.06742
--------------------------------------------------------------------------------------------------------------------------------------------------------------------------------------
0.69           2              1                   gu_epvebb~d                                                           3976.35146 +-         0.80500        2.552       3      (   0)
0.69           2              1                   gd~_epvebb~u~                                                         1533.38953 +-         0.47131       0.7321       3      (   0)
0.69           2              1                   ud~_epvebb~g                                                           638.25597 +-         0.51887       0.5577       5      (   0)

======================================================================================================================================================================================

0.7            0.5            1                   NNLO.QT-CS.42.RCA.QCD                                                 13548.1981 +-          2.3555
--------------------------------------------------------------------------------------------------------------------------------------------------------------------------------------
0.7            0.5            1                   gu_epvebb~d                                                            8764.7182 +-          1.7587        2.826       3      (   0)
0.7            0.5            1                   gd~_epvebb~u~                                                          3417.4798 +-          1.0436       0.8053       3      (   0)
0.7            0.5            1                   ud~_epvebb~g                                                           1366.0001 +-          1.1689       0.7318       5      (   0)

0.7            1              1                   NNLO.QT-CS.42.RCA.QCD                                                 8928.88354 +-         1.54909
--------------------------------------------------------------------------------------------------------------------------------------------------------------------------------------
0.7            1              1                   gu_epvebb~d                                                           5774.56317 +-         1.16314        2.762       3      (   0)
0.7            1              1                   gd~_epvebb~u~                                                         2237.61165 +-         0.68541       0.7797       3      (   0)
0.7            1              1                   ud~_epvebb~g                                                           916.70872 +-         0.75960       0.7039       5      (   0)

0.7            2              1                   NNLO.QT-CS.42.RCA.QCD                                                 6139.71937 +-         1.06509
--------------------------------------------------------------------------------------------------------------------------------------------------------------------------------------
0.7            2              1                   gu_epvebb~d                                                           3970.17389 +-         0.80377        2.702       3      (   0)
0.7            2              1                   gd~_epvebb~u~                                                         1530.34625 +-         0.47066       0.7600       3      (   0)
0.7            2              1                   ud~_epvebb~g                                                           639.19924 +-         0.51659       0.6831       5      (   0)

======================================================================================================================================================================================

0.71           0.5            1                   NNLO.QT-CS.42.RCA.QCD                                                 13530.4755 +-          2.3503
--------------------------------------------------------------------------------------------------------------------------------------------------------------------------------------
0.71           0.5            1                   gu_epvebb~d                                                            8750.9841 +-          1.7559        2.730       3      (   0)
0.71           0.5            1                   gd~_epvebb~u~                                                          3410.8325 +-          1.0422       0.7602       3      (   0)
0.71           0.5            1                   ud~_epvebb~g                                                           1368.6590 +-          1.1638       0.6113       5      (   0)

0.71           1              1                   NNLO.QT-CS.42.RCA.QCD                                                 8917.02818 +-         1.54576
--------------------------------------------------------------------------------------------------------------------------------------------------------------------------------------
0.71           1              1                   gu_epvebb~d                                                           5765.58194 +-         1.16138        2.663       3      (   0)
0.71           1              1                   gd~_epvebb~u~                                                         2233.29693 +-         0.68453       0.7403       3      (   0)
0.71           1              1                   ud~_epvebb~g                                                           918.14931 +-         0.75629       0.5829       5      (   0)

0.71           2              1                   NNLO.QT-CS.42.RCA.QCD                                                 6131.47002 +-         1.06285
--------------------------------------------------------------------------------------------------------------------------------------------------------------------------------------
0.71           2              1                   gu_epvebb~d                                                           3964.03617 +-         0.80258        2.600       3      (   0)
0.71           2              1                   gd~_epvebb~u~                                                         1527.41650 +-         0.47007       0.7250       3      (   0)
0.71           2              1                   ud~_epvebb~g                                                           640.01735 +-         0.51435       0.5618       5      (   0)

======================================================================================================================================================================================

0.72           0.5            1                   NNLO.QT-CS.42.RCA.QCD                                                 13512.6715 +-          2.3451
--------------------------------------------------------------------------------------------------------------------------------------------------------------------------------------
0.72           0.5            1                   gu_epvebb~d                                                            8737.4570 +-          1.7532        2.845       3      (   0)
0.72           0.5            1                   gd~_epvebb~u~                                                          3404.1402 +-          1.0408       0.7581       3      (   0)
0.72           0.5            1                   ud~_epvebb~g                                                           1371.0743 +-          1.1587       0.5460       5      (   0)

0.72           1              1                   NNLO.QT-CS.42.RCA.QCD                                                 8905.12771 +-         1.54241
--------------------------------------------------------------------------------------------------------------------------------------------------------------------------------------
0.72           1              1                   gu_epvebb~d                                                           5756.73687 +-         1.15960        2.771       3      (   0)
0.72           1              1                   gd~_epvebb~u~                                                         2228.95444 +-         0.68362       0.7407       3      (   0)
0.72           1              1                   ud~_epvebb~g                                                           919.43640 +-         0.75300       0.5156       5      (   0)

0.72           2              1                   NNLO.QT-CS.42.RCA.QCD                                                 6123.19438 +-         1.06059
--------------------------------------------------------------------------------------------------------------------------------------------------------------------------------------
0.72           2              1                   gu_epvebb~d                                                           3957.99196 +-         0.80137        2.702       3      (   0)
0.72           2              1                   gd~_epvebb~u~                                                         1524.46868 +-         0.46946       0.7274       3      (   0)
0.72           2              1                   ud~_epvebb~g                                                           640.73373 +-         0.51212       0.4929       5      (   0)

======================================================================================================================================================================================

0.73           0.5            1                   NNLO.QT-CS.42.RCA.QCD                                                 13494.7376 +-          2.3399
--------------------------------------------------------------------------------------------------------------------------------------------------------------------------------------
0.73           0.5            1                   gu_epvebb~d                                                            8723.9834 +-          1.7505        3.068       3      (   0)
0.73           0.5            1                   gd~_epvebb~u~                                                          3397.5326 +-          1.0393       0.7021       3      (   0)
0.73           0.5            1                   ud~_epvebb~g                                                           1373.2216 +-          1.1537       0.5672       5      (   0)

0.73           1              1                   NNLO.QT-CS.42.RCA.QCD                                                 8893.15004 +-         1.53906
--------------------------------------------------------------------------------------------------------------------------------------------------------------------------------------
0.73           1              1                   gu_epvebb~d                                                           5747.92642 +-         1.15787        3.002       3      (   0)
0.73           1              1                   gd~_epvebb~u~                                                         2224.66354 +-         0.68262       0.6841       3      (   0)
0.73           1              1                   ud~_epvebb~g                                                           920.56008 +-         0.74973       0.5325       5      (   0)

0.73           2              1                   NNLO.QT-CS.42.RCA.QCD                                                 6114.87021 +-         1.05833
--------------------------------------------------------------------------------------------------------------------------------------------------------------------------------------
0.73           2              1                   gu_epvebb~d                                                           3951.97119 +-         0.80021        2.937       3      (   0)
0.73           2              1                   gd~_epvebb~u~                                                         1521.55384 +-         0.46877       0.6704       3      (   0)
0.73           2              1                   ud~_epvebb~g                                                           641.34519 +-         0.50989       0.5065       5      (   0)

======================================================================================================================================================================================

0.74           0.5            1                   NNLO.QT-CS.42.RCA.QCD                                                 13476.9615 +-          2.3348
--------------------------------------------------------------------------------------------------------------------------------------------------------------------------------------
0.74           0.5            1                   gu_epvebb~d                                                            8710.4837 +-          1.7477        2.853       3      (   0)
0.74           0.5            1                   gd~_epvebb~u~                                                          3391.0726 +-          1.0378       0.7083       3      (   0)
0.74           0.5            1                   ud~_epvebb~g                                                           1375.4052 +-          1.1488       0.5679       5      (   0)

0.74           1              1                   NNLO.QT-CS.42.RCA.QCD                                                 8881.27578 +-         1.53579
--------------------------------------------------------------------------------------------------------------------------------------------------------------------------------------
0.74           1              1                   gu_epvebb~d                                                           5739.09692 +-         1.15611        2.792       3      (   0)
0.74           1              1                   gd~_epvebb~u~                                                         2220.46670 +-         0.68169       0.6913       3      (   0)
0.74           1              1                   ud~_epvebb~g                                                           921.71216 +-         0.74655       0.5330       5      (   0)

0.74           2              1                   NNLO.QT-CS.42.RCA.QCD                                                 6106.61669 +-         1.05612
--------------------------------------------------------------------------------------------------------------------------------------------------------------------------------------
0.74           2              1                   gu_epvebb~d                                                           3945.93628 +-         0.79902        2.733       3      (   0)
0.74           2              1                   gd~_epvebb~u~                                                         1518.70185 +-         0.46815       0.6785       3      (   0)
0.74           2              1                   ud~_epvebb~g                                                           641.97856 +-         0.50774       0.5067       5      (   0)

======================================================================================================================================================================================

0.75           0.5            1                   NNLO.QT-CS.42.RCA.QCD                                                 13459.4583 +-          2.3298
--------------------------------------------------------------------------------------------------------------------------------------------------------------------------------------
0.75           0.5            1                   gu_epvebb~d                                                            8697.3175 +-          1.7451        3.005       3      (   0)
0.75           0.5            1                   gd~_epvebb~u~                                                          3384.7184 +-          1.0365       0.5455       3      (   0)
0.75           0.5            1                   ud~_epvebb~g                                                           1377.4225 +-          1.1440       0.5746       5      (   0)

0.75           1              1                   NNLO.QT-CS.42.RCA.QCD                                                 8869.58277 +-         1.53259
--------------------------------------------------------------------------------------------------------------------------------------------------------------------------------------
0.75           1              1                   gu_epvebb~d                                                           5730.48061 +-         1.15438        2.936       3      (   0)
0.75           1              1                   gd~_epvebb~u~                                                         2216.34110 +-         0.68082       0.5290       3      (   0)
0.75           1              1                   ud~_epvebb~g                                                           922.76107 +-         0.74345       0.5381       5      (   0)

0.75           2              1                   NNLO.QT-CS.42.RCA.QCD                                                 6098.48860 +-         1.05396
--------------------------------------------------------------------------------------------------------------------------------------------------------------------------------------
0.75           2              1                   gu_epvebb~d                                                           3940.04421 +-         0.79784        2.870       3      (   0)
0.75           2              1                   gd~_epvebb~u~                                                         1515.89987 +-         0.46756       0.5169       3      (   0)
0.75           2              1                   ud~_epvebb~g                                                           642.54451 +-         0.50564       0.5104       5      (   0)

======================================================================================================================================================================================

0.76           0.5            1                   NNLO.QT-CS.42.RCA.QCD                                                 13441.9202 +-          2.3249
--------------------------------------------------------------------------------------------------------------------------------------------------------------------------------------
0.76           0.5            1                   gu_epvebb~d                                                            8684.1370 +-          1.7424        2.852       3      (   0)
0.76           0.5            1                   gd~_epvebb~u~                                                          3378.3224 +-          1.0351       0.5338       3      (   0)
0.76           0.5            1                   ud~_epvebb~g                                                           1379.4608 +-          1.1392       0.5007       5      (   0)

0.76           1              1                   NNLO.QT-CS.42.RCA.QCD                                                 8857.87126 +-         1.52942
--------------------------------------------------------------------------------------------------------------------------------------------------------------------------------------
0.76           1              1                   gu_epvebb~d                                                           5721.85949 +-         1.15266        2.794       3      (   0)
0.76           1              1                   gd~_epvebb~u~                                                         2212.18821 +-         0.67996       0.5113       3      (   0)
0.76           1              1                   ud~_epvebb~g                                                           923.82356 +-         0.74037       0.4653       5      (   0)

0.76           2              1                   NNLO.QT-CS.42.RCA.QCD                                                 6090.35033 +-         1.05182
--------------------------------------------------------------------------------------------------------------------------------------------------------------------------------------
0.76           2              1                   gu_epvebb~d                                                           3934.15145 +-         0.79667        2.738       3      (   0)
0.76           2              1                   gd~_epvebb~u~                                                         1513.07913 +-         0.46698       0.4943       3      (   0)
0.76           2              1                   ud~_epvebb~g                                                           643.11974 +-         0.50355       0.4388       5      (   0)

======================================================================================================================================================================================

0.77           0.5            1                   NNLO.QT-CS.42.RCA.QCD                                                 13424.1528 +-          2.3200
--------------------------------------------------------------------------------------------------------------------------------------------------------------------------------------
0.77           0.5            1                   gu_epvebb~d                                                            8671.1091 +-          1.7398        2.681       3      (   0)
0.77           0.5            1                   gd~_epvebb~u~                                                          3371.9702 +-          1.0338       0.4612       3      (   0)
0.77           0.5            1                   ud~_epvebb~g                                                           1381.0735 +-          1.1344       0.5882       5      (   0)

0.77           1              1                   NNLO.QT-CS.42.RCA.QCD                                                 8846.01933 +-         1.52628
--------------------------------------------------------------------------------------------------------------------------------------------------------------------------------------
0.77           1              1                   gu_epvebb~d                                                           5713.33748 +-         1.15099        2.630       3      (   0)
0.77           1              1                   gd~_epvebb~u~                                                         2208.06388 +-         0.67910       0.4395       3      (   0)
0.77           1              1                   ud~_epvebb~g                                                           924.61797 +-         0.73727       0.5478       5      (   0)

0.77           2              1                   NNLO.QT-CS.42.RCA.QCD                                                 6082.12151 +-         1.04970
--------------------------------------------------------------------------------------------------------------------------------------------------------------------------------------
0.77           2              1                   gu_epvebb~d                                                           3928.32613 +-         0.79554        2.580       3      (   0)
0.77           2              1                   gd~_epvebb~u~                                                         1510.27785 +-         0.46641       0.4234       3      (   0)
0.77           2              1                   ud~_epvebb~g                                                           643.51753 +-         0.50145       0.5166       5      (   0)

======================================================================================================================================================================================

0.78           0.5            1                   NNLO.QT-CS.42.RCA.QCD                                                 13406.7774 +-          2.3151
--------------------------------------------------------------------------------------------------------------------------------------------------------------------------------------
0.78           0.5            1                   gu_epvebb~d                                                            8658.1467 +-          1.7370        2.505       3      (   0)
0.78           0.5            1                   gd~_epvebb~u~                                                          3365.7493 +-          1.0324       0.5093       3      (   0)
0.78           0.5            1                   ud~_epvebb~g                                                           1382.8814 +-          1.1298       0.6200       5      (   0)

0.78           1              1                   NNLO.QT-CS.42.RCA.QCD                                                 8834.41839 +-         1.52308
--------------------------------------------------------------------------------------------------------------------------------------------------------------------------------------
0.78           1              1                   gu_epvebb~d                                                           5704.85358 +-         1.14917        2.452       3      (   0)
0.78           1              1                   gd~_epvebb~u~                                                         2204.02155 +-         0.67822       0.4886       3      (   0)
0.78           1              1                   ud~_epvebb~g                                                           925.54326 +-         0.73430       0.5789       5      (   0)

0.78           2              1                   NNLO.QT-CS.42.RCA.QCD                                                 6074.06074 +-         1.04753
--------------------------------------------------------------------------------------------------------------------------------------------------------------------------------------
0.78           2              1                   gu_epvebb~d                                                           3922.52371 +-         0.79429        2.401       3      (   0)
0.78           2              1                   gd~_epvebb~u~                                                         1507.53042 +-         0.46581       0.4731       3      (   0)
0.78           2              1                   ud~_epvebb~g                                                           644.00661 +-         0.49943       0.5467       5      (   0)

======================================================================================================================================================================================

0.79           0.5            1                   NNLO.QT-CS.42.RCA.QCD                                                 13389.3680 +-          2.3104
--------------------------------------------------------------------------------------------------------------------------------------------------------------------------------------
0.79           0.5            1                   gu_epvebb~d                                                            8645.5733 +-          1.7345        2.428       3      (   0)
0.79           0.5            1                   gd~_epvebb~u~                                                          3359.6488 +-          1.0312       0.4832       3      (   0)
0.79           0.5            1                   ud~_epvebb~g                                                           1384.1459 +-          1.1253       0.5584       5      (   0)

0.79           1              1                   NNLO.QT-CS.42.RCA.QCD                                                 8822.80721 +-         1.52007
--------------------------------------------------------------------------------------------------------------------------------------------------------------------------------------
0.79           1              1                   gu_epvebb~d                                                           5696.62248 +-         1.14752        2.367       3      (   0)
0.79           1              1                   gd~_epvebb~u~                                                         2200.06004 +-         0.67741       0.4647       3      (   0)
0.79           1              1                   ud~_epvebb~g                                                           926.12469 +-         0.73138       0.5209       5      (   0)

0.79           2              1                   NNLO.QT-CS.42.RCA.QCD                                                 6065.99991 +-         1.04549
--------------------------------------------------------------------------------------------------------------------------------------------------------------------------------------
0.79           2              1                   gu_epvebb~d                                                           3916.89334 +-         0.79317        2.309       3      (   0)
0.79           2              1                   gd~_epvebb~u~                                                         1504.83948 +-         0.46527       0.4508       3      (   0)
0.79           2              1                   ud~_epvebb~g                                                           644.26709 +-         0.49745       0.4918       5      (   0)

======================================================================================================================================================================================

0.8            0.5            1                   NNLO.QT-CS.42.RCA.QCD                                                 13372.2250 +-          2.3058
--------------------------------------------------------------------------------------------------------------------------------------------------------------------------------------
0.8            0.5            1                   gu_epvebb~d                                                            8633.0304 +-          1.7320        2.393       3      (   0)
0.8            0.5            1                   gd~_epvebb~u~                                                          3353.6189 +-          1.0299       0.5459       3      (   0)
0.8            0.5            1                   ud~_epvebb~g                                                           1385.5756 +-          1.1209       0.5666       5      (   0)

0.8            1              1                   NNLO.QT-CS.42.RCA.QCD                                                 8811.36879 +-         1.51711
--------------------------------------------------------------------------------------------------------------------------------------------------------------------------------------
0.8            1              1                   gu_epvebb~d                                                           5688.41377 +-         1.14591        2.345       3      (   0)
0.8            1              1                   gd~_epvebb~u~                                                         2196.14339 +-         0.67660       0.5294       3      (   0)
0.8            1              1                   ud~_epvebb~g                                                           926.81163 +-         0.72851       0.5313       5      (   0)

0.8            2              1                   NNLO.QT-CS.42.RCA.QCD                                                 6058.05652 +-         1.04350
--------------------------------------------------------------------------------------------------------------------------------------------------------------------------------------
0.8            2              1                   gu_epvebb~d                                                           3911.27998 +-         0.79208        2.297       3      (   0)
0.8            2              1                   gd~_epvebb~u~                                                         1502.17831 +-         0.46473       0.5171       3      (   0)
0.8            2              1                   ud~_epvebb~g                                                           644.59823 +-         0.49550       0.5040       5      (   0)

======================================================================================================================================================================================

0.81           0.5            1                   NNLO.QT-CS.42.RCA.QCD                                                 13354.9703 +-          2.3013
--------------------------------------------------------------------------------------------------------------------------------------------------------------------------------------
0.81           0.5            1                   gu_epvebb~d                                                            8620.5799 +-          1.7295        2.485       3      (   0)
0.81           0.5            1                   gd~_epvebb~u~                                                          3347.6048 +-          1.0287       0.5206       3      (   0)
0.81           0.5            1                   ud~_epvebb~g                                                           1386.7856 +-          1.1165       0.5407       5      (   0)

0.81           1              1                   NNLO.QT-CS.42.RCA.QCD                                                 8799.86280 +-         1.51421
--------------------------------------------------------------------------------------------------------------------------------------------------------------------------------------
0.81           1              1                   gu_epvebb~d                                                           5680.26286 +-         1.14434        2.441       3      (   0)
0.81           1              1                   gd~_epvebb~u~                                                         2192.23746 +-         0.67582       0.5037       3      (   0)
0.81           1              1                   ud~_epvebb~g                                                           927.36249 +-         0.72568       0.5044       5      (   0)

0.81           2              1                   NNLO.QT-CS.42.RCA.QCD                                                 6050.06991 +-         1.04154
--------------------------------------------------------------------------------------------------------------------------------------------------------------------------------------
0.81           2              1                   gu_epvebb~d                                                           3905.70443 +-         0.79101        2.396       3      (   0)
0.81           2              1                   gd~_epvebb~u~                                                         1499.52478 +-         0.46420       0.4912       3      (   0)
0.81           2              1                   ud~_epvebb~g                                                           644.84070 +-         0.49359       0.4761       5      (   0)

======================================================================================================================================================================================

0.82           0.5            1                   NNLO.QT-CS.42.RCA.QCD                                                 13337.6644 +-          2.2968
--------------------------------------------------------------------------------------------------------------------------------------------------------------------------------------
0.82           0.5            1                   gu_epvebb~d                                                            8608.0578 +-          1.7271        2.383       3      (   0)
0.82           0.5            1                   gd~_epvebb~u~                                                          3341.6805 +-          1.0274       0.5255       3      (   0)
0.82           0.5            1                   ud~_epvebb~g                                                           1387.9260 +-          1.1122       0.4509       5      (   0)

0.82           1              1                   NNLO.QT-CS.42.RCA.QCD                                                 8788.32789 +-         1.51133
--------------------------------------------------------------------------------------------------------------------------------------------------------------------------------------
0.82           1              1                   gu_epvebb~d                                                           5672.06628 +-         1.14278        2.345       3      (   0)
0.82           1              1                   gd~_epvebb~u~                                                         2188.38909 +-         0.67499       0.5075       3      (   0)
0.82           1              1                   ud~_epvebb~g                                                           927.87252 +-         0.72288       0.4199       5      (   0)

0.82           2              1                   NNLO.QT-CS.42.RCA.QCD                                                 6042.06600 +-         1.03960
--------------------------------------------------------------------------------------------------------------------------------------------------------------------------------------
0.82           2              1                   gu_epvebb~d                                                           3900.09832 +-         0.78997        2.306       3      (   0)
0.82           2              1                   gd~_epvebb~u~                                                         1496.90986 +-         0.46363       0.4939       3      (   0)
0.82           2              1                   ud~_epvebb~g                                                           645.05783 +-         0.49169       0.3961       5      (   0)

======================================================================================================================================================================================

0.83           0.5            1                   NNLO.QT-CS.42.RCA.QCD                                                 13320.7954 +-          2.2924
--------------------------------------------------------------------------------------------------------------------------------------------------------------------------------------
0.83           0.5            1                   gu_epvebb~d                                                            8595.8160 +-          1.7247        2.342       3      (   0)
0.83           0.5            1                   gd~_epvebb~u~                                                          3335.8510 +-          1.0262       0.5048       3      (   0)
0.83           0.5            1                   ud~_epvebb~g                                                           1389.1283 +-          1.1079       0.4564       5      (   0)

0.83           1              1                   NNLO.QT-CS.42.RCA.QCD                                                 8777.08379 +-         1.50847
--------------------------------------------------------------------------------------------------------------------------------------------------------------------------------------
0.83           1              1                   gu_epvebb~d                                                           5664.05129 +-         1.14121        2.307       3      (   0)
0.83           1              1                   gd~_epvebb~u~                                                         2184.60271 +-         0.67422       0.4834       3      (   0)
0.83           1              1                   ud~_epvebb~g                                                           928.42980 +-         0.72012       0.4246       5      (   0)

0.83           2              1                   NNLO.QT-CS.42.RCA.QCD                                                 6034.26357 +-         1.03767
--------------------------------------------------------------------------------------------------------------------------------------------------------------------------------------
0.83           2              1                   gu_epvebb~d                                                           3894.61519 +-         0.78890        2.271       3      (   0)
0.83           2              1                   gd~_epvebb~u~                                                         1494.33734 +-         0.46312       0.4671       3      (   0)
0.83           2              1                   ud~_epvebb~g                                                           645.31103 +-         0.48982       0.3999       5      (   0)

======================================================================================================================================================================================

0.84           0.5            1                   NNLO.QT-CS.42.RCA.QCD                                                 13303.7153 +-          2.2880
--------------------------------------------------------------------------------------------------------------------------------------------------------------------------------------
0.84           0.5            1                   gu_epvebb~d                                                            8583.7350 +-          1.7224        2.378       3      (   0)
0.84           0.5            1                   gd~_epvebb~u~                                                          3330.0124 +-          1.0249       0.4455       3      (   0)
0.84           0.5            1                   ud~_epvebb~g                                                           1389.9679 +-          1.1037       0.4105       5      (   0)

0.84           1              1                   NNLO.QT-CS.42.RCA.QCD                                                 8765.70385 +-         1.50567
--------------------------------------------------------------------------------------------------------------------------------------------------------------------------------------
0.84           1              1                   gu_epvebb~d                                                           5656.14125 +-         1.13970        2.337       3      (   0)
0.84           1              1                   gd~_epvebb~u~                                                         2180.80652 +-         0.67340       0.4249       3      (   0)
0.84           1              1                   ud~_epvebb~g                                                           928.75608 +-         0.71740       0.3763       5      (   0)

0.84           2              1                   NNLO.QT-CS.42.RCA.QCD                                                 6026.36963 +-         1.03578
--------------------------------------------------------------------------------------------------------------------------------------------------------------------------------------
0.84           2              1                   gu_epvebb~d                                                           3889.20378 +-         0.78787        2.294       3      (   0)
0.84           2              1                   gd~_epvebb~u~                                                         1491.75592 +-         0.46257       0.4093       3      (   0)
0.84           2              1                   ud~_epvebb~g                                                           645.40993 +-         0.48798       0.3499       5      (   0)

======================================================================================================================================================================================

0.85           0.5            1                   NNLO.QT-CS.42.RCA.QCD                                                 13286.7438 +-          2.2837
--------------------------------------------------------------------------------------------------------------------------------------------------------------------------------------
0.85           0.5            1                   gu_epvebb~d                                                            8571.7417 +-          1.7200        2.198       3      (   0)
0.85           0.5            1                   gd~_epvebb~u~                                                          3324.1838 +-          1.0237       0.4018       3      (   0)
0.85           0.5            1                   ud~_epvebb~g                                                           1390.8182 +-          1.0996       0.4403       5      (   0)

0.85           1              1                   NNLO.QT-CS.42.RCA.QCD                                                 8754.39822 +-         1.50288
--------------------------------------------------------------------------------------------------------------------------------------------------------------------------------------
0.85           1              1                   gu_epvebb~d                                                           5648.28911 +-         1.13819        2.162       3      (   0)
0.85           1              1                   gd~_epvebb~u~                                                         2177.01787 +-         0.67259       0.3802       3      (   0)
0.85           1              1                   ud~_epvebb~g                                                           929.09124 +-         0.71471       0.4082       5      (   0)

0.85           2              1                   NNLO.QT-CS.42.RCA.QCD                                                 6018.52833 +-         1.03389
--------------------------------------------------------------------------------------------------------------------------------------------------------------------------------------
0.85           2              1                   gu_epvebb~d                                                           3883.83218 +-         0.78685        2.124       3      (   0)
0.85           2              1                   gd~_epvebb~u~                                                         1489.18016 +-         0.46202       0.3639       3      (   0)
0.85           2              1                   ud~_epvebb~g                                                           645.51599 +-         0.48615       0.3834       5      (   0)

======================================================================================================================================================================================

0.86           0.5            1                   NNLO.QT-CS.42.RCA.QCD                                                 13270.1018 +-          2.2795
--------------------------------------------------------------------------------------------------------------------------------------------------------------------------------------
0.86           0.5            1                   gu_epvebb~d                                                            8559.9183 +-          1.7177        2.081       3      (   0)
0.86           0.5            1                   gd~_epvebb~u~                                                          3318.5094 +-          1.0225       0.3156       3      (   0)
0.86           0.5            1                   ud~_epvebb~g                                                           1391.6741 +-          1.0955       0.4900       5      (   0)

0.86           1              1                   NNLO.QT-CS.42.RCA.QCD                                                 8743.30847 +-         1.50018
--------------------------------------------------------------------------------------------------------------------------------------------------------------------------------------
0.86           1              1                   gu_epvebb~d                                                           5640.54836 +-         1.13672        2.046       3      (   0)
0.86           1              1                   gd~_epvebb~u~                                                         2173.33048 +-         0.67184       0.2976       3      (   0)
0.86           1              1                   ud~_epvebb~g                                                           929.42963 +-         0.71205       0.4564       5      (   0)

0.86           2              1                   NNLO.QT-CS.42.RCA.QCD                                                 6010.83474 +-         1.03207
--------------------------------------------------------------------------------------------------------------------------------------------------------------------------------------
0.86           2              1                   gu_epvebb~d                                                           3878.53698 +-         0.78586        2.009       3      (   0)
0.86           2              1                   gd~_epvebb~u~                                                         1486.67389 +-         0.46151       0.2844       3      (   0)
0.86           2              1                   ud~_epvebb~g                                                           645.62387 +-         0.48435       0.4305       5      (   0)

======================================================================================================================================================================================

0.87           0.5            1                   NNLO.QT-CS.42.RCA.QCD                                                 13253.3038 +-          2.2753
--------------------------------------------------------------------------------------------------------------------------------------------------------------------------------------
0.87           0.5            1                   gu_epvebb~d                                                            8548.0640 +-          1.7154        2.181       3      (   0)
0.87           0.5            1                   gd~_epvebb~u~                                                          3312.8194 +-          1.0213       0.2841       3      (   0)
0.87           0.5            1                   ud~_epvebb~g                                                           1392.4204 +-          1.0914       0.5251       5      (   0)

0.87           1              1                   NNLO.QT-CS.42.RCA.QCD                                                 8732.11867 +-         1.49745
--------------------------------------------------------------------------------------------------------------------------------------------------------------------------------------
0.87           1              1                   gu_epvebb~d                                                           5632.78773 +-         1.13524        2.141       3      (   0)
0.87           1              1                   gd~_epvebb~u~                                                         2169.63060 +-         0.67106       0.2673       3      (   0)
0.87           1              1                   ud~_epvebb~g                                                           929.70034 +-         0.70941       0.4883       5      (   0)

0.87           2              1                   NNLO.QT-CS.42.RCA.QCD                                                 6003.07374 +-         1.03022
--------------------------------------------------------------------------------------------------------------------------------------------------------------------------------------
0.87           2              1                   gu_epvebb~d                                                           3873.22829 +-         0.78485        2.100       3      (   0)
0.87           2              1                   gd~_epvebb~u~                                                         1484.15774 +-         0.46098       0.2552       3      (   0)
0.87           2              1                   ud~_epvebb~g                                                           645.68771 +-         0.48255       0.4593       5      (   0)

======================================================================================================================================================================================

0.88           0.5            1                   NNLO.QT-CS.42.RCA.QCD                                                 13236.5477 +-          2.2711
--------------------------------------------------------------------------------------------------------------------------------------------------------------------------------------
0.88           0.5            1                   gu_epvebb~d                                                            8536.3575 +-          1.7131        2.240       3      (   0)
0.88           0.5            1                   gd~_epvebb~u~                                                          3307.2740 +-          1.0201       0.2315       3      (   0)
0.88           0.5            1                   ud~_epvebb~g                                                           1392.9163 +-          1.0874       0.5182       5      (   0)

0.88           1              1                   NNLO.QT-CS.42.RCA.QCD                                                 8720.96070 +-         1.49475
--------------------------------------------------------------------------------------------------------------------------------------------------------------------------------------
0.88           1              1                   gu_epvebb~d                                                           5625.12044 +-         1.13375        2.197       3      (   0)
0.88           1              1                   gd~_epvebb~u~                                                         2166.02646 +-         0.67030       0.2176       3      (   0)
0.88           1              1                   ud~_epvebb~g                                                           929.81380 +-         0.70682       0.4801       5      (   0)

0.88           2              1                   NNLO.QT-CS.42.RCA.QCD                                                 5995.33708 +-         1.02840
--------------------------------------------------------------------------------------------------------------------------------------------------------------------------------------
0.88           2              1                   gu_epvebb~d                                                           3867.98153 +-         0.78384        2.153       3      (   0)
0.88           2              1                   gd~_epvebb~u~                                                         1481.70772 +-         0.46047       0.2080       3      (   0)
0.88           2              1                   ud~_epvebb~g                                                           645.64783 +-         0.48079       0.4498       5      (   0)

======================================================================================================================================================================================

0.89           0.5            1                   NNLO.QT-CS.42.RCA.QCD                                                 13219.9264 +-          2.2670
--------------------------------------------------------------------------------------------------------------------------------------------------------------------------------------
0.89           0.5            1                   gu_epvebb~d                                                            8524.8642 +-          1.7110        2.292       3      (   0)
0.89           0.5            1                   gd~_epvebb~u~                                                          3301.7693 +-          1.0189       0.2292       3      (   0)
0.89           0.5            1                   ud~_epvebb~g                                                           1393.2929 +-          1.0834       0.5431       5      (   0)

0.89           1              1                   NNLO.QT-CS.42.RCA.QCD                                                 8709.89140 +-         1.49214
--------------------------------------------------------------------------------------------------------------------------------------------------------------------------------------
0.89           1              1                   gu_epvebb~d                                                           5617.58877 +-         1.13234        2.248       3      (   0)
0.89           1              1                   gd~_epvebb~u~                                                         2162.44793 +-         0.66955       0.2171       3      (   0)
0.89           1              1                   ud~_epvebb~g                                                           929.85469 +-         0.70426       0.4995       5      (   0)

0.89           2              1                   NNLO.QT-CS.42.RCA.QCD                                                 5987.66107 +-         1.02663
--------------------------------------------------------------------------------------------------------------------------------------------------------------------------------------
0.89           2              1                   gu_epvebb~d                                                           3862.82516 +-         0.78288        2.204       3      (   0)
0.89           2              1                   gd~_epvebb~u~                                                         1479.27453 +-         0.45997       0.2091       3      (   0)
0.89           2              1                   ud~_epvebb~g                                                           645.56137 +-         0.47906       0.4646       5      (   0)

======================================================================================================================================================================================

0.9            0.5            1                   NNLO.QT-CS.42.RCA.QCD                                                 13203.3036 +-          2.2630
--------------------------------------------------------------------------------------------------------------------------------------------------------------------------------------
0.9            0.5            1                   gu_epvebb~d                                                            8513.4310 +-          1.7088        2.112       3      (   0)
0.9            0.5            1                   gd~_epvebb~u~                                                          3296.2406 +-          1.0178       0.2652       3      (   0)
0.9            0.5            1                   ud~_epvebb~g                                                           1393.6320 +-          1.0795       0.6030       5      (   0)

0.9            1              1                   NNLO.QT-CS.42.RCA.QCD                                                 8698.82465 +-         1.48957
--------------------------------------------------------------------------------------------------------------------------------------------------------------------------------------
0.9            1              1                   gu_epvebb~d                                                           5610.09754 +-         1.13097        2.074       3      (   0)
0.9            1              1                   gd~_epvebb~u~                                                         2158.85330 +-         0.66881       0.2543       3      (   0)
0.9            1              1                   ud~_epvebb~g                                                           929.87381 +-         0.70172       0.5555       5      (   0)

0.9            2              1                   NNLO.QT-CS.42.RCA.QCD                                                 5979.98892 +-         1.02490
--------------------------------------------------------------------------------------------------------------------------------------------------------------------------------------
0.9            2              1                   gu_epvebb~d                                                           3857.69711 +-         0.78196        2.035       3      (   0)
0.9            2              1                   gd~_epvebb~u~                                                         1476.83013 +-         0.45946       0.2471       3      (   0)
0.9            2              1                   ud~_epvebb~g                                                           645.46168 +-         0.47734       0.5179       5      (   0)

======================================================================================================================================================================================

0.91           0.5            1                   NNLO.QT-CS.42.RCA.QCD                                                 13186.6993 +-          2.2591
--------------------------------------------------------------------------------------------------------------------------------------------------------------------------------------
0.91           0.5            1                   gu_epvebb~d                                                            8501.9135 +-          1.7066        2.138       3      (   0)
0.91           0.5            1                   gd~_epvebb~u~                                                          3290.7855 +-          1.0166       0.2972       3      (   0)
0.91           0.5            1                   ud~_epvebb~g                                                           1394.0003 +-          1.0757       0.5275       5      (   0)

0.91           1              1                   NNLO.QT-CS.42.RCA.QCD                                                 8687.77636 +-         1.48700
--------------------------------------------------------------------------------------------------------------------------------------------------------------------------------------
0.91           1              1                   gu_epvebb~d                                                           5602.55347 +-         1.12956        2.101       3      (   0)
0.91           1              1                   gd~_epvebb~u~                                                         2155.30738 +-         0.66807       0.2904       3      (   0)
0.91           1              1                   ud~_epvebb~g                                                           929.91550 +-         0.69925       0.4838       5      (   0)

0.91           2              1                   NNLO.QT-CS.42.RCA.QCD                                                 5972.33287 +-         1.02316
--------------------------------------------------------------------------------------------------------------------------------------------------------------------------------------
0.91           2              1                   gu_epvebb~d                                                           3852.53424 +-         0.78100        2.063       3      (   0)
0.91           2              1                   gd~_epvebb~u~                                                         1474.41935 +-         0.45896       0.2864       3      (   0)
0.91           2              1                   ud~_epvebb~g                                                           645.37928 +-         0.47566       0.4494       5      (   0)

======================================================================================================================================================================================

0.92           0.5            1                   NNLO.QT-CS.42.RCA.QCD                                                 13170.2638 +-          2.2551
--------------------------------------------------------------------------------------------------------------------------------------------------------------------------------------
0.92           0.5            1                   gu_epvebb~d                                                            8490.6003 +-          1.7045        2.094       3      (   0)
0.92           0.5            1                   gd~_epvebb~u~                                                          3285.4061 +-          1.0155       0.3126       3      (   0)
0.92           0.5            1                   ud~_epvebb~g                                                           1394.2575 +-          1.0719       0.4237       5      (   0)

0.92           1              1                   NNLO.QT-CS.42.RCA.QCD                                                 8676.84313 +-         1.48444
--------------------------------------------------------------------------------------------------------------------------------------------------------------------------------------
0.92           1              1                   gu_epvebb~d                                                           5595.14253 +-         1.12814        2.058       3      (   0)
0.92           1              1                   gd~_epvebb~u~                                                         2151.80987 +-         0.66733       0.3063       3      (   0)
0.92           1              1                   ud~_epvebb~g                                                           929.89072 +-         0.69680       0.3877       5      (   0)

0.92           2              1                   NNLO.QT-CS.42.RCA.QCD                                                 5964.75773 +-         1.02143
--------------------------------------------------------------------------------------------------------------------------------------------------------------------------------------
0.92           2              1                   gu_epvebb~d                                                           3847.46186 +-         0.78003        2.021       3      (   0)
0.92           2              1                   gd~_epvebb~u~                                                         1472.04095 +-         0.45846       0.3026       3      (   0)
0.92           2              1                   ud~_epvebb~g                                                           645.25492 +-         0.47400       0.3597       5      (   0)

======================================================================================================================================================================================

0.93           0.5            1                   NNLO.QT-CS.42.RCA.QCD                                                 13153.6575 +-          2.2507
--------------------------------------------------------------------------------------------------------------------------------------------------------------------------------------
0.93           0.5            1                   gu_epvebb~d                                                            8479.2030 +-          1.7017        2.071       3      (   0)
0.93           0.5            1                   gd~_epvebb~u~                                                          3279.9883 +-          1.0143       0.3142       3      (   0)
0.93           0.5            1                   ud~_epvebb~g                                                           1394.4661 +-          1.0682       0.4217       5      (   0)

0.93           1              1                   NNLO.QT-CS.42.RCA.QCD                                                 8665.79164 +-         1.48153
--------------------------------------------------------------------------------------------------------------------------------------------------------------------------------------
0.93           1              1                   gu_epvebb~d                                                           5587.66886 +-         1.12626        2.031       3      (   0)
0.93           1              1                   gd~_epvebb~u~                                                         2148.28679 +-         0.66659       0.3078       3      (   0)
0.93           1              1                   ud~_epvebb~g                                                           929.83600 +-         0.69436       0.3877       5      (   0)

0.93           2              1                   NNLO.QT-CS.42.RCA.QCD                                                 5957.09799 +-         1.01939
--------------------------------------------------------------------------------------------------------------------------------------------------------------------------------------
0.93           2              1                   gu_epvebb~d                                                           3842.34197 +-         0.77867        1.990       3      (   0)
0.93           2              1                   gd~_epvebb~u~                                                         1469.64485 +-         0.45796       0.3040       3      (   0)
0.93           2              1                   ud~_epvebb~g                                                           645.11117 +-         0.47235       0.3612       5      (   0)

======================================================================================================================================================================================

0.94           0.5            1                   NNLO.QT-CS.42.RCA.QCD                                                 13137.2448 +-          2.2469
--------------------------------------------------------------------------------------------------------------------------------------------------------------------------------------
0.94           0.5            1                   gu_epvebb~d                                                            8468.0181 +-          1.6996        2.061       3      (   0)
0.94           0.5            1                   gd~_epvebb~u~                                                          3274.7850 +-          1.0132       0.3245       3      (   0)
0.94           0.5            1                   ud~_epvebb~g                                                           1394.4417 +-          1.0644       0.4140       5      (   0)

0.94           1              1                   NNLO.QT-CS.42.RCA.QCD                                                 8654.87383 +-         1.47906
--------------------------------------------------------------------------------------------------------------------------------------------------------------------------------------
0.94           1              1                   gu_epvebb~d                                                           5580.34048 +-         1.12491        2.018       3      (   0)
0.94           1              1                   gd~_epvebb~u~                                                         2144.90157 +-         0.66588       0.3157       3      (   0)
0.94           1              1                   ud~_epvebb~g                                                           929.63177 +-         0.69195       0.3782       5      (   0)

0.94           2              1                   NNLO.QT-CS.42.RCA.QCD                                                 5949.53396 +-         1.01772
--------------------------------------------------------------------------------------------------------------------------------------------------------------------------------------
0.94           2              1                   gu_epvebb~d                                                           3837.32554 +-         0.77776        1.974       3      (   0)
0.94           2              1                   gd~_epvebb~u~                                                         1467.34164 +-         0.45748       0.3099       3      (   0)
0.94           2              1                   ud~_epvebb~g                                                           644.86678 +-         0.47071       0.3505       5      (   0)

======================================================================================================================================================================================

0.95           0.5            1                   NNLO.QT-CS.42.RCA.QCD                                                 13121.1252 +-          2.2431
--------------------------------------------------------------------------------------------------------------------------------------------------------------------------------------
0.95           0.5            1                   gu_epvebb~d                                                            8456.9368 +-          1.6976        2.165       3      (   0)
0.95           0.5            1                   gd~_epvebb~u~                                                          3269.6007 +-          1.0121       0.3238       3      (   0)
0.95           0.5            1                   ud~_epvebb~g                                                           1394.5878 +-          1.0607       0.3010       5      (   0)

0.95           1              1                   NNLO.QT-CS.42.RCA.QCD                                                 8644.14417 +-         1.47663
--------------------------------------------------------------------------------------------------------------------------------------------------------------------------------------
0.95           1              1                   gu_epvebb~d                                                           5573.07738 +-         1.12360        2.117       3      (   0)
0.95           1              1                   gd~_epvebb~u~                                                         2141.53028 +-         0.66518       0.3160       3      (   0)
0.95           1              1                   ud~_epvebb~g                                                           929.53652 +-         0.68955       0.2678       5      (   0)

0.95           2              1                   NNLO.QT-CS.42.RCA.QCD                                                 5942.09655 +-         1.01608
--------------------------------------------------------------------------------------------------------------------------------------------------------------------------------------
0.95           2              1                   gu_epvebb~d                                                           3832.35229 +-         0.77687        2.069       3      (   0)
0.95           2              1                   gd~_epvebb~u~                                                         1465.04874 +-         0.45701       0.3110       3      (   0)
0.95           2              1                   ud~_epvebb~g                                                           644.69552 +-         0.46908       0.2425       5      (   0)

======================================================================================================================================================================================

0.96           0.5            1                   NNLO.QT-CS.42.RCA.QCD                                                 13105.1022 +-          2.2394
--------------------------------------------------------------------------------------------------------------------------------------------------------------------------------------
0.96           0.5            1                   gu_epvebb~d                                                            8445.8703 +-          1.6955        2.233       3      (   0)
0.96           0.5            1                   gd~_epvebb~u~                                                          3264.4911 +-          1.0111       0.3605       3      (   0)
0.96           0.5            1                   ud~_epvebb~g                                                           1394.7408 +-          1.0572       0.2644       5      (   0)

0.96           1              1                   NNLO.QT-CS.42.RCA.QCD                                                 8633.48218 +-         1.47422
--------------------------------------------------------------------------------------------------------------------------------------------------------------------------------------
0.96           1              1                   gu_epvebb~d                                                           5565.81987 +-         1.12224        2.183       3      (   0)
0.96           1              1                   gd~_epvebb~u~                                                         2138.20855 +-         0.66449       0.3469       3      (   0)
0.96           1              1                   ud~_epvebb~g                                                           929.45377 +-         0.68727       0.2371       5      (   0)

0.96           2              1                   NNLO.QT-CS.42.RCA.QCD                                                 5934.70760 +-         1.01445
--------------------------------------------------------------------------------------------------------------------------------------------------------------------------------------
0.96           2              1                   gu_epvebb~d                                                           3827.38028 +-         0.77594        2.133       3      (   0)
0.96           2              1                   gd~_epvebb~u~                                                         1462.79009 +-         0.45654       0.3371       3      (   0)
0.96           2              1                   ud~_epvebb~g                                                           644.53723 +-         0.46753       0.2166       5      (   0)

======================================================================================================================================================================================

0.97           0.5            1                   NNLO.QT-CS.42.RCA.QCD                                                 13088.5956 +-          2.2356
--------------------------------------------------------------------------------------------------------------------------------------------------------------------------------------
0.97           0.5            1                   gu_epvebb~d                                                            8434.8308 +-          1.6935        2.235       3      (   0)
0.97           0.5            1                   gd~_epvebb~u~                                                          3259.3092 +-          1.0100       0.4145       3      (   0)
0.97           0.5            1                   ud~_epvebb~g                                                           1394.4557 +-          1.0536       0.2515       5      (   0)

0.97           1              1                   NNLO.QT-CS.42.RCA.QCD                                                 8622.50994 +-         1.47181
--------------------------------------------------------------------------------------------------------------------------------------------------------------------------------------
0.97           1              1                   gu_epvebb~d                                                           5558.58065 +-         1.12091        2.185       3      (   0)
0.97           1              1                   gd~_epvebb~u~                                                         2134.84034 +-         0.66382       0.3981       3      (   0)
0.97           1              1                   ud~_epvebb~g                                                           929.08896 +-         0.68493       0.2233       5      (   0)

0.97           2              1                   NNLO.QT-CS.42.RCA.QCD                                                 5927.10998 +-         1.01282
--------------------------------------------------------------------------------------------------------------------------------------------------------------------------------------
0.97           2              1                   gu_epvebb~d                                                           3822.42107 +-         0.77503        2.135       3      (   0)
0.97           2              1                   gd~_epvebb~u~                                                         1460.50025 +-         0.45609       0.3858       3      (   0)
0.97           2              1                   ud~_epvebb~g                                                           644.18866 +-         0.46595       0.2022       5      (   0)

======================================================================================================================================================================================

0.98           0.5            1                   NNLO.QT-CS.42.RCA.QCD                                                 13072.3491 +-          2.2319
--------------------------------------------------------------------------------------------------------------------------------------------------------------------------------------
0.98           0.5            1                   gu_epvebb~d                                                            8423.9256 +-          1.6913        2.188       3      (   0)
0.98           0.5            1                   gd~_epvebb~u~                                                          3254.1170 +-          1.0089       0.3737       3      (   0)
0.98           0.5            1                   ud~_epvebb~g                                                           1394.3066 +-          1.0500       0.2126       5      (   0)

0.98           1              1                   NNLO.QT-CS.42.RCA.QCD                                                 8611.70884 +-         1.46936
--------------------------------------------------------------------------------------------------------------------------------------------------------------------------------------
0.98           1              1                   gu_epvebb~d                                                           5551.43162 +-         1.11952        2.134       3      (   0)
0.98           1              1                   gd~_epvebb~u~                                                         2131.46313 +-         0.66310       0.3620       3      (   0)
0.98           1              1                   ud~_epvebb~g                                                           928.81410 +-         0.68262       0.1889       5      (   0)

0.98           2              1                   NNLO.QT-CS.42.RCA.QCD                                                 5919.63003 +-         1.01115
--------------------------------------------------------------------------------------------------------------------------------------------------------------------------------------
0.98           2              1                   gu_epvebb~d                                                           3817.52499 +-         0.77408        2.082       3      (   0)
0.98           2              1                   gd~_epvebb~u~                                                         1458.20290 +-         0.45560       0.3536       3      (   0)
0.98           2              1                   ud~_epvebb~g                                                           643.90214 +-         0.46438       0.1714       5      (   0)

======================================================================================================================================================================================

0.99           0.5            1                   NNLO.QT-CS.42.RCA.QCD                                                 13056.1700 +-          2.2283
--------------------------------------------------------------------------------------------------------------------------------------------------------------------------------------
0.99           0.5            1                   gu_epvebb~d                                                            8412.9811 +-          1.6894        2.227       3      (   0)
0.99           0.5            1                   gd~_epvebb~u~                                                          3249.0892 +-          1.0079       0.4275       3      (   0)
0.99           0.5            1                   ud~_epvebb~g                                                           1394.0996 +-          1.0466       0.2020       5      (   0)

0.99           1              1                   NNLO.QT-CS.42.RCA.QCD                                                 8600.96083 +-         1.46704
--------------------------------------------------------------------------------------------------------------------------------------------------------------------------------------
0.99           1              1                   gu_epvebb~d                                                           5544.26144 +-         1.11824        2.168       3      (   0)
0.99           1              1                   gd~_epvebb~u~                                                         2128.19331 +-         0.66245       0.4152       3      (   0)
0.99           1              1                   ud~_epvebb~g                                                           928.50607 +-         0.68037       0.1762       5      (   0)

0.99           2              1                   NNLO.QT-CS.42.RCA.QCD                                                 5912.19152 +-         1.00959
--------------------------------------------------------------------------------------------------------------------------------------------------------------------------------------
0.99           2              1                   gu_epvebb~d                                                           3812.61708 +-         0.77322        2.111       3      (   0)
0.99           2              1                   gd~_epvebb~u~                                                         1455.97889 +-         0.45516       0.4059       3      (   0)
0.99           2              1                   ud~_epvebb~g                                                           643.59555 +-         0.46285       0.1568       5      (   0)

======================================================================================================================================================================================

1              0.5            1                   NNLO.QT-CS.42.RCA.QCD                                                 13039.9886 +-          2.2246
--------------------------------------------------------------------------------------------------------------------------------------------------------------------------------------
1              0.5            1                   gu_epvebb~d                                                            8402.1307 +-          1.6874        2.387       3      (   0)
1              0.5            1                   gd~_epvebb~u~                                                          3244.0512 +-          1.0068       0.4419       3      (   0)
1              0.5            1                   ud~_epvebb~g                                                           1393.8067 +-          1.0431       0.2083       5      (   0)

1              1              1                   NNLO.QT-CS.42.RCA.QCD                                                 8590.20607 +-         1.46471
--------------------------------------------------------------------------------------------------------------------------------------------------------------------------------------
1              1              1                   gu_epvebb~d                                                           5537.14909 +-         1.11697        2.326       3      (   0)
1              1              1                   gd~_epvebb~u~                                                         2124.91428 +-         0.66176       0.4303       3      (   0)
1              1              1                   ud~_epvebb~g                                                           928.14271 +-         0.67810       0.1802       5      (   0)

1              2              1                   NNLO.QT-CS.42.RCA.QCD                                                 5904.74557 +-         1.00801
--------------------------------------------------------------------------------------------------------------------------------------------------------------------------------------
1              2              1                   gu_epvebb~d                                                           3807.74671 +-         0.77235        2.267       3      (   0)
1              2              1                   gd~_epvebb~u~                                                         1453.74714 +-         0.45469       0.4216       3      (   0)
1              2              1                   ud~_epvebb~g                                                           643.25172 +-         0.46132       0.1590       5      (   0)

======================================================================================================================================================================================

