#   m_bbZ-ptj20        central        num_err    min (scale)        num_err    max (scale)        num_err
              0              0              0              0              0              0              0
              1              0              0              0              0              0              0
              2              0              0              0              0              0              0
              3              0              0              0              0              0              0
              4              0              0              0              0              0              0
              5              0              0              0              0              0              0
              6              0              0              0              0              0              0
              7              0              0              0              0              0              0
              8              0              0              0              0              0              0
              9              0              0              0              0              0              0
             10              0              0              0              0              0              0
             11              0              0              0              0              0              0
             12              0              0              0              0              0              0
             13              0              0              0              0              0              0
             14              0              0              0              0              0              0
             15              0              0              0              0              0              0
             16              0              0              0              0              0              0
             17              0              0              0              0              0              0
             18   0.0015668267   0.0015667483   0.0013009605   0.0013008954   0.0019229692    0.001922873
             19              0              0              0              0              0              0
             20   0.0016402562   0.0016401741    0.001280152    0.001280088   0.0021828731    0.002182764
             21   0.0015115645    0.001511489   0.0012709884   0.0012709248   0.0016582232   0.0016581403
             22    0.001560064    0.001559986   0.0012068828   0.0012068224    0.002102481   0.0021023759
             23    0.001610204   0.0016101235   0.0011507803   0.0011507227   0.0023942777    0.002394158
             24              0              0              0              0              0              0
             25    0.003090156   0.0021852323   0.0025243698   0.0017849266   0.0038514205   0.0027261766
             26   0.0031801521    0.002248689   0.0022494998   0.0015913285   0.0047729092   0.0033795384
             27    0.008555062   0.0038717914   0.0062978791   0.0028432828    0.012265386   0.0055929636
             28   0.0093665466    0.003824269   0.0068221289   0.0027911172    0.013589916    0.005564976
             29   0.0078913565   0.0035300572   0.0056358543    0.002522525    0.011696359   0.0052378292
             30     0.02187463   0.0058463861    0.017430092   0.0046664347    0.028321209   0.0076063096
             31   0.0093981193   0.0038376721    0.007484954   0.0030558354    0.012177511    0.004978765
             32     0.02027363   0.0056232815    0.016028091   0.0044568731    0.026504442   0.0074053417
             33    0.020423649   0.0056645133     0.01620112    0.004504728    0.026613846   0.0074314924
             34    0.021631933   0.0063036809     0.01819459   0.0048067905    0.025914286   0.0093326076
             35    0.029680392   0.0068107707    0.023431053   0.0053871486     0.03892629   0.0090027283
             36    0.031287115   0.0069966962     0.02539952   0.0056925536    0.039533133   0.0088855322
             37    0.046897119   0.0085628243    0.037215926   0.0068173572    0.061061664    0.011220093
             38    0.035976151    0.007818816    0.029579592    0.006252952    0.044682073    0.010326928
             39    0.054495238   0.0092125394    0.043808443   0.0074359545    0.069760944    0.011919041
             40    0.070130573    0.010455092    0.056668707   0.0084765564    0.089182193    0.013400963
             41    0.065653821      0.0101324    0.051680152   0.0079981081    0.086482793    0.013405681
             42    0.083214406    0.011660829    0.066389516   0.0092485981     0.10762897    0.015348215
             43    0.098430052    0.012403143    0.077778351   0.0098142987     0.12893073    0.016299149
             44    0.091954942    0.011973254    0.073637455   0.0096049217     0.11835378    0.015484689
             45     0.13567707     0.01454879     0.10728607    0.011528446     0.17753221    0.019118027
             46     0.12957583    0.014227681     0.10352513    0.011388249     0.16731072    0.018446062
             47     0.10931232    0.013303056    0.089038935    0.010689968     0.13754406    0.017405132
             48     0.16717531    0.016164186     0.13637571    0.013225002      0.2100088    0.020459401
             49     0.17018679    0.016315594     0.13817855    0.013267481     0.21516002    0.020747838
             50     0.18107443    0.016815277     0.14618259    0.013622732     0.23061521    0.021565329
             51     0.19179284    0.017298167     0.15861961    0.014345832     0.23643013    0.021559781
             52     0.22083368    0.018558968     0.18331645    0.015582366     0.27084802    0.025163821
             53     0.24330484    0.019488375     0.19564286    0.015716134     0.31156711    0.025100348
             54     0.26648663    0.020386508     0.21691421    0.016683218     0.33580544    0.026182763
             55     0.26386743      0.0203042     0.21457991    0.016569843     0.33305146    0.025830393
             56     0.29350712    0.021408171     0.24082733    0.017607551      0.3659902    0.026840139
             57     0.31874598    0.022287475     0.26187839    0.018350968     0.39672089    0.028137811
             58      0.3435461    0.023168025     0.28024462    0.018955366      0.4317465    0.029336665
             59     0.40762177     0.02523527     0.33337347    0.020682766     0.51048792    0.031785272
             60     0.41588507    0.025505812     0.33911801    0.020850882      0.5229411    0.032301389
             61     0.46040044    0.026811757      0.3723487    0.021742132     0.58525706    0.034277583
             62     0.51111156    0.028634254     0.42307511    0.023356208      0.6300457    0.037196056
             63     0.52937667    0.028718295     0.43407687    0.023616024     0.66089576    0.036142978
             64     0.54817779    0.029319825     0.45180039    0.024083345     0.67961255    0.036961761
             65     0.63865038    0.031547977     0.52178763    0.025845243     0.80107651    0.039825807
             66     0.68838235    0.032845644     0.56890395    0.027116058     0.85038211     0.04107289
             67     0.70660672    0.033284611     0.57971128     0.02733133     0.88150308    0.041855109
             68     0.79546238     0.03528938     0.65436655     0.02901329     0.98894663    0.044399795
             69     0.87535887    0.036977365     0.72071373    0.030519984      1.0871101    0.046198851
             70     0.86774158    0.036813361     0.71260636    0.030292073      1.0813462    0.046060228
             71     0.95257347    0.038668267     0.78987439    0.032176776      1.1719857    0.051770647
             72     0.98901109    0.039349943     0.81600148    0.032491654      1.2249278    0.049276532
             73      1.1529514    0.042459559     0.95301245    0.035114332      1.4245544    0.052846143
             74      1.2522488    0.044268748      1.0339777    0.036620388      1.5493305    0.055325395
             75      1.4038318    0.046867609      1.1567168    0.038645066      1.7420317    0.058514113
             76      1.3857734    0.046542298      1.1495399    0.038710255      1.7043542    0.057988865
             77      1.6359356       0.050603      1.3488416    0.041723147      2.0282154    0.063160834
             78      1.7422451    0.052144607      1.4386761    0.043139646      2.1559781    0.064959797
             79      2.0147388    0.056042166      1.6751198    0.046736514      2.4705016    0.069225193
             80      2.1873195    0.058439448      1.8133937     0.04849559      2.6925656    0.072578493
             81      2.3036683    0.060120664      1.9117876    0.049853774      2.8320697    0.074734882
             82       2.599078    0.063844377      2.1602007    0.052999561      3.1889827    0.079246667
             83      2.9985945     0.06833569       2.496236    0.057033092      3.6716582    0.084444857
             84      3.3471548    0.072459281      2.7969325    0.060415649      4.0782364    0.089632229
             85      3.7957094    0.077001268      3.1575755    0.064125609      4.6523139    0.095314794
             86      4.4187426    0.083166026      3.6768457    0.069200908      5.4140337     0.10280321
             87      5.4086959    0.091903944      4.5173103    0.076843463      6.5948798     0.11284306
             88      6.5835387     0.10143403      5.5034404    0.084800966      8.0180357      0.1246948
             89      8.5780523     0.11566575      7.1800765     0.09689003      10.429491     0.14138461
             90      12.815682     0.14149562      10.743537     0.11866548      15.550181     0.17329099
             91      19.824167     0.17598347      16.650871     0.14795288      23.993036     0.21496447
             92      31.055048     0.22003358      26.094632     0.18513586      37.566749      0.2699141
             93      42.596667     0.25773556      35.739029      0.2163695       51.63422     0.31426624
             94      55.650799     0.29437604      46.718085     0.24733517      67.409212     0.35877432
             95      67.791636     0.32486509      56.986794       0.273358       81.96995     0.39531011
             96      79.359901     0.35144009       66.69796     0.29568386      95.986778     0.42733193
             97      89.838424     0.37407737      75.564432     0.31478792      108.54885     0.45549091
             98      100.01356     0.39455323      84.089847     0.33200265       120.9117     0.47986195
             99      107.66079     0.40934557      90.563938     0.34456116       130.0769     0.49770787
            100      114.71036     0.42272139      96.504305     0.35609518      138.57778     0.51786788
            101       120.5934     0.43333543      101.45625     0.36485734       145.6848     0.52680825
            102      125.94091     0.44313726      106.00988     0.37357935      152.04657     0.54215116
            103      130.76246     0.45123111      110.08604      0.3801938      157.84023     0.54846695
            104      133.14059     0.45521709      112.07057     0.38343198      160.74744      0.5532054
            105      137.00623     0.46195477      115.34902     0.38923005      165.37438     0.56297806
            106      139.10775     0.46557534      117.19601     0.39420153      167.76705      0.5724809
            107      140.04995     0.46714569      117.90105     0.39349279      169.07847     0.56778509
            108      142.26268     0.47092567      119.74568     0.39731772      171.79074     0.57568641
            109      143.21088     0.47291163      120.60494     0.39841109      172.82537     0.57501126
            110      143.03796      0.4722032      120.42006     0.39800375      172.69414     0.57383322
            111      142.55824     0.47155252      120.02646     0.39735103      172.10263     0.57380874
            112      143.96636     0.47478761      121.19778     0.39989859      173.83528     0.57754023
            113      143.36136     0.47329732      120.68556     0.39866065      173.11386     0.57556032
            114      142.42098     0.47136778      119.93178      0.3971656      171.91433     0.57397846
            115      142.24931     0.47096229      119.77095     0.39694063      171.74104     0.57249997
            116      140.15986     0.46867772      118.02053     0.39473318      169.20643     0.57103178
            117      140.05036     0.46819057      117.84778     0.39408476      169.22977     0.56981722
            118      138.80794     0.46591912       116.7879     0.39220967       167.7583     0.56707466
            119      137.32859     0.46371513      115.59249     0.39122221       165.8824     0.56647882
            120      136.65742     0.46254077        114.949     0.38914115       165.2222     0.56307474
            121       135.0253     0.45927318      113.57929     0.38651907      163.24578     0.55887428
            122      133.70683     0.45963262      112.47116     0.38733432      161.65264     0.56547261
            123      131.55966     0.45505483      110.62409     0.38263049      159.13688     0.55460548
            124      130.91076     0.45387431      110.01669     0.38155163      158.47058     0.55340021
            125      128.82704     0.45169471      108.31391     0.37949251      155.85909     0.55170874
            126      127.43968     0.44950996      107.12123     0.37766546      154.23168     0.54904693
            127      125.72144     0.44638145      105.68548     0.37626877      152.13871     0.55638047
            128      125.24815      0.4440772      105.19868     0.37299659      151.73535     0.54218114
            129      123.54797     0.44090722      103.78352     0.37041278      149.65436     0.53922235
            130      121.57287     0.43675441      102.13217     0.36710126      147.24944     0.53420552
            131      119.16903     0.46588187      100.07872     0.38719102      144.40056     0.57640105
            132      118.24798     0.43107432      99.284687     0.36217254      143.32654     0.52816553
            133      116.65713     0.42863158      97.884724     0.35977441      141.52083     0.52378043
            134      115.04606     0.42678791      96.527528     0.35787924      139.57724     0.52279783
            135       113.4494     0.42576056      95.222252     0.35704963       137.5786     0.52131964
            136      112.13669     0.41897002      94.082884     0.35229329       136.0574     0.51327855
            137      110.89346     0.41965542      92.991186     0.35164089      134.64057     0.51390547
            138      109.43077     0.41621137      91.744742     0.34888262      132.90449     0.50975069
            139       107.8861      0.4145272      90.415516     0.34729913      131.09263      0.5090157
            140      106.10408     0.40827507      88.900699     0.34227534      128.96974     0.50089447
            141       104.1488     0.41298277      87.235575     0.34492843      126.64279     0.50797778
            142      104.06557     0.40500817      87.214847     0.33943476      126.45308     0.49729824
            143      102.07534     0.40071118      85.497422     0.33568201      124.12758     0.49161722
            144      100.45429      0.4024274      84.082632     0.33665969      122.26337     0.49581606
            145      99.331347      0.3959646      83.177199     0.33168476      120.83387     0.48615116
            146      98.182278     0.39323745      82.163192     0.32909386      119.53302     0.48258617
            147      96.838646     0.39226918       80.99036     0.32809511      117.98852     0.48249738
            148      95.069944     0.38750774      79.492568     0.32400757      115.86763     0.47638219
            149      93.385935     0.38480254      78.107852     0.32175277      113.77329     0.47261343
            150      91.572245     0.37897603      76.582282     0.31900111      111.58182     0.47058823
            151      90.109555     0.38039894      75.304654     0.31779142      109.89874     0.46884973
            152      89.364556     0.37632265      74.611514     0.31421608       109.1203     0.46317824
            153      88.431629     0.39554421      73.850037      0.3274856      107.94913     0.49276043
            154      86.837167       0.370102      72.492261     0.30906357      106.05379     0.45574341
            155       85.01434       0.369801      70.991548     0.30928554      103.78847     0.45932886
            156      84.192255     0.36674865      70.271921     0.30588077      102.84523     0.45195868
            157      83.326362      0.3622712      69.463497     0.30212362      101.94578     0.44633779
            158      82.420286     0.36143556      68.697637     0.30126387      100.85651     0.44588757
            159      80.742663     0.35761197      67.295953     0.29837762      98.808857     0.44186952
            160      79.917996     0.35609173      66.606339     0.29676483      97.805135     0.43952329
            161       78.48525     0.35231755       65.37075     0.29366091      96.127695     0.43487035
            162      77.734992     0.35060997      64.748157     0.29205542      95.203749     0.43364103
            163      76.309096      0.3482255      63.536618     0.29013361      93.502059       0.431445
            164      74.484753     0.34343656      61.990484     0.28586595      91.315959     0.42422803
            165      74.275818     0.34759315       61.80447     0.28876632      91.081196     0.43072706
            166      73.652387     0.35547765      61.250046     0.29401188      90.381866     0.44244726
            167      71.997675     0.33983705      59.815981     0.28223417      88.456187     0.42170208
            168      70.779979     0.33488483      58.782888     0.27822787      86.999161     0.41430676
            169       70.03711     0.33761333      58.156259      0.2798207      86.103655     0.41922828
            170      69.538544     0.33169851      57.760678     0.27548731      85.456801     0.41111502
            171      69.063704      0.3335669      57.307112     0.27654866      84.980357      0.4139041
            172      67.310193     0.32708817      55.874233     0.27157362      82.783099     0.40591624
            173      66.134304     0.32397865      54.896488     0.26912504      81.339967     0.40241077
            174      65.690982     0.32811628      54.469226     0.27142169      80.901099     0.40891909
            175      64.498121     0.32002891      53.526107     0.26631002      79.349831     0.40163471
            176      63.753343     0.31909186      52.842795     0.26440743      78.550548      0.3962983
            177      62.635519      0.3143962      51.906932     0.26076783      77.190945     0.39115777
            178      62.159188     0.31452968      51.501456      0.2606231      76.621806      0.3910969
            179      62.011663     0.31699036      51.368754       0.262482      76.458843     0.39535435
            180      60.244995     0.30963603      49.900281     0.25645723      74.289754     0.38491892
            181      59.189421     0.30598667      48.979168     0.25341108      73.072558     0.38039364
            182      59.210003     0.30822737      49.008424     0.25558318      73.074607     0.38498974
            183        57.4814     0.31129026      47.536108     0.25652054      71.016225      0.3893036
            184      56.907594     0.29993296      47.067857     0.24831336      70.295778     0.37318811
            185      56.383581     0.29803722      46.617273      0.2467031      69.679207     0.37087833
            186      56.493549     0.29963547       46.67587     0.24774009      69.873507      0.3737319
            187      54.822107     0.29629325      45.302002     0.24499187      67.793214     0.36923554
            188      53.826495     0.31100344      44.429915     0.25482526      66.650919       0.391135
            189      53.785947      0.2921268      44.418165     0.24194589      66.561107     0.36587403
            190      53.243477     0.29031785      43.911114     0.23970353      65.996478     0.36241842
            191      52.464956     0.28834101      43.307535     0.23904443      64.962013     0.36205451
            192      51.419185     0.29208973      42.409391     0.24037423      63.729033     0.36597077
            193      51.247853     0.29154689      42.281165     0.24017502      63.492903     0.36534452
            194       50.65608     0.29562447      41.753142        0.24258      62.831537     0.37138648
            195      49.510744      0.2796173      40.796867     0.23062368      61.432708     0.34910737
            196      48.926641     0.27977919      40.314912     0.23048352      60.708372     0.34986278
            197      48.722412     0.28988782      40.136449     0.23789625       60.47293     0.36466295
            198      47.537733     0.27373678      39.125168      0.2255106       59.06621     0.34233538
            199      47.194759     0.27376926      38.864431     0.22557475      58.600753      0.3424734
            200      46.392186      0.2733221      38.188905     0.22492484      57.630311     0.34244459
            201      46.278454     0.27033354      38.079404     0.22268626      57.516827     0.33802167
            202      45.713744      0.2689896      37.618907     0.22153497      56.807062     0.33655809
            203      45.426633     0.29819886      37.347682     0.24351507      56.511176     0.37600429
            204      44.887863     0.26719152      36.941292     0.22041514      55.776183     0.33519707
            205      44.416555     0.26607958      36.515055     0.21889949      55.259434      0.3338099
            206       43.49693     0.30655554      35.770709     0.24782257      54.093331     0.39192893
            207      43.199245      0.2665228      35.509286     0.21879166      53.752137     0.33512005
            208      42.434212     0.26020542      34.852102      0.2138696       52.85042     0.32634944
            209      41.927581     0.25823992      34.447815     0.21231282      52.198166     0.32397074
            210      42.092745      0.2581659      34.544147      0.2119885      52.473617     0.32420955
            211      41.277422      0.2559007      33.879777      0.2101327      51.448001     0.32123678
            212      40.943287     0.25590045       33.62377       0.210417      50.998131     0.32119572
            213      40.221925     0.25362721      32.990195     0.20830328      50.172496     0.32152184
            214      39.859136     0.25208332      32.668017     0.20670744      49.763497     0.31682125
            215      39.632895      0.2512913      32.457842     0.20588493      49.524598     0.31610406
            216      39.297611     0.25379209      32.204396      0.2077807      49.067026     0.31964132
            217      38.501869     0.24893313      31.553407     0.20401701      48.071401     0.31338372
            218      38.173389     0.24941678      31.253733     0.20403331      47.714742     0.31430425
            219      37.368971     0.24265195       30.62994     0.19940473      46.646936      0.3051191
            220      37.176236     0.24337466      30.454701     0.20100736      46.436676      0.3107863
            221      36.617768     0.24118507      29.956818     0.19731479      45.810127     0.30400389
            222      36.888282     0.27712376      30.169488     0.22444042       46.16261     0.35250996
            223      36.308828     0.24169383      29.718198     0.19786798      45.397174     0.30419333
            224      35.451265     0.23650863      29.003645     0.19366171       44.34717     0.29779836
            225      35.635712     0.23796931      29.169868     0.19502682      44.550058     0.29975644
            226      35.128495     0.24062518      28.718265     0.19648574      43.979922     0.30383926
            227      34.258461      0.2357093      27.976899     0.19243173      42.943681     0.29770988
            228      34.472731     0.23383497      28.168802     0.19133347      43.181868     0.29485011
            229      34.056658     0.23184588      27.830133     0.18983085      42.657562     0.29232405
            230      33.761509     0.23200651      27.599746     0.18978178      42.268041     0.29229966
            231      33.175866     0.23306989      27.111943       0.190322      41.550331      0.2946053
            232       33.32167     0.23058689      27.204383     0.18840208      41.780394     0.29109388
            233      32.215929     0.22599951      26.315573     0.18468747      40.368463     0.28535934
            234      32.355483     0.22754843      26.414226     0.18583907      40.570212     0.28725669
            235      32.132766     0.22512758      26.239787     0.18415059      40.277816     0.28364577
            236      31.419426     0.22244194      25.620227     0.18171408      39.448442      0.2809025
            237      31.174944     0.22146412      25.431322      0.1809246      39.122497     0.27953095
            238      30.933268     0.22178526       25.25299     0.18140049      38.785472     0.28046459
            239       30.66685     0.22046307      25.013242     0.17998493      38.490572     0.27832997
            240      30.571672      0.2235421      24.933648     0.18222291      38.373619     0.28259884
            241      30.250853     0.21834942      24.642297     0.17806405      38.023354     0.27598601
            242      30.085823     0.22266301      24.531174      0.1814582      37.774357     0.28202115
            243      29.370443     0.25058334      23.935335     0.20178371      36.897216      0.3208145
            244      29.441452     0.22066594      23.973228     0.17951642      37.021738     0.27961221
            245      28.794667     0.21397159      23.470601     0.17456635      36.166242     0.27031038
            246      28.704113      0.2206692      23.373277     0.17932596      36.093467     0.28016073
            247      28.221795     0.21187221      22.990793       0.172791      35.468776     0.26795902
            248      28.214411     0.21208043       22.98508     0.17286567      35.458397     0.26830726
            249      27.824491     0.21645913      22.663895     0.17606061      34.973985     0.27457178
            250      27.150667     0.20904105      22.101073     0.17021542      34.151494     0.26459747
            251      27.595966     0.20969964      22.439374     0.17064078      34.754034     0.26588717
            252      27.045803     0.20733855      22.002063     0.16880035      34.042908     0.26257912
            253      27.039211     0.22991412      21.991453     0.18563013      34.043104     0.29344872
            254      26.581484     0.20597548      21.613713     0.16762489      33.477008      0.2611294
            255      26.504976      0.2047581      21.545398     0.16667309      33.390649     0.25952906
            256      25.854026     0.20424458      21.001018     0.16597425       32.59684     0.25908573
            257      25.814962     0.20390523       20.99234     0.16599699      32.506994     0.26089323
            258      25.817834     0.21089387      20.979868     0.17101129      32.536041     0.26841421
            259      25.574045     0.20260232      20.783268     0.16483519      32.225858     0.25687918
            260      24.995788     0.19886037      20.318007     0.16184108      31.488592     0.25186063
            261      25.109945     0.19915673      20.408472     0.16236508      31.637448     0.25303953
            262      24.399135     0.20957086      19.823296     0.16958403       30.75329     0.26713627
            263      24.476339     0.19645465      19.892305     0.16009494      30.839359      0.2489332
            264      24.430665     0.19650981      19.829982     0.15969089      30.825623     0.24918782
            265      23.967401     0.19491889      19.454777     0.15841981      30.239239      0.2471344
            266      24.170332     0.23962487      19.618304     0.19231154      30.496188     0.30713095
            267      23.502756     0.19264341      19.071912     0.15647918      29.662541     0.24497706
            268      23.652463     0.19493931      19.180137      0.1582229      29.873941     0.24761555
            269        23.5069     0.19576819      19.088797     0.15893234      29.643042     0.24854633
            270      23.060098     0.19111165      18.699439     0.15506833      29.125716       0.242848
            271      22.854956     0.19255039      18.518655      0.1561139      28.891552     0.24473024
            272      22.525441     0.22294173      18.252162      0.1781253      28.474177     0.28775312
            273      22.597065     0.18869593      18.336247      0.1533245      28.518857     0.23987296
            274      22.197959     0.18998862      17.974974     0.15381954      28.079548     0.24209349
            275      22.155142     0.18786193      17.982279     0.15259088      27.951805     0.23838052
            276      21.923536     0.18613446      17.769964     0.15103806      27.701957     0.23643238
            277      21.573858     0.18437958      17.474088      0.1495527      27.281257     0.23429948
            278      21.662337     0.19674158      17.547264     0.15884034      27.389847     0.25098568
            279      21.348321     0.18586424      17.295076     0.15060468      26.988783     0.23642687
            280      20.993447     0.18292733      17.001779     0.14830681      26.549984     0.23262712
            281      21.065214     0.18432686      17.048784     0.14927136      26.659998     0.23452475
            282      20.952943     0.18214609       16.99464     0.14823213      26.453472     0.23200631
            283      20.436129     0.18032508      16.540712     0.14602817      25.861153     0.22956559
            284       20.39444     0.17941492      16.523868     0.14557758      25.778738     0.22796907
            285      20.761776     0.18179882      16.810691     0.14721253      26.261381     0.23167085
            286       19.88075     0.17690907      16.085765     0.14332893      25.166911     0.22514554
            287      20.292273     0.18256485      16.410099     0.14748507      25.702191     0.23295847
            288      19.851602      0.1775526      16.094533     0.14408991      25.072751     0.22588127
            289      19.701757     0.17751722      15.941887     0.14372386      24.937407     0.22603006
            290      19.663364     0.17631152      15.914678     0.14281513      24.881682     0.22436658
            291      19.102858     0.17440466      15.448922     0.14123545      24.192926     0.22197915
            292      19.160215     0.17384335       15.49506     0.14078111      24.265864     0.22119923
            293      18.815329     0.17384624      15.232517     0.14072701      23.800042     0.22145882
            294      18.965116     0.17364598       15.33638     0.14058508      24.019637     0.22094205
            295      18.517678     0.17085804       14.98135     0.13847194      23.440855     0.21733334
            296      18.648453     0.17157383      15.084683     0.13895733      23.610406     0.21823583
            297      18.207899     0.17431136       14.73269      0.1408525      23.044604     0.22229799
            298      17.787988      0.1673201      14.392112     0.13563003      22.514411     0.21278524
            299      18.387747     0.17561026       14.85634     0.14178789      23.309259     0.22399202
            300      17.774289      0.1686928      14.375675      0.1365436      22.505552     0.21473642
            301      17.678234      0.1670509      14.288487     0.13521108      22.400334     0.21259109
            302      17.645535     0.16735116      14.238941     0.13521134      22.398344     0.21335468
            303      17.286614      0.1671571      13.962341     0.13510669      21.920051      0.2129656
            304      17.786777     0.17144623      14.362569     0.13852287      22.557963     0.21872693
            305       17.19948     0.16470848      13.899886      0.1333977      21.791337     0.20984511
            306       17.05368     0.16527749      13.786766     0.13380844      21.594582     0.21061142
            307      16.890065     0.16527083      13.629407     0.13354788      21.422077      0.2107492
            308      16.765605     0.16332296      13.531821     0.13209182      21.258412     0.20867806
            309      16.710027     0.16292285      13.475559     0.13163189      21.198861     0.20756559
            310      16.398304     0.16104609       13.23933     0.13027623      20.775679     0.20507523
            311      16.473208     0.16561245      13.278817     0.13345473      20.890543     0.21104765
            312      16.144539     0.15962274      13.018909     0.12894166      20.475822     0.20350453
            313      16.223674     0.16514276      13.080293     0.13320148       20.57932     0.21095449
            314      16.191469       0.160008       13.03144     0.12902646      20.564744     0.20418962
            315      15.970989     0.15897533      12.856733     0.12822993       20.27505     0.20281411
            316       15.76699     0.15794158      12.711075     0.12757473      19.985454     0.20144731
            317      15.815212     0.17306643      12.732182     0.13884647       20.07553     0.22140168
            318      15.571751     0.15817552      12.518979     0.12726311      19.796165     0.20246762
            319      15.667128     0.15763231      12.617748     0.12720846      19.879092     0.20099699
            320      15.266038     0.15726502      12.270997     0.12654536      19.409854     0.20103489
            321      15.226029     0.15579508      12.255651     0.12567237      19.330642     0.19890809
            322      14.990969     0.15375437      12.061269     0.12397327       19.04118     0.19620469
            323       15.26988     0.17760183      12.260031      0.1421776      19.438056     0.22781599
            324      14.992255     0.15461369      12.059192     0.12503596      19.049515     0.19815676
            325      14.558305     0.15214827      11.679055     0.12226216      18.549793     0.19485527
            326      14.735104      0.1555069      11.837465     0.12516481       18.74581     0.19877862
            327      14.675271     0.15208033      11.780475     0.12235511      18.684822     0.19449494
            328      14.486342     0.15138452      11.608045     0.12153437      18.477814     0.19398957
            329      14.353457     0.15154867      11.530407     0.12193569      18.261918     0.19380108
            330      14.355369     0.15063388      11.525599     0.12121303        18.2742     0.19277602
            331      14.065958     0.15000854      11.283066     0.12056892       17.92132     0.19223287
            332       13.98204     0.14944624      11.211206     0.12007142       17.82191     0.19138945
            333      14.105565     0.14954425      11.303692     0.12004678      17.992525     0.19195425
            334      13.782596     0.14821071       11.05733     0.11905274      17.559942     0.19017139
            335      13.823164     0.14879748      11.107036     0.12244443      17.582498     0.19434447
            336      13.776699      0.1477504      11.037332     0.11862339      17.577611     0.18946896
            337      13.383284     0.14548749      10.725242     0.11683094      17.070384     0.18651429
            338      13.668688      0.1518625       10.93649     0.12151389      17.461499     0.19518738
            339      13.394975      0.1473845      10.709258     0.11797898      17.127347     0.18937976
            340      13.473327     0.14610521      10.791832     0.11718143      17.195928     0.18763882
            341      12.908442     0.14272331      10.327012     0.11440813      16.492341     0.18318061
            342      13.007447     0.14382541      10.410489     0.11529207      16.613082      0.1846281
            343      13.070473     0.14451272      10.451238      0.1156246       16.71118     0.18609678
            344      12.760049     0.14175947      10.198854     0.11361575      16.320501     0.18213724
            345      12.573824     0.14187223      10.063213     0.11374876      16.060018     0.18213207
            346      12.741789     0.14216389       10.18225     0.11375086      16.300303     0.18284623
            347      12.532252     0.14163923      10.017842     0.11342041      16.026485      0.1819592
            348      12.177098      0.1410625      9.7234152     0.11266501       15.59108     0.18175868
            349      12.484221     0.14048749      9.9759261     0.11250602       15.97163      0.1809525
            350      12.326119     0.14104329      9.8462571      0.1128389      15.774279     0.18152092
            351      12.464228     0.14099846      9.9443192     0.11271573      15.970125      0.1814255
            352      12.238223     0.14076382      9.7693178     0.11243358      15.673942     0.18137896
            353      12.071022     0.13864156      9.6222908     0.11077006      15.482215     0.17887652
            354      11.963636     0.13742276      9.5451649     0.10988877      15.329131      0.1767688
            355      12.138586     0.13947998      9.6771156     0.11136344      15.568064     0.18012635
            356      11.902506     0.13721102      9.4955263       0.109766      15.253893     0.17668381
            357       11.76332     0.13679878      9.3757333     0.10921191      15.089582     0.17632498
            358      11.590291      0.1355485      9.2510026     0.10847328      14.844565     0.17439056
            359      11.530056     0.13488952       9.203853     0.10792788       14.76755     0.17357911
            360      11.554784     0.13563355      9.1980645     0.10830403      14.842488     0.17530746
            361      11.448433     0.13896853      9.1100137     0.11064259      14.709074     0.17949201
            362      11.033026     0.13272857      8.7885291     0.10586401      14.161324     0.17132322
            363      11.294637     0.13354071      8.9852843     0.10644555        14.5164     0.17235337
            364      10.902113     0.13107242      8.6854219     0.10467218      13.991959      0.1690818
            365      11.075645     0.13742158      8.8179334     0.10870216      14.225303     0.17901585
            366      11.125968     0.13409371      8.8619766      0.1069824      14.280727      0.1732743
            367      11.102037     0.13242674      8.8305942     0.10547305      14.270236      0.1712345
            368      10.954382     0.13213605      8.7046855     0.10517955      14.095048     0.17072167
            369      10.877342      0.1311022       8.662448     0.10456647       13.96494     0.16912373
            370      10.800691     0.13086138      8.5857968     0.10420373      13.892065     0.16906868
            371      10.891772     0.13127903      8.6617568     0.10461361      14.005422     0.16972911
            372      10.694127     0.13049313      8.4927944     0.10381065      13.769467     0.16869617
            373      10.616619     0.13086908      8.4346602     0.10408641      13.662912     0.16945205
            374      10.393541      0.1283358      8.2623895     0.10223233      13.367252     0.16573918
            375      10.519809     0.12935975      8.3673145      0.1030269      13.523771     0.16721726
            376      10.442438     0.12930701       8.290856     0.10282524      13.448378     0.16730281
            377      10.339744     0.12824723      8.2092193     0.10205996      13.316998     0.16580682
            378      10.061102      0.1268668      7.9920397     0.10094637      12.951798     0.16443747
            379      10.517886     0.12931399       8.336708     0.10269749      13.568895     0.16748366
            380      10.110715     0.12645991      8.0186982     0.10048828      13.036759     0.16379217
            381      9.7816086     0.12432643      7.7634668    0.098896211      12.601429     0.16086122
            382      9.8561737     0.12545504      7.8279826    0.099704783      12.690263     0.16243354
            383      9.8152222     0.12652635       7.784284     0.10046763      12.655521     0.16387035
            384      9.7715308     0.12672987      7.7509968      0.1006831      12.595116     0.16403268
            385      9.6833842     0.12388542      7.6865899    0.098506584       12.47351     0.16031066
            386      9.5236866     0.12260038      7.5467186    0.097355847      12.289097     0.15887833
            387      9.7245659     0.12401397      7.7058028     0.09847299      12.549393     0.16068898
            388      9.6181474     0.12330818      7.6171494    0.097855354      12.418877     0.15986275
            389      9.5789797     0.12295979      7.5961846    0.097731698      12.351656     0.15923066
            390       9.469096     0.12266561      7.5184557    0.097482938      12.195114     0.15885896
            391       9.452094     0.12249536      7.4958821    0.097488228      12.188095     0.15891072
            392      9.2963246     0.12137853       7.368783    0.096350316       11.99302     0.15744886
            393       9.255746     0.12267636      7.3207036    0.097188241      11.967685     0.15927376
            394      9.2003759     0.12062427      7.2887568    0.095719054      11.874129     0.15640486
            395      9.0769418     0.12132321      7.1957862    0.096311072      11.708784      0.1572521
            396      9.1350496     0.12003723      7.2426256     0.09538112      11.782064     0.15555327
            397      9.1671683     0.12057992      7.2574272    0.095628658      11.841206     0.15641205
            398      9.0497943     0.12032303       7.165417    0.095390989      11.688374       0.156193
            399      8.9298818     0.11866491      7.0620121    0.094000485      11.547908     0.15418868
            400      8.7885349     0.12017981      6.9479266    0.095107121      11.367498     0.15612344
            401      8.8638876     0.11966483      7.0176277     0.09484765      11.448924     0.15533937
            402      8.7833034     0.11837707        6.95562    0.093814409      11.341039     0.15373839
            403      8.4644067     0.11567339      6.6886944     0.09157554       10.95481     0.15029043
            404      8.5565784      0.1166409      6.7691666    0.092419942      11.060402     0.15146604
            405      8.6640415     0.11783539      6.8534998    0.093382542      11.201834     0.15302629
            406      8.4526612     0.11582177      6.6862312    0.091800878      10.927725     0.15032714
            407      8.5683236      0.1215629      6.7719367    0.096478151      11.086056     0.15734769
            408      8.5136368     0.11647966      6.7072179    0.091945321      11.051789     0.15171155
            409      8.4374391     0.11785202      6.6689732    0.093513103      10.917538     0.15375577
            410      8.3083186     0.11440603      6.5569521    0.090527235      10.767799     0.14898042
            411      8.2393572     0.11414335      6.5063061    0.090241828      10.671108     0.14856196
            412      8.1738203     0.11374164      6.4529585    0.089985427      10.589285     0.14787105
            413      8.1370061     0.11337133      6.4140839    0.089494699       10.55738     0.14771554
            414      8.0619685     0.11341598      6.3596512    0.089619843      10.451147     0.14754006
            415      8.2290231     0.11458835      6.4886715    0.090450236      10.672922      0.1493502
            416       8.230102     0.11415584      6.4969502    0.090338736      10.662806     0.14850261
            417      8.0369109     0.11272176      6.3317062    0.088943991      10.433201     0.14695166
            418      7.6080647     0.10961985       5.995012    0.086515652      9.8754286     0.14314088
            419      7.8829542     0.11175357      6.2069054    0.088143812      10.238841     0.14589343
            420      7.7666002     0.11073475      6.1147297    0.087368051      10.088549     0.14433797
            421       7.827186     0.11127396      6.1554783    0.087665576      10.180063      0.1452577
            422      7.5045755     0.11037206      5.9063491    0.086973628      9.7525126     0.14402685
            423       7.640468     0.10994979      6.0253447    0.086891767      9.9085727     0.14312531
            424       7.567252     0.11403813       5.974176    0.090035844       9.801851     0.14852293
            425      7.6084291     0.11501284      5.9933326    0.090532087      9.8774126     0.15022393
            426      7.6533604     0.11594001      6.0270778    0.090975287      9.9406774     0.15207552
            427      7.6196331     0.11386192      5.9975258    0.089585718      9.9021372     0.14881695
            428      7.4202178      0.1083832      5.8418298    0.085425122      9.6393005     0.14148129
            429      7.3180555      0.1081933      5.7611909    0.085296632      9.5066278     0.14109059
            430      7.5319634     0.10956773       5.932689    0.086457929       9.781033     0.14282575
            431      7.2133541     0.10668569      5.6853791    0.084279829      9.3595744     0.13891084
            432        7.24983     0.10809055      5.6995881    0.085105269      9.4317186      0.1411305
            433      7.3091911     0.11717536      5.7504642    0.091715048      9.5028104     0.15389951
            434      7.2529857     0.10716274       5.697419    0.084290042      9.4444696     0.14013367
            435       7.129503     0.10611779      5.6167575    0.083722444      9.2560925     0.13842088
            436      6.9584652     0.10500032      5.4729287    0.082725212      9.0496857     0.13709905
            437      7.1320713     0.10644718      5.6109165    0.083934969      9.2721388     0.13889154
            438      6.8128509     0.10499942      5.3603298    0.082800716      8.8562537     0.13718425
            439      7.0230912     0.10541407      5.5115337    0.082867614      9.1545276     0.13790857
            440      6.9511781     0.10492204      5.4569316    0.082520686       9.056641      0.1372616
            441      6.9188908      0.1044212      5.4356924    0.082186159      9.0079265       0.136409
            442      7.0004878     0.10522343      5.5011554     0.08280908       9.112811     0.13756489
            443       6.755875     0.10339101      5.3143468    0.081507129       8.785832     0.13528563
            444      6.7621948     0.10375514       5.311171    0.081610643       8.806338     0.13561451
            445      6.8721531       0.104217      5.3944576    0.081949757      8.9551965     0.13632156
            446      6.6837183     0.10325427      5.2551157    0.081356563      8.6950824     0.13497087
            447      6.5127299     0.10158752      5.1241683     0.08009132      8.4666263     0.13290521
            448      6.6714927     0.10275885      5.2429099    0.080917331      8.6833676     0.13420799
            449      6.4756466     0.10110104      5.0748485    0.079389497      8.4524157     0.13237849
            450      6.5289014     0.10190293      5.1146379     0.07992575      8.5251993     0.13357988
            451      6.4873946     0.10223378      5.0888992    0.080412361       8.459787     0.13382346
            452      6.3383861     0.10061763      4.9729333    0.079117849      8.2633655      0.1315577
            453      6.4977867     0.10148274      5.0950749    0.079695539      8.4765137     0.13292988
            454      6.6093175     0.10298135      5.1919587    0.081011133      8.6064079     0.13464193
            455      6.2545665     0.10011715      4.9166576    0.078861817       8.138408     0.13073383
            456       6.220312    0.099478297      4.8873186    0.078353426      8.0982291     0.12993176
            457      6.0463218    0.097930815      4.7466543    0.076996966      7.8781832     0.12815333
            458      6.2385358     0.10330126      4.8901824    0.081101841      8.1408874     0.13528377
            459      6.2288732     0.10844194      4.8780504    0.084984042      8.1362988     0.14214238
            460      6.3547302     0.10064116      4.9694866    0.078811502      8.3124913     0.13232247
            461      6.1184454     0.10016894      4.7886209    0.078501787      7.9972964     0.13136238
            462      6.0404037    0.097878114      4.7351829    0.076870531      7.8815971     0.12817572
            463      6.0130707    0.097802154      4.7202615    0.076840467      7.8355857     0.12816722
            464      6.1290706    0.099205394      4.8095638    0.077989895      7.9893589     0.12977489
            465      6.1295314    0.099163035      4.8071969    0.077977664      7.9952294     0.12973522
            466      5.8475752    0.096614933       4.578592     0.07583061      7.6390626     0.12654947
            467      5.9655364    0.097824704      4.6728224    0.076821032      7.7908844     0.12812903
            468      5.7278643    0.098155016      4.4951403    0.077291183       7.464872     0.12820428
            469      5.7918306    0.096364774      4.5279738    0.075442056      7.5778403     0.12652832
            470      5.6031505    0.095155397       4.375016    0.074452191      7.3399281     0.12495687
            471       5.710913    0.095196927        4.46124    0.074482924      7.4783042      0.1251027
            472      5.6060006    0.094090476      4.3924958    0.073878281      7.3183128      0.1233381
            473      5.6476606    0.094583437      4.4247026    0.074293193       7.374517     0.12386127
            474       5.756452     0.09554628       4.505826    0.074969845      7.5231467     0.12523496
            475      5.7546038     0.10624641        4.49179    0.082973388       7.542008     0.13963699
            476      5.5577632    0.094361736      4.3663297    0.074448149       7.236876     0.12438301
            477      5.5284226    0.093983173       4.323184    0.073659485      7.2317651     0.12327917
            478      5.5518019    0.094382082      4.3483924    0.074071636      7.2509326     0.12396827
            479      5.5104951    0.094130438      4.3116995    0.073811264      7.2039916     0.12344327
            480      5.5378918      0.0946425       4.329391    0.074114847      7.2470295     0.12427189
            481      5.5557579    0.094663853      4.3494247    0.074323613      7.2600587     0.12401203
            482      5.4525646    0.093352521      4.2551136    0.072973291      7.1476395     0.12282242
            483      5.5343552    0.094523078      4.3208748    0.074015752      7.2513061     0.12408393
            484      5.2739078    0.091561519      4.1210958    0.071714911      6.9040858     0.12021383
            485      5.4619524    0.095642237      4.2607152    0.074565908      7.1630742     0.12621324
            486      5.2862182    0.092147414      4.1236455    0.071971629      6.9327721     0.12132436
            487       5.216773    0.093325339      4.0674603     0.07285781      6.8446832     0.12284225
            488      5.2060896    0.091451902      4.0638902    0.071550581      6.8237004     0.12038818
            489      5.0381068    0.089554554      3.9325387     0.07004732      6.6025881     0.11786153
            490      5.2027038    0.090998839      4.0654829    0.071268469      6.8115694     0.11947814
            491      5.0431101    0.089968417      3.9384656    0.070420264      6.6054021     0.11818333
            492      5.1160083    0.090087473      3.9973483    0.070562748      6.6979451     0.11824637
            493      5.0606576     0.08999548      3.9399472    0.070162742      6.6507234      0.1187173
            494       5.148205    0.090504972      4.0200386    0.070857261      6.7450569     0.11886572
            495      5.0882186     0.09018448      3.9767617    0.070658778      6.6592727     0.11845341
            496      4.9631603    0.089871526      3.8730349    0.070268127      6.5059761     0.11820997
            497      4.9824031    0.088705067       3.888544    0.069311618      6.5313195     0.11678166
            498      4.9964482    0.093495655      3.8880385    0.073043798      6.5687937     0.12290484
            499      4.8733544     0.08858442      3.8060433    0.069259088      6.3837719     0.11664907
            500      5.0301619    0.091412562      3.9207407    0.071411119      6.6021216     0.12023514
            501      4.9800084     0.08904237      3.8849816    0.069766013      6.5299996     0.11730805
            502      4.9607853    0.088957434      3.8626543    0.069342903      6.5177591     0.11738017
            503      4.8863931    0.088156892      3.7971547    0.068669301      6.4321161     0.11628061
            504      4.7978894    0.087324256       3.738395    0.068192091      6.2994764     0.11496875
            505      4.8042144    0.087073203      3.7473897     0.06806672      6.3007334     0.11452363
            506      4.7608089    0.087158167      3.7114031    0.068011513      6.2475343     0.11486939
            507      4.7095776    0.086998055      3.6716635    0.067966774      6.1801214     0.11447971
            508      4.6278921    0.086925474      3.6086711    0.067921153      6.0717529     0.11434159
            509      4.7084082    0.086605411      3.6677146    0.067592332      6.1836477     0.11413127
            510      4.6439163    0.085834692       3.622884     0.06710683       6.089911     0.11288344
            511      4.6463565    0.086961208      3.6213371    0.067976283      6.0983393     0.11436189
            512      4.6268888     0.14636137      3.6069678     0.11348058      6.0714903     0.19307018
            513      4.5485438    0.086409318      3.5421439    0.067469091      5.9758048     0.11374389
            514      4.6479008     0.08609012      3.6157002    0.067106145      6.1120201     0.11349935
            515      4.6551766    0.086508182      3.6273908    0.067491308      6.1122373     0.11401628
            516      4.5079632    0.084609934      3.5121998    0.066008232      5.9198822      0.1115844
            517      4.5053162    0.085092142      3.5073939    0.066537146      5.9203897     0.11189381
            518      4.4523441    0.085121872      3.4649477    0.066468166      5.8532232     0.11207332
            519      4.6158393    0.088777145      3.5990033    0.069270198      6.0572732     0.11703006
            520      4.2813404    0.082355429      3.3393527    0.064374414      5.6154382     0.10847383
            521      4.2904338    0.082406383       3.335107    0.064209922      5.6467217     0.10873503
            522      4.2601569    0.082536631      3.3145872    0.064382525       5.602156     0.10880763
            523       4.221191    0.081857328      3.2899133    0.063881468      5.5409727       0.107845
            524      4.3871761    0.083457592      3.4105907    0.064988142      5.7729483     0.11018148
            525      4.3510058    0.083311003      3.3816631    0.064827862      5.7272591     0.11006244
            526       4.420967    0.086045256      3.4351637    0.067055296      5.8203169     0.11341178
            527      4.2144307    0.082711509      3.2835549    0.064664092      5.5345637     0.10910105
            528      4.1829238    0.081505469      3.2555853    0.063562411      5.4989202      0.1074813
            529      4.2183989    0.081698116      3.2734486    0.063479036      5.5615859     0.10805646
            530      4.2913488    0.082644503      3.3342184    0.064401386      5.6503575     0.10902019
            531      4.1779342    0.081535854      3.2506206      0.0635171      5.4942785     0.10771941
            532      4.1247814    0.081742167       3.201746    0.063544737      5.4361441     0.10803896
            533       3.933649    0.078961501      3.0603345    0.061520581      5.1731325     0.10423215
            534      4.1650012    0.081125886      3.2340289    0.063127071      5.4877282      0.1071739
            535      4.1723396    0.086249007      3.2380926    0.067168694      5.4999425     0.11372417
            536      3.8980526    0.078834994      3.0182963    0.061159617      5.1501079     0.10438318
            537      4.1764078    0.081429472      3.2451641    0.063348556      5.4994069     0.10770211
            538      3.9628109    0.079572547      3.0855713    0.062045343      5.2067088     0.10491807
            539       3.866932     0.07863963      3.0049576    0.061262571      5.0912098     0.10382077
            540      3.9388384    0.079484488      3.0550666    0.061679344      5.1962955     0.10528364
            541      3.9931749    0.079460373      3.1025246    0.061870309      5.2581081      0.1048783
            542      3.8760773    0.078464576      3.0103158    0.061035607      5.1065473     0.10375184
            543       3.919017    0.079930841      3.0595743    0.063345512      5.1360312     0.10597659
            544       3.836375    0.081405247      2.9844645    0.063802271      5.0454098     0.10682033
            545      3.7672419    0.077622515      2.9257409    0.060431983      4.9627372     0.10272493
            546      3.7954218    0.080369405      2.9461368    0.062686311       5.002363     0.10597306
            547      3.8798373     0.07861729      3.0107516    0.061111665      5.1150448     0.10393727
            548      3.7989801    0.077662639      2.9414378    0.060225354      5.0196956     0.10288049
            549      3.7214834    0.076817639      2.8957663    0.059939023      4.8936849     0.10126043
            550      3.7190498     0.07765432      2.8903973    0.060461716      4.8958167     0.10266012
            551      3.7925341    0.077842185      2.9443455    0.060543853      4.9983048     0.10285872
            552      3.7185153    0.078401771      2.8879831    0.061226073      4.8986371     0.10324337
            553      3.6538453    0.076614918      2.8369472    0.059599322      4.8149643     0.10127232
            554       3.712689    0.077005026      2.8801698    0.059836906      4.8957433     0.10181746
            555      3.5493349    0.075439132      2.7553646    0.058659405      4.6779384    0.099746029
            556      3.7353553    0.077677978      2.8994415    0.060399372      4.9236746     0.10268619
            557      3.6631126    0.077362045      2.8429846     0.06021917      4.8289778      0.1022081
            558      3.4921857    0.077136436       2.703878    0.060001996      4.6144801     0.10184435
            559      3.5908126    0.082585988      2.7808929    0.063971417      4.7439774     0.10946531
            560      3.5928106    0.076018439      2.7825116    0.058946687      4.7465874     0.10078611
            561      3.4687483    0.076502634      2.6903008    0.059560053      4.5762348     0.10103505
            562      3.5374641     0.07484782      2.7400305    0.058107197      4.6721433    0.099092329
            563      3.6004795    0.076626287      2.7909372    0.059678349      4.7513974     0.10110673
            564      3.4836485    0.074633773      2.6932402    0.057774122      4.6100403    0.099028072
            565      3.3787927    0.074316762      2.6205933    0.057745801      4.4573156    0.098285982
            566      3.6772453    0.076487741      2.8468847    0.059379581      4.8599266     0.10127117
            567      3.4021985    0.075376723      2.6360036    0.058665913      4.4930468    0.099928536
            568      3.4902463    0.076862586      2.6997613    0.059598979      4.6163207     0.10183531
            569      3.4837565    0.075325233       2.699127    0.058633268      4.6000958    0.099465029
            570       3.348301    0.073436358      2.5908577    0.056899461      4.4278244    0.097407018
            571      3.3940557    0.073959215      2.6370424    0.057691174      4.4692893    0.097557983
            572       3.301906    0.072548015      2.5635585    0.056459784      4.3518882    0.095852061
            573      3.2242895    0.071907674      2.4976565    0.055888543      4.2587553     0.09509081
            574      3.4044632    0.080740841      2.6392453    0.062931015      4.4933093     0.10633796
            575      3.5058587    0.074528469       2.709625    0.057697272      4.6412091    0.098915081
            576      3.2059665    0.071325504      2.4809104    0.055344879      4.2387807    0.094453419
            577      3.1751618    0.070926752      2.4550185    0.054901523      4.2017575    0.094138537
            578      3.4122092    0.073274529      2.6387249    0.056771995      4.5140131    0.097171012
            579      3.2469682    0.072116449      2.5071941    0.055745645      4.3025062    0.095857418
            580      3.2609324    0.072226432      2.5271226    0.056099027      4.3057072    0.095586285
            581      3.1190759     0.07024996      2.4073408    0.054319266      4.1349806    0.093349253
            582      3.2378673     0.07168415      2.5025681    0.055486714       4.286589    0.095144185
            583      3.2570493     0.07206655      2.5258146    0.056131233      4.2972096    0.096285549
            584      3.1833398    0.071159317      2.4589611     0.05506858      4.2166322    0.094473438
            585      3.1542855     0.07397966      2.4360228    0.057702125      4.1793583    0.097500237
            586        3.07201    0.071627359      2.3816029     0.05571139      4.0542082    0.094699868
            587      3.1732455    0.072655147      2.4558097    0.056156824      4.1953338    0.096620626
            588      3.1731842    0.077126015      2.4483807    0.060133407      4.2080311     0.10162982
            589      3.0743995    0.069808752      2.3726953    0.053976405      4.0760542    0.092757378
            590      3.0500408    0.071452009      2.3601199    0.055559615      4.0326455    0.094418905
            591      3.0306231    0.069652415       2.331293    0.053672082      4.0308913    0.092788682
            592      3.0598855    0.069548606      2.3671624    0.053921803      4.0470638    0.092219973
            593      2.8304874    0.066730991      2.1905324      0.0517357      3.7421998    0.088458999
            594      2.9443903     0.06848186      2.2732236    0.052974359      3.9020121    0.090933812
            595      2.9876354    0.068778197      2.3059881    0.053145069      3.9602683    0.091493605
            596      2.9454492    0.068178989      2.2710599     0.05268112      3.9089769     0.09066816
            597      3.1128723     0.07197602      2.4006455    0.055627774      4.1302555      0.0956296
            598      3.0044813    0.068948635      2.3171469      0.0533103      3.9865588    0.091805743
            599       2.982712    0.068753739       2.301365    0.053101824      3.9556984    0.091472034
            600       2.877244    0.067483907      2.2166454    0.052097288      3.8220284    0.089841381
            601      3.0507975    0.069722815      2.3554118    0.053992459      4.0431619    0.092522887
            602      2.8430057    0.072540884      2.1962319    0.056187655      3.7658198    0.096166135
            603      2.8040157    0.066854184      2.1647003    0.051640506      3.7174033    0.089055501
            604      2.9795051    0.069967996      2.3074885    0.054506145      3.9367746    0.092359107
            605      2.8240695    0.066954944      2.1796229    0.051754941      3.7440451    0.088987917
            606       2.765315    0.066962569      2.1367554    0.051789778      3.6621613    0.089076958
            607      2.8439287    0.067652495      2.1965735    0.052374725      3.7676753    0.089770932
            608      2.8066619    0.066898452      2.1635839    0.051619599      3.7255679    0.089064988
            609      2.8424371    0.067335743      2.1872303    0.051862332      3.7792683    0.089753986
            610      2.7976322    0.067121677      2.1512213    0.051686769      3.7226038    0.089500749
            611      2.7115283    0.065741252      2.0846883    0.050570794      3.6089231    0.087795341
            612       2.715379    0.066558676      2.0995486    0.051677439      3.5937206    0.088137079
            613      2.7424635    0.066376378      2.1168025    0.051339649      3.6355704    0.088196586
            614      2.7651882    0.066395278      2.1362288    0.051389455      3.6626663    0.088161461
            615       2.731654    0.065489673      2.1032872    0.050525478      3.6301449    0.087248309
            616      2.6141655    0.064574887      2.0218213    0.050017039      3.4590982    0.085705331
            617      2.6591545    0.066257579      2.0475945    0.051037659      3.5339433    0.088385175
            618       2.652789    0.064804155      2.0508118    0.050167151      3.5110669    0.086034321
            619      2.5550184     0.06353088      1.9696885    0.049060934      3.3915733    0.084537082
            620      2.6607876    0.065021049       2.054916    0.050249698      3.5254608    0.086522695
            621      2.7194908    0.066141405      2.1006902    0.051249025      3.6022667    0.087749319
            622      2.6300271    0.064941741      2.0319781    0.050219421      3.4834021    0.086379564
            623        2.56614    0.063643613      1.9793862    0.049180102      3.4040668    0.084621778
            624      2.6534136    0.064857315      2.0419395    0.050024232      3.5280237    0.086380636
            625       2.532508    0.063713404      1.9582988    0.049322172      3.3515345    0.084646669
            626      2.5906881    0.063922144      1.9999148    0.049403021      3.4343205     0.08501905
            627      2.5278085    0.063420677      1.9468428    0.048906616      3.3584956    0.084601734
            628      2.6259724    0.065456305      2.0247958    0.050689942      3.4847397    0.086888879
            629      2.6017011    0.064637259      2.0119677    0.050146258      3.4434467    0.085798706
            630      2.5008296    0.062861279      1.9289007    0.048562731      3.3176427     0.08359217
            631      2.5704406    0.064137909      1.9769805    0.049475688      3.4202866    0.085459124
            632       2.480769    0.063880277      1.9128574    0.049442387      3.2922114    0.084825161
            633      2.4352684    0.061934217      1.8723581    0.047687663      3.2409963    0.082613908
            634       2.495495    0.063015965      1.9259777     0.04875716      3.3082892    0.083723863
            635      2.3528302     0.06140265      1.8170147    0.047550391      3.1175215    0.081561007
            636      2.4429477    0.062139849      1.8767605    0.047828271      3.2537958    0.082901892
            637      2.5554109    0.063945779      1.9654605    0.049254777      3.3990742    0.085227202
            638      2.4013662    0.061623405      1.8524529     0.04762349      3.1851806    0.081966642
            639      2.3668802    0.061304522      1.8243794    0.047337834      3.1425575    0.081593573
            640        2.42232    0.062826765      1.8640506    0.048451233      3.2211518    0.083665793
            641      2.3156141    0.060452265      1.7815234    0.046571168      3.0801735    0.080601512
            642      2.4691818    0.062756539      1.8981361    0.048308445      3.2867768    0.083733134
            643      2.5197789    0.063300633      1.9463194    0.049030463       3.338571    0.084184378
            644      2.2777491    0.059943102      1.7622112    0.047086321      3.0147635    0.081226918
            645      2.4580673    0.063397836      1.8945985    0.048972906      3.2632307    0.084306014
            646      2.3666959    0.061889392      1.8242767     0.04792851      3.1415191    0.082117316
            647      2.2614288    0.059810809      1.7391631    0.046035765      3.0083607    0.079777281
            648       2.214824    0.059488352      1.7049334    0.045862846      2.9442758    0.079286047
            649      2.2567298     0.06015379      1.7374911    0.046412433      2.9993832    0.080093101
            650      2.3260846     0.06087036      1.7866658    0.046893733      3.0990814    0.081173619
            651      2.3281301    0.061755868      1.7921255    0.047552379      3.0948739    0.082395546
            652      2.3140578    0.060714399      1.7808861    0.046842125      3.0769641    0.080919823
            653      2.3274981     0.06097727      1.7966337     0.04716162      3.0855247    0.081046408
            654      2.2406369    0.059482751      1.7194776    0.045723175      2.9873669     0.07944602
            655      2.2242444    0.059255722       1.713797     0.04573187      2.9535494    0.078879224
            656      2.3149559    0.061624851      1.7812305    0.047476123      3.0789253    0.082167449
            657      2.1553608      0.0585953      1.6618906    0.045184173      2.8606717    0.078115209
            658      2.1783436     0.05863468      1.6771045     0.04521673      2.8954579    0.078180772
            659      2.2148771    0.059306876       1.703806    0.045673839       2.945894    0.079092776
            660      2.2256066    0.059267483      1.7130914    0.045680762      2.9589637    0.079006826
            661      2.1636521    0.058508461      1.6599279    0.044940304      2.8861971    0.078231611
            662      2.1733667    0.058622576      1.6680076    0.045069793      2.8979636    0.078326627
            663       2.207334    0.059248478       1.697515    0.045629781      2.9371389    0.079033347
            664      2.1673081    0.058539413      1.6703164    0.045206673      2.8776776    0.077911731
            665       2.257409     0.06007499      1.7393358    0.046384481      2.9979269    0.079977362
            666      2.1519816    0.059257128      1.6546183    0.045661183      2.8640877    0.079002261
            667       2.146993    0.071340312      1.6510326    0.055089191      2.8569704    0.094708402
            668      2.1756224    0.059320619      1.6761796    0.045843136      2.8897405    0.078900035
            669      2.1264694    0.068863786      1.6318798    0.052813682      2.8351681    0.092055464
            670       2.073536     0.05886594      1.5947141    0.045437307      2.7587909    0.078369234
            671      2.1556184     0.05832393      1.6573283    0.044929552      2.8690367    0.077811459
            672      2.0523899    0.057458784      1.5754604    0.044152993      2.7358854    0.076781415
            673      2.0978691    0.057679692       1.612398    0.044370544      2.7933565    0.077051167
            674      2.0441779    0.057740574      1.5721994    0.044528739       2.720177    0.076917153
            675      2.1333039    0.061029379      1.6401673    0.046965906      2.8392171    0.081420042
            676      2.1115245    0.057603601      1.6221822    0.044336572      2.8127624    0.076905242
            677      2.1162703    0.058103707      1.6205893    0.044567953      2.8276419    0.077743779
            678      2.0133963    0.056684948      1.5490772    0.043630519      2.6781473    0.075750432
            679      2.0601638      0.1149369      1.5851952    0.088601971      2.7394335     0.15234296
            680      1.9130303    0.054991968      1.4630183    0.042131113      2.5601234     0.07372135
            681      1.9947262    0.056314869      1.5312611    0.043266276      2.6592429    0.075328895
            682      1.9822231    0.056080891      1.5196803    0.043081882      2.6456625    0.075012873
            683      2.0044034    0.057174735      1.5391721    0.043895363      2.6710178    0.076609153
            684      2.0136498    0.056338582      1.5451277    0.043308624      2.6857715    0.075283954
            685      1.8865768    0.054599146      1.4444367     0.04187488      2.5215343      0.0731132
            686      1.9247389    0.056809191      1.4756959    0.043848225      2.5688565    0.075640369
            687      1.8972698    0.054986263      1.4576585    0.042405066      2.5271636    0.073295265
            688      1.9738915    0.056203448      1.5140317    0.043179643       2.633615    0.075138768
            689      1.9744439    0.056568484      1.5213867    0.043833253      2.6222899    0.075075594
            690      2.0608789    0.058059399      1.5841701    0.044742155      2.7438242    0.077419602
            691      1.9175972     0.06653392       1.469009    0.051069244      2.5613149    0.088853876
            692      1.9130253    0.055125181      1.4650666    0.042265493      2.5563316    0.073841482
            693      1.8867168    0.057870906      1.4497934    0.044634517      2.5124104    0.077020557
            694      1.7817812    0.052989075      1.3706375    0.040816245      2.3702926    0.070720274
            695      1.9393872    0.055427394      1.4850535    0.042488941      2.5920073    0.074272084
            696      1.8145108    0.053475039      1.3895537     0.04102553      2.4242865    0.071555414
            697      1.9327078    0.055250725       1.483192    0.042451236      2.5772649    0.073866104
            698      1.8414016    0.054400199      1.4171263    0.042110444      2.4491153    0.072593255
            699      1.8680674    0.054582777      1.4280746    0.041801242      2.5005466    0.073160725
            700      1.7541495    0.052964745      1.3435477    0.040661039      2.3436719    0.070847411
            701      1.8890579    0.054667975      1.4540004    0.042154022      2.5117315    0.072852187
            702      1.9022726    0.054712207      1.4567192    0.041967157      2.5423353    0.073252657
            703      1.6683269    0.054165121      1.2787207    0.041701252      2.2275092    0.072206829
            704      1.8422431    0.054528036      1.4106052    0.041858454      2.4620363    0.072967354
            705      1.8648738    0.062726668      1.4289728    0.048379574      2.4904457    0.083432686
            706      1.7520922    0.053839685      1.3457341     0.04163723       2.334319    0.071533987
            707       1.696348    0.051964804      1.3035346    0.040007176      2.2591594     0.06937568
            708      1.7578299    0.053077898      1.3463151    0.040669776      2.3488582    0.071142196
            709      1.6549635    0.051361174      1.2698835    0.039475291      2.2073307    0.068688006
            710      1.6859357    0.051998447      1.2927604    0.039935515      2.2502262     0.06955107
            711      1.7084295    0.052366787       1.308975    0.040245708      2.2817408    0.070036635
            712      1.7420453    0.052707016      1.3342967    0.040414628      2.3273451    0.070589904
            713      1.7150344    0.052688925      1.3137109    0.040453558      2.2915962    0.070510045
            714      1.7492635    0.052747859      1.3349958    0.040295204      2.3456655    0.070884032
            715      1.7480381    0.053123596      1.3434366    0.040990513      2.3271901    0.070775779
            716      1.6909909    0.051618708      1.3003264    0.039757208      2.2501667    0.068860335
            717      1.7142504    0.052421358      1.3096652     0.04012627      2.2960664    0.070303869
            718      1.7847152    0.075233014      1.3661439    0.057208671      2.3862966     0.10137122
            719      1.6789246    0.051482283      1.2863972     0.03950551      2.2421237    0.068874418
            720      1.7728564    0.052885903      1.3596817    0.040619711      2.3655131    0.070721914
            721      1.7221934    0.052366429      1.3218191    0.040244109       2.296196    0.069998334
            722      1.7518106    0.053747099      1.3429169    0.041259772      2.3383608    0.071877597
            723      1.7133082    0.052660325      1.3147011    0.040453714      2.2848412    0.070403233
            724      1.6603211    0.051181811      1.2710983    0.039253762      2.2193149    0.068534576
            725      1.6105906     0.05064801      1.2303232    0.038742107      2.1572621    0.067962774
            726      1.5680694    0.049797609      1.2015392    0.038203708      2.0939703    0.066674476
            727      1.5510633    0.049719004         1.1872    0.038121049      2.0732937    0.066564896
            728      1.5904479     0.05007395      1.2188339    0.038422108      2.1237647    0.067053625
            729      1.6614286    0.051377451       1.273593     0.03947497      2.2179999    0.068711002
            730      1.5946961    0.050616112      1.2203365    0.038797994      2.1325033    0.067822972
            731       1.628786      0.0516858      1.2448217    0.039674504      2.1807576    0.069121207
            732      1.6693887    0.052086488      1.2786478    0.039972151       2.230568    0.069714785
            733      1.5032611    0.048898758      1.1506168    0.037430083      2.0100293    0.065651474
            734       1.556807    0.049673773      1.1968086    0.038271187      2.0723727    0.066252163
            735      1.5439307    0.076470285      1.1788317    0.058563296      2.0691048     0.10216769
            736       1.636207    0.050805168      1.2560154    0.039077732      2.1812406    0.067887162
            737      1.6005515    0.050354173      1.2214715    0.038491913      2.1463943    0.067661116
            738      1.4777903     0.04828414      1.1333719    0.037092942       1.972209    0.064571836
            739      1.5528117    0.050382401      1.1845163    0.038604266      2.0832209    0.067495039
            740      1.5311504    0.049228563      1.1732577    0.037802799      2.0449058    0.065859524
            741      1.5137548    0.049476486        1.15788    0.038011704       2.025295    0.066166127
            742      1.4983052    0.048911844      1.1428384    0.037328909      2.0102662    0.065779438
            743      1.5901518    0.050141079      1.2130014    0.038326703      2.1334028    0.067396708
            744      1.4513571    0.048037642      1.1084148     0.03673198      1.9450443    0.064514144
            745      1.5452207     0.04944152      1.1800165    0.037804503      2.0707023    0.066402808
            746      1.5274398    0.049152022      1.1654247    0.037564893      2.0485202    0.066011373
            747      1.5000156    0.048692657      1.1455385    0.037221477      2.0100887    0.065425613
            748      1.4616497    0.048231524      1.1179032    0.036945759      1.9557379    0.064647264
            749      1.5353223    0.049632543      1.1756967    0.038049853      2.0521891    0.066518672
            750      1.3804462    0.047351277      1.0555606    0.036281551       1.847604    0.063465023
            751      1.4797277    0.051500902      1.1300867    0.039414408      1.9829766    0.069067574
            752      1.4925379    0.048721875      1.1433712    0.037498918      1.9942635    0.065644239
            753      1.4200973    0.047585444      1.0835299    0.036361009      1.9050869    0.064014742
            754      1.4920415    0.048718047      1.1371766    0.037201269      2.0032886    0.065487866
            755      1.3634727    0.046727531      1.0437982    0.035870654      1.8227608    0.062544591
            756      1.5411048      0.0493756      1.1786893    0.037813797      2.0623625    0.066241977
            757      1.4597573    0.048122918      1.1171475    0.036909859      1.9521003    0.064506063
            758      1.4462248    0.051820617      1.1074371    0.040373159      1.9329316    0.068383244
            759      1.4680646    0.048712094      1.1215237    0.037294495      1.9665396    0.065347469
            760      1.3876614    0.046768144      1.0609747    0.035815794      1.8575756    0.062730243
            761      1.3571158    0.046286887       1.035809    0.035356558      1.8199719    0.062242201
            762      1.3933459    0.046984984      1.0618431    0.035858266      1.8710597    0.063183943
            763      1.4473493    0.048780838      1.1079054    0.037511096      1.9351166    0.065223507
            764      1.3129875     0.04941851      1.0034612    0.038436254      1.7581719    0.065299135
            765      1.4530541    0.047839389      1.1130068    0.036705702      1.9413637    0.064042902
            766      1.4334513    0.047782524      1.0917569    0.036400305       1.926291    0.064392545
            767      1.3710111    0.046939865      1.0471433    0.035877236      1.8370772    0.063062855
            768      1.3917932    0.046935998      1.0608484    0.035847702      1.8687267     0.06310057
            769      1.3660046    0.046692009      1.0414987    0.035671772      1.8336522    0.062748588
            770      1.3742448    0.046639616      1.0519785    0.035859652      1.8374592    0.062817126
            771      1.4365913    0.047717666       1.095166    0.036393618      1.9284269    0.064221094
            772        1.37141     0.05953039      1.0524063    0.045926385      1.8288912    0.079081916
            773      1.2799073    0.046220974     0.97971559    0.035163197      1.7116042    0.062921774
            774      1.3246928    0.045716677      1.0102144     0.03491679      1.7777543    0.061467599
            775      1.4090417    0.060573697      1.0707299     0.04575534      1.8975472    0.082214535
            776      1.3684685    0.046509737      1.0444269     0.03553338      1.8348843     0.06249356
            777      1.3080659    0.046133287     0.99629796    0.035277916      1.7574474    0.061926112
            778      1.2902612    0.045161289     0.98439256    0.034483161      1.7308517    0.060751627
            779      1.3602567    0.046428124      1.0434651    0.035652382      1.8148795    0.062151542
            780      1.3450882    0.046439543      1.0243339    0.035420136      1.8077183    0.062491838
            781       1.418451    0.047464249      1.0778838    0.036099571      1.9102507     0.06402611
            782      1.2619513    0.044709527     0.96292377    0.034170973      1.6923584    0.060088179
            783       1.310607    0.045494045     0.99762709    0.034676048      1.7622902     0.06127181
            784      1.2266918    0.044017254      0.9385491    0.033725119      1.6406957    0.058991082
            785      1.3230483    0.047092564      1.0095608    0.036088798      1.7746469    0.063105653
            786      1.2870113    0.045278449     0.98533701    0.034726462      1.7206817    0.060736238
            787      1.2571567    0.044493733      0.9611415    0.034067673       1.682803    0.059675838
            788      1.2115928    0.043745397     0.92542225     0.03346425      1.6234865    0.058729224
            789      1.2984429    0.045751781     0.99048331    0.034961102      1.7425937    0.061505714
            790      1.2237728    0.044107233     0.93717543    0.033859674      1.6359003    0.059074301
            791      1.2273291    0.043992762     0.93665734    0.033610494      1.6455793    0.059116643
            792      1.2874072    0.045053232     0.97991028    0.034318017      1.7312017    0.060726821
            793      1.1807932    0.043407308     0.89724584    0.033015577      1.5905449    0.058577176
            794       1.155514    0.042772132     0.88181265    0.032687707      1.5495677    0.057473418
            795      1.1926104    0.044497891     0.91112301    0.034124284      1.5975486    0.059587422
            796      1.1794568    0.043077132     0.89705406    0.032813297      1.5869038    0.058050773
            797       1.234416    0.044233382     0.94038687    0.033741503      1.6586112    0.059539079
            798      1.2589022    0.044705725     0.96002353    0.034123135      1.6894401     0.06012582
            799      1.1664126    0.043210503     0.89486459    0.033420807      1.5565053    0.058094893
            800      1.2195865    0.044341288     0.93075506     0.03396593       1.635399    0.059464037
            801      1.2141974    0.043907493     0.92368127     0.03341013      1.6336619    0.059229407
            802      1.2367515    0.044468891     0.94667327     0.03413837       1.653812    0.059555545
            803      1.1790657    0.043342864     0.89663377    0.032962673      1.5867447    0.058493508
            804      1.1920427    0.043607551     0.90601597    0.033213236       1.605127    0.058753876
            805       1.194193    0.043411032     0.91041148    0.033149221      1.6034024    0.058413294
            806      1.1626464    0.049441642     0.89333001     0.03910014      1.5485679    0.064401857
            807      1.1487116    0.042734395     0.87838888    0.032648241      1.5374586    0.057486399
            808      1.1805799    0.049095715     0.90046883    0.037647332      1.5841595    0.065678224
            809      1.2421144    0.046054801     0.94951769    0.035630918      1.6627942    0.061197263
            810      1.1658159    0.046332278     0.89184238    0.035589782      1.5596438    0.061914624
            811      1.1219206    0.042403022     0.85414158      0.0323331      1.5084001    0.057094174
            812      1.1709683    0.043222413     0.89530626    0.033063278      1.5676125    0.058114825
            813       1.075265    0.041401107     0.81953941    0.031606606      1.4441309    0.055708324
            814      1.1674105    0.043085807     0.89126359    0.032939625      1.5651733    0.057899311
            815      1.1659968    0.043218245     0.88778159    0.032939371      1.5672705    0.058199505
            816      1.1015748    0.043555836     0.84352705    0.033899075      1.4724479    0.058503151
            817      1.1490803    0.042736048     0.87959884    0.032802067      1.5364856    0.057275368
            818      1.1352728     0.04252891     0.86318187    0.032387186       1.528181    0.057328555
            819      1.1487086    0.042596436     0.87755858     0.03260835      1.5388757    0.057161513
            820      1.0661092    0.041079284     0.81144366    0.031303185      1.4336807    0.055357521
            821      1.0821328     0.04185439     0.82260032    0.031888376      1.4571115     0.05641416
            822      1.0427204    0.040528041     0.79479692    0.030954867      1.4000531    0.054546075
            823      1.0963477    0.041672821     0.83605382    0.031885276       1.471269    0.056031956
            824      1.1004818    0.041800639     0.83874922    0.031922703      1.4775096    0.056191726
            825      1.0458946    0.040672712     0.79973385    0.031108756      1.4003445      0.0547551
            826       1.014176    0.040018788     0.77047283    0.030441961      1.3662202    0.053993651
            827      1.1329532    0.042320731      0.8622387    0.032246936      1.5237126    0.057029938
            828      1.0882884    0.041557013     0.83041513    0.031770968      1.4599218    0.055841546
            829      1.0545652    0.040876867      0.8027106    0.031158742      1.4178898    0.055052703
            830      1.0150702    0.040096748     0.77491745    0.030657508      1.3610314    0.053875208
            831      1.1011647     0.04177715     0.83988752    0.031933313      1.4778886    0.056182583
            832       1.050027    0.040917629      0.7991579    0.031088398      1.4119959    0.055348417
            833      1.0776149      0.0452371     0.81853025    0.034325695      1.4520218    0.061193023
            834      1.0310226    0.040456778     0.78555074     0.03084928       1.385414    0.054512084
            835      1.0024075    0.040075557     0.76418719    0.030603417       1.345548    0.053872592
            836      1.0333096    0.040465582     0.78456437    0.030757323       1.392789    0.054630752
            837      1.0704562    0.041130158     0.81401537    0.031319612      1.4405014    0.055427199
            838      1.0358611    0.040838714     0.78937275    0.031152158      1.3913603    0.055009516
            839      1.0822496    0.041387601     0.82304958    0.031539927      1.4563113    0.055752877
            840      1.0611016    0.041354485     0.80839008    0.031563453      1.4256521    0.055647548
            841      1.0479688    0.040932309     0.79947495    0.031246298      1.4061447    0.055101314
            842      1.0649052    0.041006733     0.81022229    0.031232929      1.4325894    0.055287008
            843     0.97684053    0.039689745     0.74607244    0.030489858       1.308911    0.053459091
            844      1.0226316    0.040147583     0.77749248    0.030574088      1.3764501    0.054120333
            845      1.0040973    0.040705711     0.76171613    0.030919142      1.3546614    0.054990985
            846     0.99368551    0.039799096     0.75561889    0.030341319      1.3377095    0.053629443
            847     0.94167619    0.038803449     0.71613453    0.029453323      1.2671389    0.052486801
            848      1.0557247    0.046812772      0.8038994    0.036931992      1.4190911    0.061055462
            849     0.99757691    0.040024068     0.75812045    0.030451257      1.3434149    0.053998127
            850     0.96184038    0.038998688     0.73269512    0.029749073       1.292419    0.052515523
            851     0.93998867    0.041133114     0.71608167    0.031433625      1.2629531    0.055226679
            852      0.8991583    0.039486426     0.68211993    0.030042459      1.2130052    0.053241426
            853      1.0031786     0.03987762     0.76176475    0.030347718      1.3520379    0.053775853
            854     0.93077283     0.03850292     0.70631156    0.029253055      1.2553063    0.052019667
            855      1.0099842    0.039904214     0.76737995    0.030359872      1.3603054    0.053818878
            856     0.99192957    0.039584649      0.7544423    0.030169422      1.3347138    0.053321665
            857     0.93283285    0.040310986     0.70870196    0.030966209      1.2567042    0.053916077
            858     0.95675454    0.038907141     0.72245934    0.029414617      1.2967256    0.052777658
            859     0.97094674    0.039246338     0.73746203    0.029840711      1.3082869    0.052976053
            860     0.89905722    0.037740948     0.68376967    0.028754996      1.2098338    0.050852005
            861     0.98807307    0.039705785     0.75404174    0.030329976      1.3248982    0.053464792
            862      1.0219201    0.040071943     0.77886459      0.0305879      1.3721087    0.053911986
            863     0.96448047      0.0399468     0.73357923    0.030419095      1.2977146    0.053826056
            864     0.92092905    0.038575628     0.70045562    0.029415112      1.2390582    0.051930079
            865     0.88701504    0.037380972     0.67581881    0.028540103      1.1916038    0.050315897
            866     0.89335966    0.037615851     0.68056695    0.028662966       1.200523    0.050784656
            867     0.92048528    0.040836675     0.69976622    0.031094764      1.2394216    0.055034802
            868     0.93772049    0.038677714      0.7126623    0.029372927      1.2628542    0.052293773
            869      0.9093411    0.041429671     0.69397943    0.032196613      1.2196434    0.054795462
            870      0.9353643     0.03851074     0.71213858    0.029358793      1.2574502    0.051871135
            871     0.88636871    0.037464862     0.67176251     0.02842198      1.1969866    0.050678027
            872     0.88854574    0.037680826     0.67320148     0.02856392      1.2003487    0.050999674
            873     0.87127895    0.037147871     0.66181781    0.028248797      1.1740633    0.050166631
            874     0.93096314    0.039452696     0.70899004    0.030265437      1.2511631    0.052873604
            875     0.86958111    0.037233629     0.65979988    0.028322048      1.1730686    0.050256176
            876     0.88077563    0.037425255       0.671291    0.028555558      1.1830278    0.050484997
            877     0.81185306    0.036717767     0.61841433     0.02810357      1.0907828    0.049277261
            878     0.92971917    0.038924765     0.70617707    0.029589663      1.2530752    0.052582017
            879     0.84269312    0.036583781      0.6384946    0.027763038      1.1384178    0.049486328
            880     0.90307175    0.037716551     0.68515182    0.028654766      1.2182292    0.050959055
            881     0.82441929    0.036163269     0.62600356    0.027498508      1.1109624    0.048801798
            882     0.82495926    0.036184952     0.62397239     0.02740354      1.1161422    0.049008366
            883     0.85468872    0.036930541     0.64864658    0.028063812      1.1524988    0.049877049
            884     0.82740428    0.036270175     0.63005606    0.027624539      1.1119999    0.048885608
            885     0.87736094    0.037668817     0.66446567    0.028564193      1.1856881    0.050964058
            886     0.79286959    0.035334807     0.60185406    0.026868906      1.0691182    0.047735426
            887     0.83008339    0.036181532     0.63080464    0.027537235      1.1180074    0.048808143
            888     0.83166575    0.036523156     0.63222377      0.0277483      1.1199071    0.049386706
            889      0.8628024    0.036940035     0.65573841    0.028125546      1.1618674    0.049856818
            890     0.82917755    0.036204023     0.62966114    0.027514069      1.1174653    0.048916679
            891     0.83487963    0.036315806     0.63474354    0.027657436      1.1244424    0.049032142
            892     0.79932889    0.035613853     0.60526677    0.026923041      1.0804318    0.048381772
            893     0.84248027    0.036533558     0.63839112    0.027696943      1.1379472    0.049443492
            894     0.85622001    0.036723566     0.65417267    0.028144562       1.147481    0.049380882
            895     0.83394778    0.036236309     0.63375862    0.027577475       1.122989    0.048912941
            896     0.79395638     0.03552776     0.60402689    0.027062501      1.0682453    0.047893656
            897     0.82098243    0.036512446     0.62221028    0.027655768      1.1089662    0.049494568
            898     0.82773117    0.036256517     0.62959704    0.027570012      1.1139734    0.048990724
            899     0.79001797    0.036295565     0.60015338    0.027701909      1.0642267       0.048809
            900     0.78476983    0.036173409     0.59723689    0.027482263      1.0555576    0.048889148
            901     0.77600144    0.035181088     0.58877435    0.026676137      1.0468704     0.04763494
            902     0.82320256    0.036172969     0.62402177    0.027438968      1.1116173    0.048975492
            903     0.78228823    0.035328498     0.59498939    0.026909744       1.052626    0.047610653
            904     0.83490072    0.036409118     0.63357815    0.027693871      1.1262462    0.049165006
            905     0.82004442    0.035999529     0.62087315    0.027298631      1.1085703    0.048716688
            906     0.81005626    0.035926864     0.61505186    0.027319803      1.0918276    0.048497035
            907     0.74675822    0.034248598     0.56908651    0.026165759      1.0030261    0.046108702
            908     0.74487667    0.034397366     0.56282393    0.026025292      1.0088755    0.046632235
            909     0.75440856     0.03530617     0.57401404    0.027017391        1.01485    0.047390068
            910     0.72999952    0.034028634     0.55432509    0.025862678     0.98415414    0.045983253
            911     0.65665314    0.032479992     0.49629936    0.024540717     0.88922121     0.04409361
            912     0.78801096    0.035285674     0.59809236    0.026828602      1.0627087    0.047644092
            913     0.76062173    0.034855283     0.58007807    0.026664393      1.0209007    0.046810622
            914     0.74442005    0.034384437     0.56432909    0.026100793      1.0052076    0.046515407
            915     0.74307071    0.034287787     0.56125734    0.025918291      1.0067797    0.046513695
            916     0.77150924    0.035067102     0.58291465     0.02646785      1.0450478    0.047660117
            917      0.7509573    0.034527309     0.56714246    0.026099906      1.0176277    0.046844373
            918     0.73369104    0.035035966     0.55614242    0.026623656     0.99063193    0.047306248
            919     0.75564166    0.034553723      0.5748948    0.026345709      1.0168799    0.046612198
            920     0.76261925    0.034841844     0.57532349    0.026282636      1.0343307    0.047347988
            921     0.76548347    0.035108446     0.57935438    0.026631323      1.0352866    0.047516611
            922      0.7215625    0.033949817      0.5481952    0.025807013     0.97206046    0.045849928
            923     0.72849119    0.034183589     0.55290056    0.025976242     0.98276375    0.046214288
            924     0.75614278    0.034642832     0.57415886    0.026343018      1.0190223    0.046748963
            925      0.7282563    0.034001687     0.54998968    0.025704574     0.98695546    0.046146592
            926     0.78611036    0.035237114     0.59601192    0.026766082      1.0610512    0.047661036
            927      0.7545088    0.034857399     0.57511689    0.026577422      1.0131843    0.046980231
            928     0.69485462    0.033171492     0.52671729    0.025194401     0.93827703    0.044832575
            929     0.75641036    0.034843306     0.57246082    0.026402255      1.0228632    0.047171876
            930     0.68041893     0.03281964     0.51611092    0.024938526     0.91836046     0.04434898
            931     0.72473261    0.034053854     0.54908307     0.02577107     0.97893557    0.046186386
            932     0.75217583    0.034856363     0.56908563    0.026427562      1.0178142    0.047196605
            933      0.7096475    0.038072949     0.54135422    0.029588771     0.95218832    0.050358993
            934      0.7060996    0.033634251     0.53574653    0.025618439     0.95248071    0.045357747
            935      0.6066026    0.030899829     0.46183289     0.02363345     0.81570273    0.041724102
            936     0.68308387    0.032815318     0.51731421    0.024884367     0.92307399    0.044399486
            937     0.75189392     0.03446051     0.57213173    0.026271386      1.0116189    0.046461843
            938     0.73414462    0.034119327     0.55743994    0.025850036     0.98948595    0.046405153
            939     0.71238491    0.033625081     0.54130178    0.025523408     0.95972841    0.045554635
            940      0.6739088    0.032604101      0.5112413    0.024773314     0.90920929    0.044053874
            941     0.67603301     0.03277179     0.51315298    0.024915036     0.91162465    0.044257343
            942     0.67166426    0.032817892     0.50880564    0.024962058      0.9077397    0.044490503
            943     0.72439556    0.034282638     0.54916026    0.026030066      0.9780066    0.046329091
            944     0.63260284    0.031634954     0.48180044    0.024146388     0.85016079    0.042587631
            945     0.71026054    0.033481769     0.53642493    0.025314715     0.96245734    0.045429067
            946     0.69529208    0.033108877     0.52576451    0.025082683     0.94103281     0.04484834
            947     0.68481084     0.03292746      0.5199996    0.025052369     0.92314446    0.044466742
            948     0.58144162    0.030351067     0.44343233    0.023192307     0.78039156    0.040813896
            949     0.64522049    0.032199959     0.48749804    0.024360108     0.87413521    0.043679576
            950     0.64443397    0.031953317     0.48767523    0.024208979     0.87153325    0.043277471
            951     0.67076831    0.032648401     0.50802545    0.024758666      0.9064878    0.044197391
            952     0.64955426    0.032590366     0.49396211    0.024821995      0.8742601    0.043937166
            953     0.69679448    0.033173174     0.52677647    0.025116697     0.94356583    0.044977741
            954     0.68214442    0.032842998     0.51918219    0.025102903     0.91764426    0.044364703
            955      0.6314074    0.031970023      0.4762391    0.024129517      0.8568128    0.043450196
            956     0.63590124    0.031732281     0.48109212    0.024057751     0.86052897    0.042981831
            957     0.63188579    0.032275133     0.48114422    0.024614826      0.8494447    0.043477643
            958      0.6445916    0.032108631     0.48857943    0.024361974     0.87042753    0.043437138
            959     0.64815558    0.036118952     0.49139968    0.026762727      0.8752114    0.049984243
            960     0.62664474    0.031486235     0.47383537    0.023859987     0.84822893    0.042644162
            961     0.64273846    0.031881428     0.48912777    0.024308275     0.86467883    0.042968712
            962     0.64738311    0.031990264     0.49097151      0.0243078     0.87382797    0.043271889
            963      0.6295986    0.031504184     0.47621637    0.023855715     0.85172265    0.042667596
            964     0.64496122    0.032039788     0.48458551    0.024089372      0.8784878    0.043683488
            965     0.59079212    0.030595467     0.44885721    0.023298617     0.79596919    0.041268362
            966     0.60741669    0.031014303     0.45793345    0.023411954     0.82471973    0.042160072
            967      0.6652585    0.032353758     0.50402109    0.024551962     0.89877227    0.043775996
            968     0.64764122    0.033369974       0.488904    0.025230567     0.87799672    0.045263039
            969     0.60576687    0.030974966     0.45937983    0.023530184     0.81753201    0.041867162
            970     0.64317755    0.031977553     0.48527859    0.024097888     0.87251521     0.04353985
            971     0.63506054    0.031974401     0.48089584    0.024267507      0.8585908    0.043324621
            972     0.56168976    0.029968451     0.42837219    0.022780574     0.75441769    0.041592857
            973     0.58406246    0.032732245      0.4407076    0.024479181     0.79237251    0.044853807
            974     0.57174346    0.030253279     0.43316847    0.022995153     0.77248431    0.040880064
            975     0.66683822    0.034534386     0.50668463    0.026281584     0.89834229    0.046636156
            976     0.54921181    0.029543853     0.41480952    0.022333395     0.74421985    0.040115695
            977     0.59922881    0.031862361     0.45401181    0.024368531     0.80945794    0.042798535
            978      0.6319401    0.031665816     0.47803882    0.023985359      0.8551435    0.042915038
            979     0.62250964    0.031550949     0.47096787    0.023894024     0.84214674    0.042749744
            980     0.65647747     0.03665153      0.4984427    0.028505441     0.88486659     0.04837571
            981     0.60156971    0.031017561     0.45542665    0.023450357     0.81347391    0.042141696
            982     0.57687635    0.030245328     0.43609744    0.022904594     0.78109524    0.040982522
            983     0.51818495    0.028661309     0.39247619    0.021743925     0.70048427    0.038830342
            984     0.60785342    0.031065293     0.46155302     0.02361896     0.81958099     0.04199103
            985      0.5872621    0.030462061     0.44492509    0.023090969     0.79333854    0.041233614
            986     0.57871985     0.03036544     0.43670292    0.022936091     0.78503297    0.041255506
            987     0.60091501    0.031109533     0.45620272    0.023671154     0.81032469    0.041998025
            988      0.6035005    0.031221399      0.4549297    0.023601615     0.81958005    0.042385502
            989     0.64174742     0.03186306     0.48477783    0.024106269      0.8694509    0.043219405
            990     0.61398387    0.031191122       0.463794    0.023561331     0.83197555    0.042375872
            991     0.55061401    0.029494615     0.41740488    0.022398402     0.74339128    0.039897378
            992     0.58876591    0.030532062     0.44472005    0.023087115     0.79785034    0.041437375
            993     0.47815246    0.027607292     0.36028603    0.020824414     0.64948932    0.037538137
            994     0.57537875    0.030657542     0.43477391     0.02312945     0.77950752    0.041726427
            995     0.54397179    0.029263797     0.41098195    0.022132894     0.73677475    0.039689795
            996     0.57208159    0.030138388     0.43423885    0.022783972     0.77148019     0.04116494
            997     0.57697599    0.030244133     0.43848908    0.023049034      0.7771593    0.040861649
            998     0.55428495    0.029582335     0.42080572    0.022502535      0.7472926    0.039930819
            999     0.56703357    0.030079164     0.42907099    0.022809229     0.76692897    0.040717765
           1000     0.56703357    0.030079164     0.42907099    0.022809229     0.76692897    0.040717765
