            bin (pT_b)   qTcut           contribution/subprocess            dsigma +-            error     chi2_dof   n_run [total]   (removed)   events / bin

         0           5   0.01            NNLO.QT-CS.42.CT2.QCD          33878.1702 +-           4.0293
--------------------------------------------------------------------------------------------------------------------------------------------------------------
         0           5   0.01            ud~_epvebb~                    33878.1702 +-           4.0293       0.7107       0 [   42]      (   0)      137397816

         0           5   0.05            NNLO.QT-CS.42.CT2.QCD          7039.00252 +-          1.10391
--------------------------------------------------------------------------------------------------------------------------------------------------------------
         0           5   0.05            ud~_epvebb~                    7039.00252 +-          1.10391        1.042       0 [   42]      (   0)      137397816

         0           5   0.1             NNLO.QT-CS.42.CT2.QCD          1090.46600 +-          0.62448
--------------------------------------------------------------------------------------------------------------------------------------------------------------
         0           5   0.1             ud~_epvebb~                    1090.46600 +-          0.62448        1.372       0 [   42]      (   0)      137397816

         0           5   0.15            NNLO.QT-CS.42.CT2.QCD         -1238.28025 +-          0.55577
--------------------------------------------------------------------------------------------------------------------------------------------------------------
         0           5   0.15            ud~_epvebb~                   -1238.28025 +-          0.55577        1.290       0 [   42]      (   0)      137397816

         0           5   0.2             NNLO.QT-CS.42.CT2.QCD         -2459.89551 +-          0.56457
--------------------------------------------------------------------------------------------------------------------------------------------------------------
         0           5   0.2             ud~_epvebb~                   -2459.89551 +-          0.56457        1.127       0 [   42]      (   0)      137397816

         0           5   0.25            NNLO.QT-CS.42.CT2.QCD         -3191.08618 +-          0.58342
--------------------------------------------------------------------------------------------------------------------------------------------------------------
         0           5   0.25            ud~_epvebb~                   -3191.08618 +-          0.58342        1.012       0 [   42]      (   0)      137397816

         0           5   0.5             NNLO.QT-CS.42.CT2.QCD         -4459.40092 +-          0.62671
--------------------------------------------------------------------------------------------------------------------------------------------------------------
         0           5   0.5             ud~_epvebb~                   -4459.40092 +-          0.62671       0.8136       0 [   42]      (   0)      137397816

==============================================================================================================================================================

         5          10   0.01            NNLO.QT-CS.42.CT2.QCD          50460.7738 +-           4.8373
--------------------------------------------------------------------------------------------------------------------------------------------------------------
         5          10   0.01            ud~_epvebb~                    50460.7738 +-           4.8373        1.125       0 [   42]      (   0)      187249692

         5          10   0.05            NNLO.QT-CS.42.CT2.QCD          11722.1831 +-           1.3679
--------------------------------------------------------------------------------------------------------------------------------------------------------------
         5          10   0.05            ud~_epvebb~                    11722.1831 +-           1.3679        1.334       0 [   42]      (   0)      187249692

         5          10   0.1             NNLO.QT-CS.42.CT2.QCD          2873.43115 +-          0.72555
--------------------------------------------------------------------------------------------------------------------------------------------------------------
         5          10   0.1             ud~_epvebb~                    2873.43115 +-          0.72555        1.361       0 [   42]      (   0)      187249692

         5          10   0.15            NNLO.QT-CS.42.CT2.QCD         -676.263157 +-         0.596466
--------------------------------------------------------------------------------------------------------------------------------------------------------------
         5          10   0.15            ud~_epvebb~                   -676.263157 +-         0.596466        1.117       0 [   42]      (   0)      187249692

         5          10   0.2             NNLO.QT-CS.42.CT2.QCD         -2581.35489 +-          0.59061
--------------------------------------------------------------------------------------------------------------------------------------------------------------
         5          10   0.2             ud~_epvebb~                   -2581.35489 +-          0.59061       0.9194       0 [   42]      (   0)      187249692

         5          10   0.25            NNLO.QT-CS.42.CT2.QCD         -3748.91356 +-          0.61014
--------------------------------------------------------------------------------------------------------------------------------------------------------------
         5          10   0.25            ud~_epvebb~                   -3748.91356 +-          0.61014       0.8236       0 [   42]      (   0)      187249692

         5          10   0.5             NNLO.QT-CS.42.CT2.QCD         -5923.89076 +-          0.67794
--------------------------------------------------------------------------------------------------------------------------------------------------------------
         5          10   0.5             ud~_epvebb~                   -5923.89076 +-          0.67794       0.7495       0 [   42]      (   0)      187249692

==============================================================================================================================================================

        10          15   0.01            NNLO.QT-CS.42.CT2.QCD          37939.6034 +-           4.2947
--------------------------------------------------------------------------------------------------------------------------------------------------------------
        10          15   0.01            ud~_epvebb~                    37939.6034 +-           4.2947        1.042       0 [   42]      (   0)      137078612

        10          15   0.05            NNLO.QT-CS.42.CT2.QCD          9773.67571 +-          1.25761
--------------------------------------------------------------------------------------------------------------------------------------------------------------
        10          15   0.05            ud~_epvebb~                    9773.67571 +-          1.25761       0.9895       0 [   42]      (   0)      137078612

        10          15   0.1             NNLO.QT-CS.42.CT2.QCD          3153.95643 +-          0.63183
--------------------------------------------------------------------------------------------------------------------------------------------------------------
        10          15   0.1             ud~_epvebb~                    3153.95643 +-          0.63183        1.060       0 [   42]      (   0)      137078612

        10          15   0.15            NNLO.QT-CS.42.CT2.QCD          438.483117 +-         0.466549
--------------------------------------------------------------------------------------------------------------------------------------------------------------
        10          15   0.15            ud~_epvebb~                    438.483117 +-         0.466549        1.245       0 [   42]      (   0)      137078612

        10          15   0.2             NNLO.QT-CS.42.CT2.QCD         -1048.63490 +-          0.43796
--------------------------------------------------------------------------------------------------------------------------------------------------------------
        10          15   0.2             ud~_epvebb~                   -1048.63490 +-          0.43796        1.362       0 [   42]      (   0)      137078612

        10          15   0.25            NNLO.QT-CS.42.CT2.QCD         -1978.62729 +-          0.44874
--------------------------------------------------------------------------------------------------------------------------------------------------------------
        10          15   0.25            ud~_epvebb~                   -1978.62729 +-          0.44874        1.387       0 [   42]      (   0)      137078612

        10          15   0.5             NNLO.QT-CS.42.CT2.QCD         -3811.82948 +-          0.52174
--------------------------------------------------------------------------------------------------------------------------------------------------------------
        10          15   0.5             ud~_epvebb~                   -3811.82948 +-          0.52174        1.307       0 [   42]      (   0)      137078612

==============================================================================================================================================================

        15          20   0.01            NNLO.QT-CS.42.CT2.QCD          26182.6362 +-           3.6432
--------------------------------------------------------------------------------------------------------------------------------------------------------------
        15          20   0.01            ud~_epvebb~                    26182.6362 +-           3.6432       0.9888       0 [   42]      (   0)       93569242

        15          20   0.05            NNLO.QT-CS.42.CT2.QCD          7243.57931 +-          1.10834
--------------------------------------------------------------------------------------------------------------------------------------------------------------
        15          20   0.05            ud~_epvebb~                    7243.57931 +-          1.10834       0.8709       0 [   42]      (   0)       93569242

        15          20   0.1             NNLO.QT-CS.42.CT2.QCD          2700.83454 +-          0.55549
--------------------------------------------------------------------------------------------------------------------------------------------------------------
        15          20   0.1             ud~_epvebb~                    2700.83454 +-          0.55549       0.7614       0 [   42]      (   0)       93569242

        15          20   0.15            NNLO.QT-CS.42.CT2.QCD          808.226916 +-         0.384862
--------------------------------------------------------------------------------------------------------------------------------------------------------------
        15          20   0.15            ud~_epvebb~                    808.226916 +-         0.384862       0.7826       0 [   42]      (   0)       93569242

        15          20   0.2             NNLO.QT-CS.42.CT2.QCD         -242.506901 +-         0.338822
--------------------------------------------------------------------------------------------------------------------------------------------------------------
        15          20   0.2             ud~_epvebb~                   -242.506901 +-         0.338822       0.9409       0 [   42]      (   0)       93569242

        15          20   0.25            NNLO.QT-CS.42.CT2.QCD         -908.383735 +-         0.337440
--------------------------------------------------------------------------------------------------------------------------------------------------------------
        15          20   0.25            ud~_epvebb~                   -908.383735 +-         0.337440        1.084       0 [   42]      (   0)       93569242

        15          20   0.5             NNLO.QT-CS.42.CT2.QCD         -2267.99715 +-          0.39648
--------------------------------------------------------------------------------------------------------------------------------------------------------------
        15          20   0.5             ud~_epvebb~                   -2267.99715 +-          0.39648        1.241       0 [   42]      (   0)       93569242

==============================================================================================================================================================

        20          25   0.01            NNLO.QT-CS.42.CT2.QCD          18103.4325 +-           3.0768
--------------------------------------------------------------------------------------------------------------------------------------------------------------
        20          25   0.01            ud~_epvebb~                    18103.4325 +-           3.0768        1.337       0 [   42]      (   0)       64318382

        20          25   0.05            NNLO.QT-CS.42.CT2.QCD          5265.76008 +-          0.96230
--------------------------------------------------------------------------------------------------------------------------------------------------------------
        20          25   0.05            ud~_epvebb~                    5265.76008 +-          0.96230        1.178       0 [   42]      (   0)       64318382

        20          25   0.1             NNLO.QT-CS.42.CT2.QCD          2140.35101 +-          0.47920
--------------------------------------------------------------------------------------------------------------------------------------------------------------
        20          25   0.1             ud~_epvebb~                    2140.35101 +-          0.47920       0.9866       0 [   42]      (   0)       64318382

        20          25   0.15            NNLO.QT-CS.42.CT2.QCD          823.720934 +-         0.312421
--------------------------------------------------------------------------------------------------------------------------------------------------------------
        20          25   0.15            ud~_epvebb~                    823.720934 +-         0.312421       0.8810       0 [   42]      (   0)       64318382

        20          25   0.2             NNLO.QT-CS.42.CT2.QCD          85.7262149 +-        0.2551556
--------------------------------------------------------------------------------------------------------------------------------------------------------------
        20          25   0.2             ud~_epvebb~                    85.7262149 +-        0.2551556       0.9758       0 [   42]      (   0)       64318382

        20          25   0.25            NNLO.QT-CS.42.CT2.QCD         -386.248971 +-         0.244472
--------------------------------------------------------------------------------------------------------------------------------------------------------------
        20          25   0.25            ud~_epvebb~                   -386.248971 +-         0.244472        1.167       0 [   42]      (   0)       64318382

        20          25   0.5             NNLO.QT-CS.42.CT2.QCD         -1372.72292 +-          0.29335
--------------------------------------------------------------------------------------------------------------------------------------------------------------
        20          25   0.5             ud~_epvebb~                   -1372.72292 +-          0.29335        1.522       0 [   42]      (   0)       64318382

==============================================================================================================================================================

        25          30   0.01            NNLO.QT-CS.42.CT2.QCD          12745.1681 +-           2.6103
--------------------------------------------------------------------------------------------------------------------------------------------------------------
        25          30   0.01            ud~_epvebb~                    12745.1681 +-           2.6103       0.9920       0 [   42]      (   0)       45074240

        25          30   0.05            NNLO.QT-CS.42.CT2.QCD          3845.26772 +-          0.83733
--------------------------------------------------------------------------------------------------------------------------------------------------------------
        25          30   0.05            ud~_epvebb~                    3845.26772 +-          0.83733        1.053       0 [   42]      (   0)       45074240

        25          30   0.1             NNLO.QT-CS.42.CT2.QCD          1653.87423 +-          0.42212
--------------------------------------------------------------------------------------------------------------------------------------------------------------
        25          30   0.1             ud~_epvebb~                    1653.87423 +-          0.42212        1.105       0 [   42]      (   0)       45074240

        25          30   0.15            NNLO.QT-CS.42.CT2.QCD          723.034680 +-         0.270238
--------------------------------------------------------------------------------------------------------------------------------------------------------------
        25          30   0.15            ud~_epvebb~                    723.034680 +-         0.270238        1.101       0 [   42]      (   0)       45074240

        25          30   0.2             NNLO.QT-CS.42.CT2.QCD          197.593884 +-         0.210404
--------------------------------------------------------------------------------------------------------------------------------------------------------------
        25          30   0.2             ud~_epvebb~                    197.593884 +-         0.210404        1.006       0 [   42]      (   0)       45074240

        25          30   0.25            NNLO.QT-CS.42.CT2.QCD         -140.678081 +-         0.193223
--------------------------------------------------------------------------------------------------------------------------------------------------------------
        25          30   0.25            ud~_epvebb~                   -140.678081 +-         0.193223       0.8808       0 [   42]      (   0)       45074240

        25          30   0.5             NNLO.QT-CS.42.CT2.QCD         -859.479991 +-         0.227744
--------------------------------------------------------------------------------------------------------------------------------------------------------------
        25          30   0.5             ud~_epvebb~                   -859.479991 +-         0.227744       0.7382       0 [   42]      (   0)       45074240

==============================================================================================================================================================

        30          35   0.01            NNLO.QT-CS.42.CT2.QCD          9155.72616 +-          2.22881
--------------------------------------------------------------------------------------------------------------------------------------------------------------
        30          35   0.01            ud~_epvebb~                    9155.72616 +-          2.22881       0.4968       0 [   42]      (   0)       32178442

        30          35   0.05            NNLO.QT-CS.42.CT2.QCD          2839.94010 +-          0.72987
--------------------------------------------------------------------------------------------------------------------------------------------------------------
        30          35   0.05            ud~_epvebb~                    2839.94010 +-          0.72987       0.5789       0 [   42]      (   0)       32178442

        30          35   0.1             NNLO.QT-CS.42.CT2.QCD          1270.87328 +-          0.37260
--------------------------------------------------------------------------------------------------------------------------------------------------------------
        30          35   0.1             ud~_epvebb~                    1270.87328 +-          0.37260       0.6957       0 [   42]      (   0)       32178442

        30          35   0.15            NNLO.QT-CS.42.CT2.QCD          600.073823 +-         0.236917
--------------------------------------------------------------------------------------------------------------------------------------------------------------
        30          35   0.15            ud~_epvebb~                    600.073823 +-         0.236917       0.8264       0 [   42]      (   0)       32178442

        30          35   0.2             NNLO.QT-CS.42.CT2.QCD          219.366526 +-         0.178633
--------------------------------------------------------------------------------------------------------------------------------------------------------------
        30          35   0.2             ud~_epvebb~                    219.366526 +-         0.178633       0.9034       0 [   42]      (   0)       32178442

        30          35   0.25            NNLO.QT-CS.42.CT2.QCD         -26.9637395 +-        0.1579268
--------------------------------------------------------------------------------------------------------------------------------------------------------------
        30          35   0.25            ud~_epvebb~                   -26.9637395 +-        0.1579268       0.8724       0 [   42]      (   0)       32178442

        30          35   0.5             NNLO.QT-CS.42.CT2.QCD         -556.881590 +-         0.180601
--------------------------------------------------------------------------------------------------------------------------------------------------------------
        30          35   0.5             ud~_epvebb~                   -556.881590 +-         0.180601       0.5520       0 [   42]      (   0)       32178442

==============================================================================================================================================================

        35          40   0.01            NNLO.QT-CS.42.CT2.QCD          6710.81339 +-          1.91844
--------------------------------------------------------------------------------------------------------------------------------------------------------------
        35          40   0.01            ud~_epvebb~                    6710.81339 +-          1.91844        1.001       0 [   42]      (   0)       23372304

        35          40   0.05            NNLO.QT-CS.42.CT2.QCD          2127.24541 +-          0.63945
--------------------------------------------------------------------------------------------------------------------------------------------------------------
        35          40   0.05            ud~_epvebb~                    2127.24541 +-          0.63945        1.043       0 [   42]      (   0)       23372304

        35          40   0.1             NNLO.QT-CS.42.CT2.QCD          980.218454 +-         0.330329
--------------------------------------------------------------------------------------------------------------------------------------------------------------
        35          40   0.1             ud~_epvebb~                    980.218454 +-         0.330329        1.076       0 [   42]      (   0)       23372304

        35          40   0.15            NNLO.QT-CS.42.CT2.QCD          487.304012 +-         0.209676
--------------------------------------------------------------------------------------------------------------------------------------------------------------
        35          40   0.15            ud~_epvebb~                    487.304012 +-         0.209676        1.090       0 [   42]      (   0)       23372304

        35          40   0.2             NNLO.QT-CS.42.CT2.QCD          206.347924 +-         0.154565
--------------------------------------------------------------------------------------------------------------------------------------------------------------
        35          40   0.2             ud~_epvebb~                    206.347924 +-         0.154565        1.071       0 [   42]      (   0)       23372304

        35          40   0.25            NNLO.QT-CS.42.CT2.QCD          23.8379813 +-        0.1321108
--------------------------------------------------------------------------------------------------------------------------------------------------------------
        35          40   0.25            ud~_epvebb~                    23.8379813 +-        0.1321108        1.030       0 [   42]      (   0)       23372304

        35          40   0.5             NNLO.QT-CS.42.CT2.QCD         -372.557854 +-         0.145216
--------------------------------------------------------------------------------------------------------------------------------------------------------------
        35          40   0.5             ud~_epvebb~                   -372.557854 +-         0.145216       0.9390       0 [   42]      (   0)       23372304

==============================================================================================================================================================

        40          45   0.01            NNLO.QT-CS.42.CT2.QCD          5007.49492 +-          1.66320
--------------------------------------------------------------------------------------------------------------------------------------------------------------
        40          45   0.01            ud~_epvebb~                    5007.49492 +-          1.66320       0.9999       0 [   42]      (   0)       17237560

        40          45   0.05            NNLO.QT-CS.42.CT2.QCD          1615.07156 +-          0.56233
--------------------------------------------------------------------------------------------------------------------------------------------------------------
        40          45   0.05            ud~_epvebb~                    1615.07156 +-          0.56233       0.9468       0 [   42]      (   0)       17237560

        40          45   0.1             NNLO.QT-CS.42.CT2.QCD          760.965459 +-         0.293434
--------------------------------------------------------------------------------------------------------------------------------------------------------------
        40          45   0.1             ud~_epvebb~                    760.965459 +-         0.293434       0.8761       0 [   42]      (   0)       17237560

        40          45   0.15            NNLO.QT-CS.42.CT2.QCD          392.361557 +-         0.186497
--------------------------------------------------------------------------------------------------------------------------------------------------------------
        40          45   0.15            ud~_epvebb~                    392.361557 +-         0.186497       0.7980       0 [   42]      (   0)       17237560

        40          45   0.2             NNLO.QT-CS.42.CT2.QCD          181.522469 +-         0.135640
--------------------------------------------------------------------------------------------------------------------------------------------------------------
        40          45   0.2             ud~_epvebb~                    181.522469 +-         0.135640       0.7408       0 [   42]      (   0)       17237560

        40          45   0.25            NNLO.QT-CS.42.CT2.QCD          44.1206857 +-        0.1130551
--------------------------------------------------------------------------------------------------------------------------------------------------------------
        40          45   0.25            ud~_epvebb~                    44.1206857 +-        0.1130551       0.7453       0 [   42]      (   0)       17237560

        40          45   0.5             NNLO.QT-CS.42.CT2.QCD         -256.591630 +-         0.119320
--------------------------------------------------------------------------------------------------------------------------------------------------------------
        40          45   0.5             ud~_epvebb~                   -256.591630 +-         0.119320        1.015       0 [   42]      (   0)       17237560

==============================================================================================================================================================

        45          50   0.01            NNLO.QT-CS.42.CT2.QCD          3797.23860 +-          1.45251
--------------------------------------------------------------------------------------------------------------------------------------------------------------
        45          50   0.01            ud~_epvebb~                    3797.23860 +-          1.45251        1.120       0 [   42]      (   0)       12828459

        45          50   0.05            NNLO.QT-CS.42.CT2.QCD          1242.13838 +-          0.49709
--------------------------------------------------------------------------------------------------------------------------------------------------------------
        45          50   0.05            ud~_epvebb~                    1242.13838 +-          0.49709        1.147       0 [   42]      (   0)       12828459

        45          50   0.1             NNLO.QT-CS.42.CT2.QCD          595.543312 +-         0.262017
--------------------------------------------------------------------------------------------------------------------------------------------------------------
        45          50   0.1             ud~_epvebb~                    595.543312 +-         0.262017        1.149       0 [   42]      (   0)       12828459

        45          50   0.15            NNLO.QT-CS.42.CT2.QCD          315.498697 +-         0.167450
--------------------------------------------------------------------------------------------------------------------------------------------------------------
        45          50   0.15            ud~_epvebb~                    315.498697 +-         0.167450        1.107       0 [   42]      (   0)       12828459

        45          50   0.2             NNLO.QT-CS.42.CT2.QCD          154.847843 +-         0.121335
--------------------------------------------------------------------------------------------------------------------------------------------------------------
        45          50   0.2             ud~_epvebb~                    154.847843 +-         0.121335        1.003       0 [   42]      (   0)       12828459

        45          50   0.25            NNLO.QT-CS.42.CT2.QCD          49.8760621 +-        0.0996821
--------------------------------------------------------------------------------------------------------------------------------------------------------------
        45          50   0.25            ud~_epvebb~                    49.8760621 +-        0.0996821       0.8593       0 [   42]      (   0)       12828459

        45          50   0.5             NNLO.QT-CS.42.CT2.QCD         -181.296449 +-         0.100904
--------------------------------------------------------------------------------------------------------------------------------------------------------------
        45          50   0.5             ud~_epvebb~                   -181.296449 +-         0.100904       0.7027       0 [   42]      (   0)       12828459

==============================================================================================================================================================

        50          55   0.01            NNLO.QT-CS.42.CT2.QCD          2923.48023 +-          1.27783
--------------------------------------------------------------------------------------------------------------------------------------------------------------
        50          55   0.01            ud~_epvebb~                    2923.48023 +-          1.27783       0.9372       0 [   42]      (   0)        9674654

        50          55   0.05            NNLO.QT-CS.42.CT2.QCD          967.581364 +-         0.441992
--------------------------------------------------------------------------------------------------------------------------------------------------------------
        50          55   0.05            ud~_epvebb~                    967.581364 +-         0.441992       0.9671       0 [   42]      (   0)        9674654

        50          55   0.1             NNLO.QT-CS.42.CT2.QCD          470.429568 +-         0.234566
--------------------------------------------------------------------------------------------------------------------------------------------------------------
        50          55   0.1             ud~_epvebb~                    470.429568 +-         0.234566       0.9750       0 [   42]      (   0)        9674654

        50          55   0.15            NNLO.QT-CS.42.CT2.QCD          254.453713 +-         0.149969
--------------------------------------------------------------------------------------------------------------------------------------------------------------
        50          55   0.15            ud~_epvebb~                    254.453713 +-         0.149969       0.9526       0 [   42]      (   0)        9674654

        50          55   0.2             NNLO.QT-CS.42.CT2.QCD          130.250322 +-         0.107593
--------------------------------------------------------------------------------------------------------------------------------------------------------------
        50          55   0.2             ud~_epvebb~                    130.250322 +-         0.107593       0.8888       0 [   42]      (   0)        9674654

        50          55   0.25            NNLO.QT-CS.42.CT2.QCD          48.9128225 +-        0.0866383
--------------------------------------------------------------------------------------------------------------------------------------------------------------
        50          55   0.25            ud~_epvebb~                    48.9128225 +-        0.0866383       0.7939       0 [   42]      (   0)        9674654

        50          55   0.5             NNLO.QT-CS.42.CT2.QCD         -131.145119 +-         0.084209
--------------------------------------------------------------------------------------------------------------------------------------------------------------
        50          55   0.5             ud~_epvebb~                   -131.145119 +-         0.084209       0.6920       0 [   42]      (   0)        9674654

==============================================================================================================================================================

        55          60   0.01            NNLO.QT-CS.42.CT2.QCD          2280.22055 +-          1.13223
--------------------------------------------------------------------------------------------------------------------------------------------------------------
        55          60   0.01            ud~_epvebb~                    2280.22055 +-          1.13223        1.086       0 [   42]      (   0)        7438719

        55          60   0.05            NNLO.QT-CS.42.CT2.QCD          762.066839 +-         0.395115
--------------------------------------------------------------------------------------------------------------------------------------------------------------
        55          60   0.05            ud~_epvebb~                    762.066839 +-         0.395115        1.115       0 [   42]      (   0)        7438719

        55          60   0.1             NNLO.QT-CS.42.CT2.QCD          374.704918 +-         0.211534
--------------------------------------------------------------------------------------------------------------------------------------------------------------
        55          60   0.1             ud~_epvebb~                    374.704918 +-         0.211534        1.144       0 [   42]      (   0)        7438719

        55          60   0.15            NNLO.QT-CS.42.CT2.QCD          205.985409 +-         0.136358
--------------------------------------------------------------------------------------------------------------------------------------------------------------
        55          60   0.15            ud~_epvebb~                    205.985409 +-         0.136358        1.156       0 [   42]      (   0)        7438719

        55          60   0.2             NNLO.QT-CS.42.CT2.QCD          108.754019 +-         0.098360
--------------------------------------------------------------------------------------------------------------------------------------------------------------
        55          60   0.2             ud~_epvebb~                    108.754019 +-         0.098360        1.117       0 [   42]      (   0)        7438719

        55          60   0.25            NNLO.QT-CS.42.CT2.QCD          44.9595092 +-        0.0791275
--------------------------------------------------------------------------------------------------------------------------------------------------------------
        55          60   0.25            ud~_epvebb~                    44.9595092 +-        0.0791275        1.005       0 [   42]      (   0)        7438719

        55          60   0.5             NNLO.QT-CS.42.CT2.QCD         -96.8809975 +-        0.0743860
--------------------------------------------------------------------------------------------------------------------------------------------------------------
        55          60   0.5             ud~_epvebb~                   -96.8809975 +-        0.0743860       0.7399       0 [   42]      (   0)        7438719

==============================================================================================================================================================

        60          65   0.01            NNLO.QT-CS.42.CT2.QCD          1799.82416 +-          1.00952
--------------------------------------------------------------------------------------------------------------------------------------------------------------
        60          65   0.01            ud~_epvebb~                    1799.82416 +-          1.00952       0.6678       0 [   42]      (   0)        5825437

        60          65   0.05            NNLO.QT-CS.42.CT2.QCD          606.668329 +-         0.355417
--------------------------------------------------------------------------------------------------------------------------------------------------------------
        60          65   0.05            ud~_epvebb~                    606.668329 +-         0.355417       0.6392       0 [   42]      (   0)        5825437

        60          65   0.1             NNLO.QT-CS.42.CT2.QCD          301.179933 +-         0.191358
--------------------------------------------------------------------------------------------------------------------------------------------------------------
        60          65   0.1             ud~_epvebb~                    301.179933 +-         0.191358       0.6119       0 [   42]      (   0)        5825437

        60          65   0.15            NNLO.QT-CS.42.CT2.QCD          167.810315 +-         0.123477
--------------------------------------------------------------------------------------------------------------------------------------------------------------
        60          65   0.15            ud~_epvebb~                    167.810315 +-         0.123477       0.5841       0 [   42]      (   0)        5825437

        60          65   0.2             NNLO.QT-CS.42.CT2.QCD          90.8066902 +-        0.0885064
--------------------------------------------------------------------------------------------------------------------------------------------------------------
        60          65   0.2             ud~_epvebb~                    90.8066902 +-        0.0885064       0.5606       0 [   42]      (   0)        5825437

        60          65   0.25            NNLO.QT-CS.42.CT2.QCD          40.1992334 +-        0.0701688
--------------------------------------------------------------------------------------------------------------------------------------------------------------
        60          65   0.25            ud~_epvebb~                    40.1992334 +-        0.0701688       0.5530       0 [   42]      (   0)        5825437

        60          65   0.5             NNLO.QT-CS.42.CT2.QCD         -72.7544437 +-        0.0633657
--------------------------------------------------------------------------------------------------------------------------------------------------------------
        60          65   0.5             ud~_epvebb~                   -72.7544437 +-        0.0633657       0.6331       0 [   42]      (   0)        5825437

==============================================================================================================================================================

        65          70   0.01            NNLO.QT-CS.42.CT2.QCD          1438.27526 +-          0.90569
--------------------------------------------------------------------------------------------------------------------------------------------------------------
        65          70   0.01            ud~_epvebb~                    1438.27526 +-          0.90569        1.515       0 [   42]      (   0)        4639418

        65          70   0.05            NNLO.QT-CS.42.CT2.QCD          488.291023 +-         0.321283
--------------------------------------------------------------------------------------------------------------------------------------------------------------
        65          70   0.05            ud~_epvebb~                    488.291023 +-         0.321283        1.510       0 [   42]      (   0)        4639418

        65          70   0.1             NNLO.QT-CS.42.CT2.QCD          244.326844 +-         0.174095
--------------------------------------------------------------------------------------------------------------------------------------------------------------
        65          70   0.1             ud~_epvebb~                    244.326844 +-         0.174095        1.471       0 [   42]      (   0)        4639418

        65          70   0.15            NNLO.QT-CS.42.CT2.QCD          137.600982 +-         0.112881
--------------------------------------------------------------------------------------------------------------------------------------------------------------
        65          70   0.15            ud~_epvebb~                    137.600982 +-         0.112881        1.384       0 [   42]      (   0)        4639418

        65          70   0.2             NNLO.QT-CS.42.CT2.QCD          75.8808844 +-        0.0810401
--------------------------------------------------------------------------------------------------------------------------------------------------------------
        65          70   0.2             ud~_epvebb~                    75.8808844 +-        0.0810401        1.242       0 [   42]      (   0)        4639418

        65          70   0.25            NNLO.QT-CS.42.CT2.QCD          35.2594914 +-        0.0640053
--------------------------------------------------------------------------------------------------------------------------------------------------------------
        65          70   0.25            ud~_epvebb~                    35.2594914 +-        0.0640053        1.070       0 [   42]      (   0)        4639418

        65          70   0.5             NNLO.QT-CS.42.CT2.QCD         -55.7036228 +-        0.0559715
--------------------------------------------------------------------------------------------------------------------------------------------------------------
        65          70   0.5             ud~_epvebb~                   -55.7036228 +-        0.0559715       0.9376       0 [   42]      (   0)        4639418

==============================================================================================================================================================

        70          75   0.01            NNLO.QT-CS.42.CT2.QCD          1159.62949 +-          0.81658
--------------------------------------------------------------------------------------------------------------------------------------------------------------
        70          75   0.01            ud~_epvebb~                    1159.62949 +-          0.81658       0.9222       0 [   42]      (   0)        3747129

        70          75   0.05            NNLO.QT-CS.42.CT2.QCD          396.196849 +-         0.291735
--------------------------------------------------------------------------------------------------------------------------------------------------------------
        70          75   0.05            ud~_epvebb~                    396.196849 +-         0.291735       0.9047       0 [   42]      (   0)        3747129

        70          75   0.1             NNLO.QT-CS.42.CT2.QCD          199.605128 +-         0.159053
--------------------------------------------------------------------------------------------------------------------------------------------------------------
        70          75   0.1             ud~_epvebb~                    199.605128 +-         0.159053       0.8841       0 [   42]      (   0)        3747129

        70          75   0.15            NNLO.QT-CS.42.CT2.QCD          113.446174 +-         0.103619
--------------------------------------------------------------------------------------------------------------------------------------------------------------
        70          75   0.15            ud~_epvebb~                    113.446174 +-         0.103619       0.8622       0 [   42]      (   0)        3747129

        70          75   0.2             NNLO.QT-CS.42.CT2.QCD          63.5478513 +-        0.0745367
--------------------------------------------------------------------------------------------------------------------------------------------------------------
        70          75   0.2             ud~_epvebb~                    63.5478513 +-        0.0745367       0.8421       0 [   42]      (   0)        3747129

        70          75   0.25            NNLO.QT-CS.42.CT2.QCD          30.6648607 +-        0.0586993
--------------------------------------------------------------------------------------------------------------------------------------------------------------
        70          75   0.25            ud~_epvebb~                    30.6648607 +-        0.0586993       0.8322       0 [   42]      (   0)        3747129

        70          75   0.5             NNLO.QT-CS.42.CT2.QCD         -43.1843151 +-        0.0497302
--------------------------------------------------------------------------------------------------------------------------------------------------------------
        70          75   0.5             ud~_epvebb~                   -43.1843151 +-        0.0497302       0.9338       0 [   42]      (   0)        3747129

==============================================================================================================================================================

        75          80   0.01            NNLO.QT-CS.42.CT2.QCD          944.405137 +-         0.741048
--------------------------------------------------------------------------------------------------------------------------------------------------------------
        75          80   0.01            ud~_epvebb~                    944.405137 +-         0.741048       0.9680       0 [   42]      (   0)        3064861

        75          80   0.05            NNLO.QT-CS.42.CT2.QCD          324.482697 +-         0.266298
--------------------------------------------------------------------------------------------------------------------------------------------------------------
        75          80   0.05            ud~_epvebb~                    324.482697 +-         0.266298       0.9208       0 [   42]      (   0)        3064861

        75          80   0.1             NNLO.QT-CS.42.CT2.QCD          164.444849 +-         0.145743
--------------------------------------------------------------------------------------------------------------------------------------------------------------
        75          80   0.1             ud~_epvebb~                    164.444849 +-         0.145743       0.8756       0 [   42]      (   0)        3064861

        75          80   0.15            NNLO.QT-CS.42.CT2.QCD          94.1891956 +-        0.0951075
--------------------------------------------------------------------------------------------------------------------------------------------------------------
        75          80   0.15            ud~_epvebb~                    94.1891956 +-        0.0951075       0.8350       0 [   42]      (   0)        3064861

        75          80   0.2             NNLO.QT-CS.42.CT2.QCD          53.4475786 +-        0.0683121
--------------------------------------------------------------------------------------------------------------------------------------------------------------
        75          80   0.2             ud~_epvebb~                    53.4475786 +-        0.0683121       0.8061       0 [   42]      (   0)        3064861

        75          80   0.25            NNLO.QT-CS.42.CT2.QCD          26.5676542 +-        0.0534941
--------------------------------------------------------------------------------------------------------------------------------------------------------------
        75          80   0.25            ud~_epvebb~                    26.5676542 +-        0.0534941       0.8034       0 [   42]      (   0)        3064861

        75          80   0.5             NNLO.QT-CS.42.CT2.QCD         -33.9579845 +-        0.0441700
--------------------------------------------------------------------------------------------------------------------------------------------------------------
        75          80   0.5             ud~_epvebb~                   -33.9579845 +-        0.0441700        1.034       0 [   42]      (   0)        3064861

==============================================================================================================================================================

        80          85   0.01            NNLO.QT-CS.42.CT2.QCD          775.732556 +-         0.673871
--------------------------------------------------------------------------------------------------------------------------------------------------------------
        80          85   0.01            ud~_epvebb~                    775.732556 +-         0.673871       0.9136       0 [   42]      (   0)        2533228

        80          85   0.05            NNLO.QT-CS.42.CT2.QCD          267.861351 +-         0.243606
--------------------------------------------------------------------------------------------------------------------------------------------------------------
        80          85   0.05            ud~_epvebb~                    267.861351 +-         0.243606       0.9133       0 [   42]      (   0)        2533228

        80          85   0.1             NNLO.QT-CS.42.CT2.QCD          136.451197 +-         0.134067
--------------------------------------------------------------------------------------------------------------------------------------------------------------
        80          85   0.1             ud~_epvebb~                    136.451197 +-         0.134067       0.9277       0 [   42]      (   0)        2533228

        80          85   0.15            NNLO.QT-CS.42.CT2.QCD          78.6761005 +-        0.0879383
--------------------------------------------------------------------------------------------------------------------------------------------------------------
        80          85   0.15            ud~_epvebb~                    78.6761005 +-        0.0879383       0.9548       0 [   42]      (   0)        2533228

        80          85   0.2             NNLO.QT-CS.42.CT2.QCD          45.1323350 +-        0.0634118
--------------------------------------------------------------------------------------------------------------------------------------------------------------
        80          85   0.2             ud~_epvebb~                    45.1323350 +-        0.0634118       0.9906       0 [   42]      (   0)        2533228

        80          85   0.25            NNLO.QT-CS.42.CT2.QCD          22.9782361 +-        0.0497049
--------------------------------------------------------------------------------------------------------------------------------------------------------------
        80          85   0.25            ud~_epvebb~                    22.9782361 +-        0.0497049        1.022       0 [   42]      (   0)        2533228

        80          85   0.5             NNLO.QT-CS.42.CT2.QCD         -27.0229981 +-        0.0400697
--------------------------------------------------------------------------------------------------------------------------------------------------------------
        80          85   0.5             ud~_epvebb~                   -27.0229981 +-        0.0400697       0.9650       0 [   42]      (   0)        2533228

==============================================================================================================================================================

        85          90   0.01            NNLO.QT-CS.42.CT2.QCD          641.905411 +-         0.616270
--------------------------------------------------------------------------------------------------------------------------------------------------------------
        85          90   0.01            ud~_epvebb~                    641.905411 +-         0.616270        1.156       0 [   42]      (   0)        2111770

        85          90   0.05            NNLO.QT-CS.42.CT2.QCD          222.638813 +-         0.223950
--------------------------------------------------------------------------------------------------------------------------------------------------------------
        85          90   0.05            ud~_epvebb~                    222.638813 +-         0.223950        1.199       0 [   42]      (   0)        2111770

        85          90   0.1             NNLO.QT-CS.42.CT2.QCD          113.923669 +-         0.123647
--------------------------------------------------------------------------------------------------------------------------------------------------------------
        85          90   0.1             ud~_epvebb~                    113.923669 +-         0.123647        1.223       0 [   42]      (   0)        2111770

        85          90   0.15            NNLO.QT-CS.42.CT2.QCD          66.0598959 +-        0.0811830
--------------------------------------------------------------------------------------------------------------------------------------------------------------
        85          90   0.15            ud~_epvebb~                    66.0598959 +-        0.0811830        1.221       0 [   42]      (   0)        2111770

        85          90   0.2             NNLO.QT-CS.42.CT2.QCD          38.2402338 +-        0.0584108
--------------------------------------------------------------------------------------------------------------------------------------------------------------
        85          90   0.2             ud~_epvebb~                    38.2402338 +-        0.0584108        1.177       0 [   42]      (   0)        2111770

        85          90   0.25            NNLO.QT-CS.42.CT2.QCD          19.8490649 +-        0.0454957
--------------------------------------------------------------------------------------------------------------------------------------------------------------
        85          90   0.25            ud~_epvebb~                    19.8490649 +-        0.0454957        1.082       0 [   42]      (   0)        2111770

        85          90   0.5             NNLO.QT-CS.42.CT2.QCD         -21.7478969 +-        0.0356303
--------------------------------------------------------------------------------------------------------------------------------------------------------------
        85          90   0.5             ud~_epvebb~                   -21.7478969 +-        0.0356303       0.7211       0 [   42]      (   0)        2111770

==============================================================================================================================================================

        90          95   0.01            NNLO.QT-CS.42.CT2.QCD          535.366255 +-         0.568054
--------------------------------------------------------------------------------------------------------------------------------------------------------------
        90          95   0.01            ud~_epvebb~                    535.366255 +-         0.568054       0.6280       0 [   42]      (   0)        1774353

        90          95   0.05            NNLO.QT-CS.42.CT2.QCD          186.443340 +-         0.207233
--------------------------------------------------------------------------------------------------------------------------------------------------------------
        90          95   0.05            ud~_epvebb~                    186.443340 +-         0.207233       0.6360       0 [   42]      (   0)        1774353

        90          95   0.1             NNLO.QT-CS.42.CT2.QCD          95.7921736 +-        0.1148454
--------------------------------------------------------------------------------------------------------------------------------------------------------------
        90          95   0.1             ud~_epvebb~                    95.7921736 +-        0.1148454       0.6656       0 [   42]      (   0)        1774353

        90          95   0.15            NNLO.QT-CS.42.CT2.QCD          55.8306138 +-        0.0757186
--------------------------------------------------------------------------------------------------------------------------------------------------------------
        90          95   0.15            ud~_epvebb~                    55.8306138 +-        0.0757186       0.7176       0 [   42]      (   0)        1774353

        90          95   0.2             NNLO.QT-CS.42.CT2.QCD          32.5808112 +-        0.0547351
--------------------------------------------------------------------------------------------------------------------------------------------------------------
        90          95   0.2             ud~_epvebb~                    32.5808112 +-        0.0547351       0.7938       0 [   42]      (   0)        1774353

        90          95   0.25            NNLO.QT-CS.42.CT2.QCD          17.1973193 +-        0.0428220
--------------------------------------------------------------------------------------------------------------------------------------------------------------
        90          95   0.25            ud~_epvebb~                    17.1973193 +-        0.0428220       0.8843       0 [   42]      (   0)        1774353

        90          95   0.5             NNLO.QT-CS.42.CT2.QCD         -17.6644206 +-        0.0334098
--------------------------------------------------------------------------------------------------------------------------------------------------------------
        90          95   0.5             ud~_epvebb~                   -17.6644206 +-        0.0334098       0.9509       0 [   42]      (   0)        1774353

==============================================================================================================================================================

        95         100   0.01            NNLO.QT-CS.42.CT2.QCD          450.013947 +-         0.523197
--------------------------------------------------------------------------------------------------------------------------------------------------------------
        95         100   0.01            ud~_epvebb~                    450.013947 +-         0.523197        1.019       0 [   42]      (   0)        1501453

        95         100   0.05            NNLO.QT-CS.42.CT2.QCD          157.270414 +-         0.191901
--------------------------------------------------------------------------------------------------------------------------------------------------------------
        95         100   0.05            ud~_epvebb~                    157.270414 +-         0.191901        1.082       0 [   42]      (   0)        1501453

        95         100   0.1             NNLO.QT-CS.42.CT2.QCD          81.0825952 +-        0.1068570
--------------------------------------------------------------------------------------------------------------------------------------------------------------
        95         100   0.1             ud~_epvebb~                    81.0825952 +-        0.1068570        1.141       0 [   42]      (   0)        1501453

        95         100   0.15            NNLO.QT-CS.42.CT2.QCD          47.4589958 +-        0.0707395
--------------------------------------------------------------------------------------------------------------------------------------------------------------
        95         100   0.15            ud~_epvebb~                    47.4589958 +-        0.0707395        1.190       0 [   42]      (   0)        1501453

        95         100   0.2             NNLO.QT-CS.42.CT2.QCD          27.8794713 +-        0.0512761
--------------------------------------------------------------------------------------------------------------------------------------------------------------
        95         100   0.2             ud~_epvebb~                    27.8794713 +-        0.0512761        1.216       0 [   42]      (   0)        1501453

        95         100   0.25            NNLO.QT-CS.42.CT2.QCD          14.9145408 +-        0.0401181
--------------------------------------------------------------------------------------------------------------------------------------------------------------
        95         100   0.25            ud~_epvebb~                    14.9145408 +-        0.0401181        1.201       0 [   42]      (   0)        1501453

        95         100   0.5             NNLO.QT-CS.42.CT2.QCD         -14.5161214 +-        0.0305585
--------------------------------------------------------------------------------------------------------------------------------------------------------------
        95         100   0.5             ud~_epvebb~                   -14.5161214 +-        0.0305585       0.8534       0 [   42]      (   0)        1501453

==============================================================================================================================================================

       100         105   0.01            NNLO.QT-CS.42.CT2.QCD          379.852915 +-         0.484047
--------------------------------------------------------------------------------------------------------------------------------------------------------------
       100         105   0.01            ud~_epvebb~                    379.852915 +-         0.484047       0.6424       0 [   42]      (   0)        1277067

       100         105   0.05            NNLO.QT-CS.42.CT2.QCD          133.218590 +-         0.178017
--------------------------------------------------------------------------------------------------------------------------------------------------------------
       100         105   0.05            ud~_epvebb~                    133.218590 +-         0.178017       0.7186       0 [   42]      (   0)        1277067

       100         105   0.1             NNLO.QT-CS.42.CT2.QCD          68.9167968 +-        0.0995618
--------------------------------------------------------------------------------------------------------------------------------------------------------------
       100         105   0.1             ud~_epvebb~                    68.9167968 +-        0.0995618       0.8404       0 [   42]      (   0)        1277067

       100         105   0.15            NNLO.QT-CS.42.CT2.QCD          40.5061957 +-        0.0663654
--------------------------------------------------------------------------------------------------------------------------------------------------------------
       100         105   0.15            ud~_epvebb~                    40.5061957 +-        0.0663654        1.006       0 [   42]      (   0)        1277067

       100         105   0.2             NNLO.QT-CS.42.CT2.QCD          23.9475267 +-        0.0485846
--------------------------------------------------------------------------------------------------------------------------------------------------------------
       100         105   0.2             ud~_epvebb~                    23.9475267 +-        0.0485846        1.204       0 [   42]      (   0)        1277067

       100         105   0.25            NNLO.QT-CS.42.CT2.QCD          12.9744020 +-        0.0384702
--------------------------------------------------------------------------------------------------------------------------------------------------------------
       100         105   0.25            ud~_epvebb~                    12.9744020 +-        0.0384702        1.390       0 [   42]      (   0)        1277067

       100         105   0.5             NNLO.QT-CS.42.CT2.QCD         -11.9774682 +-        0.0297165
--------------------------------------------------------------------------------------------------------------------------------------------------------------
       100         105   0.5             ud~_epvebb~                   -11.9774682 +-        0.0297165        1.313       0 [   42]      (   0)        1277067

==============================================================================================================================================================

       105         110   0.01            NNLO.QT-CS.42.CT2.QCD          322.794876 +-         0.449048
--------------------------------------------------------------------------------------------------------------------------------------------------------------
       105         110   0.01            ud~_epvebb~                    322.794876 +-         0.449048        1.631       0 [   42]      (   0)        1094450

       105         110   0.05            NNLO.QT-CS.42.CT2.QCD          113.626225 +-         0.166324
--------------------------------------------------------------------------------------------------------------------------------------------------------------
       105         110   0.05            ud~_epvebb~                    113.626225 +-         0.166324        1.552       0 [   42]      (   0)        1094450

       105         110   0.1             NNLO.QT-CS.42.CT2.QCD          58.9979839 +-        0.0932980
--------------------------------------------------------------------------------------------------------------------------------------------------------------
       105         110   0.1             ud~_epvebb~                    58.9979839 +-        0.0932980        1.458       0 [   42]      (   0)        1094450

       105         110   0.15            NNLO.QT-CS.42.CT2.QCD          34.8342399 +-        0.0620654
--------------------------------------------------------------------------------------------------------------------------------------------------------------
       105         110   0.15            ud~_epvebb~                    34.8342399 +-        0.0620654        1.346       0 [   42]      (   0)        1094450

       105         110   0.2             NNLO.QT-CS.42.CT2.QCD          20.7383909 +-        0.0450449
--------------------------------------------------------------------------------------------------------------------------------------------------------------
       105         110   0.2             ud~_epvebb~                    20.7383909 +-        0.0450449        1.219       0 [   42]      (   0)        1094450

       105         110   0.25            NNLO.QT-CS.42.CT2.QCD          11.3901526 +-        0.0350921
--------------------------------------------------------------------------------------------------------------------------------------------------------------
       105         110   0.25            ud~_epvebb~                    11.3901526 +-        0.0350921        1.099       0 [   42]      (   0)        1094450

       105         110   0.5             NNLO.QT-CS.42.CT2.QCD         -9.90312349 +-       0.02543593
--------------------------------------------------------------------------------------------------------------------------------------------------------------
       105         110   0.5             ud~_epvebb~                   -9.90312349 +-       0.02543593        1.239       0 [   42]      (   0)        1094450

==============================================================================================================================================================

       110         115   0.01            NNLO.QT-CS.42.CT2.QCD          275.893908 +-         0.417984
--------------------------------------------------------------------------------------------------------------------------------------------------------------
       110         115   0.01            ud~_epvebb~                    275.893908 +-         0.417984       0.8969       0 [   42]      (   0)         942556

       110         115   0.05            NNLO.QT-CS.42.CT2.QCD          97.4246500 +-        0.1554075
--------------------------------------------------------------------------------------------------------------------------------------------------------------
       110         115   0.05            ud~_epvebb~                    97.4246500 +-        0.1554075       0.9385       0 [   42]      (   0)         942556

       110         115   0.1             NNLO.QT-CS.42.CT2.QCD          50.7413806 +-        0.0874480
--------------------------------------------------------------------------------------------------------------------------------------------------------------
       110         115   0.1             ud~_epvebb~                    50.7413806 +-        0.0874480       0.9961       0 [   42]      (   0)         942556

       110         115   0.15            NNLO.QT-CS.42.CT2.QCD          30.0711119 +-        0.0583264
--------------------------------------------------------------------------------------------------------------------------------------------------------------
       110         115   0.15            ud~_epvebb~                    30.0711119 +-        0.0583264        1.069       0 [   42]      (   0)         942556

       110         115   0.2             NNLO.QT-CS.42.CT2.QCD          18.0037360 +-        0.0424107
--------------------------------------------------------------------------------------------------------------------------------------------------------------
       110         115   0.2             ud~_epvebb~                    18.0037360 +-        0.0424107        1.159       0 [   42]      (   0)         942556

       110         115   0.25            NNLO.QT-CS.42.CT2.QCD          9.99531671 +-       0.03305457
--------------------------------------------------------------------------------------------------------------------------------------------------------------
       110         115   0.25            ud~_epvebb~                    9.99531671 +-       0.03305457        1.257       0 [   42]      (   0)         942556

       110         115   0.5             NNLO.QT-CS.42.CT2.QCD         -8.27350301 +-       0.02361536
--------------------------------------------------------------------------------------------------------------------------------------------------------------
       110         115   0.5             ud~_epvebb~                   -8.27350301 +-       0.02361536        1.268       0 [   42]      (   0)         942556

==============================================================================================================================================================

       115         120   0.01            NNLO.QT-CS.42.CT2.QCD          236.585734 +-         0.389595
--------------------------------------------------------------------------------------------------------------------------------------------------------------
       115         120   0.01            ud~_epvebb~                    236.585734 +-         0.389595       0.8550       0 [   42]      (   0)         814615

       115         120   0.05            NNLO.QT-CS.42.CT2.QCD          83.7006704 +-        0.1450966
--------------------------------------------------------------------------------------------------------------------------------------------------------------
       115         120   0.05            ud~_epvebb~                    83.7006704 +-        0.1450966       0.9512       0 [   42]      (   0)         814615

       115         120   0.1             NNLO.QT-CS.42.CT2.QCD          43.6618535 +-        0.0818650
--------------------------------------------------------------------------------------------------------------------------------------------------------------
       115         120   0.1             ud~_epvebb~                    43.6618535 +-        0.0818650        1.045       0 [   42]      (   0)         814615

       115         120   0.15            NNLO.QT-CS.42.CT2.QCD          25.9202716 +-        0.0548320
--------------------------------------------------------------------------------------------------------------------------------------------------------------
       115         120   0.15            ud~_epvebb~                    25.9202716 +-        0.0548320        1.135       0 [   42]      (   0)         814615

       115         120   0.2             NNLO.QT-CS.42.CT2.QCD          15.5567437 +-        0.0401156
--------------------------------------------------------------------------------------------------------------------------------------------------------------
       115         120   0.2             ud~_epvebb~                    15.5567437 +-        0.0401156        1.212       0 [   42]      (   0)         814615

       115         120   0.25            NNLO.QT-CS.42.CT2.QCD          8.67569355 +-       0.03151093
--------------------------------------------------------------------------------------------------------------------------------------------------------------
       115         120   0.25            ud~_epvebb~                    8.67569355 +-       0.03151093        1.251       0 [   42]      (   0)         814615

       115         120   0.5             NNLO.QT-CS.42.CT2.QCD         -7.03798416 +-       0.02283488
--------------------------------------------------------------------------------------------------------------------------------------------------------------
       115         120   0.5             ud~_epvebb~                   -7.03798416 +-       0.02283488       0.7709       0 [   42]      (   0)         814615

==============================================================================================================================================================

       120         125   0.01            NNLO.QT-CS.42.CT2.QCD          204.079440 +-         0.363972
--------------------------------------------------------------------------------------------------------------------------------------------------------------
       120         125   0.01            ud~_epvebb~                    204.079440 +-         0.363972        1.423       0 [   42]      (   0)         707230

       120         125   0.05            NNLO.QT-CS.42.CT2.QCD          72.4335144 +-        0.1361730
--------------------------------------------------------------------------------------------------------------------------------------------------------------
       120         125   0.05            ud~_epvebb~                    72.4335144 +-        0.1361730        1.449       0 [   42]      (   0)         707230

       120         125   0.1             NNLO.QT-CS.42.CT2.QCD          37.9052087 +-        0.0769611
--------------------------------------------------------------------------------------------------------------------------------------------------------------
       120         125   0.1             ud~_epvebb~                    37.9052087 +-        0.0769611        1.454       0 [   42]      (   0)         707230

       120         125   0.15            NNLO.QT-CS.42.CT2.QCD          22.5904721 +-        0.0514779
--------------------------------------------------------------------------------------------------------------------------------------------------------------
       120         125   0.15            ud~_epvebb~                    22.5904721 +-        0.0514779        1.433       0 [   42]      (   0)         707230

       120         125   0.2             NNLO.QT-CS.42.CT2.QCD          13.6377736 +-        0.0374636
--------------------------------------------------------------------------------------------------------------------------------------------------------------
       120         125   0.2             ud~_epvebb~                    13.6377736 +-        0.0374636        1.374       0 [   42]      (   0)         707230

       120         125   0.25            NNLO.QT-CS.42.CT2.QCD          7.68954326 +-       0.02913973
--------------------------------------------------------------------------------------------------------------------------------------------------------------
       120         125   0.25            ud~_epvebb~                    7.68954326 +-       0.02913973        1.268       0 [   42]      (   0)         707230

       120         125   0.5             NNLO.QT-CS.42.CT2.QCD         -5.91375845 +-       0.02023582
--------------------------------------------------------------------------------------------------------------------------------------------------------------
       120         125   0.5             ud~_epvebb~                   -5.91375845 +-       0.02023582       0.8547       0 [   42]      (   0)         707230

==============================================================================================================================================================

       125         130   0.01            NNLO.QT-CS.42.CT2.QCD          176.989190 +-         0.340590
--------------------------------------------------------------------------------------------------------------------------------------------------------------
       125         130   0.01            ud~_epvebb~                    176.989190 +-         0.340590       0.6546       0 [   42]      (   0)         619431

       125         130   0.05            NNLO.QT-CS.42.CT2.QCD          62.9409331 +-        0.1279088
--------------------------------------------------------------------------------------------------------------------------------------------------------------
       125         130   0.05            ud~_epvebb~                    62.9409331 +-        0.1279088       0.6569       0 [   42]      (   0)         619431

       125         130   0.1             NNLO.QT-CS.42.CT2.QCD          32.9950594 +-        0.0725266
--------------------------------------------------------------------------------------------------------------------------------------------------------------
       125         130   0.1             ud~_epvebb~                    32.9950594 +-        0.0725266       0.6675       0 [   42]      (   0)         619431

       125         130   0.15            NNLO.QT-CS.42.CT2.QCD          19.7034799 +-        0.0486455
--------------------------------------------------------------------------------------------------------------------------------------------------------------
       125         130   0.15            ud~_epvebb~                    19.7034799 +-        0.0486455       0.6859       0 [   42]      (   0)         619431

       125         130   0.2             NNLO.QT-CS.42.CT2.QCD          11.9292911 +-        0.0354719
--------------------------------------------------------------------------------------------------------------------------------------------------------------
       125         130   0.2             ud~_epvebb~                    11.9292911 +-        0.0354719       0.7123       0 [   42]      (   0)         619431

       125         130   0.25            NNLO.QT-CS.42.CT2.QCD          6.76167164 +-       0.02760260
--------------------------------------------------------------------------------------------------------------------------------------------------------------
       125         130   0.25            ud~_epvebb~                    6.76167164 +-       0.02760260       0.7446       0 [   42]      (   0)         619431

       125         130   0.5             NNLO.QT-CS.42.CT2.QCD         -5.06832959 +-       0.01883180
--------------------------------------------------------------------------------------------------------------------------------------------------------------
       125         130   0.5             ud~_epvebb~                   -5.06832959 +-       0.01883180       0.8056       0 [   42]      (   0)         619431

==============================================================================================================================================================

       130         135   0.01            NNLO.QT-CS.42.CT2.QCD          154.403389 +-         0.322718
--------------------------------------------------------------------------------------------------------------------------------------------------------------
       130         135   0.01            ud~_epvebb~                    154.403389 +-         0.322718       0.8894       0 [   42]      (   0)         541495

       130         135   0.05            NNLO.QT-CS.42.CT2.QCD          55.0260502 +-        0.1216122
--------------------------------------------------------------------------------------------------------------------------------------------------------------
       130         135   0.05            ud~_epvebb~                    55.0260502 +-        0.1216122       0.8797       0 [   42]      (   0)         541495

       130         135   0.1             NNLO.QT-CS.42.CT2.QCD          28.8992737 +-        0.0695543
--------------------------------------------------------------------------------------------------------------------------------------------------------------
       130         135   0.1             ud~_epvebb~                    28.8992737 +-        0.0695543       0.8680       0 [   42]      (   0)         541495

       130         135   0.15            NNLO.QT-CS.42.CT2.QCD          17.2935345 +-        0.0473359
--------------------------------------------------------------------------------------------------------------------------------------------------------------
       130         135   0.15            ud~_epvebb~                    17.2935345 +-        0.0473359       0.8535       0 [   42]      (   0)         541495

       130         135   0.2             NNLO.QT-CS.42.CT2.QCD          10.5012410 +-        0.0352649
--------------------------------------------------------------------------------------------------------------------------------------------------------------
       130         135   0.2             ud~_epvebb~                    10.5012410 +-        0.0352649       0.8375       0 [   42]      (   0)         541495

       130         135   0.25            NNLO.QT-CS.42.CT2.QCD          5.98393504 +-       0.02819453
--------------------------------------------------------------------------------------------------------------------------------------------------------------
       130         135   0.25            ud~_epvebb~                    5.98393504 +-       0.02819453       0.8250       0 [   42]      (   0)         541495

       130         135   0.5             NNLO.QT-CS.42.CT2.QCD         -4.36904616 +-       0.02035005
--------------------------------------------------------------------------------------------------------------------------------------------------------------
       130         135   0.5             ud~_epvebb~                   -4.36904616 +-       0.02035005       0.8689       0 [   42]      (   0)         541495

==============================================================================================================================================================

       135         140   0.01            NNLO.QT-CS.42.CT2.QCD          134.881306 +-         0.302124
--------------------------------------------------------------------------------------------------------------------------------------------------------------
       135         140   0.01            ud~_epvebb~                    134.881306 +-         0.302124       0.9843       0 [   42]      (   0)         478128

       135         140   0.05            NNLO.QT-CS.42.CT2.QCD          48.1824774 +-        0.1140245
--------------------------------------------------------------------------------------------------------------------------------------------------------------
       135         140   0.05            ud~_epvebb~                    48.1824774 +-        0.1140245       0.9936       0 [   42]      (   0)         478128

       135         140   0.1             NNLO.QT-CS.42.CT2.QCD          25.3603316 +-        0.0649637
--------------------------------------------------------------------------------------------------------------------------------------------------------------
       135         140   0.1             ud~_epvebb~                    25.3603316 +-        0.0649637        1.004       0 [   42]      (   0)         478128

       135         140   0.15            NNLO.QT-CS.42.CT2.QCD          15.2144522 +-        0.0438065
--------------------------------------------------------------------------------------------------------------------------------------------------------------
       135         140   0.15            ud~_epvebb~                    15.2144522 +-        0.0438065        1.014       0 [   42]      (   0)         478128

       135         140   0.2             NNLO.QT-CS.42.CT2.QCD          9.27291439 +-       0.03214235
--------------------------------------------------------------------------------------------------------------------------------------------------------------
       135         140   0.2             ud~_epvebb~                    9.27291439 +-       0.03214235        1.021       0 [   42]      (   0)         478128

       135         140   0.25            NNLO.QT-CS.42.CT2.QCD          5.31933219 +-       0.02517650
--------------------------------------------------------------------------------------------------------------------------------------------------------------
       135         140   0.25            ud~_epvebb~                    5.31933219 +-       0.02517650        1.025       0 [   42]      (   0)         478128

       135         140   0.5             NNLO.QT-CS.42.CT2.QCD         -3.75206269 +-       0.01723465
--------------------------------------------------------------------------------------------------------------------------------------------------------------
       135         140   0.5             ud~_epvebb~                   -3.75206269 +-       0.01723465        1.027       0 [   42]      (   0)         478128

==============================================================================================================================================================

       140         145   0.01            NNLO.QT-CS.42.CT2.QCD          118.320947 +-         0.286626
--------------------------------------------------------------------------------------------------------------------------------------------------------------
       140         145   0.01            ud~_epvebb~                    118.320947 +-         0.286626        1.187       0 [   42]      (   0)         421199

       140         145   0.05            NNLO.QT-CS.42.CT2.QCD          42.3770949 +-        0.1085502
--------------------------------------------------------------------------------------------------------------------------------------------------------------
       140         145   0.05            ud~_epvebb~                    42.3770949 +-        0.1085502        1.207       0 [   42]      (   0)         421199

       140         145   0.1             NNLO.QT-CS.42.CT2.QCD          22.3614760 +-        0.0619818
--------------------------------------------------------------------------------------------------------------------------------------------------------------
       140         145   0.1             ud~_epvebb~                    22.3614760 +-        0.0619818        1.235       0 [   42]      (   0)         421199

       140         145   0.15            NNLO.QT-CS.42.CT2.QCD          13.4562199 +-        0.0418404
--------------------------------------------------------------------------------------------------------------------------------------------------------------
       140         145   0.15            ud~_epvebb~                    13.4562199 +-        0.0418404        1.268       0 [   42]      (   0)         421199

       140         145   0.2             NNLO.QT-CS.42.CT2.QCD          8.23800295 +-       0.03068868
--------------------------------------------------------------------------------------------------------------------------------------------------------------
       140         145   0.2             ud~_epvebb~                    8.23800295 +-       0.03068868        1.304       0 [   42]      (   0)         421199

       140         145   0.25            NNLO.QT-CS.42.CT2.QCD          4.76387845 +-       0.02398336
--------------------------------------------------------------------------------------------------------------------------------------------------------------
       140         145   0.25            ud~_epvebb~                    4.76387845 +-       0.02398336        1.339       0 [   42]      (   0)         421199

       140         145   0.5             NNLO.QT-CS.42.CT2.QCD         -3.21674795 +-       0.01608261
--------------------------------------------------------------------------------------------------------------------------------------------------------------
       140         145   0.5             ud~_epvebb~                   -3.21674795 +-       0.01608261        1.414       0 [   42]      (   0)         421199

==============================================================================================================================================================

       145         150   0.01            NNLO.QT-CS.42.CT2.QCD          103.874262 +-         0.275771
--------------------------------------------------------------------------------------------------------------------------------------------------------------
       145         150   0.01            ud~_epvebb~                    103.874262 +-         0.275771        1.200       0 [   42]      (   0)         371331

       145         150   0.05            NNLO.QT-CS.42.CT2.QCD          37.2602811 +-        0.1032336
--------------------------------------------------------------------------------------------------------------------------------------------------------------
       145         150   0.05            ud~_epvebb~                    37.2602811 +-        0.1032336        1.131       0 [   42]      (   0)         371331

       145         150   0.1             NNLO.QT-CS.42.CT2.QCD          19.6859989 +-        0.0590227
--------------------------------------------------------------------------------------------------------------------------------------------------------------
       145         150   0.1             ud~_epvebb~                    19.6859989 +-        0.0590227        1.067       0 [   42]      (   0)         371331

       145         150   0.15            NNLO.QT-CS.42.CT2.QCD          11.8620379 +-        0.0405518
--------------------------------------------------------------------------------------------------------------------------------------------------------------
       145         150   0.15            ud~_epvebb~                    11.8620379 +-        0.0405518        1.018       0 [   42]      (   0)         371331

       145         150   0.2             NNLO.QT-CS.42.CT2.QCD          7.27525746 +-       0.03087413
--------------------------------------------------------------------------------------------------------------------------------------------------------------
       145         150   0.2             ud~_epvebb~                    7.27525746 +-       0.03087413       0.9595       0 [   42]      (   0)         371331

       145         150   0.25            NNLO.QT-CS.42.CT2.QCD          4.22029111 +-       0.02551160
--------------------------------------------------------------------------------------------------------------------------------------------------------------
       145         150   0.25            ud~_epvebb~                    4.22029111 +-       0.02551160       0.9102       0 [   42]      (   0)         371331

       145         150   0.5             NNLO.QT-CS.42.CT2.QCD         -2.80351322 +-       0.02069700
--------------------------------------------------------------------------------------------------------------------------------------------------------------
       145         150   0.5             ud~_epvebb~                   -2.80351322 +-       0.02069700        1.226       0 [   42]      (   0)         371331

==============================================================================================================================================================

       150         155   0.01            NNLO.QT-CS.42.CT2.QCD          92.0409247 +-        0.2567603
--------------------------------------------------------------------------------------------------------------------------------------------------------------
       150         155   0.01            ud~_epvebb~                    92.0409247 +-        0.2567603       0.8434       0 [   42]      (   0)         330131

       150         155   0.05            NNLO.QT-CS.42.CT2.QCD          33.0800869 +-        0.0976294
--------------------------------------------------------------------------------------------------------------------------------------------------------------
       150         155   0.05            ud~_epvebb~                    33.0800869 +-        0.0976294       0.8749       0 [   42]      (   0)         330131

       150         155   0.1             NNLO.QT-CS.42.CT2.QCD          17.5090766 +-        0.0559521
--------------------------------------------------------------------------------------------------------------------------------------------------------------
       150         155   0.1             ud~_epvebb~                    17.5090766 +-        0.0559521       0.9018       0 [   42]      (   0)         330131

       150         155   0.15            NNLO.QT-CS.42.CT2.QCD          10.5724806 +-        0.0379166
--------------------------------------------------------------------------------------------------------------------------------------------------------------
       150         155   0.15            ud~_epvebb~                    10.5724806 +-        0.0379166       0.9199       0 [   42]      (   0)         330131

       150         155   0.2             NNLO.QT-CS.42.CT2.QCD          6.50390074 +-       0.02792764
--------------------------------------------------------------------------------------------------------------------------------------------------------------
       150         155   0.2             ud~_epvebb~                    6.50390074 +-       0.02792764       0.9277       0 [   42]      (   0)         330131

       150         155   0.25            NNLO.QT-CS.42.CT2.QCD          3.79291820 +-       0.02191527
--------------------------------------------------------------------------------------------------------------------------------------------------------------
       150         155   0.25            ud~_epvebb~                    3.79291820 +-       0.02191527       0.9231       0 [   42]      (   0)         330131

       150         155   0.5             NNLO.QT-CS.42.CT2.QCD         -2.44580225 +-       0.01468310
--------------------------------------------------------------------------------------------------------------------------------------------------------------
       150         155   0.5             ud~_epvebb~                   -2.44580225 +-       0.01468310       0.7548       0 [   42]      (   0)         330131

==============================================================================================================================================================

       155         160   0.01            NNLO.QT-CS.42.CT2.QCD          81.0676274 +-        0.2404255
--------------------------------------------------------------------------------------------------------------------------------------------------------------
       155         160   0.01            ud~_epvebb~                    81.0676274 +-        0.2404255       0.7485       0 [   42]      (   0)         293801

       155         160   0.05            NNLO.QT-CS.42.CT2.QCD          29.1983975 +-        0.0918219
--------------------------------------------------------------------------------------------------------------------------------------------------------------
       155         160   0.05            ud~_epvebb~                    29.1983975 +-        0.0918219       0.7392       0 [   42]      (   0)         293801

       155         160   0.1             NNLO.QT-CS.42.CT2.QCD          15.4855955 +-        0.0527486
--------------------------------------------------------------------------------------------------------------------------------------------------------------
       155         160   0.1             ud~_epvebb~                    15.4855955 +-        0.0527486       0.7332       0 [   42]      (   0)         293801

       155         160   0.15            NNLO.QT-CS.42.CT2.QCD          9.37262567 +-       0.03575203
--------------------------------------------------------------------------------------------------------------------------------------------------------------
       155         160   0.15            ud~_epvebb~                    9.37262567 +-       0.03575203       0.7306       0 [   42]      (   0)         293801

       155         160   0.2             NNLO.QT-CS.42.CT2.QCD          5.78524989 +-       0.02626377
--------------------------------------------------------------------------------------------------------------------------------------------------------------
       155         160   0.2             ud~_epvebb~                    5.78524989 +-       0.02626377       0.7334       0 [   42]      (   0)         293801

       155         160   0.25            NNLO.QT-CS.42.CT2.QCD          3.39381921 +-       0.02048155
--------------------------------------------------------------------------------------------------------------------------------------------------------------
       155         160   0.25            ud~_epvebb~                    3.39381921 +-       0.02048155       0.7442       0 [   42]      (   0)         293801

       155         160   0.5             NNLO.QT-CS.42.CT2.QCD         -2.11497191 +-       0.01314475
--------------------------------------------------------------------------------------------------------------------------------------------------------------
       155         160   0.5             ud~_epvebb~                   -2.11497191 +-       0.01314475       0.8234       0 [   42]      (   0)         293801

==============================================================================================================================================================

       160         165   0.01            NNLO.QT-CS.42.CT2.QCD          72.6041196 +-        0.2299319
--------------------------------------------------------------------------------------------------------------------------------------------------------------
       160         165   0.01            ud~_epvebb~                    72.6041196 +-        0.2299319        1.024       0 [   42]      (   0)         263506

       160         165   0.05            NNLO.QT-CS.42.CT2.QCD          26.2090595 +-        0.0879639
--------------------------------------------------------------------------------------------------------------------------------------------------------------
       160         165   0.05            ud~_epvebb~                    26.2090595 +-        0.0879639       0.9609       0 [   42]      (   0)         263506

       160         165   0.1             NNLO.QT-CS.42.CT2.QCD          13.9297759 +-        0.0505900
--------------------------------------------------------------------------------------------------------------------------------------------------------------
       160         165   0.1             ud~_epvebb~                    13.9297759 +-        0.0505900       0.9058       0 [   42]      (   0)         263506

       160         165   0.15            NNLO.QT-CS.42.CT2.QCD          8.45195131 +-       0.03431517
--------------------------------------------------------------------------------------------------------------------------------------------------------------
       160         165   0.15            ud~_epvebb~                    8.45195131 +-       0.03431517       0.8589       0 [   42]      (   0)         263506

       160         165   0.2             NNLO.QT-CS.42.CT2.QCD          5.23555106 +-       0.02521723
--------------------------------------------------------------------------------------------------------------------------------------------------------------
       160         165   0.2             ud~_epvebb~                    5.23555106 +-       0.02521723       0.8227       0 [   42]      (   0)         263506

       160         165   0.25            NNLO.QT-CS.42.CT2.QCD          3.09041086 +-       0.01966115
--------------------------------------------------------------------------------------------------------------------------------------------------------------
       160         165   0.25            ud~_epvebb~                    3.09041086 +-       0.01966115       0.8070       0 [   42]      (   0)         263506

       160         165   0.5             NNLO.QT-CS.42.CT2.QCD         -1.85610711 +-       0.01253275
--------------------------------------------------------------------------------------------------------------------------------------------------------------
       160         165   0.5             ud~_epvebb~                   -1.85610711 +-       0.01253275        1.157       0 [   42]      (   0)         263506

==============================================================================================================================================================

       165         170   0.01            NNLO.QT-CS.42.CT2.QCD          64.7955851 +-        0.2195345
--------------------------------------------------------------------------------------------------------------------------------------------------------------
       165         170   0.01            ud~_epvebb~                    64.7955851 +-        0.2195345        1.047       0 [   42]      (   0)         236119

       165         170   0.05            NNLO.QT-CS.42.CT2.QCD          23.4005808 +-        0.0840659
--------------------------------------------------------------------------------------------------------------------------------------------------------------
       165         170   0.05            ud~_epvebb~                    23.4005808 +-        0.0840659       0.9821       0 [   42]      (   0)         236119

       165         170   0.1             NNLO.QT-CS.42.CT2.QCD          12.4370940 +-        0.0483899
--------------------------------------------------------------------------------------------------------------------------------------------------------------
       165         170   0.1             ud~_epvebb~                    12.4370940 +-        0.0483899       0.9307       0 [   42]      (   0)         236119

       165         170   0.15            NNLO.QT-CS.42.CT2.QCD          7.54426354 +-       0.03285964
--------------------------------------------------------------------------------------------------------------------------------------------------------------
       165         170   0.15            ud~_epvebb~                    7.54426354 +-       0.03285964       0.8898       0 [   42]      (   0)         236119

       165         170   0.2             NNLO.QT-CS.42.CT2.QCD          4.67050548 +-       0.02418603
--------------------------------------------------------------------------------------------------------------------------------------------------------------
       165         170   0.2             ud~_epvebb~                    4.67050548 +-       0.02418603       0.8580       0 [   42]      (   0)         236119

       165         170   0.25            NNLO.QT-CS.42.CT2.QCD          2.75342046 +-       0.01889748
--------------------------------------------------------------------------------------------------------------------------------------------------------------
       165         170   0.25            ud~_epvebb~                    2.75342046 +-       0.01889748       0.8387       0 [   42]      (   0)         236119

       165         170   0.5             NNLO.QT-CS.42.CT2.QCD         -1.66939389 +-       0.01214117
--------------------------------------------------------------------------------------------------------------------------------------------------------------
       165         170   0.5             ud~_epvebb~                   -1.66939389 +-       0.01214117        1.170       0 [   42]      (   0)         236119

==============================================================================================================================================================

       170         175   0.01            NNLO.QT-CS.42.CT2.QCD          57.6071423 +-        0.2094889
--------------------------------------------------------------------------------------------------------------------------------------------------------------
       170         175   0.01            ud~_epvebb~                    57.6071423 +-        0.2094889       0.7998       0 [   42]      (   0)         211234

       170         175   0.05            NNLO.QT-CS.42.CT2.QCD          20.8369265 +-        0.0803477
--------------------------------------------------------------------------------------------------------------------------------------------------------------
       170         175   0.05            ud~_epvebb~                    20.8369265 +-        0.0803477       0.8549       0 [   42]      (   0)         211234

       170         175   0.1             NNLO.QT-CS.42.CT2.QCD          11.0901644 +-        0.0463698
--------------------------------------------------------------------------------------------------------------------------------------------------------------
       170         175   0.1             ud~_epvebb~                    11.0901644 +-        0.0463698       0.9095       0 [   42]      (   0)         211234

       170         175   0.15            NNLO.QT-CS.42.CT2.QCD          6.73803613 +-       0.03161049
--------------------------------------------------------------------------------------------------------------------------------------------------------------
       170         175   0.15            ud~_epvebb~                    6.73803613 +-       0.03161049       0.9586       0 [   42]      (   0)         211234

       170         175   0.2             NNLO.QT-CS.42.CT2.QCD          4.18082114 +-       0.02339540
--------------------------------------------------------------------------------------------------------------------------------------------------------------
       170         175   0.2             ud~_epvebb~                    4.18082114 +-       0.02339540       0.9985       0 [   42]      (   0)         211234

       170         175   0.25            NNLO.QT-CS.42.CT2.QCD          2.47431010 +-       0.01840925
--------------------------------------------------------------------------------------------------------------------------------------------------------------
       170         175   0.25            ud~_epvebb~                    2.47431010 +-       0.01840925        1.023       0 [   42]      (   0)         211234

       170         175   0.5             NNLO.QT-CS.42.CT2.QCD         -1.46565217 +-       0.01205586
--------------------------------------------------------------------------------------------------------------------------------------------------------------
       170         175   0.5             ud~_epvebb~                   -1.46565217 +-       0.01205586       0.9239       0 [   42]      (   0)         211234

==============================================================================================================================================================

       175         180   0.01            NNLO.QT-CS.42.CT2.QCD          51.3828514 +-        0.1996394
--------------------------------------------------------------------------------------------------------------------------------------------------------------
       175         180   0.01            ud~_epvebb~                    51.3828514 +-        0.1996394       0.8356       0 [   42]      (   0)         189978

       175         180   0.05            NNLO.QT-CS.42.CT2.QCD          18.6144099 +-        0.0766337
--------------------------------------------------------------------------------------------------------------------------------------------------------------
       175         180   0.05            ud~_epvebb~                    18.6144099 +-        0.0766337       0.8246       0 [   42]      (   0)         189978

       175         180   0.1             NNLO.QT-CS.42.CT2.QCD          9.92090553 +-       0.04440923
--------------------------------------------------------------------------------------------------------------------------------------------------------------
       175         180   0.1             ud~_epvebb~                    9.92090553 +-       0.04440923       0.8228       0 [   42]      (   0)         189978

       175         180   0.15            NNLO.QT-CS.42.CT2.QCD          6.03696560 +-       0.03053067
--------------------------------------------------------------------------------------------------------------------------------------------------------------
       175         180   0.15            ud~_epvebb~                    6.03696560 +-       0.03053067       0.8377       0 [   42]      (   0)         189978

       175         180   0.2             NNLO.QT-CS.42.CT2.QCD          3.75390148 +-       0.02290990
--------------------------------------------------------------------------------------------------------------------------------------------------------------
       175         180   0.2             ud~_epvebb~                    3.75390148 +-       0.02290990       0.8642       0 [   42]      (   0)         189978

       175         180   0.25            NNLO.QT-CS.42.CT2.QCD          2.22979879 +-       0.01837309
--------------------------------------------------------------------------------------------------------------------------------------------------------------
       175         180   0.25            ud~_epvebb~                    2.22979879 +-       0.01837309       0.9007       0 [   42]      (   0)         189978

       175         180   0.5             NNLO.QT-CS.42.CT2.QCD         -1.29171587 +-       0.01285787
--------------------------------------------------------------------------------------------------------------------------------------------------------------
       175         180   0.5             ud~_epvebb~                   -1.29171587 +-       0.01285787        1.142       0 [   42]      (   0)         189978

==============================================================================================================================================================

       180         185   0.01            NNLO.QT-CS.42.CT2.QCD          46.4728112 +-        0.1897648
--------------------------------------------------------------------------------------------------------------------------------------------------------------
       180         185   0.01            ud~_epvebb~                    46.4728112 +-        0.1897648        1.330       0 [   42]      (   0)         172058

       180         185   0.05            NNLO.QT-CS.42.CT2.QCD          16.8504347 +-        0.0729485
--------------------------------------------------------------------------------------------------------------------------------------------------------------
       180         185   0.05            ud~_epvebb~                    16.8504347 +-        0.0729485        1.337       0 [   42]      (   0)         172058

       180         185   0.1             NNLO.QT-CS.42.CT2.QCD          8.98672063 +-       0.04226895
--------------------------------------------------------------------------------------------------------------------------------------------------------------
       180         185   0.1             ud~_epvebb~                    8.98672063 +-       0.04226895        1.329       0 [   42]      (   0)         172058

       180         185   0.15            NNLO.QT-CS.42.CT2.QCD          5.47216229 +-       0.02898923
--------------------------------------------------------------------------------------------------------------------------------------------------------------
       180         185   0.15            ud~_epvebb~                    5.47216229 +-       0.02898923        1.295       0 [   42]      (   0)         172058

       180         185   0.2             NNLO.QT-CS.42.CT2.QCD          3.40563863 +-       0.02163641
--------------------------------------------------------------------------------------------------------------------------------------------------------------
       180         185   0.2             ud~_epvebb~                    3.40563863 +-       0.02163641        1.234       0 [   42]      (   0)         172058

       180         185   0.25            NNLO.QT-CS.42.CT2.QCD          2.02575825 +-       0.01720335
--------------------------------------------------------------------------------------------------------------------------------------------------------------
       180         185   0.25            ud~_epvebb~                    2.02575825 +-       0.01720335        1.158       0 [   42]      (   0)         172058

       180         185   0.5             NNLO.QT-CS.42.CT2.QCD         -1.16415132 +-       0.01156326
--------------------------------------------------------------------------------------------------------------------------------------------------------------
       180         185   0.5             ud~_epvebb~                   -1.16415132 +-       0.01156326        1.020       0 [   42]      (   0)         172058

==============================================================================================================================================================

       185         190   0.01            NNLO.QT-CS.42.CT2.QCD          42.2161805 +-        0.1855039
--------------------------------------------------------------------------------------------------------------------------------------------------------------
       185         190   0.01            ud~_epvebb~                    42.2161805 +-        0.1855039       0.7205       0 [   42]      (   0)         154964

       185         190   0.05            NNLO.QT-CS.42.CT2.QCD          15.3711195 +-        0.0718441
--------------------------------------------------------------------------------------------------------------------------------------------------------------
       185         190   0.05            ud~_epvebb~                    15.3711195 +-        0.0718441       0.7045       0 [   42]      (   0)         154964

       185         190   0.1             NNLO.QT-CS.42.CT2.QCD          8.23406801 +-       0.04168570
--------------------------------------------------------------------------------------------------------------------------------------------------------------
       185         190   0.1             ud~_epvebb~                    8.23406801 +-       0.04168570       0.6983       0 [   42]      (   0)         154964

       185         190   0.15            NNLO.QT-CS.42.CT2.QCD          5.04112559 +-       0.02845208
--------------------------------------------------------------------------------------------------------------------------------------------------------------
       185         190   0.15            ud~_epvebb~                    5.04112559 +-       0.02845208       0.6999       0 [   42]      (   0)         154964

       185         190   0.2             NNLO.QT-CS.42.CT2.QCD          3.16224669 +-       0.02097734
--------------------------------------------------------------------------------------------------------------------------------------------------------------
       185         190   0.2             ud~_epvebb~                    3.16224669 +-       0.02097734       0.7086       0 [   42]      (   0)         154964

       185         190   0.25            NNLO.QT-CS.42.CT2.QCD          1.90680432 +-       0.01633774
--------------------------------------------------------------------------------------------------------------------------------------------------------------
       185         190   0.25            ud~_epvebb~                    1.90680432 +-       0.01633774       0.7233       0 [   42]      (   0)         154964

       185         190   0.5             NNLO.QT-CS.42.CT2.QCD         -0.99988112 +-       0.00982481
--------------------------------------------------------------------------------------------------------------------------------------------------------------
       185         190   0.5             ud~_epvebb~                   -0.99988112 +-       0.00982481       0.8550       0 [   42]      (   0)         154964

==============================================================================================================================================================

       190         195   0.01            NNLO.QT-CS.42.CT2.QCD          37.9396180 +-        0.1747045
--------------------------------------------------------------------------------------------------------------------------------------------------------------
       190         195   0.01            ud~_epvebb~                    37.9396180 +-        0.1747045       0.9004       0 [   42]      (   0)         140348

       190         195   0.05            NNLO.QT-CS.42.CT2.QCD          13.8228610 +-        0.0676054
--------------------------------------------------------------------------------------------------------------------------------------------------------------
       190         195   0.05            ud~_epvebb~                    13.8228610 +-        0.0676054       0.9510       0 [   42]      (   0)         140348

       190         195   0.1             NNLO.QT-CS.42.CT2.QCD          7.40727893 +-       0.03923108
--------------------------------------------------------------------------------------------------------------------------------------------------------------
       190         195   0.1             ud~_epvebb~                    7.40727893 +-       0.03923108        1.010       0 [   42]      (   0)         140348

       190         195   0.15            NNLO.QT-CS.42.CT2.QCD          4.53605968 +-       0.02680587
--------------------------------------------------------------------------------------------------------------------------------------------------------------
       190         195   0.15            ud~_epvebb~                    4.53605968 +-       0.02680587        1.072       0 [   42]      (   0)         140348

       190         195   0.2             NNLO.QT-CS.42.CT2.QCD          2.84604454 +-       0.01980857
--------------------------------------------------------------------------------------------------------------------------------------------------------------
       190         195   0.2             ud~_epvebb~                    2.84604454 +-       0.01980857        1.130       0 [   42]      (   0)         140348

       190         195   0.25            NNLO.QT-CS.42.CT2.QCD          1.71654544 +-       0.01548394
--------------------------------------------------------------------------------------------------------------------------------------------------------------
       190         195   0.25            ud~_epvebb~                    1.71654544 +-       0.01548394        1.171       0 [   42]      (   0)         140348

       190         195   0.5             NNLO.QT-CS.42.CT2.QCD         -0.89975870 +-       0.00949349
--------------------------------------------------------------------------------------------------------------------------------------------------------------
       190         195   0.5             ud~_epvebb~                   -0.89975870 +-       0.00949349        1.095       0 [   42]      (   0)         140348

==============================================================================================================================================================

       195         200   0.01            NNLO.QT-CS.42.CT2.QCD          33.7722988 +-        0.1656253
--------------------------------------------------------------------------------------------------------------------------------------------------------------
       195         200   0.01            ud~_epvebb~                    33.7722988 +-        0.1656253        1.089       0 [   42]      (   0)         127035

       195         200   0.05            NNLO.QT-CS.42.CT2.QCD          12.2970101 +-        0.0639067
--------------------------------------------------------------------------------------------------------------------------------------------------------------
       195         200   0.05            ud~_epvebb~                    12.2970101 +-        0.0639067        1.167       0 [   42]      (   0)         127035

       195         200   0.1             NNLO.QT-CS.42.CT2.QCD          6.58272666 +-       0.03706297
--------------------------------------------------------------------------------------------------------------------------------------------------------------
       195         200   0.1             ud~_epvebb~                    6.58272666 +-       0.03706297        1.242       0 [   42]      (   0)         127035

       195         200   0.15            NNLO.QT-CS.42.CT2.QCD          4.02507121 +-       0.02538715
--------------------------------------------------------------------------------------------------------------------------------------------------------------
       195         200   0.15            ud~_epvebb~                    4.02507121 +-       0.02538715        1.311       0 [   42]      (   0)         127035

       195         200   0.2             NNLO.QT-CS.42.CT2.QCD          2.51951870 +-       0.01888293
--------------------------------------------------------------------------------------------------------------------------------------------------------------
       195         200   0.2             ud~_epvebb~                    2.51951870 +-       0.01888293        1.369       0 [   42]      (   0)         127035

       195         200   0.25            NNLO.QT-CS.42.CT2.QCD          1.51325676 +-       0.01492985
--------------------------------------------------------------------------------------------------------------------------------------------------------------
       195         200   0.25            ud~_epvebb~                    1.51325676 +-       0.01492985        1.403       0 [   42]      (   0)         127035

       195         200   0.5             NNLO.QT-CS.42.CT2.QCD         -0.81771801 +-       0.00979376
--------------------------------------------------------------------------------------------------------------------------------------------------------------
       195         200   0.5             ud~_epvebb~                   -0.81771801 +-       0.00979376        1.093       0 [   42]      (   0)         127035

==============================================================================================================================================================

       200         205   0.01            NNLO.QT-CS.42.CT2.QCD          31.2954264 +-        0.1624395
--------------------------------------------------------------------------------------------------------------------------------------------------------------
       200         205   0.01            ud~_epvebb~                    31.2954264 +-        0.1624395       0.8702       0 [   42]      (   0)         115744

       200         205   0.05            NNLO.QT-CS.42.CT2.QCD          11.4591166 +-        0.0633289
--------------------------------------------------------------------------------------------------------------------------------------------------------------
       200         205   0.05            ud~_epvebb~                    11.4591166 +-        0.0633289       0.8663       0 [   42]      (   0)         115744

       200         205   0.1             NNLO.QT-CS.42.CT2.QCD          6.17088265 +-       0.03692045
--------------------------------------------------------------------------------------------------------------------------------------------------------------
       200         205   0.1             ud~_epvebb~                    6.17088265 +-       0.03692045       0.8673       0 [   42]      (   0)         115744

       200         205   0.15            NNLO.QT-CS.42.CT2.QCD          3.80090823 +-       0.02528188
--------------------------------------------------------------------------------------------------------------------------------------------------------------
       200         205   0.15            ud~_epvebb~                    3.80090823 +-       0.02528188       0.8766       0 [   42]      (   0)         115744

       200         205   0.2             NNLO.QT-CS.42.CT2.QCD          2.40442892 +-       0.01866832
--------------------------------------------------------------------------------------------------------------------------------------------------------------
       200         205   0.2             ud~_epvebb~                    2.40442892 +-       0.01866832       0.8971       0 [   42]      (   0)         115744

       200         205   0.25            NNLO.QT-CS.42.CT2.QCD          1.47024085 +-       0.01452426
--------------------------------------------------------------------------------------------------------------------------------------------------------------
       200         205   0.25            ud~_epvebb~                    1.47024085 +-       0.01452426       0.9296       0 [   42]      (   0)         115744

       200         205   0.5             NNLO.QT-CS.42.CT2.QCD         -0.69808336 +-       0.00839805
--------------------------------------------------------------------------------------------------------------------------------------------------------------
       200         205   0.5             ud~_epvebb~                   -0.69808336 +-       0.00839805        1.028       0 [   42]      (   0)         115744

==============================================================================================================================================================

       205         210   0.01            NNLO.QT-CS.42.CT2.QCD          28.1948559 +-        0.1571408
--------------------------------------------------------------------------------------------------------------------------------------------------------------
       205         210   0.01            ud~_epvebb~                    28.1948559 +-        0.1571408       0.7831       0 [   42]      (   0)         104907

       205         210   0.05            NNLO.QT-CS.42.CT2.QCD          10.2934595 +-        0.0609256
--------------------------------------------------------------------------------------------------------------------------------------------------------------
       205         210   0.05            ud~_epvebb~                    10.2934595 +-        0.0609256       0.8685       0 [   42]      (   0)         104907

       205         210   0.1             NNLO.QT-CS.42.CT2.QCD          5.52311899 +-       0.03558324
--------------------------------------------------------------------------------------------------------------------------------------------------------------
       205         210   0.1             ud~_epvebb~                    5.52311899 +-       0.03558324       0.9483       0 [   42]      (   0)         104907

       205         210   0.15            NNLO.QT-CS.42.CT2.QCD          3.38598877 +-       0.02459715
--------------------------------------------------------------------------------------------------------------------------------------------------------------
       205         210   0.15            ud~_epvebb~                    3.38598877 +-       0.02459715        1.002       0 [   42]      (   0)         104907

       205         210   0.2             NNLO.QT-CS.42.CT2.QCD          2.12709339 +-       0.01850329
--------------------------------------------------------------------------------------------------------------------------------------------------------------
       205         210   0.2             ud~_epvebb~                    2.12709339 +-       0.01850329        1.027       0 [   42]      (   0)         104907

       205         210   0.25            NNLO.QT-CS.42.CT2.QCD          1.28518424 +-       0.01481443
--------------------------------------------------------------------------------------------------------------------------------------------------------------
       205         210   0.25            ud~_epvebb~                    1.28518424 +-       0.01481443        1.029       0 [   42]      (   0)         104907

       205         210   0.5             NNLO.QT-CS.42.CT2.QCD         -0.66758394 +-       0.00990886
--------------------------------------------------------------------------------------------------------------------------------------------------------------
       205         210   0.5             ud~_epvebb~                   -0.66758394 +-       0.00990886       0.9503       0 [   42]      (   0)         104907

==============================================================================================================================================================

       210         215   0.01            NNLO.QT-CS.42.CT2.QCD          25.4478831 +-        0.1483608
--------------------------------------------------------------------------------------------------------------------------------------------------------------
       210         215   0.01            ud~_epvebb~                    25.4478831 +-        0.1483608        1.149       0 [   42]      (   0)          96070

       210         215   0.05            NNLO.QT-CS.42.CT2.QCD          9.31410902 +-       0.05767146
--------------------------------------------------------------------------------------------------------------------------------------------------------------
       210         215   0.05            ud~_epvebb~                    9.31410902 +-       0.05767146        1.114       0 [   42]      (   0)          96070

       210         215   0.1             NNLO.QT-CS.42.CT2.QCD          5.01008749 +-       0.03360925
--------------------------------------------------------------------------------------------------------------------------------------------------------------
       210         215   0.1             ud~_epvebb~                    5.01008749 +-       0.03360925        1.071       0 [   42]      (   0)          96070

       210         215   0.15            NNLO.QT-CS.42.CT2.QCD          3.08050906 +-       0.02307884
--------------------------------------------------------------------------------------------------------------------------------------------------------------
       210         215   0.15            ud~_epvebb~                    3.08050906 +-       0.02307884        1.023       0 [   42]      (   0)          96070

       210         215   0.2             NNLO.QT-CS.42.CT2.QCD          1.94325432 +-       0.01716074
--------------------------------------------------------------------------------------------------------------------------------------------------------------
       210         215   0.2             ud~_epvebb~                    1.94325432 +-       0.01716074       0.9711       0 [   42]      (   0)          96070

       210         215   0.25            NNLO.QT-CS.42.CT2.QCD          1.18233576 +-       0.01351453
--------------------------------------------------------------------------------------------------------------------------------------------------------------
       210         215   0.25            ud~_epvebb~                    1.18233576 +-       0.01351453       0.9106       0 [   42]      (   0)          96070

       210         215   0.5             NNLO.QT-CS.42.CT2.QCD         -0.58440198 +-       0.00846125
--------------------------------------------------------------------------------------------------------------------------------------------------------------
       210         215   0.5             ud~_epvebb~                   -0.58440198 +-       0.00846125       0.6958       0 [   42]      (   0)          96070

==============================================================================================================================================================

       215         220   0.01            NNLO.QT-CS.42.CT2.QCD          23.0643282 +-        0.1422644
--------------------------------------------------------------------------------------------------------------------------------------------------------------
       215         220   0.01            ud~_epvebb~                    23.0643282 +-        0.1422644        1.152       0 [   42]      (   0)          86838

       215         220   0.05            NNLO.QT-CS.42.CT2.QCD          8.45453224 +-       0.05552599
--------------------------------------------------------------------------------------------------------------------------------------------------------------
       215         220   0.05            ud~_epvebb~                    8.45453224 +-       0.05552599        1.185       0 [   42]      (   0)          86838

       215         220   0.1             NNLO.QT-CS.42.CT2.QCD          4.55436947 +-       0.03242635
--------------------------------------------------------------------------------------------------------------------------------------------------------------
       215         220   0.1             ud~_epvebb~                    4.55436947 +-       0.03242635        1.208       0 [   42]      (   0)          86838

       215         220   0.15            NNLO.QT-CS.42.CT2.QCD          2.80507780 +-       0.02226802
--------------------------------------------------------------------------------------------------------------------------------------------------------------
       215         220   0.15            ud~_epvebb~                    2.80507780 +-       0.02226802        1.226       0 [   42]      (   0)          86838

       215         220   0.2             NNLO.QT-CS.42.CT2.QCD          1.77373122 +-       0.01651796
--------------------------------------------------------------------------------------------------------------------------------------------------------------
       215         220   0.2             ud~_epvebb~                    1.77373122 +-       0.01651796        1.238       0 [   42]      (   0)          86838

       215         220   0.25            NNLO.QT-CS.42.CT2.QCD          1.08347260 +-       0.01293647
--------------------------------------------------------------------------------------------------------------------------------------------------------------
       215         220   0.25            ud~_epvebb~                    1.08347260 +-       0.01293647        1.239       0 [   42]      (   0)          86838

       215         220   0.5             NNLO.QT-CS.42.CT2.QCD         -0.52022183 +-       0.00773930
--------------------------------------------------------------------------------------------------------------------------------------------------------------
       215         220   0.5             ud~_epvebb~                   -0.52022183 +-       0.00773930       0.9856       0 [   42]      (   0)          86838

==============================================================================================================================================================

       220         225   0.01            NNLO.QT-CS.42.CT2.QCD          21.1337980 +-        0.1368473
--------------------------------------------------------------------------------------------------------------------------------------------------------------
       220         225   0.01            ud~_epvebb~                    21.1337980 +-        0.1368473        1.194       0 [   42]      (   0)          80251

       220         225   0.05            NNLO.QT-CS.42.CT2.QCD          7.74355795 +-       0.05341559
--------------------------------------------------------------------------------------------------------------------------------------------------------------
       220         225   0.05            ud~_epvebb~                    7.74355795 +-       0.05341559        1.254       0 [   42]      (   0)          80251

       220         225   0.1             NNLO.QT-CS.42.CT2.QCD          4.16856200 +-       0.03124361
--------------------------------------------------------------------------------------------------------------------------------------------------------------
       220         225   0.1             ud~_epvebb~                    4.16856200 +-       0.03124361        1.290       0 [   42]      (   0)          80251

       220         225   0.15            NNLO.QT-CS.42.CT2.QCD          2.56503027 +-       0.02151934
--------------------------------------------------------------------------------------------------------------------------------------------------------------
       220         225   0.15            ud~_epvebb~                    2.56503027 +-       0.02151934        1.297       0 [   42]      (   0)          80251

       220         225   0.2             NNLO.QT-CS.42.CT2.QCD          1.61959277 +-       0.01603483
--------------------------------------------------------------------------------------------------------------------------------------------------------------
       220         225   0.2             ud~_epvebb~                    1.61959277 +-       0.01603483        1.270       0 [   42]      (   0)          80251

       220         225   0.25            NNLO.QT-CS.42.CT2.QCD          0.98681944 +-       0.01263480
--------------------------------------------------------------------------------------------------------------------------------------------------------------
       220         225   0.25            ud~_epvebb~                    0.98681944 +-       0.01263480        1.215       0 [   42]      (   0)          80251

       220         225   0.5             NNLO.QT-CS.42.CT2.QCD         -0.48334413 +-       0.00773591
--------------------------------------------------------------------------------------------------------------------------------------------------------------
       220         225   0.5             ud~_epvebb~                   -0.48334413 +-       0.00773591       0.9398       0 [   42]      (   0)          80251

==============================================================================================================================================================

       225         230   0.01            NNLO.QT-CS.42.CT2.QCD          19.1667270 +-        0.1315248
--------------------------------------------------------------------------------------------------------------------------------------------------------------
       225         230   0.01            ud~_epvebb~                    19.1667270 +-        0.1315248        1.420       0 [   42]      (   0)          73263

       225         230   0.05            NNLO.QT-CS.42.CT2.QCD          7.03033373 +-       0.05116287
--------------------------------------------------------------------------------------------------------------------------------------------------------------
       225         230   0.05            ud~_epvebb~                    7.03033373 +-       0.05116287        1.426       0 [   42]      (   0)          73263

       225         230   0.1             NNLO.QT-CS.42.CT2.QCD          3.78794273 +-       0.02988269
--------------------------------------------------------------------------------------------------------------------------------------------------------------
       225         230   0.1             ud~_epvebb~                    3.78794273 +-       0.02988269        1.417       0 [   42]      (   0)          73263

       225         230   0.15            NNLO.QT-CS.42.CT2.QCD          2.33300566 +-       0.02060817
--------------------------------------------------------------------------------------------------------------------------------------------------------------
       225         230   0.15            ud~_epvebb~                    2.33300566 +-       0.02060817        1.370       0 [   42]      (   0)          73263

       225         230   0.2             NNLO.QT-CS.42.CT2.QCD          1.47491781 +-       0.01543012
--------------------------------------------------------------------------------------------------------------------------------------------------------------
       225         230   0.2             ud~_epvebb~                    1.47491781 +-       0.01543012        1.283       0 [   42]      (   0)          73263

       225         230   0.25            NNLO.QT-CS.42.CT2.QCD          0.90045904 +-       0.01226997
--------------------------------------------------------------------------------------------------------------------------------------------------------------
       225         230   0.25            ud~_epvebb~                    0.90045904 +-       0.01226997        1.169       0 [   42]      (   0)          73263

       225         230   0.5             NNLO.QT-CS.42.CT2.QCD         -0.43494369 +-       0.00799748
--------------------------------------------------------------------------------------------------------------------------------------------------------------
       225         230   0.5             ud~_epvebb~                   -0.43494369 +-       0.00799748       0.8592       0 [   42]      (   0)          73263

==============================================================================================================================================================

       230         235   0.01            NNLO.QT-CS.42.CT2.QCD          17.7998912 +-        0.1273458
--------------------------------------------------------------------------------------------------------------------------------------------------------------
       230         235   0.01            ud~_epvebb~                    17.7998912 +-        0.1273458        1.095       0 [   42]      (   0)          67618

       230         235   0.05            NNLO.QT-CS.42.CT2.QCD          6.53681341 +-       0.04969329
--------------------------------------------------------------------------------------------------------------------------------------------------------------
       230         235   0.05            ud~_epvebb~                    6.53681341 +-       0.04969329        1.132       0 [   42]      (   0)          67618

       230         235   0.1             NNLO.QT-CS.42.CT2.QCD          3.52555398 +-       0.02903074
--------------------------------------------------------------------------------------------------------------------------------------------------------------
       230         235   0.1             ud~_epvebb~                    3.52555398 +-       0.02903074        1.164       0 [   42]      (   0)          67618

       230         235   0.15            NNLO.QT-CS.42.CT2.QCD          2.17372487 +-       0.01996574
--------------------------------------------------------------------------------------------------------------------------------------------------------------
       230         235   0.15            ud~_epvebb~                    2.17372487 +-       0.01996574        1.188       0 [   42]      (   0)          67618

       230         235   0.2             NNLO.QT-CS.42.CT2.QCD          1.37617883 +-       0.01485591
--------------------------------------------------------------------------------------------------------------------------------------------------------------
       230         235   0.2             ud~_epvebb~                    1.37617883 +-       0.01485591        1.203       0 [   42]      (   0)          67618

       230         235   0.25            NNLO.QT-CS.42.CT2.QCD          0.84209799 +-       0.01169407
--------------------------------------------------------------------------------------------------------------------------------------------------------------
       230         235   0.25            ud~_epvebb~                    0.84209799 +-       0.01169407        1.204       0 [   42]      (   0)          67618

       230         235   0.5             NNLO.QT-CS.42.CT2.QCD         -0.40019381 +-       0.00722161
--------------------------------------------------------------------------------------------------------------------------------------------------------------
       230         235   0.5             ud~_epvebb~                   -0.40019381 +-       0.00722161        1.083       0 [   42]      (   0)          67618

==============================================================================================================================================================

       235         240   0.01            NNLO.QT-CS.42.CT2.QCD          16.3091693 +-        0.1225787
--------------------------------------------------------------------------------------------------------------------------------------------------------------
       235         240   0.01            ud~_epvebb~                    16.3091693 +-        0.1225787       0.9665       0 [   42]      (   0)          61706

       235         240   0.05            NNLO.QT-CS.42.CT2.QCD          6.00413256 +-       0.04817654
--------------------------------------------------------------------------------------------------------------------------------------------------------------
       235         240   0.05            ud~_epvebb~                    6.00413256 +-       0.04817654       0.9697       0 [   42]      (   0)          61706

       235         240   0.1             NNLO.QT-CS.42.CT2.QCD          3.24649488 +-       0.02827029
--------------------------------------------------------------------------------------------------------------------------------------------------------------
       235         240   0.1             ud~_epvebb~                    3.24649488 +-       0.02827029       0.9671       0 [   42]      (   0)          61706

       235         240   0.15            NNLO.QT-CS.42.CT2.QCD          2.00777747 +-       0.01947379
--------------------------------------------------------------------------------------------------------------------------------------------------------------
       235         240   0.15            ud~_epvebb~                    2.00777747 +-       0.01947379       0.9586       0 [   42]      (   0)          61706

       235         240   0.2             NNLO.QT-CS.42.CT2.QCD          1.27661993 +-       0.01446143
--------------------------------------------------------------------------------------------------------------------------------------------------------------
       235         240   0.2             ud~_epvebb~                    1.27661993 +-       0.01446143       0.9411       0 [   42]      (   0)          61706

       235         240   0.25            NNLO.QT-CS.42.CT2.QCD          0.78679469 +-       0.01130762
--------------------------------------------------------------------------------------------------------------------------------------------------------------
       235         240   0.25            ud~_epvebb~                    0.78679469 +-       0.01130762       0.9099       0 [   42]      (   0)          61706

       235         240   0.5             NNLO.QT-CS.42.CT2.QCD         -0.35360002 +-       0.00648584
--------------------------------------------------------------------------------------------------------------------------------------------------------------
       235         240   0.5             ud~_epvebb~                   -0.35360002 +-       0.00648584       0.6739       0 [   42]      (   0)          61706

==============================================================================================================================================================

       240         245   0.01            NNLO.QT-CS.42.CT2.QCD          15.0810239 +-        0.1193198
--------------------------------------------------------------------------------------------------------------------------------------------------------------
       240         245   0.01            ud~_epvebb~                    15.0810239 +-        0.1193198        1.341       0 [   42]      (   0)          56875

       240         245   0.05            NNLO.QT-CS.42.CT2.QCD          5.55498733 +-       0.04674800
--------------------------------------------------------------------------------------------------------------------------------------------------------------
       240         245   0.05            ud~_epvebb~                    5.55498733 +-       0.04674800        1.344       0 [   42]      (   0)          56875

       240         245   0.1             NNLO.QT-CS.42.CT2.QCD          3.00444736 +-       0.02738771
--------------------------------------------------------------------------------------------------------------------------------------------------------------
       240         245   0.1             ud~_epvebb~                    3.00444736 +-       0.02738771        1.330       0 [   42]      (   0)          56875

       240         245   0.15            NNLO.QT-CS.42.CT2.QCD          1.85839339 +-       0.01886527
--------------------------------------------------------------------------------------------------------------------------------------------------------------
       240         245   0.15            ud~_epvebb~                    1.85839339 +-       0.01886527        1.298       0 [   42]      (   0)          56875

       240         245   0.2             NNLO.QT-CS.42.CT2.QCD          1.18177377 +-       0.01403653
--------------------------------------------------------------------------------------------------------------------------------------------------------------
       240         245   0.2             ud~_epvebb~                    1.18177377 +-       0.01403653        1.248       0 [   42]      (   0)          56875

       240         245   0.25            NNLO.QT-CS.42.CT2.QCD          0.72839797 +-       0.01102422
--------------------------------------------------------------------------------------------------------------------------------------------------------------
       240         245   0.25            ud~_epvebb~                    0.72839797 +-       0.01102422        1.178       0 [   42]      (   0)          56875

       240         245   0.5             NNLO.QT-CS.42.CT2.QCD         -0.32755160 +-       0.00658618
--------------------------------------------------------------------------------------------------------------------------------------------------------------
       240         245   0.5             ud~_epvebb~                   -0.32755160 +-       0.00658618       0.8199       0 [   42]      (   0)          56875

==============================================================================================================================================================

       245         250   0.01            NNLO.QT-CS.42.CT2.QCD          14.0440731 +-        0.1202289
--------------------------------------------------------------------------------------------------------------------------------------------------------------
       245         250   0.01            ud~_epvebb~                    14.0440731 +-        0.1202289       0.6825       0 [   42]      (   0)          52428

       245         250   0.05            NNLO.QT-CS.42.CT2.QCD          5.19769572 +-       0.04741752
--------------------------------------------------------------------------------------------------------------------------------------------------------------
       245         250   0.05            ud~_epvebb~                    5.19769572 +-       0.04741752       0.7123       0 [   42]      (   0)          52428

       245         250   0.1             NNLO.QT-CS.42.CT2.QCD          2.82506240 +-       0.02784010
--------------------------------------------------------------------------------------------------------------------------------------------------------------
       245         250   0.1             ud~_epvebb~                    2.82506240 +-       0.02784010       0.7484       0 [   42]      (   0)          52428

       245         250   0.15            NNLO.QT-CS.42.CT2.QCD          1.75774672 +-       0.01915001
--------------------------------------------------------------------------------------------------------------------------------------------------------------
       245         250   0.15            ud~_epvebb~                    1.75774672 +-       0.01915001       0.7879       0 [   42]      (   0)          52428

       245         250   0.2             NNLO.QT-CS.42.CT2.QCD          1.12705816 +-       0.01417250
--------------------------------------------------------------------------------------------------------------------------------------------------------------
       245         250   0.2             ud~_epvebb~                    1.12705816 +-       0.01417250       0.8189       0 [   42]      (   0)          52428

       245         250   0.25            NNLO.QT-CS.42.CT2.QCD          0.70413385 +-       0.01101989
--------------------------------------------------------------------------------------------------------------------------------------------------------------
       245         250   0.25            ud~_epvebb~                    0.70413385 +-       0.01101989       0.8219       0 [   42]      (   0)          52428

       245         250   0.5             NNLO.QT-CS.42.CT2.QCD         -0.28257296 +-       0.00611928
--------------------------------------------------------------------------------------------------------------------------------------------------------------
       245         250   0.5             ud~_epvebb~                   -0.28257296 +-       0.00611928       0.7425       0 [   42]      (   0)          52428

==============================================================================================================================================================

       250         255   0.01            NNLO.QT-CS.42.CT2.QCD          12.6163737 +-        0.1112755
--------------------------------------------------------------------------------------------------------------------------------------------------------------
       250         255   0.01            ud~_epvebb~                    12.6163737 +-        0.1112755       0.7726       0 [   42]      (   0)          48036

       250         255   0.05            NNLO.QT-CS.42.CT2.QCD          4.67429652 +-       0.04419327
--------------------------------------------------------------------------------------------------------------------------------------------------------------
       250         255   0.05            ud~_epvebb~                    4.67429652 +-       0.04419327       0.7942       0 [   42]      (   0)          48036

       250         255   0.1             NNLO.QT-CS.42.CT2.QCD          2.54334089 +-       0.02612452
--------------------------------------------------------------------------------------------------------------------------------------------------------------
       250         255   0.1             ud~_epvebb~                    2.54334089 +-       0.02612452       0.8131       0 [   42]      (   0)          48036

       250         255   0.15            NNLO.QT-CS.42.CT2.QCD          1.58448811 +-       0.01808358
--------------------------------------------------------------------------------------------------------------------------------------------------------------
       250         255   0.15            ud~_epvebb~                    1.58448811 +-       0.01808358       0.8303       0 [   42]      (   0)          48036

       250         255   0.2             NNLO.QT-CS.42.CT2.QCD          1.01777391 +-       0.01345790
--------------------------------------------------------------------------------------------------------------------------------------------------------------
       250         255   0.2             ud~_epvebb~                    1.01777391 +-       0.01345790       0.8459       0 [   42]      (   0)          48036

       250         255   0.25            NNLO.QT-CS.42.CT2.QCD          0.63768044 +-       0.01050519
--------------------------------------------------------------------------------------------------------------------------------------------------------------
       250         255   0.25            ud~_epvebb~                    0.63768044 +-       0.01050519       0.8588       0 [   42]      (   0)          48036

       250         255   0.5             NNLO.QT-CS.42.CT2.QCD         -0.24945496 +-       0.00563544
--------------------------------------------------------------------------------------------------------------------------------------------------------------
       250         255   0.5             ud~_epvebb~                   -0.24945496 +-       0.00563544       0.8908       0 [   42]      (   0)          48036

==============================================================================================================================================================

       255         260   0.01            NNLO.QT-CS.42.CT2.QCD          11.6641737 +-        0.1078169
--------------------------------------------------------------------------------------------------------------------------------------------------------------
       255         260   0.01            ud~_epvebb~                    11.6641737 +-        0.1078169       0.9987       0 [   42]      (   0)          44393

       255         260   0.05            NNLO.QT-CS.42.CT2.QCD          4.31880796 +-       0.04269975
--------------------------------------------------------------------------------------------------------------------------------------------------------------
       255         260   0.05            ud~_epvebb~                    4.31880796 +-       0.04269975       0.9994       0 [   42]      (   0)          44393

       255         260   0.1             NNLO.QT-CS.42.CT2.QCD          2.34785253 +-       0.02522736
--------------------------------------------------------------------------------------------------------------------------------------------------------------
       255         260   0.1             ud~_epvebb~                    2.34785253 +-       0.02522736        1.006       0 [   42]      (   0)          44393

       255         260   0.15            NNLO.QT-CS.42.CT2.QCD          1.46098466 +-       0.01748883
--------------------------------------------------------------------------------------------------------------------------------------------------------------
       255         260   0.15            ud~_epvebb~                    1.46098466 +-       0.01748883        1.017       0 [   42]      (   0)          44393

       255         260   0.2             NNLO.QT-CS.42.CT2.QCD          0.93681792 +-       0.01306657
--------------------------------------------------------------------------------------------------------------------------------------------------------------
       255         260   0.2             ud~_epvebb~                    0.93681792 +-       0.01306657        1.030       0 [   42]      (   0)          44393

       255         260   0.25            NNLO.QT-CS.42.CT2.QCD          0.58526478 +-       0.01027040
--------------------------------------------------------------------------------------------------------------------------------------------------------------
       255         260   0.25            ud~_epvebb~                    0.58526478 +-       0.01027040        1.046       0 [   42]      (   0)          44393

       255         260   0.5             NNLO.QT-CS.42.CT2.QCD         -0.23521669 +-       0.00581977
--------------------------------------------------------------------------------------------------------------------------------------------------------------
       255         260   0.5             ud~_epvebb~                   -0.23521669 +-       0.00581977        1.382       0 [   42]      (   0)          44393

==============================================================================================================================================================

       260         265   0.01            NNLO.QT-CS.42.CT2.QCD          10.7521880 +-        0.1072381
--------------------------------------------------------------------------------------------------------------------------------------------------------------
       260         265   0.01            ud~_epvebb~                    10.7521880 +-        0.1072381        1.074       0 [   42]      (   0)          41345

       260         265   0.05            NNLO.QT-CS.42.CT2.QCD          3.97178030 +-       0.04230702
--------------------------------------------------------------------------------------------------------------------------------------------------------------
       260         265   0.05            ud~_epvebb~                    3.97178030 +-       0.04230702        1.097       0 [   42]      (   0)          41345

       260         265   0.1             NNLO.QT-CS.42.CT2.QCD          2.15292271 +-       0.02509534
--------------------------------------------------------------------------------------------------------------------------------------------------------------
       260         265   0.1             ud~_epvebb~                    2.15292271 +-       0.02509534        1.091       0 [   42]      (   0)          41345

       260         265   0.15            NNLO.QT-CS.42.CT2.QCD          1.33469012 +-       0.01760866
--------------------------------------------------------------------------------------------------------------------------------------------------------------
       260         265   0.15            ud~_epvebb~                    1.33469012 +-       0.01760866        1.070       0 [   42]      (   0)          41345

       260         265   0.2             NNLO.QT-CS.42.CT2.QCD          0.85119286 +-       0.01343987
--------------------------------------------------------------------------------------------------------------------------------------------------------------
       260         265   0.2             ud~_epvebb~                    0.85119286 +-       0.01343987        1.050       0 [   42]      (   0)          41345

       260         265   0.25            NNLO.QT-CS.42.CT2.QCD          0.52698274 +-       0.01089669
--------------------------------------------------------------------------------------------------------------------------------------------------------------
       260         265   0.25            ud~_epvebb~                    0.52698274 +-       0.01089669        1.030       0 [   42]      (   0)          41345

       260         265   0.5             NNLO.QT-CS.42.CT2.QCD         -0.22929719 +-       0.00725301
--------------------------------------------------------------------------------------------------------------------------------------------------------------
       260         265   0.5             ud~_epvebb~                   -0.22929719 +-       0.00725301        1.065       0 [   42]      (   0)          41345

==============================================================================================================================================================

       265         270   0.01            NNLO.QT-CS.42.CT2.QCD          9.92017067 +-       0.10188184
--------------------------------------------------------------------------------------------------------------------------------------------------------------
       265         270   0.01            ud~_epvebb~                    9.92017067 +-       0.10188184        1.153       0 [   42]      (   0)          38242

       265         270   0.05            NNLO.QT-CS.42.CT2.QCD          3.67450254 +-       0.04019165
--------------------------------------------------------------------------------------------------------------------------------------------------------------
       265         270   0.05            ud~_epvebb~                    3.67450254 +-       0.04019165        1.168       0 [   42]      (   0)          38242

       265         270   0.1             NNLO.QT-CS.42.CT2.QCD          1.99734873 +-       0.02362218
--------------------------------------------------------------------------------------------------------------------------------------------------------------
       265         270   0.1             ud~_epvebb~                    1.99734873 +-       0.02362218        1.184       0 [   42]      (   0)          38242

       265         270   0.15            NNLO.QT-CS.42.CT2.QCD          1.24235228 +-       0.01628568
--------------------------------------------------------------------------------------------------------------------------------------------------------------
       265         270   0.15            ud~_epvebb~                    1.24235228 +-       0.01628568        1.204       0 [   42]      (   0)          38242

       265         270   0.2             NNLO.QT-CS.42.CT2.QCD          0.79598657 +-       0.01210109
--------------------------------------------------------------------------------------------------------------------------------------------------------------
       265         270   0.2             ud~_epvebb~                    0.79598657 +-       0.01210109        1.229       0 [   42]      (   0)          38242

       265         270   0.25            NNLO.QT-CS.42.CT2.QCD          0.49653799 +-       0.00946775
--------------------------------------------------------------------------------------------------------------------------------------------------------------
       265         270   0.25            ud~_epvebb~                    0.49653799 +-       0.00946775        1.260       0 [   42]      (   0)          38242

       265         270   0.5             NNLO.QT-CS.42.CT2.QCD         -0.20268692 +-       0.00546779
--------------------------------------------------------------------------------------------------------------------------------------------------------------
       265         270   0.5             ud~_epvebb~                   -0.20268692 +-       0.00546779        1.227       0 [   42]      (   0)          38242

==============================================================================================================================================================

       270         275   0.01            NNLO.QT-CS.42.CT2.QCD          9.07938662 +-       0.09564229
--------------------------------------------------------------------------------------------------------------------------------------------------------------
       270         275   0.01            ud~_epvebb~                    9.07938662 +-       0.09564229       0.9021       0 [   42]      (   0)          35483

       270         275   0.05            NNLO.QT-CS.42.CT2.QCD          3.36987942 +-       0.03797035
--------------------------------------------------------------------------------------------------------------------------------------------------------------
       270         275   0.05            ud~_epvebb~                    3.36987942 +-       0.03797035       0.8607       0 [   42]      (   0)          35483

       270         275   0.1             NNLO.QT-CS.42.CT2.QCD          1.83554945 +-       0.02250793
--------------------------------------------------------------------------------------------------------------------------------------------------------------
       270         275   0.1             ud~_epvebb~                    1.83554945 +-       0.02250793       0.8471       0 [   42]      (   0)          35483

       270         275   0.15            NNLO.QT-CS.42.CT2.QCD          1.14450734 +-       0.01567352
--------------------------------------------------------------------------------------------------------------------------------------------------------------
       270         275   0.15            ud~_epvebb~                    1.14450734 +-       0.01567352       0.8541       0 [   42]      (   0)          35483

       270         275   0.2             NNLO.QT-CS.42.CT2.QCD          0.73579555 +-       0.01178025
--------------------------------------------------------------------------------------------------------------------------------------------------------------
       270         275   0.2             ud~_epvebb~                    0.73579555 +-       0.01178025       0.8763       0 [   42]      (   0)          35483

       270         275   0.25            NNLO.QT-CS.42.CT2.QCD          0.46151570 +-       0.00932891
--------------------------------------------------------------------------------------------------------------------------------------------------------------
       270         275   0.25            ud~_epvebb~                    0.46151570 +-       0.00932891       0.9127       0 [   42]      (   0)          35483

       270         275   0.5             NNLO.QT-CS.42.CT2.QCD         -0.17941306 +-       0.00544675
--------------------------------------------------------------------------------------------------------------------------------------------------------------
       270         275   0.5             ud~_epvebb~                   -0.17941306 +-       0.00544675        1.340       0 [   42]      (   0)          35483

==============================================================================================================================================================

       275         280   0.01            NNLO.QT-CS.42.CT2.QCD          8.60938175 +-       0.09555367
--------------------------------------------------------------------------------------------------------------------------------------------------------------
       275         280   0.01            ud~_epvebb~                    8.60938175 +-       0.09555367        1.315       0 [   42]      (   0)          33177

       275         280   0.05            NNLO.QT-CS.42.CT2.QCD          3.19445360 +-       0.03734934
--------------------------------------------------------------------------------------------------------------------------------------------------------------
       275         280   0.05            ud~_epvebb~                    3.19445360 +-       0.03734934        1.300       0 [   42]      (   0)          33177

       275         280   0.1             NNLO.QT-CS.42.CT2.QCD          1.73897205 +-       0.02187427
--------------------------------------------------------------------------------------------------------------------------------------------------------------
       275         280   0.1             ud~_epvebb~                    1.73897205 +-       0.02187427        1.284       0 [   42]      (   0)          33177

       275         280   0.15            NNLO.QT-CS.42.CT2.QCD          1.08336936 +-       0.01511256
--------------------------------------------------------------------------------------------------------------------------------------------------------------
       275         280   0.15            ud~_epvebb~                    1.08336936 +-       0.01511256        1.260       0 [   42]      (   0)          33177

       275         280   0.2             NNLO.QT-CS.42.CT2.QCD          0.69559006 +-       0.01132918
--------------------------------------------------------------------------------------------------------------------------------------------------------------
       275         280   0.2             ud~_epvebb~                    0.69559006 +-       0.01132918        1.207       0 [   42]      (   0)          33177

       275         280   0.25            NNLO.QT-CS.42.CT2.QCD          0.43534381 +-       0.00901475
--------------------------------------------------------------------------------------------------------------------------------------------------------------
       275         280   0.25            ud~_epvebb~                    0.43534381 +-       0.00901475        1.115       0 [   42]      (   0)          33177

       275         280   0.5             NNLO.QT-CS.42.CT2.QCD         -0.17284451 +-       0.00586186
--------------------------------------------------------------------------------------------------------------------------------------------------------------
       275         280   0.5             ud~_epvebb~                   -0.17284451 +-       0.00586186        1.033       0 [   42]      (   0)          33177

==============================================================================================================================================================

       280         285   0.01            NNLO.QT-CS.42.CT2.QCD          7.80484099 +-       0.08974793
--------------------------------------------------------------------------------------------------------------------------------------------------------------
       280         285   0.01            ud~_epvebb~                    7.80484099 +-       0.08974793        1.231       0 [   42]      (   0)          30752

       280         285   0.05            NNLO.QT-CS.42.CT2.QCD          2.89509789 +-       0.03555556
--------------------------------------------------------------------------------------------------------------------------------------------------------------
       280         285   0.05            ud~_epvebb~                    2.89509789 +-       0.03555556        1.300       0 [   42]      (   0)          30752

       280         285   0.1             NNLO.QT-CS.42.CT2.QCD          1.57514540 +-       0.02101482
--------------------------------------------------------------------------------------------------------------------------------------------------------------
       280         285   0.1             ud~_epvebb~                    1.57514540 +-       0.02101482        1.364       0 [   42]      (   0)          30752

       280         285   0.15            NNLO.QT-CS.42.CT2.QCD          0.98053365 +-       0.01458656
--------------------------------------------------------------------------------------------------------------------------------------------------------------
       280         285   0.15            ud~_epvebb~                    0.98053365 +-       0.01458656        1.414       0 [   42]      (   0)          30752

       280         285   0.2             NNLO.QT-CS.42.CT2.QCD          0.62880921 +-       0.01092647
--------------------------------------------------------------------------------------------------------------------------------------------------------------
       280         285   0.2             ud~_epvebb~                    0.62880921 +-       0.01092647        1.434       0 [   42]      (   0)          30752

       280         285   0.25            NNLO.QT-CS.42.CT2.QCD          0.39275052 +-       0.00862606
--------------------------------------------------------------------------------------------------------------------------------------------------------------
       280         285   0.25            ud~_epvebb~                    0.39275052 +-       0.00862606        1.410       0 [   42]      (   0)          30752

       280         285   0.5             NNLO.QT-CS.42.CT2.QCD         -0.15894404 +-       0.00505956
--------------------------------------------------------------------------------------------------------------------------------------------------------------
       280         285   0.5             ud~_epvebb~                   -0.15894404 +-       0.00505956       0.9950       0 [   42]      (   0)          30752

==============================================================================================================================================================

       285         290   0.01            NNLO.QT-CS.42.CT2.QCD          7.30832682 +-       0.08964499
--------------------------------------------------------------------------------------------------------------------------------------------------------------
       285         290   0.01            ud~_epvebb~                    7.30832682 +-       0.08964499        1.553       0 [   42]      (   0)          28759

       285         290   0.05            NNLO.QT-CS.42.CT2.QCD          2.71049007 +-       0.03516788
--------------------------------------------------------------------------------------------------------------------------------------------------------------
       285         290   0.05            ud~_epvebb~                    2.71049007 +-       0.03516788        1.507       0 [   42]      (   0)          28759

       285         290   0.1             NNLO.QT-CS.42.CT2.QCD          1.47424556 +-       0.02062122
--------------------------------------------------------------------------------------------------------------------------------------------------------------
       285         290   0.1             ud~_epvebb~                    1.47424556 +-       0.02062122        1.431       0 [   42]      (   0)          28759

       285         290   0.15            NNLO.QT-CS.42.CT2.QCD          0.91730708 +-       0.01422552
--------------------------------------------------------------------------------------------------------------------------------------------------------------
       285         290   0.15            ud~_epvebb~                    0.91730708 +-       0.01422552        1.322       0 [   42]      (   0)          28759

       285         290   0.2             NNLO.QT-CS.42.CT2.QCD          0.58785300 +-       0.01061335
--------------------------------------------------------------------------------------------------------------------------------------------------------------
       285         290   0.2             ud~_epvebb~                    0.58785300 +-       0.01061335        1.176       0 [   42]      (   0)          28759

       285         290   0.25            NNLO.QT-CS.42.CT2.QCD          0.36673374 +-       0.00837275
--------------------------------------------------------------------------------------------------------------------------------------------------------------
       285         290   0.25            ud~_epvebb~                    0.36673374 +-       0.00837275        1.003       0 [   42]      (   0)          28759

       285         290   0.5             NNLO.QT-CS.42.CT2.QCD         -0.15007543 +-       0.00515621
--------------------------------------------------------------------------------------------------------------------------------------------------------------
       285         290   0.5             ud~_epvebb~                   -0.15007543 +-       0.00515621       0.6421       0 [   42]      (   0)          28759

==============================================================================================================================================================

       290         295   0.01            NNLO.QT-CS.42.CT2.QCD          6.77820689 +-       0.08401121
--------------------------------------------------------------------------------------------------------------------------------------------------------------
       290         295   0.01            ud~_epvebb~                    6.77820689 +-       0.08401121       0.9266       0 [   42]      (   0)          26680

       290         295   0.05            NNLO.QT-CS.42.CT2.QCD          2.52585130 +-       0.03362501
--------------------------------------------------------------------------------------------------------------------------------------------------------------
       290         295   0.05            ud~_epvebb~                    2.52585130 +-       0.03362501        1.012       0 [   42]      (   0)          26680

       290         295   0.1             NNLO.QT-CS.42.CT2.QCD          1.38093556 +-       0.02002617
--------------------------------------------------------------------------------------------------------------------------------------------------------------
       290         295   0.1             ud~_epvebb~                    1.38093556 +-       0.02002617        1.073       0 [   42]      (   0)          26680

       290         295   0.15            NNLO.QT-CS.42.CT2.QCD          0.86466166 +-       0.01396931
--------------------------------------------------------------------------------------------------------------------------------------------------------------
       290         295   0.15            ud~_epvebb~                    0.86466166 +-       0.01396931        1.110       0 [   42]      (   0)          26680

       290         295   0.2             NNLO.QT-CS.42.CT2.QCD          0.55903574 +-       0.01048264
--------------------------------------------------------------------------------------------------------------------------------------------------------------
       290         295   0.2             ud~_epvebb~                    0.55903574 +-       0.01048264        1.127       0 [   42]      (   0)          26680

       290         295   0.25            NNLO.QT-CS.42.CT2.QCD          0.35377431 +-       0.00825365
--------------------------------------------------------------------------------------------------------------------------------------------------------------
       290         295   0.25            ud~_epvebb~                    0.35377431 +-       0.00825365        1.127       0 [   42]      (   0)          26680

       290         295   0.5             NNLO.QT-CS.42.CT2.QCD         -0.12668590 +-       0.00447822
--------------------------------------------------------------------------------------------------------------------------------------------------------------
       290         295   0.5             ud~_epvebb~                   -0.12668590 +-       0.00447822       0.9717       0 [   42]      (   0)          26680

==============================================================================================================================================================

       295         300   0.01            NNLO.QT-CS.42.CT2.QCD          6.26102766 +-       0.08094601
--------------------------------------------------------------------------------------------------------------------------------------------------------------
       295         300   0.01            ud~_epvebb~                    6.26102766 +-       0.08094601        1.522       0 [   42]      (   0)          24818

       295         300   0.05            NNLO.QT-CS.42.CT2.QCD          2.32441370 +-       0.03200840
--------------------------------------------------------------------------------------------------------------------------------------------------------------
       295         300   0.05            ud~_epvebb~                    2.32441370 +-       0.03200840        1.709       0 [   42]      (   0)          24818

       295         300   0.1             NNLO.QT-CS.42.CT2.QCD          1.26520151 +-       0.01888149
--------------------------------------------------------------------------------------------------------------------------------------------------------------
       295         300   0.1             ud~_epvebb~                    1.26520151 +-       0.01888149        1.886       0 [   42]      (   0)          24818

       295         300   0.15            NNLO.QT-CS.42.CT2.QCD          0.78781326 +-       0.01307999
--------------------------------------------------------------------------------------------------------------------------------------------------------------
       295         300   0.15            ud~_epvebb~                    0.78781326 +-       0.01307999        2.029       0 [   42]      (   0)          24818

       295         300   0.2             NNLO.QT-CS.42.CT2.QCD          0.50532750 +-       0.00977857
--------------------------------------------------------------------------------------------------------------------------------------------------------------
       295         300   0.2             ud~_epvebb~                    0.50532750 +-       0.00977857        2.071       0 [   42]      (   0)          24818

       295         300   0.25            NNLO.QT-CS.42.CT2.QCD          0.31568184 +-       0.00770605
--------------------------------------------------------------------------------------------------------------------------------------------------------------
       295         300   0.25            ud~_epvebb~                    0.31568184 +-       0.00770605        1.941       0 [   42]      (   0)          24818

       295         300   0.5             NNLO.QT-CS.42.CT2.QCD         -0.12780887 +-       0.00453128
--------------------------------------------------------------------------------------------------------------------------------------------------------------
       295         300   0.5             ud~_epvebb~                   -0.12780887 +-       0.00453128       0.7787       0 [   42]      (   0)          24818

==============================================================================================================================================================

       300         305   0.01            NNLO.QT-CS.42.CT2.QCD          5.96013554 +-       0.08226609
--------------------------------------------------------------------------------------------------------------------------------------------------------------
       300         305   0.01            ud~_epvebb~                    5.96013554 +-       0.08226609       0.9155       0 [   42]      (   0)          23359

       300         305   0.05            NNLO.QT-CS.42.CT2.QCD          2.22496478 +-       0.03277769
--------------------------------------------------------------------------------------------------------------------------------------------------------------
       300         305   0.05            ud~_epvebb~                    2.22496478 +-       0.03277769       0.9637       0 [   42]      (   0)          23359

       300         305   0.1             NNLO.QT-CS.42.CT2.QCD          1.21815852 +-       0.01942609
--------------------------------------------------------------------------------------------------------------------------------------------------------------
       300         305   0.1             ud~_epvebb~                    1.21815852 +-       0.01942609        1.022       0 [   42]      (   0)          23359

       300         305   0.15            NNLO.QT-CS.42.CT2.QCD          0.76384836 +-       0.01348298
--------------------------------------------------------------------------------------------------------------------------------------------------------------
       300         305   0.15            ud~_epvebb~                    0.76384836 +-       0.01348298        1.091       0 [   42]      (   0)          23359

       300         305   0.2             NNLO.QT-CS.42.CT2.QCD          0.49476559 +-       0.01006620
--------------------------------------------------------------------------------------------------------------------------------------------------------------
       300         305   0.2             ud~_epvebb~                    0.49476559 +-       0.01006620        1.169       0 [   42]      (   0)          23359

       300         305   0.25            NNLO.QT-CS.42.CT2.QCD          0.31396864 +-       0.00788801
--------------------------------------------------------------------------------------------------------------------------------------------------------------
       300         305   0.25            ud~_epvebb~                    0.31396864 +-       0.00788801        1.246       0 [   42]      (   0)          23359

       300         305   0.5             NNLO.QT-CS.42.CT2.QCD         -0.10961150 +-       0.00430319
--------------------------------------------------------------------------------------------------------------------------------------------------------------
       300         305   0.5             ud~_epvebb~                   -0.10961150 +-       0.00430319        1.087       0 [   42]      (   0)          23359

==============================================================================================================================================================

       305         310   0.01            NNLO.QT-CS.42.CT2.QCD          5.38073187 +-       0.07825680
--------------------------------------------------------------------------------------------------------------------------------------------------------------
       305         310   0.01            ud~_epvebb~                    5.38073187 +-       0.07825680        1.527       0 [   42]      (   0)          21824

       305         310   0.05            NNLO.QT-CS.42.CT2.QCD          2.00657619 +-       0.03126990
--------------------------------------------------------------------------------------------------------------------------------------------------------------
       305         310   0.05            ud~_epvebb~                    2.00657619 +-       0.03126990        1.505       0 [   42]      (   0)          21824

       305         310   0.1             NNLO.QT-CS.42.CT2.QCD          1.09707219 +-       0.01862543
--------------------------------------------------------------------------------------------------------------------------------------------------------------
       305         310   0.1             ud~_epvebb~                    1.09707219 +-       0.01862543        1.477       0 [   42]      (   0)          21824

       305         310   0.15            NNLO.QT-CS.42.CT2.QCD          0.68668163 +-       0.01302478
--------------------------------------------------------------------------------------------------------------------------------------------------------------
       305         310   0.15            ud~_epvebb~                    0.68668163 +-       0.01302478        1.441       0 [   42]      (   0)          21824

       305         310   0.2             NNLO.QT-CS.42.CT2.QCD          0.44362237 +-       0.00982879
--------------------------------------------------------------------------------------------------------------------------------------------------------------
       305         310   0.2             ud~_epvebb~                    0.44362237 +-       0.00982879        1.382       0 [   42]      (   0)          21824

       305         310   0.25            NNLO.QT-CS.42.CT2.QCD          0.28031863 +-       0.00781214
--------------------------------------------------------------------------------------------------------------------------------------------------------------
       305         310   0.25            ud~_epvebb~                    0.28031863 +-       0.00781214        1.285       0 [   42]      (   0)          21824

       305         310   0.5             NNLO.QT-CS.42.CT2.QCD         -0.10222196 +-       0.00456930
--------------------------------------------------------------------------------------------------------------------------------------------------------------
       305         310   0.5             ud~_epvebb~                   -0.10222196 +-       0.00456930       0.5243       0 [   42]      (   0)          21824

==============================================================================================================================================================

       310         315   0.01            NNLO.QT-CS.42.CT2.QCD          5.08903518 +-       0.07710146
--------------------------------------------------------------------------------------------------------------------------------------------------------------
       310         315   0.01            ud~_epvebb~                    5.08903518 +-       0.07710146        1.056       0 [   42]      (   0)          20302

       310         315   0.05            NNLO.QT-CS.42.CT2.QCD          1.89761279 +-       0.03043789
--------------------------------------------------------------------------------------------------------------------------------------------------------------
       310         315   0.05            ud~_epvebb~                    1.89761279 +-       0.03043789        1.011       0 [   42]      (   0)          20302

       310         315   0.1             NNLO.QT-CS.42.CT2.QCD          1.03719503 +-       0.01795581
--------------------------------------------------------------------------------------------------------------------------------------------------------------
       310         315   0.1             ud~_epvebb~                    1.03719503 +-       0.01795581       0.9629       0 [   42]      (   0)          20302

       310         315   0.15            NNLO.QT-CS.42.CT2.QCD          0.64891237 +-       0.01247391
--------------------------------------------------------------------------------------------------------------------------------------------------------------
       310         315   0.15            ud~_epvebb~                    0.64891237 +-       0.01247391       0.9135       0 [   42]      (   0)          20302

       310         315   0.2             NNLO.QT-CS.42.CT2.QCD          0.41893045 +-       0.00938691
--------------------------------------------------------------------------------------------------------------------------------------------------------------
       310         315   0.2             ud~_epvebb~                    0.41893045 +-       0.00938691       0.8616       0 [   42]      (   0)          20302

       310         315   0.25            NNLO.QT-CS.42.CT2.QCD          0.26440444 +-       0.00748001
--------------------------------------------------------------------------------------------------------------------------------------------------------------
       310         315   0.25            ud~_epvebb~                    0.26440444 +-       0.00748001       0.8099       0 [   42]      (   0)          20302

       310         315   0.5             NNLO.QT-CS.42.CT2.QCD        -0.097609916 +-      0.004738470
--------------------------------------------------------------------------------------------------------------------------------------------------------------
       310         315   0.5             ud~_epvebb~                  -0.097609916 +-      0.004738470       0.9468       0 [   42]      (   0)          20302

==============================================================================================================================================================

       315         320   0.01            NNLO.QT-CS.42.CT2.QCD          4.90431620 +-       0.08003427
--------------------------------------------------------------------------------------------------------------------------------------------------------------
       315         320   0.01            ud~_epvebb~                    4.90431620 +-       0.08003427        1.022       0 [   42]      (   0)          19290

       315         320   0.05            NNLO.QT-CS.42.CT2.QCD          1.83860244 +-       0.03216585
--------------------------------------------------------------------------------------------------------------------------------------------------------------
       315         320   0.05            ud~_epvebb~                    1.83860244 +-       0.03216585        1.043       0 [   42]      (   0)          19290

       315         320   0.1             NNLO.QT-CS.42.CT2.QCD          1.01079369 +-       0.01918723
--------------------------------------------------------------------------------------------------------------------------------------------------------------
       315         320   0.1             ud~_epvebb~                    1.01079369 +-       0.01918723        1.065       0 [   42]      (   0)          19290

       315         320   0.15            NNLO.QT-CS.42.CT2.QCD          0.63683081 +-       0.01338554
--------------------------------------------------------------------------------------------------------------------------------------------------------------
       315         320   0.15            ud~_epvebb~                    0.63683081 +-       0.01338554        1.085       0 [   42]      (   0)          19290

       315         320   0.2             NNLO.QT-CS.42.CT2.QCD          0.41514313 +-       0.01003318
--------------------------------------------------------------------------------------------------------------------------------------------------------------
       315         320   0.2             ud~_epvebb~                    0.41514313 +-       0.01003318        1.101       0 [   42]      (   0)          19290

       315         320   0.25            NNLO.QT-CS.42.CT2.QCD          0.26607844 +-       0.00788054
--------------------------------------------------------------------------------------------------------------------------------------------------------------
       315         320   0.25            ud~_epvebb~                    0.26607844 +-       0.00788054        1.111       0 [   42]      (   0)          19290

       315         320   0.5             NNLO.QT-CS.42.CT2.QCD        -0.083733902 +-      0.004187562
--------------------------------------------------------------------------------------------------------------------------------------------------------------
       315         320   0.5             ud~_epvebb~                  -0.083733902 +-      0.004187562        1.239       0 [   42]      (   0)          19290

==============================================================================================================================================================

       320         325   0.01            NNLO.QT-CS.42.CT2.QCD          4.49159333 +-       0.07501446
--------------------------------------------------------------------------------------------------------------------------------------------------------------
       320         325   0.01            ud~_epvebb~                    4.49159333 +-       0.07501446       0.8375       0 [   42]      (   0)          17918

       320         325   0.05            NNLO.QT-CS.42.CT2.QCD          1.67125130 +-       0.02959634
--------------------------------------------------------------------------------------------------------------------------------------------------------------
       320         325   0.05            ud~_epvebb~                    1.67125130 +-       0.02959634       0.8178       0 [   42]      (   0)          17918

       320         325   0.1             NNLO.QT-CS.42.CT2.QCD          0.91107132 +-       0.01746011
--------------------------------------------------------------------------------------------------------------------------------------------------------------
       320         325   0.1             ud~_epvebb~                    0.91107132 +-       0.01746011       0.8058       0 [   42]      (   0)          17918

       320         325   0.15            NNLO.QT-CS.42.CT2.QCD          0.56809509 +-       0.01213233
--------------------------------------------------------------------------------------------------------------------------------------------------------------
       320         325   0.15            ud~_epvebb~                    0.56809509 +-       0.01213233       0.8020       0 [   42]      (   0)          17918

       320         325   0.2             NNLO.QT-CS.42.CT2.QCD          0.36498598 +-       0.00913233
--------------------------------------------------------------------------------------------------------------------------------------------------------------
       320         325   0.2             ud~_epvebb~                    0.36498598 +-       0.00913233       0.7995       0 [   42]      (   0)          17918

       320         325   0.25            NNLO.QT-CS.42.CT2.QCD          0.22853982 +-       0.00727857
--------------------------------------------------------------------------------------------------------------------------------------------------------------
       320         325   0.25            ud~_epvebb~                    0.22853982 +-       0.00727857       0.7935       0 [   42]      (   0)          17918

       320         325   0.5             NNLO.QT-CS.42.CT2.QCD        -0.090979939 +-      0.004601786
--------------------------------------------------------------------------------------------------------------------------------------------------------------
       320         325   0.5             ud~_epvebb~                  -0.090979939 +-      0.004601786       0.9541       0 [   42]      (   0)          17918

==============================================================================================================================================================

       325         330   0.01            NNLO.QT-CS.42.CT2.QCD          4.21006651 +-       0.07058178
--------------------------------------------------------------------------------------------------------------------------------------------------------------
       325         330   0.01            ud~_epvebb~                    4.21006651 +-       0.07058178        1.137       0 [   42]      (   0)          16976

       325         330   0.05            NNLO.QT-CS.42.CT2.QCD          1.57684042 +-       0.02827471
--------------------------------------------------------------------------------------------------------------------------------------------------------------
       325         330   0.05            ud~_epvebb~                    1.57684042 +-       0.02827471        1.143       0 [   42]      (   0)          16976

       325         330   0.1             NNLO.QT-CS.42.CT2.QCD          0.86553277 +-       0.01679811
--------------------------------------------------------------------------------------------------------------------------------------------------------------
       325         330   0.1             ud~_epvebb~                    0.86553277 +-       0.01679811        1.140       0 [   42]      (   0)          16976

       325         330   0.15            NNLO.QT-CS.42.CT2.QCD          0.54414105 +-       0.01166628
--------------------------------------------------------------------------------------------------------------------------------------------------------------
       325         330   0.15            ud~_epvebb~                    0.54414105 +-       0.01166628        1.131       0 [   42]      (   0)          16976

       325         330   0.2             NNLO.QT-CS.42.CT2.QCD          0.35359786 +-       0.00870100
--------------------------------------------------------------------------------------------------------------------------------------------------------------
       325         330   0.2             ud~_epvebb~                    0.35359786 +-       0.00870100        1.115       0 [   42]      (   0)          16976

       325         330   0.25            NNLO.QT-CS.42.CT2.QCD          0.22546618 +-       0.00679847
--------------------------------------------------------------------------------------------------------------------------------------------------------------
       325         330   0.25            ud~_epvebb~                    0.22546618 +-       0.00679847        1.093       0 [   42]      (   0)          16976

       325         330   0.5             NNLO.QT-CS.42.CT2.QCD        -0.075246112 +-      0.003594308
--------------------------------------------------------------------------------------------------------------------------------------------------------------
       325         330   0.5             ud~_epvebb~                  -0.075246112 +-      0.003594308        1.075       0 [   42]      (   0)          16976

==============================================================================================================================================================

       330         335   0.01            NNLO.QT-CS.42.CT2.QCD          4.00374543 +-       0.09070209
--------------------------------------------------------------------------------------------------------------------------------------------------------------
       330         335   0.01            ud~_epvebb~                    4.00374543 +-       0.09070209        1.035       0 [   42]      (   0)          15876

       330         335   0.05            NNLO.QT-CS.42.CT2.QCD          1.49370968 +-       0.03310130
--------------------------------------------------------------------------------------------------------------------------------------------------------------
       330         335   0.05            ud~_epvebb~                    1.49370968 +-       0.03310130        1.045       0 [   42]      (   0)          15876

       330         335   0.1             NNLO.QT-CS.42.CT2.QCD          0.81626101 +-       0.01822702
--------------------------------------------------------------------------------------------------------------------------------------------------------------
       330         335   0.1             ud~_epvebb~                    0.81626101 +-       0.01822702        1.057       0 [   42]      (   0)          15876

       330         335   0.15            NNLO.QT-CS.42.CT2.QCD          0.51035719 +-       0.01202693
--------------------------------------------------------------------------------------------------------------------------------------------------------------
       330         335   0.15            ud~_epvebb~                    0.51035719 +-       0.01202693        1.043       0 [   42]      (   0)          15876

       330         335   0.2             NNLO.QT-CS.42.CT2.QCD          0.32908862 +-       0.00886262
--------------------------------------------------------------------------------------------------------------------------------------------------------------
       330         335   0.2             ud~_epvebb~                    0.32908862 +-       0.00886262        1.051       0 [   42]      (   0)          15876

       330         335   0.25            NNLO.QT-CS.42.CT2.QCD          0.20724977 +-       0.00724791
--------------------------------------------------------------------------------------------------------------------------------------------------------------
       330         335   0.25            ud~_epvebb~                    0.20724977 +-       0.00724791       0.9300       0 [   42]      (   0)          15876

       330         335   0.5             NNLO.QT-CS.42.CT2.QCD        -0.078387946 +-      0.006857612
--------------------------------------------------------------------------------------------------------------------------------------------------------------
       330         335   0.5             ud~_epvebb~                  -0.078387946 +-      0.006857612       0.9029       0 [   42]      (   0)          15876

==============================================================================================================================================================

       335         340   0.01            NNLO.QT-CS.42.CT2.QCD          3.56354795 +-       0.06739077
--------------------------------------------------------------------------------------------------------------------------------------------------------------
       335         340   0.01            ud~_epvebb~                    3.56354795 +-       0.06739077        1.178       0 [   42]      (   0)          14768

       335         340   0.05            NNLO.QT-CS.42.CT2.QCD          1.33357072 +-       0.02663772
--------------------------------------------------------------------------------------------------------------------------------------------------------------
       335         340   0.05            ud~_epvebb~                    1.33357072 +-       0.02663772        1.190       0 [   42]      (   0)          14768

       335         340   0.1             NNLO.QT-CS.42.CT2.QCD          0.73122906 +-       0.01567305
--------------------------------------------------------------------------------------------------------------------------------------------------------------
       335         340   0.1             ud~_epvebb~                    0.73122906 +-       0.01567305        1.202       0 [   42]      (   0)          14768

       335         340   0.15            NNLO.QT-CS.42.CT2.QCD          0.45908947 +-       0.01081918
--------------------------------------------------------------------------------------------------------------------------------------------------------------
       335         340   0.15            ud~_epvebb~                    0.45908947 +-       0.01081918        1.216       0 [   42]      (   0)          14768

       335         340   0.2             NNLO.QT-CS.42.CT2.QCD          0.29775647 +-       0.00805537
--------------------------------------------------------------------------------------------------------------------------------------------------------------
       335         340   0.2             ud~_epvebb~                    0.29775647 +-       0.00805537        1.230       0 [   42]      (   0)          14768

       335         340   0.25            NNLO.QT-CS.42.CT2.QCD          0.18927404 +-       0.00632219
--------------------------------------------------------------------------------------------------------------------------------------------------------------
       335         340   0.25            ud~_epvebb~                    0.18927404 +-       0.00632219        1.238       0 [   42]      (   0)          14768

       335         340   0.5             NNLO.QT-CS.42.CT2.QCD        -0.065282504 +-      0.003736241
--------------------------------------------------------------------------------------------------------------------------------------------------------------
       335         340   0.5             ud~_epvebb~                  -0.065282504 +-      0.003736241        1.273       0 [   42]      (   0)          14768

==============================================================================================================================================================

       340         345   0.01            NNLO.QT-CS.42.CT2.QCD          3.49482580 +-       0.07780505
--------------------------------------------------------------------------------------------------------------------------------------------------------------
       340         345   0.01            ud~_epvebb~                    3.49482580 +-       0.07780505        1.234       0 [   42]      (   0)          14013

       340         345   0.05            NNLO.QT-CS.42.CT2.QCD          1.30958175 +-       0.03128167
--------------------------------------------------------------------------------------------------------------------------------------------------------------
       340         345   0.05            ud~_epvebb~                    1.30958175 +-       0.03128167        1.206       0 [   42]      (   0)          14013

       340         345   0.1             NNLO.QT-CS.42.CT2.QCD          0.71886464 +-       0.01862339
--------------------------------------------------------------------------------------------------------------------------------------------------------------
       340         345   0.1             ud~_epvebb~                    0.71886464 +-       0.01862339        1.212       0 [   42]      (   0)          14013

       340         345   0.15            NNLO.QT-CS.42.CT2.QCD          0.45184961 +-       0.01295675
--------------------------------------------------------------------------------------------------------------------------------------------------------------
       340         345   0.15            ud~_epvebb~                    0.45184961 +-       0.01295675        1.214       0 [   42]      (   0)          14013

       340         345   0.2             NNLO.QT-CS.42.CT2.QCD          0.29349803 +-       0.00968228
--------------------------------------------------------------------------------------------------------------------------------------------------------------
       340         345   0.2             ud~_epvebb~                    0.29349803 +-       0.00968228        1.161       0 [   42]      (   0)          14013

       340         345   0.25            NNLO.QT-CS.42.CT2.QCD          0.18698821 +-       0.00758330
--------------------------------------------------------------------------------------------------------------------------------------------------------------
       340         345   0.25            ud~_epvebb~                    0.18698821 +-       0.00758330        1.064       0 [   42]      (   0)          14013

       340         345   0.5             NNLO.QT-CS.42.CT2.QCD        -0.063098763 +-      0.004071849
--------------------------------------------------------------------------------------------------------------------------------------------------------------
       340         345   0.5             ud~_epvebb~                  -0.063098763 +-      0.004071849        1.175       0 [   42]      (   0)          14013

==============================================================================================================================================================

       345         350   0.01            NNLO.QT-CS.42.CT2.QCD          3.23297683 +-       0.06472708
--------------------------------------------------------------------------------------------------------------------------------------------------------------
       345         350   0.01            ud~_epvebb~                    3.23297683 +-       0.06472708        1.142       0 [   42]      (   0)          13391

       345         350   0.05            NNLO.QT-CS.42.CT2.QCD          1.21248514 +-       0.02588295
--------------------------------------------------------------------------------------------------------------------------------------------------------------
       345         350   0.05            ud~_epvebb~                    1.21248514 +-       0.02588295        1.157       0 [   42]      (   0)          13391

       345         350   0.1             NNLO.QT-CS.42.CT2.QCD          0.66613004 +-       0.01539113
--------------------------------------------------------------------------------------------------------------------------------------------------------------
       345         350   0.1             ud~_epvebb~                    0.66613004 +-       0.01539113        1.166       0 [   42]      (   0)          13391

       345         350   0.15            NNLO.QT-CS.42.CT2.QCD          0.41911619 +-       0.01072722
--------------------------------------------------------------------------------------------------------------------------------------------------------------
       345         350   0.15            ud~_epvebb~                    0.41911619 +-       0.01072722        1.167       0 [   42]      (   0)          13391

       345         350   0.2             NNLO.QT-CS.42.CT2.QCD          0.27260255 +-       0.00805472
--------------------------------------------------------------------------------------------------------------------------------------------------------------
       345         350   0.2             ud~_epvebb~                    0.27260255 +-       0.00805472        1.155       0 [   42]      (   0)          13391

       345         350   0.25            NNLO.QT-CS.42.CT2.QCD          0.17404132 +-       0.00636020
--------------------------------------------------------------------------------------------------------------------------------------------------------------
       345         350   0.25            ud~_epvebb~                    0.17404132 +-       0.00636020        1.128       0 [   42]      (   0)          13391

       345         350   0.5             NNLO.QT-CS.42.CT2.QCD        -0.057453497 +-      0.003619690
--------------------------------------------------------------------------------------------------------------------------------------------------------------
       345         350   0.5             ud~_epvebb~                  -0.057453497 +-      0.003619690       0.9468       0 [   42]      (   0)          13391

==============================================================================================================================================================

       350         355   0.01            NNLO.QT-CS.42.CT2.QCD          3.01525657 +-       0.06308552
--------------------------------------------------------------------------------------------------------------------------------------------------------------
       350         355   0.01            ud~_epvebb~                    3.01525657 +-       0.06308552        1.534       0 [   42]      (   0)          12625

       350         355   0.05            NNLO.QT-CS.42.CT2.QCD          1.12791395 +-       0.02490953
--------------------------------------------------------------------------------------------------------------------------------------------------------------
       350         355   0.05            ud~_epvebb~                    1.12791395 +-       0.02490953        1.636       0 [   42]      (   0)          12625

       350         355   0.1             NNLO.QT-CS.42.CT2.QCD          0.61786483 +-       0.01462038
--------------------------------------------------------------------------------------------------------------------------------------------------------------
       350         355   0.1             ud~_epvebb~                    0.61786483 +-       0.01462038        1.736       0 [   42]      (   0)          12625

       350         355   0.15            NNLO.QT-CS.42.CT2.QCD          0.38736205 +-       0.01006100
--------------------------------------------------------------------------------------------------------------------------------------------------------------
       350         355   0.15            ud~_epvebb~                    0.38736205 +-       0.01006100        1.822       0 [   42]      (   0)          12625

       350         355   0.2             NNLO.QT-CS.42.CT2.QCD          0.25068860 +-       0.00746388
--------------------------------------------------------------------------------------------------------------------------------------------------------------
       350         355   0.2             ud~_epvebb~                    0.25068860 +-       0.00746388        1.872       0 [   42]      (   0)          12625

       350         355   0.25            NNLO.QT-CS.42.CT2.QCD          0.15877526 +-       0.00583646
--------------------------------------------------------------------------------------------------------------------------------------------------------------
       350         355   0.25            ud~_epvebb~                    0.15877526 +-       0.00583646        1.867       0 [   42]      (   0)          12625

       350         355   0.5             NNLO.QT-CS.42.CT2.QCD        -0.056951779 +-      0.003458243
--------------------------------------------------------------------------------------------------------------------------------------------------------------
       350         355   0.5             ud~_epvebb~                  -0.056951779 +-      0.003458243        1.125       0 [   42]      (   0)          12625

==============================================================================================================================================================

       355         360   0.01            NNLO.QT-CS.42.CT2.QCD          2.90630932 +-       0.06701820
--------------------------------------------------------------------------------------------------------------------------------------------------------------
       355         360   0.01            ud~_epvebb~                    2.90630932 +-       0.06701820        1.150       0 [   42]      (   0)          11896

       355         360   0.05            NNLO.QT-CS.42.CT2.QCD          1.09217681 +-       0.02624662
--------------------------------------------------------------------------------------------------------------------------------------------------------------
       355         360   0.05            ud~_epvebb~                    1.09217681 +-       0.02624662        1.161       0 [   42]      (   0)          11896

       355         360   0.1             NNLO.QT-CS.42.CT2.QCD          0.60106389 +-       0.01535624
--------------------------------------------------------------------------------------------------------------------------------------------------------------
       355         360   0.1             ud~_epvebb~                    0.60106389 +-       0.01535624        1.189       0 [   42]      (   0)          11896

       355         360   0.15            NNLO.QT-CS.42.CT2.QCD          0.37886995 +-       0.01059011
--------------------------------------------------------------------------------------------------------------------------------------------------------------
       355         360   0.15            ud~_epvebb~                    0.37886995 +-       0.01059011        1.234       0 [   42]      (   0)          11896

       355         360   0.2             NNLO.QT-CS.42.CT2.QCD          0.24700869 +-       0.00792537
--------------------------------------------------------------------------------------------------------------------------------------------------------------
       355         360   0.2             ud~_epvebb~                    0.24700869 +-       0.00792537        1.280       0 [   42]      (   0)          11896

       355         360   0.25            NNLO.QT-CS.42.CT2.QCD          0.15826483 +-       0.00630183
--------------------------------------------------------------------------------------------------------------------------------------------------------------
       355         360   0.25            ud~_epvebb~                    0.15826483 +-       0.00630183        1.271       0 [   42]      (   0)          11896

       355         360   0.5             NNLO.QT-CS.42.CT2.QCD        -0.050367323 +-      0.004179206
--------------------------------------------------------------------------------------------------------------------------------------------------------------
       355         360   0.5             ud~_epvebb~                  -0.050367323 +-      0.004179206        1.202       0 [   42]      (   0)          11896

==============================================================================================================================================================

       360         365   0.01            NNLO.QT-CS.42.CT2.QCD          2.69985918 +-       0.06032838
--------------------------------------------------------------------------------------------------------------------------------------------------------------
       360         365   0.01            ud~_epvebb~                    2.69985918 +-       0.06032838       0.6367       0 [   42]      (   0)          11275

       360         365   0.05            NNLO.QT-CS.42.CT2.QCD          1.01578986 +-       0.02408984
--------------------------------------------------------------------------------------------------------------------------------------------------------------
       360         365   0.05            ud~_epvebb~                    1.01578986 +-       0.02408984       0.5956       0 [   42]      (   0)          11275

       360         365   0.1             NNLO.QT-CS.42.CT2.QCD          0.55964228 +-       0.01426548
--------------------------------------------------------------------------------------------------------------------------------------------------------------
       360         365   0.1             ud~_epvebb~                    0.55964228 +-       0.01426548       0.5733       0 [   42]      (   0)          11275

       360         365   0.15            NNLO.QT-CS.42.CT2.QCD          0.35319787 +-       0.00988057
--------------------------------------------------------------------------------------------------------------------------------------------------------------
       360         365   0.15            ud~_epvebb~                    0.35319787 +-       0.00988057       0.5654       0 [   42]      (   0)          11275

       360         365   0.2             NNLO.QT-CS.42.CT2.QCD          0.23065162 +-       0.00735563
--------------------------------------------------------------------------------------------------------------------------------------------------------------
       360         365   0.2             ud~_epvebb~                    0.23065162 +-       0.00735563       0.5710       0 [   42]      (   0)          11275

       360         365   0.25            NNLO.QT-CS.42.CT2.QCD          0.14815869 +-       0.00574545
--------------------------------------------------------------------------------------------------------------------------------------------------------------
       360         365   0.25            ud~_epvebb~                    0.14815869 +-       0.00574545       0.6009       0 [   42]      (   0)          11275

       360         365   0.5             NNLO.QT-CS.42.CT2.QCD        -0.045869832 +-      0.003139416
--------------------------------------------------------------------------------------------------------------------------------------------------------------
       360         365   0.5             ud~_epvebb~                  -0.045869832 +-      0.003139416        1.068       0 [   42]      (   0)          11275

==============================================================================================================================================================

       365         370   0.01            NNLO.QT-CS.42.CT2.QCD          2.44776775 +-       0.05976876
--------------------------------------------------------------------------------------------------------------------------------------------------------------
       365         370   0.01            ud~_epvebb~                    2.44776775 +-       0.05976876        1.452       0 [   42]      (   0)          10576

       365         370   0.05            NNLO.QT-CS.42.CT2.QCD          0.92032526 +-       0.02407635
--------------------------------------------------------------------------------------------------------------------------------------------------------------
       365         370   0.05            ud~_epvebb~                    0.92032526 +-       0.02407635        1.435       0 [   42]      (   0)          10576

       365         370   0.1             NNLO.QT-CS.42.CT2.QCD          0.50660604 +-       0.01435126
--------------------------------------------------------------------------------------------------------------------------------------------------------------
       365         370   0.1             ud~_epvebb~                    0.50660604 +-       0.01435126        1.420       0 [   42]      (   0)          10576

       365         370   0.15            NNLO.QT-CS.42.CT2.QCD          0.31936899 +-       0.00998652
--------------------------------------------------------------------------------------------------------------------------------------------------------------
       365         370   0.15            ud~_epvebb~                    0.31936899 +-       0.00998652        1.406       0 [   42]      (   0)          10576

       365         370   0.2             NNLO.QT-CS.42.CT2.QCD          0.20822772 +-       0.00745392
--------------------------------------------------------------------------------------------------------------------------------------------------------------
       365         370   0.2             ud~_epvebb~                    0.20822772 +-       0.00745392        1.391       0 [   42]      (   0)          10576

       365         370   0.25            NNLO.QT-CS.42.CT2.QCD          0.13341461 +-       0.00581993
--------------------------------------------------------------------------------------------------------------------------------------------------------------
       365         370   0.25            ud~_epvebb~                    0.13341461 +-       0.00581993        1.374       0 [   42]      (   0)          10576

       365         370   0.5             NNLO.QT-CS.42.CT2.QCD        -0.042534058 +-      0.002996680
--------------------------------------------------------------------------------------------------------------------------------------------------------------
       365         370   0.5             ud~_epvebb~                  -0.042534058 +-      0.002996680        1.376       0 [   42]      (   0)          10576

==============================================================================================================================================================

       370         375   0.01            NNLO.QT-CS.42.CT2.QCD          2.31363120 +-       0.06191138
--------------------------------------------------------------------------------------------------------------------------------------------------------------
       370         375   0.01            ud~_epvebb~                    2.31363120 +-       0.06191138        1.149       0 [   42]      (   0)          10022

       370         375   0.05            NNLO.QT-CS.42.CT2.QCD          0.87274997 +-       0.02514744
--------------------------------------------------------------------------------------------------------------------------------------------------------------
       370         375   0.05            ud~_epvebb~                    0.87274997 +-       0.02514744        1.196       0 [   42]      (   0)          10022

       370         375   0.1             NNLO.QT-CS.42.CT2.QCD          0.48213054 +-       0.01508698
--------------------------------------------------------------------------------------------------------------------------------------------------------------
       370         375   0.1             ud~_epvebb~                    0.48213054 +-       0.01508698        1.273       0 [   42]      (   0)          10022

       370         375   0.15            NNLO.QT-CS.42.CT2.QCD          0.30524089 +-       0.01055309
--------------------------------------------------------------------------------------------------------------------------------------------------------------
       370         375   0.15            ud~_epvebb~                    0.30524089 +-       0.01055309        1.356       0 [   42]      (   0)          10022

       370         375   0.2             NNLO.QT-CS.42.CT2.QCD          0.20019100 +-       0.00790843
--------------------------------------------------------------------------------------------------------------------------------------------------------------
       370         375   0.2             ud~_epvebb~                    0.20019100 +-       0.00790843        1.390       0 [   42]      (   0)          10022

       370         375   0.25            NNLO.QT-CS.42.CT2.QCD          0.12944797 +-       0.00618870
--------------------------------------------------------------------------------------------------------------------------------------------------------------
       370         375   0.25            ud~_epvebb~                    0.12944797 +-       0.00618870        1.320       0 [   42]      (   0)          10022

       370         375   0.5             NNLO.QT-CS.42.CT2.QCD        -0.037089682 +-      0.003071547
--------------------------------------------------------------------------------------------------------------------------------------------------------------
       370         375   0.5             ud~_epvebb~                  -0.037089682 +-      0.003071547       0.7905       0 [   42]      (   0)          10022

==============================================================================================================================================================

       375         380   0.01            NNLO.QT-CS.42.CT2.QCD          2.28511656 +-       0.05401448
--------------------------------------------------------------------------------------------------------------------------------------------------------------
       375         380   0.01            ud~_epvebb~                    2.28511656 +-       0.05401448        1.212       0 [   42]      (   0)           9765

       375         380   0.05            NNLO.QT-CS.42.CT2.QCD          0.86163610 +-       0.02158777
--------------------------------------------------------------------------------------------------------------------------------------------------------------
       375         380   0.05            ud~_epvebb~                    0.86163610 +-       0.02158777        1.128       0 [   42]      (   0)           9765

       375         380   0.1             NNLO.QT-CS.42.CT2.QCD          0.47574695 +-       0.01280460
--------------------------------------------------------------------------------------------------------------------------------------------------------------
       375         380   0.1             ud~_epvebb~                    0.47574695 +-       0.01280460        1.055       0 [   42]      (   0)           9765

       375         380   0.15            NNLO.QT-CS.42.CT2.QCD          0.30100498 +-       0.00888457
--------------------------------------------------------------------------------------------------------------------------------------------------------------
       375         380   0.15            ud~_epvebb~                    0.30100498 +-       0.00888457       0.9910       0 [   42]      (   0)           9765

       375         380   0.2             NNLO.QT-CS.42.CT2.QCD          0.19723362 +-       0.00662572
--------------------------------------------------------------------------------------------------------------------------------------------------------------
       375         380   0.2             ud~_epvebb~                    0.19723362 +-       0.00662572       0.9352       0 [   42]      (   0)           9765

       375         380   0.25            NNLO.QT-CS.42.CT2.QCD          0.12735360 +-       0.00518255
--------------------------------------------------------------------------------------------------------------------------------------------------------------
       375         380   0.25            ud~_epvebb~                    0.12735360 +-       0.00518255       0.8859       0 [   42]      (   0)           9765

       375         380   0.5             NNLO.QT-CS.42.CT2.QCD        -0.037140174 +-      0.002805056
--------------------------------------------------------------------------------------------------------------------------------------------------------------
       375         380   0.5             ud~_epvebb~                  -0.037140174 +-      0.002805056       0.7712       0 [   42]      (   0)           9765

==============================================================================================================================================================

       380         385   0.01            NNLO.QT-CS.42.CT2.QCD          2.10378793 +-       0.05497747
--------------------------------------------------------------------------------------------------------------------------------------------------------------
       380         385   0.01            ud~_epvebb~                    2.10378793 +-       0.05497747       0.9204       0 [   42]      (   0)           9218

       380         385   0.05            NNLO.QT-CS.42.CT2.QCD          0.79780338 +-       0.02225093
--------------------------------------------------------------------------------------------------------------------------------------------------------------
       380         385   0.05            ud~_epvebb~                    0.79780338 +-       0.02225093       0.9101       0 [   42]      (   0)           9218

       380         385   0.1             NNLO.QT-CS.42.CT2.QCD          0.44323464 +-       0.01333192
--------------------------------------------------------------------------------------------------------------------------------------------------------------
       380         385   0.1             ud~_epvebb~                    0.44323464 +-       0.01333192       0.9128       0 [   42]      (   0)           9218

       380         385   0.15            NNLO.QT-CS.42.CT2.QCD          0.28250921 +-       0.00932699
--------------------------------------------------------------------------------------------------------------------------------------------------------------
       380         385   0.15            ud~_epvebb~                    0.28250921 +-       0.00932699       0.9328       0 [   42]      (   0)           9218

       380         385   0.2             NNLO.QT-CS.42.CT2.QCD          0.18698228 +-       0.00700055
--------------------------------------------------------------------------------------------------------------------------------------------------------------
       380         385   0.2             ud~_epvebb~                    0.18698228 +-       0.00700055       0.9791       0 [   42]      (   0)           9218

       380         385   0.25            NNLO.QT-CS.42.CT2.QCD          0.12260657 +-       0.00549576
--------------------------------------------------------------------------------------------------------------------------------------------------------------
       380         385   0.25            ud~_epvebb~                    0.12260657 +-       0.00549576        1.056       0 [   42]      (   0)           9218

       380         385   0.5             NNLO.QT-CS.42.CT2.QCD        -0.029184995 +-      0.002820942
--------------------------------------------------------------------------------------------------------------------------------------------------------------
       380         385   0.5             ud~_epvebb~                  -0.029184995 +-      0.002820942        1.319       0 [   42]      (   0)           9218

==============================================================================================================================================================

       385         390   0.01            NNLO.QT-CS.42.CT2.QCD          2.02919612 +-       0.05421513
--------------------------------------------------------------------------------------------------------------------------------------------------------------
       385         390   0.01            ud~_epvebb~                    2.02919612 +-       0.05421513        1.206       0 [   42]      (   0)           8654

       385         390   0.05            NNLO.QT-CS.42.CT2.QCD          0.76935687 +-       0.02144534
--------------------------------------------------------------------------------------------------------------------------------------------------------------
       385         390   0.05            ud~_epvebb~                    0.76935687 +-       0.02144534        1.282       0 [   42]      (   0)           8654

       385         390   0.1             NNLO.QT-CS.42.CT2.QCD          0.42720844 +-       0.01261570
--------------------------------------------------------------------------------------------------------------------------------------------------------------
       385         390   0.1             ud~_epvebb~                    0.42720844 +-       0.01261570        1.346       0 [   42]      (   0)           8654

       385         390   0.15            NNLO.QT-CS.42.CT2.QCD          0.27208786 +-       0.00870924
--------------------------------------------------------------------------------------------------------------------------------------------------------------
       385         390   0.15            ud~_epvebb~                    0.27208786 +-       0.00870924        1.392       0 [   42]      (   0)           8654

       385         390   0.2             NNLO.QT-CS.42.CT2.QCD          0.17988234 +-       0.00649015
--------------------------------------------------------------------------------------------------------------------------------------------------------------
       385         390   0.2             ud~_epvebb~                    0.17988234 +-       0.00649015        1.410       0 [   42]      (   0)           8654

       385         390   0.25            NNLO.QT-CS.42.CT2.QCD          0.11773995 +-       0.00510512
--------------------------------------------------------------------------------------------------------------------------------------------------------------
       385         390   0.25            ud~_epvebb~                    0.11773995 +-       0.00510512        1.408       0 [   42]      (   0)           8654

       385         390   0.5             NNLO.QT-CS.42.CT2.QCD        -0.028805626 +-      0.003095053
--------------------------------------------------------------------------------------------------------------------------------------------------------------
       385         390   0.5             ud~_epvebb~                  -0.028805626 +-      0.003095053        1.192       0 [   42]      (   0)           8654

==============================================================================================================================================================

       390         395   0.01            NNLO.QT-CS.42.CT2.QCD          1.84765778 +-       0.05121428
--------------------------------------------------------------------------------------------------------------------------------------------------------------
       390         395   0.01            ud~_epvebb~                    1.84765778 +-       0.05121428        1.132       0 [   42]      (   0)           8220

       390         395   0.05            NNLO.QT-CS.42.CT2.QCD          0.69543648 +-       0.02063748
--------------------------------------------------------------------------------------------------------------------------------------------------------------
       390         395   0.05            ud~_epvebb~                    0.69543648 +-       0.02063748        1.151       0 [   42]      (   0)           8220

       390         395   0.1             NNLO.QT-CS.42.CT2.QCD          0.38300312 +-       0.01230207
--------------------------------------------------------------------------------------------------------------------------------------------------------------
       390         395   0.1             ud~_epvebb~                    0.38300312 +-       0.01230207        1.161       0 [   42]      (   0)           8220

       390         395   0.15            NNLO.QT-CS.42.CT2.QCD          0.24151363 +-       0.00856013
--------------------------------------------------------------------------------------------------------------------------------------------------------------
       390         395   0.15            ud~_epvebb~                    0.24151363 +-       0.00856013        1.162       0 [   42]      (   0)           8220

       390         395   0.2             NNLO.QT-CS.42.CT2.QCD          0.15748825 +-       0.00638855
--------------------------------------------------------------------------------------------------------------------------------------------------------------
       390         395   0.2             ud~_epvebb~                    0.15748825 +-       0.00638855        1.146       0 [   42]      (   0)           8220

       390         395   0.25            NNLO.QT-CS.42.CT2.QCD          0.10090611 +-       0.00498730
--------------------------------------------------------------------------------------------------------------------------------------------------------------
       390         395   0.25            ud~_epvebb~                    0.10090611 +-       0.00498730        1.105       0 [   42]      (   0)           8220

       390         395   0.5             NNLO.QT-CS.42.CT2.QCD        -0.032269008 +-      0.002566228
--------------------------------------------------------------------------------------------------------------------------------------------------------------
       390         395   0.5             ud~_epvebb~                  -0.032269008 +-      0.002566228       0.7256       0 [   42]      (   0)           8220

==============================================================================================================================================================

       395         400   0.01            NNLO.QT-CS.42.CT2.QCD          1.72660623 +-       0.05605719
--------------------------------------------------------------------------------------------------------------------------------------------------------------
       395         400   0.01            ud~_epvebb~                    1.72660623 +-       0.05605719       0.7604       0 [   42]      (   0)           7932

       395         400   0.05            NNLO.QT-CS.42.CT2.QCD          0.64993075 +-       0.02199104
--------------------------------------------------------------------------------------------------------------------------------------------------------------
       395         400   0.05            ud~_epvebb~                    0.64993075 +-       0.02199104       0.7800       0 [   42]      (   0)           7932

       395         400   0.1             NNLO.QT-CS.42.CT2.QCD          0.35807489 +-       0.01280688
--------------------------------------------------------------------------------------------------------------------------------------------------------------
       395         400   0.1             ud~_epvebb~                    0.35807489 +-       0.01280688       0.8270       0 [   42]      (   0)           7932

       395         400   0.15            NNLO.QT-CS.42.CT2.QCD          0.22592635 +-       0.00873146
--------------------------------------------------------------------------------------------------------------------------------------------------------------
       395         400   0.15            ud~_epvebb~                    0.22592635 +-       0.00873146       0.8994       0 [   42]      (   0)           7932

       395         400   0.2             NNLO.QT-CS.42.CT2.QCD          0.14745701 +-       0.00640556
--------------------------------------------------------------------------------------------------------------------------------------------------------------
       395         400   0.2             ud~_epvebb~                    0.14745701 +-       0.00640556       0.9968       0 [   42]      (   0)           7932

       395         400   0.25            NNLO.QT-CS.42.CT2.QCD         0.094620825 +-      0.004946201
--------------------------------------------------------------------------------------------------------------------------------------------------------------
       395         400   0.25            ud~_epvebb~                   0.094620825 +-      0.004946201        1.104       0 [   42]      (   0)           7932

       395         400   0.5             NNLO.QT-CS.42.CT2.QCD        -0.029718523 +-      0.002885106
--------------------------------------------------------------------------------------------------------------------------------------------------------------
       395         400   0.5             ud~_epvebb~                  -0.029718523 +-      0.002885106        1.547       0 [   42]      (   0)           7932

==============================================================================================================================================================

       400         405   0.01            NNLO.QT-CS.42.CT2.QCD          1.64966487 +-       0.04674363
--------------------------------------------------------------------------------------------------------------------------------------------------------------
       400         405   0.01            ud~_epvebb~                    1.64966487 +-       0.04674363        1.020       0 [   42]      (   0)           7450

       400         405   0.05            NNLO.QT-CS.42.CT2.QCD          0.62499347 +-       0.01878449
--------------------------------------------------------------------------------------------------------------------------------------------------------------
       400         405   0.05            ud~_epvebb~                    0.62499347 +-       0.01878449       0.9997       0 [   42]      (   0)           7450

       400         405   0.1             NNLO.QT-CS.42.CT2.QCD          0.34675108 +-       0.01118612
--------------------------------------------------------------------------------------------------------------------------------------------------------------
       400         405   0.1             ud~_epvebb~                    0.34675108 +-       0.01118612       0.9782       0 [   42]      (   0)           7450

       400         405   0.15            NNLO.QT-CS.42.CT2.QCD          0.22061644 +-       0.00777974
--------------------------------------------------------------------------------------------------------------------------------------------------------------
       400         405   0.15            ud~_epvebb~                    0.22061644 +-       0.00777974       0.9554       0 [   42]      (   0)           7450

       400         405   0.2             NNLO.QT-CS.42.CT2.QCD          0.14564674 +-       0.00580383
--------------------------------------------------------------------------------------------------------------------------------------------------------------
       400         405   0.2             ud~_epvebb~                    0.14564674 +-       0.00580383       0.9350       0 [   42]      (   0)           7450

       400         405   0.25            NNLO.QT-CS.42.CT2.QCD         0.095124341 +-      0.004528406
--------------------------------------------------------------------------------------------------------------------------------------------------------------
       400         405   0.25            ud~_epvebb~                   0.095124341 +-      0.004528406       0.9185       0 [   42]      (   0)           7450

       400         405   0.5             NNLO.QT-CS.42.CT2.QCD        -0.023997699 +-      0.002309062
--------------------------------------------------------------------------------------------------------------------------------------------------------------
       400         405   0.5             ud~_epvebb~                  -0.023997699 +-      0.002309062       0.9800       0 [   42]      (   0)           7450

==============================================================================================================================================================

       405         410   0.01            NNLO.QT-CS.42.CT2.QCD          1.57967055 +-       0.04641820
--------------------------------------------------------------------------------------------------------------------------------------------------------------
       405         410   0.01            ud~_epvebb~                    1.57967055 +-       0.04641820       0.8370       0 [   42]      (   0)           7238

       405         410   0.05            NNLO.QT-CS.42.CT2.QCD          0.59586153 +-       0.01858970
--------------------------------------------------------------------------------------------------------------------------------------------------------------
       405         410   0.05            ud~_epvebb~                    0.59586153 +-       0.01858970       0.9024       0 [   42]      (   0)           7238

       405         410   0.1             NNLO.QT-CS.42.CT2.QCD          0.32887572 +-       0.01104086
--------------------------------------------------------------------------------------------------------------------------------------------------------------
       405         410   0.1             ud~_epvebb~                    0.32887572 +-       0.01104086       0.9633       0 [   42]      (   0)           7238

       405         410   0.15            NNLO.QT-CS.42.CT2.QCD          0.20790373 +-       0.00767071
--------------------------------------------------------------------------------------------------------------------------------------------------------------
       405         410   0.15            ud~_epvebb~                    0.20790373 +-       0.00767071        1.014       0 [   42]      (   0)           7238

       405         410   0.2             NNLO.QT-CS.42.CT2.QCD          0.13603354 +-       0.00572957
--------------------------------------------------------------------------------------------------------------------------------------------------------------
       405         410   0.2             ud~_epvebb~                    0.13603354 +-       0.00572957        1.048       0 [   42]      (   0)           7238

       405         410   0.25            NNLO.QT-CS.42.CT2.QCD         0.087619514 +-      0.004490775
--------------------------------------------------------------------------------------------------------------------------------------------------------------
       405         410   0.25            ud~_epvebb~                   0.087619514 +-      0.004490775        1.059       0 [   42]      (   0)           7238

       405         410   0.5             NNLO.QT-CS.42.CT2.QCD        -0.026418926 +-      0.002460307
--------------------------------------------------------------------------------------------------------------------------------------------------------------
       405         410   0.5             ud~_epvebb~                  -0.026418926 +-      0.002460307       0.8910       0 [   42]      (   0)           7238

==============================================================================================================================================================

       410         415   0.01            NNLO.QT-CS.42.CT2.QCD          1.48029387 +-       0.04957582
--------------------------------------------------------------------------------------------------------------------------------------------------------------
       410         415   0.01            ud~_epvebb~                    1.48029387 +-       0.04957582        1.453       0 [   42]      (   0)           6659

       410         415   0.05            NNLO.QT-CS.42.CT2.QCD          0.56246438 +-       0.01999846
--------------------------------------------------------------------------------------------------------------------------------------------------------------
       410         415   0.05            ud~_epvebb~                    0.56246438 +-       0.01999846        1.533       0 [   42]      (   0)           6659

       410         415   0.1             NNLO.QT-CS.42.CT2.QCD          0.31285516 +-       0.01190257
--------------------------------------------------------------------------------------------------------------------------------------------------------------
       410         415   0.1             ud~_epvebb~                    0.31285516 +-       0.01190257        1.612       0 [   42]      (   0)           6659

       410         415   0.15            NNLO.QT-CS.42.CT2.QCD          0.19959441 +-       0.00824935
--------------------------------------------------------------------------------------------------------------------------------------------------------------
       410         415   0.15            ud~_epvebb~                    0.19959441 +-       0.00824935        1.673       0 [   42]      (   0)           6659

       410         415   0.2             NNLO.QT-CS.42.CT2.QCD          0.13222899 +-       0.00611408
--------------------------------------------------------------------------------------------------------------------------------------------------------------
       410         415   0.2             ud~_epvebb~                    0.13222899 +-       0.00611408        1.699       0 [   42]      (   0)           6659

       410         415   0.25            NNLO.QT-CS.42.CT2.QCD         0.086804044 +-      0.004722308
--------------------------------------------------------------------------------------------------------------------------------------------------------------
       410         415   0.25            ud~_epvebb~                   0.086804044 +-      0.004722308        1.672       0 [   42]      (   0)           6659

       410         415   0.5             NNLO.QT-CS.42.CT2.QCD        -0.020434652 +-      0.002230294
--------------------------------------------------------------------------------------------------------------------------------------------------------------
       410         415   0.5             ud~_epvebb~                  -0.020434652 +-      0.002230294        1.180       0 [   42]      (   0)           6659

==============================================================================================================================================================

       415         420   0.01            NNLO.QT-CS.42.CT2.QCD          1.38605730 +-       0.04369965
--------------------------------------------------------------------------------------------------------------------------------------------------------------
       415         420   0.01            ud~_epvebb~                    1.38605730 +-       0.04369965        1.533       0 [   42]      (   0)           6508

       415         420   0.05            NNLO.QT-CS.42.CT2.QCD          0.52489725 +-       0.01766998
--------------------------------------------------------------------------------------------------------------------------------------------------------------
       415         420   0.05            ud~_epvebb~                    0.52489725 +-       0.01766998        1.528       0 [   42]      (   0)           6508

       415         420   0.1             NNLO.QT-CS.42.CT2.QCD          0.29099402 +-       0.01061560
--------------------------------------------------------------------------------------------------------------------------------------------------------------
       415         420   0.1             ud~_epvebb~                    0.29099402 +-       0.01061560        1.519       0 [   42]      (   0)           6508

       415         420   0.15            NNLO.QT-CS.42.CT2.QCD          0.18494575 +-       0.00746989
--------------------------------------------------------------------------------------------------------------------------------------------------------------
       415         420   0.15            ud~_epvebb~                    0.18494575 +-       0.00746989        1.501       0 [   42]      (   0)           6508

       415         420   0.2             NNLO.QT-CS.42.CT2.QCD          0.12190952 +-       0.00565931
--------------------------------------------------------------------------------------------------------------------------------------------------------------
       415         420   0.2             ud~_epvebb~                    0.12190952 +-       0.00565931        1.449       0 [   42]      (   0)           6508

       415         420   0.25            NNLO.QT-CS.42.CT2.QCD         0.079426673 +-      0.004502483
--------------------------------------------------------------------------------------------------------------------------------------------------------------
       415         420   0.25            ud~_epvebb~                   0.079426673 +-      0.004502483        1.340       0 [   42]      (   0)           6508

       415         420   0.5             NNLO.QT-CS.42.CT2.QCD        -0.020748467 +-      0.002518817
--------------------------------------------------------------------------------------------------------------------------------------------------------------
       415         420   0.5             ud~_epvebb~                  -0.020748467 +-      0.002518817       0.8193       0 [   42]      (   0)           6508

==============================================================================================================================================================

       420         425   0.01            NNLO.QT-CS.42.CT2.QCD          1.26401974 +-       0.04158683
--------------------------------------------------------------------------------------------------------------------------------------------------------------
       420         425   0.01            ud~_epvebb~                    1.26401974 +-       0.04158683        1.463       0 [   42]      (   0)           6351

       420         425   0.05            NNLO.QT-CS.42.CT2.QCD          0.47334657 +-       0.01617474
--------------------------------------------------------------------------------------------------------------------------------------------------------------
       420         425   0.05            ud~_epvebb~                    0.47334657 +-       0.01617474        1.508       0 [   42]      (   0)           6351

       420         425   0.1             NNLO.QT-CS.42.CT2.QCD          0.25905712 +-       0.00937262
--------------------------------------------------------------------------------------------------------------------------------------------------------------
       420         425   0.1             ud~_epvebb~                    0.25905712 +-       0.00937262        1.570       0 [   42]      (   0)           6351

       420         425   0.15            NNLO.QT-CS.42.CT2.QCD          0.16205779 +-       0.00639358
--------------------------------------------------------------------------------------------------------------------------------------------------------------
       420         425   0.15            ud~_epvebb~                    0.16205779 +-       0.00639358        1.646       0 [   42]      (   0)           6351

       420         425   0.2             NNLO.QT-CS.42.CT2.QCD          0.10447758 +-       0.00473097
--------------------------------------------------------------------------------------------------------------------------------------------------------------
       420         425   0.2             ud~_epvebb~                    0.10447758 +-       0.00473097        1.728       0 [   42]      (   0)           6351

       420         425   0.25            NNLO.QT-CS.42.CT2.QCD         0.065719076 +-      0.003725605
--------------------------------------------------------------------------------------------------------------------------------------------------------------
       420         425   0.25            ud~_epvebb~                   0.065719076 +-      0.003725605        1.757       0 [   42]      (   0)           6351

       420         425   0.5             NNLO.QT-CS.42.CT2.QCD        -0.025412755 +-      0.002534996
--------------------------------------------------------------------------------------------------------------------------------------------------------------
       420         425   0.5             ud~_epvebb~                  -0.025412755 +-      0.002534996        1.132       0 [   42]      (   0)           6351

==============================================================================================================================================================

       425         430   0.01            NNLO.QT-CS.42.CT2.QCD          1.28409060 +-       0.05306136
--------------------------------------------------------------------------------------------------------------------------------------------------------------
       425         430   0.01            ud~_epvebb~                    1.28409060 +-       0.05306136        2.680       0 [   42]      (   0)           5915

       425         430   0.05            NNLO.QT-CS.42.CT2.QCD          0.48641225 +-       0.02121898
--------------------------------------------------------------------------------------------------------------------------------------------------------------
       425         430   0.05            ud~_epvebb~                    0.48641225 +-       0.02121898        2.842       0 [   42]      (   0)           5915

       425         430   0.1             NNLO.QT-CS.42.CT2.QCD          0.26952264 +-       0.01248057
--------------------------------------------------------------------------------------------------------------------------------------------------------------
       425         430   0.1             ud~_epvebb~                    0.26952264 +-       0.01248057        2.937       0 [   42]      (   0)           5915

       425         430   0.15            NNLO.QT-CS.42.CT2.QCD          0.17112933 +-       0.00852297
--------------------------------------------------------------------------------------------------------------------------------------------------------------
       425         430   0.15            ud~_epvebb~                    0.17112933 +-       0.00852297        2.912       0 [   42]      (   0)           5915

       425         430   0.2             NNLO.QT-CS.42.CT2.QCD          0.11261871 +-       0.00619820
--------------------------------------------------------------------------------------------------------------------------------------------------------------
       425         430   0.2             ud~_epvebb~                    0.11261871 +-       0.00619820        2.732       0 [   42]      (   0)           5915

       425         430   0.25            NNLO.QT-CS.42.CT2.QCD         0.073172576 +-      0.004673357
--------------------------------------------------------------------------------------------------------------------------------------------------------------
       425         430   0.25            ud~_epvebb~                   0.073172576 +-      0.004673357        2.413       0 [   42]      (   0)           5915

       425         430   0.5             NNLO.QT-CS.42.CT2.QCD        -0.019902585 +-      0.001987178
--------------------------------------------------------------------------------------------------------------------------------------------------------------
       425         430   0.5             ud~_epvebb~                  -0.019902585 +-      0.001987178       0.9268       0 [   42]      (   0)           5915

==============================================================================================================================================================

       430         435   0.01            NNLO.QT-CS.42.CT2.QCD          1.19804043 +-       0.03820089
--------------------------------------------------------------------------------------------------------------------------------------------------------------
       430         435   0.01            ud~_epvebb~                    1.19804043 +-       0.03820089        1.043       0 [   42]      (   0)           5863

       430         435   0.05            NNLO.QT-CS.42.CT2.QCD          0.45588615 +-       0.01548500
--------------------------------------------------------------------------------------------------------------------------------------------------------------
       430         435   0.05            ud~_epvebb~                    0.45588615 +-       0.01548500        1.029       0 [   42]      (   0)           5863

       430         435   0.1             NNLO.QT-CS.42.CT2.QCD          0.25391058 +-       0.00927494
--------------------------------------------------------------------------------------------------------------------------------------------------------------
       430         435   0.1             ud~_epvebb~                    0.25391058 +-       0.00927494        1.027       0 [   42]      (   0)           5863

       430         435   0.15            NNLO.QT-CS.42.CT2.QCD          0.16222287 +-       0.00647546
--------------------------------------------------------------------------------------------------------------------------------------------------------------
       430         435   0.15            ud~_epvebb~                    0.16222287 +-       0.00647546        1.030       0 [   42]      (   0)           5863

       430         435   0.2             NNLO.QT-CS.42.CT2.QCD          0.10767023 +-       0.00484051
--------------------------------------------------------------------------------------------------------------------------------------------------------------
       430         435   0.2             ud~_epvebb~                    0.10767023 +-       0.00484051        1.037       0 [   42]      (   0)           5863

       430         435   0.25            NNLO.QT-CS.42.CT2.QCD         0.070874371 +-      0.003774995
--------------------------------------------------------------------------------------------------------------------------------------------------------------
       430         435   0.25            ud~_epvebb~                   0.070874371 +-      0.003774995        1.038       0 [   42]      (   0)           5863

       430         435   0.5             NNLO.QT-CS.42.CT2.QCD        -0.016046793 +-      0.001825332
--------------------------------------------------------------------------------------------------------------------------------------------------------------
       430         435   0.5             ud~_epvebb~                  -0.016046793 +-      0.001825332       0.9107       0 [   42]      (   0)           5863

==============================================================================================================================================================

       435         440   0.01            NNLO.QT-CS.42.CT2.QCD          1.12164465 +-       0.04269314
--------------------------------------------------------------------------------------------------------------------------------------------------------------
       435         440   0.01            ud~_epvebb~                    1.12164465 +-       0.04269314        1.613       0 [   42]      (   0)           5355

       435         440   0.05            NNLO.QT-CS.42.CT2.QCD          0.42480380 +-       0.01678887
--------------------------------------------------------------------------------------------------------------------------------------------------------------
       435         440   0.05            ud~_epvebb~                    0.42480380 +-       0.01678887        1.684       0 [   42]      (   0)           5355

       435         440   0.1             NNLO.QT-CS.42.CT2.QCD          0.23534483 +-       0.00985727
--------------------------------------------------------------------------------------------------------------------------------------------------------------
       435         440   0.1             ud~_epvebb~                    0.23534483 +-       0.00985727        1.789       0 [   42]      (   0)           5355

       435         440   0.15            NNLO.QT-CS.42.CT2.QCD          0.14939968 +-       0.00681545
--------------------------------------------------------------------------------------------------------------------------------------------------------------
       435         440   0.15            ud~_epvebb~                    0.14939968 +-       0.00681545        2.230       0 [   42]      (   0)           5355

       435         440   0.2             NNLO.QT-CS.42.CT2.QCD         0.098293431 +-      0.005107054
--------------------------------------------------------------------------------------------------------------------------------------------------------------
       435         440   0.2             ud~_epvebb~                   0.098293431 +-      0.005107054        1.925       0 [   42]      (   0)           5355

       435         440   0.25            NNLO.QT-CS.42.CT2.QCD         0.063840263 +-      0.004058114
--------------------------------------------------------------------------------------------------------------------------------------------------------------
       435         440   0.25            ud~_epvebb~                   0.063840263 +-      0.004058114        1.710       0 [   42]      (   0)           5355

       435         440   0.5             NNLO.QT-CS.42.CT2.QCD        -0.017447594 +-      0.002624334
--------------------------------------------------------------------------------------------------------------------------------------------------------------
       435         440   0.5             ud~_epvebb~                  -0.017447594 +-      0.002624334        1.062       0 [   42]      (   0)           5355

==============================================================================================================================================================

       440         445   0.01            NNLO.QT-CS.42.CT2.QCD          1.02938859 +-       0.03810968
--------------------------------------------------------------------------------------------------------------------------------------------------------------
       440         445   0.01            ud~_epvebb~                    1.02938859 +-       0.03810968        1.502       0 [   42]      (   0)           5216

       440         445   0.05            NNLO.QT-CS.42.CT2.QCD          0.38953176 +-       0.01539858
--------------------------------------------------------------------------------------------------------------------------------------------------------------
       440         445   0.05            ud~_epvebb~                    0.38953176 +-       0.01539858        1.574       0 [   42]      (   0)           5216

       440         445   0.1             NNLO.QT-CS.42.CT2.QCD          0.21560193 +-       0.00921529
--------------------------------------------------------------------------------------------------------------------------------------------------------------
       440         445   0.1             ud~_epvebb~                    0.21560193 +-       0.00921529        1.628       0 [   42]      (   0)           5216

       440         445   0.15            NNLO.QT-CS.42.CT2.QCD          0.13671329 +-       0.00644542
--------------------------------------------------------------------------------------------------------------------------------------------------------------
       440         445   0.15            ud~_epvebb~                    0.13671329 +-       0.00644542        1.660       0 [   42]      (   0)           5216

       440         445   0.2             NNLO.QT-CS.42.CT2.QCD         0.089808956 +-      0.004842871
--------------------------------------------------------------------------------------------------------------------------------------------------------------
       440         445   0.2             ud~_epvebb~                   0.089808956 +-      0.004842871        1.672       0 [   42]      (   0)           5216

       440         445   0.25            NNLO.QT-CS.42.CT2.QCD         0.058192050 +-      0.003812893
--------------------------------------------------------------------------------------------------------------------------------------------------------------
       440         445   0.25            ud~_epvebb~                   0.058192050 +-      0.003812893        1.652       0 [   42]      (   0)           5216

       440         445   0.5             NNLO.QT-CS.42.CT2.QCD        -0.016384655 +-      0.002039805
--------------------------------------------------------------------------------------------------------------------------------------------------------------
       440         445   0.5             ud~_epvebb~                  -0.016384655 +-      0.002039805       0.8081       0 [   42]      (   0)           5216

==============================================================================================================================================================

       445         450   0.01            NNLO.QT-CS.42.CT2.QCD          1.03215177 +-       0.04663876
--------------------------------------------------------------------------------------------------------------------------------------------------------------
       445         450   0.01            ud~_epvebb~                    1.03215177 +-       0.04663876        1.075       0 [   42]      (   0)           4932

       445         450   0.05            NNLO.QT-CS.42.CT2.QCD          0.39147864 +-       0.01815270
--------------------------------------------------------------------------------------------------------------------------------------------------------------
       445         450   0.05            ud~_epvebb~                    0.39147864 +-       0.01815270        1.194       0 [   42]      (   0)           4932

       445         450   0.1             NNLO.QT-CS.42.CT2.QCD          0.21717043 +-       0.01047467
--------------------------------------------------------------------------------------------------------------------------------------------------------------
       445         450   0.1             ud~_epvebb~                    0.21717043 +-       0.01047467        1.333       0 [   42]      (   0)           4932

       445         450   0.15            NNLO.QT-CS.42.CT2.QCD          0.13806531 +-       0.00707258
--------------------------------------------------------------------------------------------------------------------------------------------------------------
       445         450   0.15            ud~_epvebb~                    0.13806531 +-       0.00707258        1.511       0 [   42]      (   0)           4932

       445         450   0.2             NNLO.QT-CS.42.CT2.QCD         0.091011892 +-      0.005138439
--------------------------------------------------------------------------------------------------------------------------------------------------------------
       445         450   0.2             ud~_epvebb~                   0.091011892 +-      0.005138439        1.765       0 [   42]      (   0)           4932

       445         450   0.25            NNLO.QT-CS.42.CT2.QCD         0.059282710 +-      0.003935941
--------------------------------------------------------------------------------------------------------------------------------------------------------------
       445         450   0.25            ud~_epvebb~                   0.059282710 +-      0.003935941        1.828       0 [   42]      (   0)           4932

       445         450   0.5             NNLO.QT-CS.42.CT2.QCD        -0.015619024 +-      0.002399461
--------------------------------------------------------------------------------------------------------------------------------------------------------------
       445         450   0.5             ud~_epvebb~                  -0.015619024 +-      0.002399461        1.166       0 [   42]      (   0)           4932

==============================================================================================================================================================

       450         455   0.01            NNLO.QT-CS.42.CT2.QCD          0.94913106 +-       0.03959891
--------------------------------------------------------------------------------------------------------------------------------------------------------------
       450         455   0.01            ud~_epvebb~                    0.94913106 +-       0.03959891        2.442       0 [   42]      (   0)           4807

       450         455   0.05            NNLO.QT-CS.42.CT2.QCD          0.36104695 +-       0.01626903
--------------------------------------------------------------------------------------------------------------------------------------------------------------
       450         455   0.05            ud~_epvebb~                    0.36104695 +-       0.01626903        2.465       0 [   42]      (   0)           4807

       450         455   0.1             NNLO.QT-CS.42.CT2.QCD          0.20088683 +-       0.00985180
--------------------------------------------------------------------------------------------------------------------------------------------------------------
       450         455   0.1             ud~_epvebb~                    0.20088683 +-       0.00985180        2.482       0 [   42]      (   0)           4807

       450         455   0.15            NNLO.QT-CS.42.CT2.QCD          0.12815379 +-       0.00694650
--------------------------------------------------------------------------------------------------------------------------------------------------------------
       450         455   0.15            ud~_epvebb~                    0.12815379 +-       0.00694650        2.495       0 [   42]      (   0)           4807

       450         455   0.2             NNLO.QT-CS.42.CT2.QCD         0.084867812 +-      0.005242321
--------------------------------------------------------------------------------------------------------------------------------------------------------------
       450         455   0.2             ud~_epvebb~                   0.084867812 +-      0.005242321        2.466       0 [   42]      (   0)           4807

       450         455   0.25            NNLO.QT-CS.42.CT2.QCD         0.055665626 +-      0.004125093
--------------------------------------------------------------------------------------------------------------------------------------------------------------
       450         455   0.25            ud~_epvebb~                   0.055665626 +-      0.004125093        2.325       0 [   42]      (   0)           4807

       450         455   0.5             NNLO.QT-CS.42.CT2.QCD        -0.013341466 +-      0.001989976
--------------------------------------------------------------------------------------------------------------------------------------------------------------
       450         455   0.5             ud~_epvebb~                  -0.013341466 +-      0.001989976        1.209       0 [   42]      (   0)           4807

==============================================================================================================================================================

       455         460   0.01            NNLO.QT-CS.42.CT2.QCD          0.91259439 +-       0.04035179
--------------------------------------------------------------------------------------------------------------------------------------------------------------
       455         460   0.01            ud~_epvebb~                    0.91259439 +-       0.04035179        1.027       0 [   42]      (   0)           4543

       455         460   0.05            NNLO.QT-CS.42.CT2.QCD          0.34747192 +-       0.01622068
--------------------------------------------------------------------------------------------------------------------------------------------------------------
       455         460   0.05            ud~_epvebb~                    0.34747192 +-       0.01622068       0.9975       0 [   42]      (   0)           4543

       455         460   0.1             NNLO.QT-CS.42.CT2.QCD          0.19349454 +-       0.00966703
--------------------------------------------------------------------------------------------------------------------------------------------------------------
       455         460   0.1             ud~_epvebb~                    0.19349454 +-       0.00966703       0.9756       0 [   42]      (   0)           4543

       455         460   0.15            NNLO.QT-CS.42.CT2.QCD          0.12354934 +-       0.00674314
--------------------------------------------------------------------------------------------------------------------------------------------------------------
       455         460   0.15            ud~_epvebb~                    0.12354934 +-       0.00674314       0.9705       0 [   42]      (   0)           4543

       455         460   0.2             NNLO.QT-CS.42.CT2.QCD         0.081913595 +-      0.005062441
--------------------------------------------------------------------------------------------------------------------------------------------------------------
       455         460   0.2             ud~_epvebb~                   0.081913595 +-      0.005062441       0.9769       0 [   42]      (   0)           4543

       455         460   0.25            NNLO.QT-CS.42.CT2.QCD         0.053819613 +-      0.003993409
--------------------------------------------------------------------------------------------------------------------------------------------------------------
       455         460   0.25            ud~_epvebb~                   0.053819613 +-      0.003993409       0.9764       0 [   42]      (   0)           4543

       455         460   0.5             NNLO.QT-CS.42.CT2.QCD        -0.012594309 +-      0.002254333
--------------------------------------------------------------------------------------------------------------------------------------------------------------
       455         460   0.5             ud~_epvebb~                  -0.012594309 +-      0.002254333       0.7510       0 [   42]      (   0)           4543

==============================================================================================================================================================

       460         465   0.01            NNLO.QT-CS.42.CT2.QCD          0.77810876 +-       0.03796165
--------------------------------------------------------------------------------------------------------------------------------------------------------------
       460         465   0.01            ud~_epvebb~                    0.77810876 +-       0.03796165        1.806       0 [   42]      (   0)           4379

       460         465   0.05            NNLO.QT-CS.42.CT2.QCD          0.29300744 +-       0.01512615
--------------------------------------------------------------------------------------------------------------------------------------------------------------
       460         465   0.05            ud~_epvebb~                    0.29300744 +-       0.01512615        1.886       0 [   42]      (   0)           4379

       460         465   0.1             NNLO.QT-CS.42.CT2.QCD          0.16119944 +-       0.00889974
--------------------------------------------------------------------------------------------------------------------------------------------------------------
       460         465   0.1             ud~_epvebb~                    0.16119944 +-       0.00889974        1.946       0 [   42]      (   0)           4379

       460         465   0.15            NNLO.QT-CS.42.CT2.QCD          0.10143928 +-       0.00610393
--------------------------------------------------------------------------------------------------------------------------------------------------------------
       460         465   0.15            ud~_epvebb~                    0.10143928 +-       0.00610393        1.982       0 [   42]      (   0)           4379

       460         465   0.2             NNLO.QT-CS.42.CT2.QCD         0.065920935 +-      0.004482338
--------------------------------------------------------------------------------------------------------------------------------------------------------------
       460         465   0.2             ud~_epvebb~                   0.065920935 +-      0.004482338        1.959       0 [   42]      (   0)           4379

       460         465   0.25            NNLO.QT-CS.42.CT2.QCD         0.041987426 +-      0.003439268
--------------------------------------------------------------------------------------------------------------------------------------------------------------
       460         465   0.25            ud~_epvebb~                   0.041987426 +-      0.003439268        1.820       0 [   42]      (   0)           4379

       460         465   0.5             NNLO.QT-CS.42.CT2.QCD        -0.014415522 +-      0.001755877
--------------------------------------------------------------------------------------------------------------------------------------------------------------
       460         465   0.5             ud~_epvebb~                  -0.014415522 +-      0.001755877       0.7789       0 [   42]      (   0)           4379

==============================================================================================================================================================

       465         470   0.01            NNLO.QT-CS.42.CT2.QCD          0.77455742 +-       0.03437362
--------------------------------------------------------------------------------------------------------------------------------------------------------------
       465         470   0.01            ud~_epvebb~                    0.77455742 +-       0.03437362        1.743       0 [   42]      (   0)           4215

       465         470   0.05            NNLO.QT-CS.42.CT2.QCD          0.29371637 +-       0.01371884
--------------------------------------------------------------------------------------------------------------------------------------------------------------
       465         470   0.05            ud~_epvebb~                    0.29371637 +-       0.01371884        1.740       0 [   42]      (   0)           4215

       465         470   0.1             NNLO.QT-CS.42.CT2.QCD          0.16286372 +-       0.00809772
--------------------------------------------------------------------------------------------------------------------------------------------------------------
       465         470   0.1             ud~_epvebb~                    0.16286372 +-       0.00809772        1.756       0 [   42]      (   0)           4215

       465         470   0.15            NNLO.QT-CS.42.CT2.QCD          0.10347201 +-       0.00557995
--------------------------------------------------------------------------------------------------------------------------------------------------------------
       465         470   0.15            ud~_epvebb~                    0.10347201 +-       0.00557995        1.781       0 [   42]      (   0)           4215

       465         470   0.2             NNLO.QT-CS.42.CT2.QCD         0.068141331 +-      0.004124432
--------------------------------------------------------------------------------------------------------------------------------------------------------------
       465         470   0.2             ud~_epvebb~                   0.068141331 +-      0.004124432        1.791       0 [   42]      (   0)           4215

       465         470   0.25            NNLO.QT-CS.42.CT2.QCD         0.044315336 +-      0.003192135
--------------------------------------------------------------------------------------------------------------------------------------------------------------
       465         470   0.25            ud~_epvebb~                   0.044315336 +-      0.003192135        1.736       0 [   42]      (   0)           4215

       465         470   0.5             NNLO.QT-CS.42.CT2.QCD        -0.011937291 +-      0.001688493
--------------------------------------------------------------------------------------------------------------------------------------------------------------
       465         470   0.5             ud~_epvebb~                  -0.011937291 +-      0.001688493       0.8539       0 [   42]      (   0)           4215

==============================================================================================================================================================

       470         475   0.01            NNLO.QT-CS.42.CT2.QCD          0.75820818 +-       0.03501403
--------------------------------------------------------------------------------------------------------------------------------------------------------------
       470         475   0.01            ud~_epvebb~                    0.75820818 +-       0.03501403        2.051       0 [   42]      (   0)           4149

       470         475   0.05            NNLO.QT-CS.42.CT2.QCD          0.28696373 +-       0.01402332
--------------------------------------------------------------------------------------------------------------------------------------------------------------
       470         475   0.05            ud~_epvebb~                    0.28696373 +-       0.01402332        2.494       0 [   42]      (   0)           4149

       470         475   0.1             NNLO.QT-CS.42.CT2.QCD          0.15871876 +-       0.00830645
--------------------------------------------------------------------------------------------------------------------------------------------------------------
       470         475   0.1             ud~_epvebb~                    0.15871876 +-       0.00830645        2.617       0 [   42]      (   0)           4149

       470         475   0.15            NNLO.QT-CS.42.CT2.QCD          0.10051367 +-       0.00574165
--------------------------------------------------------------------------------------------------------------------------------------------------------------
       470         475   0.15            ud~_epvebb~                    0.10051367 +-       0.00574165        2.425       0 [   42]      (   0)           4149

       470         475   0.2             NNLO.QT-CS.42.CT2.QCD         0.065891481 +-      0.004254653
--------------------------------------------------------------------------------------------------------------------------------------------------------------
       470         475   0.2             ud~_epvebb~                   0.065891481 +-      0.004254653        2.252       0 [   42]      (   0)           4149

       470         475   0.25            NNLO.QT-CS.42.CT2.QCD         0.042545285 +-      0.003297284
--------------------------------------------------------------------------------------------------------------------------------------------------------------
       470         475   0.25            ud~_epvebb~                   0.042545285 +-      0.003297284        2.078       0 [   42]      (   0)           4149

       470         475   0.5             NNLO.QT-CS.42.CT2.QCD        -0.012560293 +-      0.001694303
--------------------------------------------------------------------------------------------------------------------------------------------------------------
       470         475   0.5             ud~_epvebb~                  -0.012560293 +-      0.001694303        1.109       0 [   42]      (   0)           4149

==============================================================================================================================================================

       475         480   0.01            NNLO.QT-CS.42.CT2.QCD          0.71707606 +-       0.04592948
--------------------------------------------------------------------------------------------------------------------------------------------------------------
       475         480   0.01            ud~_epvebb~                    0.71707606 +-       0.04592948        1.825       0 [   42]      (   0)           3844

       475         480   0.05            NNLO.QT-CS.42.CT2.QCD          0.27215006 +-       0.01906823
--------------------------------------------------------------------------------------------------------------------------------------------------------------
       475         480   0.05            ud~_epvebb~                    0.27215006 +-       0.01906823        1.920       0 [   42]      (   0)           3844

       475         480   0.1             NNLO.QT-CS.42.CT2.QCD          0.15096616 +-       0.01166006
--------------------------------------------------------------------------------------------------------------------------------------------------------------
       475         480   0.1             ud~_epvebb~                    0.15096616 +-       0.01166006        2.099       0 [   42]      (   0)           3844

       475         480   0.15            NNLO.QT-CS.42.CT2.QCD         0.095934751 +-      0.008303589
--------------------------------------------------------------------------------------------------------------------------------------------------------------
       475         480   0.15            ud~_epvebb~                   0.095934751 +-      0.008303589        2.262       0 [   42]      (   0)           3844

       475         480   0.2             NNLO.QT-CS.42.CT2.QCD         0.063185723 +-      0.006334711
--------------------------------------------------------------------------------------------------------------------------------------------------------------
       475         480   0.2             ud~_epvebb~                   0.063185723 +-      0.006334711        2.252       0 [   42]      (   0)           3844

       475         480   0.25            NNLO.QT-CS.42.CT2.QCD         0.041093937 +-      0.005043901
--------------------------------------------------------------------------------------------------------------------------------------------------------------
       475         480   0.25            ud~_epvebb~                   0.041093937 +-      0.005043901        2.132       0 [   42]      (   0)           3844

       475         480   0.5             NNLO.QT-CS.42.CT2.QCD        -0.011096758 +-      0.002539523
--------------------------------------------------------------------------------------------------------------------------------------------------------------
       475         480   0.5             ud~_epvebb~                  -0.011096758 +-      0.002539523       0.9491       0 [   42]      (   0)           3844

==============================================================================================================================================================

       480         485   0.01            NNLO.QT-CS.42.CT2.QCD          0.66688400 +-       0.03424225
--------------------------------------------------------------------------------------------------------------------------------------------------------------
       480         485   0.01            ud~_epvebb~                    0.66688400 +-       0.03424225        2.862       0 [   42]      (   0)           3762

       480         485   0.05            NNLO.QT-CS.42.CT2.QCD          0.25490945 +-       0.01386587
--------------------------------------------------------------------------------------------------------------------------------------------------------------
       480         485   0.05            ud~_epvebb~                    0.25490945 +-       0.01386587        2.832       0 [   42]      (   0)           3762

       480         485   0.1             NNLO.QT-CS.42.CT2.QCD          0.14251954 +-       0.00829229
--------------------------------------------------------------------------------------------------------------------------------------------------------------
       480         485   0.1             ud~_epvebb~                    0.14251954 +-       0.00829229        2.803       0 [   42]      (   0)           3762

       480         485   0.15            NNLO.QT-CS.42.CT2.QCD         0.091423794 +-      0.005780014
--------------------------------------------------------------------------------------------------------------------------------------------------------------
       480         485   0.15            ud~_epvebb~                   0.091423794 +-      0.005780014        2.765       0 [   42]      (   0)           3762

       480         485   0.2             NNLO.QT-CS.42.CT2.QCD         0.060988906 +-      0.004313788
--------------------------------------------------------------------------------------------------------------------------------------------------------------
       480         485   0.2             ud~_epvebb~                   0.060988906 +-      0.004313788        2.678       0 [   42]      (   0)           3762

       480         485   0.25            NNLO.QT-CS.42.CT2.QCD         0.040441296 +-      0.003359681
--------------------------------------------------------------------------------------------------------------------------------------------------------------
       480         485   0.25            ud~_epvebb~                   0.040441296 +-      0.003359681        2.470       0 [   42]      (   0)           3762

       480         485   0.5             NNLO.QT-CS.42.CT2.QCD       -0.0081931675 +-     0.0016377013
--------------------------------------------------------------------------------------------------------------------------------------------------------------
       480         485   0.5             ud~_epvebb~                 -0.0081931675 +-     0.0016377013        1.075       0 [   42]      (   0)           3762

==============================================================================================================================================================

       485         490   0.01            NNLO.QT-CS.42.CT2.QCD          0.66025711 +-       0.04560917
--------------------------------------------------------------------------------------------------------------------------------------------------------------
       485         490   0.01            ud~_epvebb~                    0.66025711 +-       0.04560917        3.899       0 [   42]      (   0)           3567

       485         490   0.05            NNLO.QT-CS.42.CT2.QCD          0.25262169 +-       0.01891573
--------------------------------------------------------------------------------------------------------------------------------------------------------------
       485         490   0.05            ud~_epvebb~                    0.25262169 +-       0.01891573        4.491       0 [   42]      (   0)           3567

       485         490   0.1             NNLO.QT-CS.42.CT2.QCD          0.14128789 +-       0.01148470
--------------------------------------------------------------------------------------------------------------------------------------------------------------
       485         490   0.1             ud~_epvebb~                    0.14128789 +-       0.01148470        5.069       0 [   42]      (   0)           3567

       485         490   0.15            NNLO.QT-CS.42.CT2.QCD         0.090638344 +-      0.008078308
--------------------------------------------------------------------------------------------------------------------------------------------------------------
       485         490   0.15            ud~_epvebb~                   0.090638344 +-      0.008078308        5.539       0 [   42]      (   0)           3567

       485         490   0.2             NNLO.QT-CS.42.CT2.QCD         0.060454659 +-      0.006048920
--------------------------------------------------------------------------------------------------------------------------------------------------------------
       485         490   0.2             ud~_epvebb~                   0.060454659 +-      0.006048920        5.700       0 [   42]      (   0)           3567

       485         490   0.25            NNLO.QT-CS.42.CT2.QCD         0.040068584 +-      0.004690126
--------------------------------------------------------------------------------------------------------------------------------------------------------------
       485         490   0.25            ud~_epvebb~                   0.040068584 +-      0.004690126        5.272       0 [   42]      (   0)           3567

       485         490   0.5             NNLO.QT-CS.42.CT2.QCD       -0.0082218137 +-     0.0018283764
--------------------------------------------------------------------------------------------------------------------------------------------------------------
       485         490   0.5             ud~_epvebb~                 -0.0082218137 +-     0.0018283764       0.9130       0 [   42]      (   0)           3567

==============================================================================================================================================================

       490         495   0.01            NNLO.QT-CS.42.CT2.QCD          0.65464709 +-       0.03993126
--------------------------------------------------------------------------------------------------------------------------------------------------------------
       490         495   0.01            ud~_epvebb~                    0.65464709 +-       0.03993126        2.859       0 [   42]      (   0)           3522

       490         495   0.05            NNLO.QT-CS.42.CT2.QCD          0.24836689 +-       0.01599021
--------------------------------------------------------------------------------------------------------------------------------------------------------------
       490         495   0.05            ud~_epvebb~                    0.24836689 +-       0.01599021        2.858       0 [   42]      (   0)           3522

       490         495   0.1             NNLO.QT-CS.42.CT2.QCD          0.13763840 +-       0.00941962
--------------------------------------------------------------------------------------------------------------------------------------------------------------
       490         495   0.1             ud~_epvebb~                    0.13763840 +-       0.00941962        2.848       0 [   42]      (   0)           3522

       490         495   0.15            NNLO.QT-CS.42.CT2.QCD         0.087338350 +-      0.006447616
--------------------------------------------------------------------------------------------------------------------------------------------------------------
       490         495   0.15            ud~_epvebb~                   0.087338350 +-      0.006447616        2.829       0 [   42]      (   0)           3522

       490         495   0.2             NNLO.QT-CS.42.CT2.QCD         0.057398448 +-      0.004706433
--------------------------------------------------------------------------------------------------------------------------------------------------------------
       490         495   0.2             ud~_epvebb~                   0.057398448 +-      0.004706433        2.785       0 [   42]      (   0)           3522

       490         495   0.25            NNLO.QT-CS.42.CT2.QCD         0.037198331 +-      0.003569585
--------------------------------------------------------------------------------------------------------------------------------------------------------------
       490         495   0.25            ud~_epvebb~                   0.037198331 +-      0.003569585        2.682       0 [   42]      (   0)           3522

       490         495   0.5             NNLO.QT-CS.42.CT2.QCD        -0.010536870 +-      0.001609643
--------------------------------------------------------------------------------------------------------------------------------------------------------------
       490         495   0.5             ud~_epvebb~                  -0.010536870 +-      0.001609643       0.9508       0 [   42]      (   0)           3522

==============================================================================================================================================================

       495         500   0.01            NNLO.QT-CS.42.CT2.QCD          0.65794201 +-       0.04432177
--------------------------------------------------------------------------------------------------------------------------------------------------------------
       495         500   0.01            ud~_epvebb~                    0.65794201 +-       0.04432177        2.625       0 [   42]      (   0)           3320

       495         500   0.05            NNLO.QT-CS.42.CT2.QCD          0.25230869 +-       0.01828862
--------------------------------------------------------------------------------------------------------------------------------------------------------------
       495         500   0.05            ud~_epvebb~                    0.25230869 +-       0.01828862        2.908       0 [   42]      (   0)           3320

       495         500   0.1             NNLO.QT-CS.42.CT2.QCD          0.14142042 +-       0.01108609
--------------------------------------------------------------------------------------------------------------------------------------------------------------
       495         500   0.1             ud~_epvebb~                    0.14142042 +-       0.01108609        3.164       0 [   42]      (   0)           3320

       495         500   0.15            NNLO.QT-CS.42.CT2.QCD         0.090944071 +-      0.007806575
--------------------------------------------------------------------------------------------------------------------------------------------------------------
       495         500   0.15            ud~_epvebb~                   0.090944071 +-      0.007806575        3.403       0 [   42]      (   0)           3320

       495         500   0.2             NNLO.QT-CS.42.CT2.QCD         0.060850117 +-      0.005869619
--------------------------------------------------------------------------------------------------------------------------------------------------------------
       495         500   0.2             ud~_epvebb~                   0.060850117 +-      0.005869619        3.637       0 [   42]      (   0)           3320

       495         500   0.25            NNLO.QT-CS.42.CT2.QCD         0.040516818 +-      0.004588241
--------------------------------------------------------------------------------------------------------------------------------------------------------------
       495         500   0.25            ud~_epvebb~                   0.040516818 +-      0.004588241        3.678       0 [   42]      (   0)           3320

       495         500   0.5             NNLO.QT-CS.42.CT2.QCD       -0.0076887686 +-     0.0020474921
--------------------------------------------------------------------------------------------------------------------------------------------------------------
       495         500   0.5             ud~_epvebb~                 -0.0076887686 +-     0.0020474921        1.033       0 [   42]      (   0)           3320

==============================================================================================================================================================

