           bin (m_Wbb)   qTcut           contribution/subprocess            dsigma +-            error     chi2_dof   n_run [total]   (removed)   events / bin

       100         110   0.01            NLO.QT.32.CT.QCD              -18170.8724 +-           3.5222
--------------------------------------------------------------------------------------------------------------------------------------------------------------
       100         110   0.01            ud~_epvebb~                   -18170.8724 +-           3.5222       0.7897       0 [    7]      (   0)       49420706

       100         110   0.05            NLO.QT.32.CT.QCD              -12315.2074 +-           2.4056
--------------------------------------------------------------------------------------------------------------------------------------------------------------
       100         110   0.05            ud~_epvebb~                   -12315.2074 +-           2.4056       0.7873       0 [    7]      (   0)       49420706

       100         110   0.1             NLO.QT.32.CT.QCD              -10143.0220 +-           1.9914
--------------------------------------------------------------------------------------------------------------------------------------------------------------
       100         110   0.1             ud~_epvebb~                   -10143.0220 +-           1.9914       0.7858       0 [    7]      (   0)       49420706

       100         110   0.15            NLO.QT.32.CT.QCD              -8969.98064 +-          1.76779
--------------------------------------------------------------------------------------------------------------------------------------------------------------
       100         110   0.15            ud~_epvebb~                   -8969.98064 +-          1.76779       0.7848       0 [    7]      (   0)       49420706

       100         110   0.2             NLO.QT.32.CT.QCD              -8181.38890 +-          1.61747
--------------------------------------------------------------------------------------------------------------------------------------------------------------
       100         110   0.2             ud~_epvebb~                   -8181.38890 +-          1.61747       0.7840       0 [    7]      (   0)       49420706

       100         110   0.25            NLO.QT.32.CT.QCD              -7594.68758 +-          1.50563
--------------------------------------------------------------------------------------------------------------------------------------------------------------
       100         110   0.25            ud~_epvebb~                   -7594.68758 +-          1.50563       0.7833       0 [    7]      (   0)       49420706

       100         110   0.5             NLO.QT.32.CT.QCD              -5911.41137 +-          1.18478
--------------------------------------------------------------------------------------------------------------------------------------------------------------
       100         110   0.5             ud~_epvebb~                   -5911.41137 +-          1.18478       0.7809       0 [    7]      (   0)       49420706

==============================================================================================================================================================

       110         120   0.01            NLO.QT.32.CT.QCD              -17054.3417 +-           3.4289
--------------------------------------------------------------------------------------------------------------------------------------------------------------
       110         120   0.01            ud~_epvebb~                   -17054.3417 +-           3.4289       0.8125       0 [    7]      (   0)       42142293

       110         120   0.05            NLO.QT.32.CT.QCD              -11648.2060 +-           2.3576
--------------------------------------------------------------------------------------------------------------------------------------------------------------
       110         120   0.05            ud~_epvebb~                   -11648.2060 +-           2.3576       0.8064       0 [    7]      (   0)       42142293

       110         120   0.1             NLO.QT.32.CT.QCD              -9636.42823 +-          1.95902
--------------------------------------------------------------------------------------------------------------------------------------------------------------
       110         120   0.1             ud~_epvebb~                   -9636.42823 +-          1.95902       0.8039       0 [    7]      (   0)       42142293

       110         120   0.15            NLO.QT.32.CT.QCD              -8547.95479 +-          1.74333
--------------------------------------------------------------------------------------------------------------------------------------------------------------
       110         120   0.15            ud~_epvebb~                   -8547.95479 +-          1.74333       0.8025       0 [    7]      (   0)       42142293

       110         120   0.2             NLO.QT.32.CT.QCD              -7815.21768 +-          1.59813
--------------------------------------------------------------------------------------------------------------------------------------------------------------
       110         120   0.2             ud~_epvebb~                   -7815.21768 +-          1.59813       0.8017       0 [    7]      (   0)       42142293

       110         120   0.25            NLO.QT.32.CT.QCD              -7269.46981 +-          1.48997
--------------------------------------------------------------------------------------------------------------------------------------------------------------
       110         120   0.25            ud~_epvebb~                   -7269.46981 +-          1.48997       0.8011       0 [    7]      (   0)       42142293

       110         120   0.5             NLO.QT.32.CT.QCD              -5700.19686 +-          1.17893
--------------------------------------------------------------------------------------------------------------------------------------------------------------
       110         120   0.5             ud~_epvebb~                   -5700.19686 +-          1.17893       0.8002       0 [    7]      (   0)       42142293

==============================================================================================================================================================

       120         130   0.01            NLO.QT.32.CT.QCD              -13884.4968 +-           3.1292
--------------------------------------------------------------------------------------------------------------------------------------------------------------
       120         130   0.01            ud~_epvebb~                   -13884.4968 +-           3.1292       0.1420       0 [    7]      (   0)       32387569

       120         130   0.05            NLO.QT.32.CT.QCD              -9531.22723 +-          2.16087
--------------------------------------------------------------------------------------------------------------------------------------------------------------
       120         130   0.05            ud~_epvebb~                   -9531.22723 +-          2.16087       0.1551       0 [    7]      (   0)       32387569

       120         130   0.1             NLO.QT.32.CT.QCD              -7907.79594 +-          1.79974
--------------------------------------------------------------------------------------------------------------------------------------------------------------
       120         130   0.1             ud~_epvebb~                   -7907.79594 +-          1.79974       0.1631       0 [    7]      (   0)       32387569

       120         130   0.15            NLO.QT.32.CT.QCD              -7028.32156 +-          1.60409
--------------------------------------------------------------------------------------------------------------------------------------------------------------
       120         130   0.15            ud~_epvebb~                   -7028.32156 +-          1.60409       0.1688       0 [    7]      (   0)       32387569

       120         130   0.2             NLO.QT.32.CT.QCD              -6435.73804 +-          1.47226
--------------------------------------------------------------------------------------------------------------------------------------------------------------
       120         130   0.2             ud~_epvebb~                   -6435.73804 +-          1.47226       0.1734       0 [    7]      (   0)       32387569

       120         130   0.25            NLO.QT.32.CT.QCD              -5994.05220 +-          1.37398
--------------------------------------------------------------------------------------------------------------------------------------------------------------
       120         130   0.25            ud~_epvebb~                   -5994.05220 +-          1.37398       0.1773       0 [    7]      (   0)       32387569

       120         130   0.5             NLO.QT.32.CT.QCD              -4722.11690 +-          1.09092
--------------------------------------------------------------------------------------------------------------------------------------------------------------
       120         130   0.5             ud~_epvebb~                   -4722.11690 +-          1.09092       0.1921       0 [    7]      (   0)       32387569

==============================================================================================================================================================

       130         140   0.01            NLO.QT.32.CT.QCD              -10966.2375 +-           2.8026
--------------------------------------------------------------------------------------------------------------------------------------------------------------
       130         140   0.01            ud~_epvebb~                   -10966.2375 +-           2.8026       0.2044       0 [    7]      (   0)       24761112

       130         140   0.05            NLO.QT.32.CT.QCD              -7554.35861 +-          1.94097
--------------------------------------------------------------------------------------------------------------------------------------------------------------
       130         140   0.05            ud~_epvebb~                   -7554.35861 +-          1.94097       0.2156       0 [    7]      (   0)       24761112

       130         140   0.1             NLO.QT.32.CT.QCD              -6280.07215 +-          1.61917
--------------------------------------------------------------------------------------------------------------------------------------------------------------
       130         140   0.1             ud~_epvebb~                   -6280.07215 +-          1.61917       0.2219       0 [    7]      (   0)       24761112

       130         140   0.15            NLO.QT.32.CT.QCD              -5589.12371 +-          1.44468
--------------------------------------------------------------------------------------------------------------------------------------------------------------
       130         140   0.15            ud~_epvebb~                   -5589.12371 +-          1.44468       0.2262       0 [    7]      (   0)       24761112

       130         140   0.2             NLO.QT.32.CT.QCD              -5123.26838 +-          1.32702
--------------------------------------------------------------------------------------------------------------------------------------------------------------
       130         140   0.2             ud~_epvebb~                   -5123.26838 +-          1.32702       0.2295       0 [    7]      (   0)       24761112

       130         140   0.25            NLO.QT.32.CT.QCD              -4775.86007 +-          1.23928
--------------------------------------------------------------------------------------------------------------------------------------------------------------
       130         140   0.25            ud~_epvebb~                   -4775.86007 +-          1.23928       0.2323       0 [    7]      (   0)       24761112

       130         140   0.5             NLO.QT.32.CT.QCD              -3774.37429 +-          0.98627
--------------------------------------------------------------------------------------------------------------------------------------------------------------
       130         140   0.5             ud~_epvebb~                   -3774.37429 +-          0.98627       0.2423       0 [    7]      (   0)       24761112

==============================================================================================================================================================

       140         150   0.01            NLO.QT.32.CT.QCD              -8647.80296 +-          2.50560
--------------------------------------------------------------------------------------------------------------------------------------------------------------
       140         150   0.01            ud~_epvebb~                   -8647.80296 +-          2.50560       0.4838       0 [    7]      (   0)       19121272

       140         150   0.05            NLO.QT.32.CT.QCD              -5972.61377 +-          1.73895
--------------------------------------------------------------------------------------------------------------------------------------------------------------
       140         150   0.05            ud~_epvebb~                   -5972.61377 +-          1.73895       0.4687       0 [    7]      (   0)       19121272

       140         150   0.1             NLO.QT.32.CT.QCD              -4972.34417 +-          1.45231
--------------------------------------------------------------------------------------------------------------------------------------------------------------
       140         150   0.1             ud~_epvebb~                   -4972.34417 +-          1.45231       0.4613       0 [    7]      (   0)       19121272

       140         150   0.15            NLO.QT.32.CT.QCD              -4429.61184 +-          1.29678
--------------------------------------------------------------------------------------------------------------------------------------------------------------
       140         150   0.15            ud~_epvebb~                   -4429.61184 +-          1.29678       0.4567       0 [    7]      (   0)       19121272

       140         150   0.2             NLO.QT.32.CT.QCD              -4063.51268 +-          1.19187
--------------------------------------------------------------------------------------------------------------------------------------------------------------
       140         150   0.2             ud~_epvebb~                   -4063.51268 +-          1.19187       0.4533       0 [    7]      (   0)       19121272

       140         150   0.25            NLO.QT.32.CT.QCD              -3790.39157 +-          1.11360
--------------------------------------------------------------------------------------------------------------------------------------------------------------
       140         150   0.25            ud~_epvebb~                   -3790.39157 +-          1.11360       0.4506       0 [    7]      (   0)       19121272

       140         150   0.5             NLO.QT.32.CT.QCD              -3002.44613 +-          0.88775
--------------------------------------------------------------------------------------------------------------------------------------------------------------
       140         150   0.5             ud~_epvebb~                   -3002.44613 +-          0.88775       0.4422       0 [    7]      (   0)       19121272

==============================================================================================================================================================

       150         160   0.01            NLO.QT.32.CT.QCD              -6866.21767 +-          2.24428
--------------------------------------------------------------------------------------------------------------------------------------------------------------
       150         160   0.01            ud~_epvebb~                   -6866.21767 +-          2.24428        1.099       0 [    7]      (   0)       15005520

       150         160   0.05            NLO.QT.32.CT.QCD              -4751.59629 +-          1.56008
--------------------------------------------------------------------------------------------------------------------------------------------------------------
       150         160   0.05            ud~_epvebb~                   -4751.59629 +-          1.56008        1.055       0 [    7]      (   0)       15005520

       150         160   0.1             NLO.QT.32.CT.QCD              -3960.23101 +-          1.30407
--------------------------------------------------------------------------------------------------------------------------------------------------------------
       150         160   0.1             ud~_epvebb~                   -3960.23101 +-          1.30407        1.031       0 [    7]      (   0)       15005520

       150         160   0.15            NLO.QT.32.CT.QCD              -3530.62370 +-          1.16510
--------------------------------------------------------------------------------------------------------------------------------------------------------------
       150         160   0.15            ud~_epvebb~                   -3530.62370 +-          1.16510        1.014       0 [    7]      (   0)       15005520

       150         160   0.2             NLO.QT.32.CT.QCD              -3240.72493 +-          1.07132
--------------------------------------------------------------------------------------------------------------------------------------------------------------
       150         160   0.2             ud~_epvebb~                   -3240.72493 +-          1.07132        1.001       0 [    7]      (   0)       15005520

       150         160   0.25            NLO.QT.32.CT.QCD              -3024.38678 +-          1.00133
--------------------------------------------------------------------------------------------------------------------------------------------------------------
       150         160   0.25            ud~_epvebb~                   -3024.38678 +-          1.00133       0.9907       0 [    7]      (   0)       15005520

       150         160   0.5             NLO.QT.32.CT.QCD              -2399.88258 +-          0.79928
--------------------------------------------------------------------------------------------------------------------------------------------------------------
       150         160   0.5             ud~_epvebb~                   -2399.88258 +-          0.79928       0.9524       0 [    7]      (   0)       15005520

==============================================================================================================================================================

       160         170   0.01            NLO.QT.32.CT.QCD              -5509.24927 +-          2.01601
--------------------------------------------------------------------------------------------------------------------------------------------------------------
       160         170   0.01            ud~_epvebb~                   -5509.24927 +-          2.01601        1.277       0 [    7]      (   0)       12011036

       160         170   0.05            NLO.QT.32.CT.QCD              -3818.46174 +-          1.40315
--------------------------------------------------------------------------------------------------------------------------------------------------------------
       160         170   0.05            ud~_epvebb~                   -3818.46174 +-          1.40315        1.290       0 [    7]      (   0)       12011036

       160         170   0.1             NLO.QT.32.CT.QCD              -3185.27153 +-          1.17369
--------------------------------------------------------------------------------------------------------------------------------------------------------------
       160         170   0.1             ud~_epvebb~                   -3185.27153 +-          1.17369        1.296       0 [    7]      (   0)       12011036

       160         170   0.15            NLO.QT.32.CT.QCD              -2841.39170 +-          1.04908
--------------------------------------------------------------------------------------------------------------------------------------------------------------
       160         170   0.15            ud~_epvebb~                   -2841.39170 +-          1.04908        1.301       0 [    7]      (   0)       12011036

       160         170   0.2             NLO.QT.32.CT.QCD              -2609.27387 +-          0.96498
--------------------------------------------------------------------------------------------------------------------------------------------------------------
       160         170   0.2             ud~_epvebb~                   -2609.27387 +-          0.96498        1.304       0 [    7]      (   0)       12011036

       160         170   0.25            NLO.QT.32.CT.QCD              -2436.01417 +-          0.90220
--------------------------------------------------------------------------------------------------------------------------------------------------------------
       160         170   0.25            ud~_epvebb~                   -2436.01417 +-          0.90220        1.306       0 [    7]      (   0)       12011036

       160         170   0.5             NLO.QT.32.CT.QCD              -1935.62835 +-          0.72087
--------------------------------------------------------------------------------------------------------------------------------------------------------------
       160         170   0.5             ud~_epvebb~                   -1935.62835 +-          0.72087        1.315       0 [    7]      (   0)       12011036

==============================================================================================================================================================

       170         180   0.01            NLO.QT.32.CT.QCD              -4474.97203 +-          1.81350
--------------------------------------------------------------------------------------------------------------------------------------------------------------
       170         180   0.01            ud~_epvebb~                   -4474.97203 +-          1.81350       0.9586       0 [    7]      (   0)        9855286

       170         180   0.05            NLO.QT.32.CT.QCD              -3105.52229 +-          1.26348
--------------------------------------------------------------------------------------------------------------------------------------------------------------
       170         180   0.05            ud~_epvebb~                   -3105.52229 +-          1.26348       0.9336       0 [    7]      (   0)        9855286

       170         180   0.1             NLO.QT.32.CT.QCD              -2592.38016 +-          1.05745
--------------------------------------------------------------------------------------------------------------------------------------------------------------
       170         180   0.1             ud~_epvebb~                   -2592.38016 +-          1.05745       0.9194       0 [    7]      (   0)        9855286

       170         180   0.15            NLO.QT.32.CT.QCD              -2313.60393 +-          0.94554
--------------------------------------------------------------------------------------------------------------------------------------------------------------
       170         180   0.15            ud~_epvebb~                   -2313.60393 +-          0.94554       0.9098       0 [    7]      (   0)        9855286

       170         180   0.2             NLO.QT.32.CT.QCD              -2125.38579 +-          0.86998
--------------------------------------------------------------------------------------------------------------------------------------------------------------
       170         180   0.2             ud~_epvebb~                   -2125.38579 +-          0.86998       0.9023       0 [    7]      (   0)        9855286

       170         180   0.25            NLO.QT.32.CT.QCD              -1984.86706 +-          0.81357
--------------------------------------------------------------------------------------------------------------------------------------------------------------
       170         180   0.25            ud~_epvebb~                   -1984.86706 +-          0.81357       0.8960       0 [    7]      (   0)        9855286

       170         180   0.5             NLO.QT.32.CT.QCD              -1578.88274 +-          0.65060
--------------------------------------------------------------------------------------------------------------------------------------------------------------
       170         180   0.5             ud~_epvebb~                   -1578.88274 +-          0.65060       0.8735       0 [    7]      (   0)        9855286

==============================================================================================================================================================

       180         190   0.01            NLO.QT.32.CT.QCD              -3671.07222 +-          1.64363
--------------------------------------------------------------------------------------------------------------------------------------------------------------
       180         190   0.01            ud~_epvebb~                   -3671.07222 +-          1.64363       0.9459       0 [    7]      (   0)        8150929

       180         190   0.05            NLO.QT.32.CT.QCD              -2550.29099 +-          1.14611
--------------------------------------------------------------------------------------------------------------------------------------------------------------
       180         190   0.05            ud~_epvebb~                   -2550.29099 +-          1.14611       0.9348       0 [    7]      (   0)        8150929

       180         190   0.1             NLO.QT.32.CT.QCD              -2130.12880 +-          0.95967
--------------------------------------------------------------------------------------------------------------------------------------------------------------
       180         190   0.1             ud~_epvebb~                   -2130.12880 +-          0.95967       0.9282       0 [    7]      (   0)        8150929

       180         190   0.15            NLO.QT.32.CT.QCD              -1901.80258 +-          0.85837
--------------------------------------------------------------------------------------------------------------------------------------------------------------
       180         190   0.15            ud~_epvebb~                   -1901.80258 +-          0.85837       0.9236       0 [    7]      (   0)        8150929

       180         190   0.2             NLO.QT.32.CT.QCD              -1747.61562 +-          0.78997
--------------------------------------------------------------------------------------------------------------------------------------------------------------
       180         190   0.2             ud~_epvebb~                   -1747.61562 +-          0.78997       0.9200       0 [    7]      (   0)        8150929

       180         190   0.25            NLO.QT.32.CT.QCD              -1632.48529 +-          0.73890
--------------------------------------------------------------------------------------------------------------------------------------------------------------
       180         190   0.25            ud~_epvebb~                   -1632.48529 +-          0.73890       0.9169       0 [    7]      (   0)        8150929

       180         190   0.5             NLO.QT.32.CT.QCD              -1299.74637 +-          0.59130
--------------------------------------------------------------------------------------------------------------------------------------------------------------
       180         190   0.5             ud~_epvebb~                   -1299.74637 +-          0.59130       0.9054       0 [    7]      (   0)        8150929

==============================================================================================================================================================

       190         200   0.01            NLO.QT.32.CT.QCD              -3038.57379 +-          1.49951
--------------------------------------------------------------------------------------------------------------------------------------------------------------
       190         200   0.01            ud~_epvebb~                   -3038.57379 +-          1.49951       0.6462       0 [    7]      (   0)        6780632

       190         200   0.05            NLO.QT.32.CT.QCD              -2112.75065 +-          1.04637
--------------------------------------------------------------------------------------------------------------------------------------------------------------
       190         200   0.05            ud~_epvebb~                   -2112.75065 +-          1.04637       0.6386       0 [    7]      (   0)        6780632

       190         200   0.1             NLO.QT.32.CT.QCD              -1765.53642 +-          0.87650
--------------------------------------------------------------------------------------------------------------------------------------------------------------
       190         200   0.1             ud~_epvebb~                   -1765.53642 +-          0.87650       0.6346       0 [    7]      (   0)        6780632

       190         200   0.15            NLO.QT.32.CT.QCD              -1576.80744 +-          0.78419
--------------------------------------------------------------------------------------------------------------------------------------------------------------
       190         200   0.15            ud~_epvebb~                   -1576.80744 +-          0.78419       0.6321       0 [    7]      (   0)        6780632

       190         200   0.2             NLO.QT.32.CT.QCD              -1449.33878 +-          0.72185
--------------------------------------------------------------------------------------------------------------------------------------------------------------
       190         200   0.2             ud~_epvebb~                   -1449.33878 +-          0.72185       0.6302       0 [    7]      (   0)        6780632

       190         200   0.25            NLO.QT.32.CT.QCD              -1354.14597 +-          0.67530
--------------------------------------------------------------------------------------------------------------------------------------------------------------
       190         200   0.25            ud~_epvebb~                   -1354.14597 +-          0.67530       0.6287       0 [    7]      (   0)        6780632

       190         200   0.5             NLO.QT.32.CT.QCD              -1078.95417 +-          0.54073
--------------------------------------------------------------------------------------------------------------------------------------------------------------
       190         200   0.5             ud~_epvebb~                   -1078.95417 +-          0.54073       0.6236       0 [    7]      (   0)        6780632

==============================================================================================================================================================

       200         210   0.01            NLO.QT.32.CT.QCD              -2541.66383 +-          1.36475
--------------------------------------------------------------------------------------------------------------------------------------------------------------
       200         210   0.01            ud~_epvebb~                   -2541.66383 +-          1.36475       0.1277       0 [    7]      (   0)        5800475

       200         210   0.05            NLO.QT.32.CT.QCD              -1768.60624 +-          0.95300
--------------------------------------------------------------------------------------------------------------------------------------------------------------
       200         210   0.05            ud~_epvebb~                   -1768.60624 +-          0.95300       0.1364       0 [    7]      (   0)        5800475

       200         210   0.1             NLO.QT.32.CT.QCD              -1478.58221 +-          0.79860
--------------------------------------------------------------------------------------------------------------------------------------------------------------
       200         210   0.1             ud~_epvebb~                   -1478.58221 +-          0.79860       0.1418       0 [    7]      (   0)        5800475

       200         210   0.15            NLO.QT.32.CT.QCD              -1320.90642 +-          0.71467
--------------------------------------------------------------------------------------------------------------------------------------------------------------
       200         210   0.15            ud~_epvebb~                   -1320.90642 +-          0.71467       0.1455       0 [    7]      (   0)        5800475

       200         210   0.2             NLO.QT.32.CT.QCD              -1214.39553 +-          0.65799
--------------------------------------------------------------------------------------------------------------------------------------------------------------
       200         210   0.2             ud~_epvebb~                   -1214.39553 +-          0.65799       0.1485       0 [    7]      (   0)        5800475

       200         210   0.25            NLO.QT.32.CT.QCD              -1134.84441 +-          0.61565
--------------------------------------------------------------------------------------------------------------------------------------------------------------
       200         210   0.25            ud~_epvebb~                   -1134.84441 +-          0.61565       0.1511       0 [    7]      (   0)        5800475

       200         210   0.5             NLO.QT.32.CT.QCD              -904.816304 +-         0.493253
--------------------------------------------------------------------------------------------------------------------------------------------------------------
       200         210   0.5             ud~_epvebb~                   -904.816304 +-         0.493253       0.1606       0 [    7]      (   0)        5800475

==============================================================================================================================================================

       210         220   0.01            NLO.QT.32.CT.QCD              -2139.98490 +-          1.25544
--------------------------------------------------------------------------------------------------------------------------------------------------------------
       210         220   0.01            ud~_epvebb~                   -2139.98490 +-          1.25544       0.3519       0 [    7]      (   0)        4932031

       210         220   0.05            NLO.QT.32.CT.QCD              -1490.09417 +-          0.87726
--------------------------------------------------------------------------------------------------------------------------------------------------------------
       210         220   0.05            ud~_epvebb~                   -1490.09417 +-          0.87726       0.3623       0 [    7]      (   0)        4932031

       210         220   0.1             NLO.QT.32.CT.QCD              -1246.20347 +-          0.73540
--------------------------------------------------------------------------------------------------------------------------------------------------------------
       210         220   0.1             ud~_epvebb~                   -1246.20347 +-          0.73540       0.3681       0 [    7]      (   0)        4932031

       210         220   0.15            NLO.QT.32.CT.QCD              -1113.58486 +-          0.65828
--------------------------------------------------------------------------------------------------------------------------------------------------------------
       210         220   0.15            ud~_epvebb~                   -1113.58486 +-          0.65828       0.3718       0 [    7]      (   0)        4932031

       210         220   0.2             NLO.QT.32.CT.QCD              -1023.98872 +-          0.60619
--------------------------------------------------------------------------------------------------------------------------------------------------------------
       210         220   0.2             ud~_epvebb~                   -1023.98872 +-          0.60619       0.3748       0 [    7]      (   0)        4932031

       210         220   0.25            NLO.QT.32.CT.QCD              -957.064030 +-         0.567280
--------------------------------------------------------------------------------------------------------------------------------------------------------------
       210         220   0.25            ud~_epvebb~                   -957.064030 +-         0.567280       0.3772       0 [    7]      (   0)        4932031

       210         220   0.5             NLO.QT.32.CT.QCD              -763.506254 +-         0.454755
--------------------------------------------------------------------------------------------------------------------------------------------------------------
       210         220   0.5             ud~_epvebb~                   -763.506254 +-         0.454755       0.3856       0 [    7]      (   0)        4932031

==============================================================================================================================================================

       220         230   0.01            NLO.QT.32.CT.QCD              -1818.59416 +-          1.15688
--------------------------------------------------------------------------------------------------------------------------------------------------------------
       220         230   0.01            ud~_epvebb~                   -1818.59416 +-          1.15688       0.5631       0 [    7]      (   0)        4261611

       220         230   0.05            NLO.QT.32.CT.QCD              -1267.01585 +-          0.80883
--------------------------------------------------------------------------------------------------------------------------------------------------------------
       220         230   0.05            ud~_epvebb~                   -1267.01585 +-          0.80883       0.5434       0 [    7]      (   0)        4261611

       220         230   0.1             NLO.QT.32.CT.QCD              -1059.96654 +-          0.67825
--------------------------------------------------------------------------------------------------------------------------------------------------------------
       220         230   0.1             ud~_epvebb~                   -1059.96654 +-          0.67825       0.5328       0 [    7]      (   0)        4261611

       220         230   0.15            NLO.QT.32.CT.QCD              -947.363830 +-         0.607249
--------------------------------------------------------------------------------------------------------------------------------------------------------------
       220         230   0.15            ud~_epvebb~                   -947.363830 +-         0.607249       0.5258       0 [    7]      (   0)        4261611

       220         230   0.2             NLO.QT.32.CT.QCD              -871.282076 +-         0.559282
--------------------------------------------------------------------------------------------------------------------------------------------------------------
       220         230   0.2             ud~_epvebb~                   -871.282076 +-         0.559282       0.5204       0 [    7]      (   0)        4261611

       220         230   0.25            NLO.QT.32.CT.QCD              -814.447147 +-         0.523452
--------------------------------------------------------------------------------------------------------------------------------------------------------------
       220         230   0.25            ud~_epvebb~                   -814.447147 +-         0.523452       0.5160       0 [    7]      (   0)        4261611

       220         230   0.5             NLO.QT.32.CT.QCD              -650.042184 +-         0.419816
--------------------------------------------------------------------------------------------------------------------------------------------------------------
       220         230   0.5             ud~_epvebb~                   -650.042184 +-         0.419816       0.5008       0 [    7]      (   0)        4261611

==============================================================================================================================================================

       230         240   0.01            NLO.QT.32.CT.QCD              -1551.92278 +-          1.06650
--------------------------------------------------------------------------------------------------------------------------------------------------------------
       230         240   0.01            ud~_epvebb~                   -1551.92278 +-          1.06650        1.144       0 [    7]      (   0)        3713649

       230         240   0.05            NLO.QT.32.CT.QCD              -1081.79560 +-          0.74610
--------------------------------------------------------------------------------------------------------------------------------------------------------------
       230         240   0.05            ud~_epvebb~                   -1081.79560 +-          0.74610        1.145       0 [    7]      (   0)        3713649

       230         240   0.1             NLO.QT.32.CT.QCD              -905.278261 +-         0.625852
--------------------------------------------------------------------------------------------------------------------------------------------------------------
       230         240   0.1             ud~_epvebb~                   -905.278261 +-         0.625852        1.145       0 [    7]      (   0)        3713649

       230         240   0.15            NLO.QT.32.CT.QCD              -809.266488 +-         0.560462
--------------------------------------------------------------------------------------------------------------------------------------------------------------
       230         240   0.15            ud~_epvebb~                   -809.266488 +-         0.560462        1.145       0 [    7]      (   0)        3713649

       230         240   0.2             NLO.QT.32.CT.QCD              -744.388054 +-         0.516280
--------------------------------------------------------------------------------------------------------------------------------------------------------------
       230         240   0.2             ud~_epvebb~                   -744.388054 +-         0.516280        1.145       0 [    7]      (   0)        3713649

       230         240   0.25            NLO.QT.32.CT.QCD              -695.918314 +-         0.483275
--------------------------------------------------------------------------------------------------------------------------------------------------------------
       230         240   0.25            ud~_epvebb~                   -695.918314 +-         0.483275        1.145       0 [    7]      (   0)        3713649

       230         240   0.5             NLO.QT.32.CT.QCD              -555.688192 +-         0.387791
--------------------------------------------------------------------------------------------------------------------------------------------------------------
       230         240   0.5             ud~_epvebb~                   -555.688192 +-         0.387791        1.145       0 [    7]      (   0)        3713649

==============================================================================================================================================================

       240         250   0.01            NLO.QT.32.CT.QCD              -1334.50606 +-          0.99002
--------------------------------------------------------------------------------------------------------------------------------------------------------------
       240         250   0.01            ud~_epvebb~                   -1334.50606 +-          0.99002        1.142       0 [    7]      (   0)        3238927

       240         250   0.05            NLO.QT.32.CT.QCD              -930.695141 +-         0.692956
--------------------------------------------------------------------------------------------------------------------------------------------------------------
       240         250   0.05            ud~_epvebb~                   -930.695141 +-         0.692956        1.122       0 [    7]      (   0)        3238927

       240         250   0.1             NLO.QT.32.CT.QCD              -779.043233 +-         0.581446
--------------------------------------------------------------------------------------------------------------------------------------------------------------
       240         250   0.1             ud~_epvebb~                   -779.043233 +-         0.581446        1.111       0 [    7]      (   0)        3238927

       240         250   0.15            NLO.QT.32.CT.QCD              -696.545399 +-         0.520797
--------------------------------------------------------------------------------------------------------------------------------------------------------------
       240         250   0.15            ud~_epvebb~                   -696.545399 +-         0.520797        1.103       0 [    7]      (   0)        3238927

       240         250   0.2             NLO.QT.32.CT.QCD              -640.793532 +-         0.479814
--------------------------------------------------------------------------------------------------------------------------------------------------------------
       240         250   0.2             ud~_epvebb~                   -640.793532 +-         0.479814        1.097       0 [    7]      (   0)        3238927

       240         250   0.25            NLO.QT.32.CT.QCD              -599.138960 +-         0.449196
--------------------------------------------------------------------------------------------------------------------------------------------------------------
       240         250   0.25            ud~_epvebb~                   -599.138960 +-         0.449196        1.092       0 [    7]      (   0)        3238927

       240         250   0.5             NLO.QT.32.CT.QCD              -478.607856 +-         0.360604
--------------------------------------------------------------------------------------------------------------------------------------------------------------
       240         250   0.5             ud~_epvebb~                   -478.607856 +-         0.360604        1.074       0 [    7]      (   0)        3238927

==============================================================================================================================================================

       250         260   0.01            NLO.QT.32.CT.QCD              -1150.49387 +-          0.91812
--------------------------------------------------------------------------------------------------------------------------------------------------------------
       250         260   0.01            ud~_epvebb~                   -1150.49387 +-          0.91812        1.075       0 [    7]      (   0)        2848233

       250         260   0.05            NLO.QT.32.CT.QCD              -802.694888 +-         0.642975
--------------------------------------------------------------------------------------------------------------------------------------------------------------
       250         260   0.05            ud~_epvebb~                   -802.694888 +-         0.642975        1.059       0 [    7]      (   0)        2848233

       250         260   0.1             NLO.QT.32.CT.QCD              -672.053399 +-         0.539666
--------------------------------------------------------------------------------------------------------------------------------------------------------------
       250         260   0.1             ud~_epvebb~                   -672.053399 +-         0.539666        1.050       0 [    7]      (   0)        2848233

       250         260   0.15            NLO.QT.32.CT.QCD              -600.977132 +-         0.483470
--------------------------------------------------------------------------------------------------------------------------------------------------------------
       250         260   0.15            ud~_epvebb~                   -600.977132 +-         0.483470        1.044       0 [    7]      (   0)        2848233

       250         260   0.2             NLO.QT.32.CT.QCD              -552.940091 +-         0.445493
--------------------------------------------------------------------------------------------------------------------------------------------------------------
       250         260   0.2             ud~_epvebb~                   -552.940091 +-         0.445493        1.040       0 [    7]      (   0)        2848233

       250         260   0.25            NLO.QT.32.CT.QCD              -517.047283 +-         0.417119
--------------------------------------------------------------------------------------------------------------------------------------------------------------
       250         260   0.25            ud~_epvebb~                   -517.047283 +-         0.417119        1.036       0 [    7]      (   0)        2848233

       250         260   0.5             NLO.QT.32.CT.QCD              -413.174995 +-         0.335004
--------------------------------------------------------------------------------------------------------------------------------------------------------------
       250         260   0.5             ud~_epvebb~                   -413.174995 +-         0.335004        1.023       0 [    7]      (   0)        2848233

==============================================================================================================================================================

       260         270   0.01            NLO.QT.32.CT.QCD              -1000.75361 +-          0.85932
--------------------------------------------------------------------------------------------------------------------------------------------------------------
       260         270   0.01            ud~_epvebb~                   -1000.75361 +-          0.85932       0.3565       0 [    7]      (   0)        2501848

       260         270   0.05            NLO.QT.32.CT.QCD              -698.498959 +-         0.602105
--------------------------------------------------------------------------------------------------------------------------------------------------------------
       260         270   0.05            ud~_epvebb~                   -698.498959 +-         0.602105       0.3771       0 [    7]      (   0)        2501848

       260         270   0.1             NLO.QT.32.CT.QCD              -584.944085 +-         0.505510
--------------------------------------------------------------------------------------------------------------------------------------------------------------
       260         270   0.1             ud~_epvebb~                   -584.944085 +-         0.505510       0.3884       0 [    7]      (   0)        2501848

       260         270   0.15            NLO.QT.32.CT.QCD              -523.157201 +-         0.452958
--------------------------------------------------------------------------------------------------------------------------------------------------------------
       260         270   0.15            ud~_epvebb~                   -523.157201 +-         0.452958       0.3960       0 [    7]      (   0)        2501848

       260         270   0.2             NLO.QT.32.CT.QCD              -481.395189 +-         0.417441
--------------------------------------------------------------------------------------------------------------------------------------------------------------
       260         270   0.2             ud~_epvebb~                   -481.395189 +-         0.417441       0.4019       0 [    7]      (   0)        2501848

       260         270   0.25            NLO.QT.32.CT.QCD              -450.189089 +-         0.390901
--------------------------------------------------------------------------------------------------------------------------------------------------------------
       260         270   0.25            ud~_epvebb~                   -450.189089 +-         0.390901       0.4067       0 [    7]      (   0)        2501848

       260         270   0.5             NLO.QT.32.CT.QCD              -359.868762 +-         0.314087
--------------------------------------------------------------------------------------------------------------------------------------------------------------
       260         270   0.5             ud~_epvebb~                   -359.868762 +-         0.314087       0.4238       0 [    7]      (   0)        2501848

==============================================================================================================================================================

       270         280   0.01            NLO.QT.32.CT.QCD              -872.889335 +-         0.797424
--------------------------------------------------------------------------------------------------------------------------------------------------------------
       270         280   0.01            ud~_epvebb~                   -872.889335 +-         0.797424        1.496       0 [    7]      (   0)        2248981

       270         280   0.05            NLO.QT.32.CT.QCD              -609.473271 +-         0.559007
--------------------------------------------------------------------------------------------------------------------------------------------------------------
       270         280   0.05            ud~_epvebb~                   -609.473271 +-         0.559007        1.518       0 [    7]      (   0)        2248981

       270         280   0.1             NLO.QT.32.CT.QCD              -510.493157 +-         0.469451
--------------------------------------------------------------------------------------------------------------------------------------------------------------
       270         280   0.1             ud~_epvebb~                   -510.493157 +-         0.469451        1.529       0 [    7]      (   0)        2248981

       270         280   0.15            NLO.QT.32.CT.QCD              -456.631299 +-         0.420723
--------------------------------------------------------------------------------------------------------------------------------------------------------------
       270         280   0.15            ud~_epvebb~                   -456.631299 +-         0.420723        1.537       0 [    7]      (   0)        2248981

       270         280   0.2             NLO.QT.32.CT.QCD              -420.223287 +-         0.387787
--------------------------------------------------------------------------------------------------------------------------------------------------------------
       270         280   0.2             ud~_epvebb~                   -420.223287 +-         0.387787        1.542       0 [    7]      (   0)        2248981

       270         280   0.25            NLO.QT.32.CT.QCD              -393.016356 +-         0.363175
--------------------------------------------------------------------------------------------------------------------------------------------------------------
       270         280   0.25            ud~_epvebb~                   -393.016356 +-         0.363175        1.547       0 [    7]      (   0)        2248981

       270         280   0.5             NLO.QT.32.CT.QCD              -314.262014 +-         0.291927
--------------------------------------------------------------------------------------------------------------------------------------------------------------
       270         280   0.5             ud~_epvebb~                   -314.262014 +-         0.291927        1.563       0 [    7]      (   0)        2248981

==============================================================================================================================================================

       280         290   0.01            NLO.QT.32.CT.QCD              -765.194726 +-         0.746712
--------------------------------------------------------------------------------------------------------------------------------------------------------------
       280         290   0.01            ud~_epvebb~                   -765.194726 +-         0.746712        1.837       0 [    7]      (   0)        2004008

       280         290   0.05            NLO.QT.32.CT.QCD              -534.431482 +-         0.523627
--------------------------------------------------------------------------------------------------------------------------------------------------------------
       280         290   0.05            ud~_epvebb~                   -534.431482 +-         0.523627        1.870       0 [    7]      (   0)        2004008

       280         290   0.1             NLO.QT.32.CT.QCD              -447.709275 +-         0.439820
--------------------------------------------------------------------------------------------------------------------------------------------------------------
       280         290   0.1             ud~_epvebb~                   -447.709275 +-         0.439820        1.888       0 [    7]      (   0)        2004008

       280         290   0.15            NLO.QT.32.CT.QCD              -400.514079 +-         0.394216
--------------------------------------------------------------------------------------------------------------------------------------------------------------
       280         290   0.15            ud~_epvebb~                   -400.514079 +-         0.394216        1.899       0 [    7]      (   0)        2004008

       280         290   0.2             NLO.QT.32.CT.QCD              -368.610625 +-         0.363390
--------------------------------------------------------------------------------------------------------------------------------------------------------------
       280         290   0.2             ud~_epvebb~                   -368.610625 +-         0.363390        1.908       0 [    7]      (   0)        2004008

       280         290   0.25            NLO.QT.32.CT.QCD              -344.768785 +-         0.340353
--------------------------------------------------------------------------------------------------------------------------------------------------------------
       280         290   0.25            ud~_epvebb~                   -344.768785 +-         0.340353        1.915       0 [    7]      (   0)        2004008

       280         290   0.5             NLO.QT.32.CT.QCD              -275.748994 +-         0.273661
--------------------------------------------------------------------------------------------------------------------------------------------------------------
       280         290   0.5             ud~_epvebb~                   -275.748994 +-         0.273661        1.939       0 [    7]      (   0)        2004008

==============================================================================================================================================================

       290         300   0.01            NLO.QT.32.CT.QCD              -673.694573 +-         0.704066
--------------------------------------------------------------------------------------------------------------------------------------------------------------
       290         300   0.01            ud~_epvebb~                   -673.694573 +-         0.704066        1.181       0 [    7]      (   0)        1777497

       290         300   0.05            NLO.QT.32.CT.QCD              -470.680293 +-         0.493975
--------------------------------------------------------------------------------------------------------------------------------------------------------------
       290         300   0.05            ud~_epvebb~                   -470.680293 +-         0.493975        1.132       0 [    7]      (   0)        1777497

       290         300   0.1             NLO.QT.32.CT.QCD              -394.374605 +-         0.415032
--------------------------------------------------------------------------------------------------------------------------------------------------------------
       290         300   0.1             ud~_epvebb~                   -394.374605 +-         0.415032        1.105       0 [    7]      (   0)        1777497

       290         300   0.15            NLO.QT.32.CT.QCD              -352.844453 +-         0.372069
--------------------------------------------------------------------------------------------------------------------------------------------------------------
       290         300   0.15            ud~_epvebb~                   -352.844453 +-         0.372069        1.087       0 [    7]      (   0)        1777497

       290         300   0.2             NLO.QT.32.CT.QCD              -324.768706 +-         0.343026
--------------------------------------------------------------------------------------------------------------------------------------------------------------
       290         300   0.2             ud~_epvebb~                   -324.768706 +-         0.343026        1.073       0 [    7]      (   0)        1777497

       290         300   0.25            NLO.QT.32.CT.QCD              -303.786278 +-         0.321320
--------------------------------------------------------------------------------------------------------------------------------------------------------------
       290         300   0.25            ud~_epvebb~                   -303.786278 +-         0.321320        1.062       0 [    7]      (   0)        1777497

       290         300   0.5             NLO.QT.32.CT.QCD              -243.037955 +-         0.258469
--------------------------------------------------------------------------------------------------------------------------------------------------------------
       290         300   0.5             ud~_epvebb~                   -243.037955 +-         0.258469        1.022       0 [    7]      (   0)        1777497

==============================================================================================================================================================

       300         310   0.01            NLO.QT.32.CT.QCD              -595.027834 +-         0.658284
--------------------------------------------------------------------------------------------------------------------------------------------------------------
       300         310   0.01            ud~_epvebb~                   -595.027834 +-         0.658284       0.5199       0 [    7]      (   0)        1611908

       300         310   0.05            NLO.QT.32.CT.QCD              -415.821199 +-         0.462065
--------------------------------------------------------------------------------------------------------------------------------------------------------------
       300         310   0.05            ud~_epvebb~                   -415.821199 +-         0.462065       0.5395       0 [    7]      (   0)        1611908

       300         310   0.1             NLO.QT.32.CT.QCD              -348.456236 +-         0.388320
--------------------------------------------------------------------------------------------------------------------------------------------------------------
       300         310   0.1             ud~_epvebb~                   -348.456236 +-         0.388320       0.5503       0 [    7]      (   0)        1611908

       300         310   0.15            NLO.QT.32.CT.QCD              -311.789699 +-         0.348181
--------------------------------------------------------------------------------------------------------------------------------------------------------------
       300         310   0.15            ud~_epvebb~                   -311.789699 +-         0.348181       0.5576       0 [    7]      (   0)        1611908

       300         310   0.2             NLO.QT.32.CT.QCD              -287.000732 +-         0.321045
--------------------------------------------------------------------------------------------------------------------------------------------------------------
       300         310   0.2             ud~_epvebb~                   -287.000732 +-         0.321045       0.5632       0 [    7]      (   0)        1611908

       300         310   0.25            NLO.QT.32.CT.QCD              -268.473970 +-         0.300762
--------------------------------------------------------------------------------------------------------------------------------------------------------------
       300         310   0.25            ud~_epvebb~                   -268.473970 +-         0.300762       0.5679       0 [    7]      (   0)        1611908

       300         310   0.5             NLO.QT.32.CT.QCD              -214.831177 +-         0.242026
--------------------------------------------------------------------------------------------------------------------------------------------------------------
       300         310   0.5             ud~_epvebb~                   -214.831177 +-         0.242026       0.5843       0 [    7]      (   0)        1611908

==============================================================================================================================================================

       310         320   0.01            NLO.QT.32.CT.QCD              -528.215948 +-         0.619767
--------------------------------------------------------------------------------------------------------------------------------------------------------------
       310         320   0.01            ud~_epvebb~                   -528.215948 +-         0.619767       0.6658       0 [    7]      (   0)        1455834

       310         320   0.05            NLO.QT.32.CT.QCD              -369.238005 +-         0.435232
--------------------------------------------------------------------------------------------------------------------------------------------------------------
       310         320   0.05            ud~_epvebb~                   -369.238005 +-         0.435232       0.6663       0 [    7]      (   0)        1455834

       310         320   0.1             NLO.QT.32.CT.QCD              -309.469062 +-         0.365863
--------------------------------------------------------------------------------------------------------------------------------------------------------------
       310         320   0.1             ud~_epvebb~                   -309.469062 +-         0.365863       0.6661       0 [    7]      (   0)        1455834

       310         320   0.15            NLO.QT.32.CT.QCD              -276.934433 +-         0.328101
--------------------------------------------------------------------------------------------------------------------------------------------------------------
       310         320   0.15            ud~_epvebb~                   -276.934433 +-         0.328101       0.6658       0 [    7]      (   0)        1455834

       310         320   0.2             NLO.QT.32.CT.QCD              -254.937661 +-         0.302569
--------------------------------------------------------------------------------------------------------------------------------------------------------------
       310         320   0.2             ud~_epvebb~                   -254.937661 +-         0.302569       0.6654       0 [    7]      (   0)        1455834

       310         320   0.25            NLO.QT.32.CT.QCD              -238.496983 +-         0.283484
--------------------------------------------------------------------------------------------------------------------------------------------------------------
       310         320   0.25            ud~_epvebb~                   -238.496983 +-         0.283484       0.6651       0 [    7]      (   0)        1455834

       310         320   0.5             NLO.QT.32.CT.QCD              -190.889973 +-         0.228208
--------------------------------------------------------------------------------------------------------------------------------------------------------------
       310         320   0.5             ud~_epvebb~                   -190.889973 +-         0.228208       0.6634       0 [    7]      (   0)        1455834

==============================================================================================================================================================

       320         330   0.01            NLO.QT.32.CT.QCD              -469.765891 +-         0.577434
--------------------------------------------------------------------------------------------------------------------------------------------------------------
       320         330   0.01            ud~_epvebb~                   -469.765891 +-         0.577434        1.574       0 [    7]      (   0)        1349159

       320         330   0.05            NLO.QT.32.CT.QCD              -328.471359 +-         0.405658
--------------------------------------------------------------------------------------------------------------------------------------------------------------
       320         330   0.05            ud~_epvebb~                   -328.471359 +-         0.405658        1.546       0 [    7]      (   0)        1349159

       320         330   0.1             NLO.QT.32.CT.QCD              -275.343687 +-         0.341075
--------------------------------------------------------------------------------------------------------------------------------------------------------------
       320         330   0.1             ud~_epvebb~                   -275.343687 +-         0.341075        1.531       0 [    7]      (   0)        1349159

       320         330   0.15            NLO.QT.32.CT.QCD              -246.421949 +-         0.305916
--------------------------------------------------------------------------------------------------------------------------------------------------------------
       320         330   0.15            ud~_epvebb~                   -246.421949 +-         0.305916        1.521       0 [    7]      (   0)        1349159

       320         330   0.2             NLO.QT.32.CT.QCD              -226.866798 +-         0.282142
--------------------------------------------------------------------------------------------------------------------------------------------------------------
       320         330   0.2             ud~_epvebb~                   -226.866798 +-         0.282142        1.513       0 [    7]      (   0)        1349159

       320         330   0.25            NLO.QT.32.CT.QCD              -212.250379 +-         0.264370
--------------------------------------------------------------------------------------------------------------------------------------------------------------
       320         330   0.25            ud~_epvebb~                   -212.250379 +-         0.264370        1.506       0 [    7]      (   0)        1349159

       320         330   0.5             NLO.QT.32.CT.QCD              -169.922147 +-         0.212891
--------------------------------------------------------------------------------------------------------------------------------------------------------------
       320         330   0.5             ud~_epvebb~                   -169.922147 +-         0.212891        1.482       0 [    7]      (   0)        1349159

==============================================================================================================================================================

       330         340   0.01            NLO.QT.32.CT.QCD              -418.425706 +-         0.554652
--------------------------------------------------------------------------------------------------------------------------------------------------------------
       330         340   0.01            ud~_epvebb~                   -418.425706 +-         0.554652        1.758       0 [    7]      (   0)        1174765

       330         340   0.05            NLO.QT.32.CT.QCD              -292.636629 +-         0.389789
--------------------------------------------------------------------------------------------------------------------------------------------------------------
       330         340   0.05            ud~_epvebb~                   -292.636629 +-         0.389789        1.737       0 [    7]      (   0)        1174765

       330         340   0.1             NLO.QT.32.CT.QCD              -245.334294 +-         0.327795
--------------------------------------------------------------------------------------------------------------------------------------------------------------
       330         340   0.1             ud~_epvebb~                   -245.334294 +-         0.327795        1.724       0 [    7]      (   0)        1174765

       330         340   0.15            NLO.QT.32.CT.QCD              -219.582224 +-         0.294043
--------------------------------------------------------------------------------------------------------------------------------------------------------------
       330         340   0.15            ud~_epvebb~                   -219.582224 +-         0.294043        1.715       0 [    7]      (   0)        1174765

       330         340   0.2             NLO.QT.32.CT.QCD              -202.169473 +-         0.271218
--------------------------------------------------------------------------------------------------------------------------------------------------------------
       330         340   0.2             ud~_epvebb~                   -202.169473 +-         0.271218        1.708       0 [    7]      (   0)        1174765

       330         340   0.25            NLO.QT.32.CT.QCD              -189.153938 +-         0.254155
--------------------------------------------------------------------------------------------------------------------------------------------------------------
       330         340   0.25            ud~_epvebb~                   -189.153938 +-         0.254155        1.702       0 [    7]      (   0)        1174765

       330         340   0.5             NLO.QT.32.CT.QCD              -151.459197 +-         0.204725
--------------------------------------------------------------------------------------------------------------------------------------------------------------
       330         340   0.5             ud~_epvebb~                   -151.459197 +-         0.204725        1.679       0 [    7]      (   0)        1174765

==============================================================================================================================================================

       340         350   0.01            NLO.QT.32.CT.QCD              -374.427859 +-         0.518593
--------------------------------------------------------------------------------------------------------------------------------------------------------------
       340         350   0.01            ud~_epvebb~                   -374.427859 +-         0.518593       0.5884       0 [    7]      (   0)        1102259

       340         350   0.05            NLO.QT.32.CT.QCD              -261.901586 +-         0.364586
--------------------------------------------------------------------------------------------------------------------------------------------------------------
       340         350   0.05            ud~_epvebb~                   -261.901586 +-         0.364586       0.6186       0 [    7]      (   0)        1102259

       340         350   0.1             NLO.QT.32.CT.QCD              -219.583933 +-         0.306667
--------------------------------------------------------------------------------------------------------------------------------------------------------------
       340         350   0.1             ud~_epvebb~                   -219.583933 +-         0.306667       0.6355       0 [    7]      (   0)        1102259

       340         350   0.15            NLO.QT.32.CT.QCD              -196.544723 +-         0.275130
--------------------------------------------------------------------------------------------------------------------------------------------------------------
       340         350   0.15            ud~_epvebb~                   -196.544723 +-         0.275130       0.6468       0 [    7]      (   0)        1102259

       340         350   0.2             NLO.QT.32.CT.QCD              -180.965905 +-         0.253803
--------------------------------------------------------------------------------------------------------------------------------------------------------------
       340         350   0.2             ud~_epvebb~                   -180.965905 +-         0.253803       0.6556       0 [    7]      (   0)        1102259

       340         350   0.25            NLO.QT.32.CT.QCD              -169.320930 +-         0.237858
--------------------------------------------------------------------------------------------------------------------------------------------------------------
       340         350   0.25            ud~_epvebb~                   -169.320930 +-         0.237858       0.6630       0 [    7]      (   0)        1102259

       340         350   0.5             NLO.QT.32.CT.QCD              -135.594064 +-         0.191663
--------------------------------------------------------------------------------------------------------------------------------------------------------------
       340         350   0.5             ud~_epvebb~                   -135.594064 +-         0.191663       0.6891       0 [    7]      (   0)        1102259

==============================================================================================================================================================

       350         360   0.01            NLO.QT.32.CT.QCD              -336.792782 +-         0.491226
--------------------------------------------------------------------------------------------------------------------------------------------------------------
       350         360   0.01            ud~_epvebb~                   -336.792782 +-         0.491226        1.278       0 [    7]      (   0)        1011142

       350         360   0.05            NLO.QT.32.CT.QCD              -235.635623 +-         0.345428
--------------------------------------------------------------------------------------------------------------------------------------------------------------
       350         360   0.05            ud~_epvebb~                   -235.635623 +-         0.345428        1.280       0 [    7]      (   0)        1011142

       350         360   0.1             NLO.QT.32.CT.QCD              -197.589089 +-         0.290591
--------------------------------------------------------------------------------------------------------------------------------------------------------------
       350         360   0.1             ud~_epvebb~                   -197.589089 +-         0.290591        1.282       0 [    7]      (   0)        1011142

       350         360   0.15            NLO.QT.32.CT.QCD              -176.873803 +-         0.260730
--------------------------------------------------------------------------------------------------------------------------------------------------------------
       350         360   0.15            ud~_epvebb~                   -176.873803 +-         0.260730        1.283       0 [    7]      (   0)        1011142

       350         360   0.2             NLO.QT.32.CT.QCD              -162.865708 +-         0.240536
--------------------------------------------------------------------------------------------------------------------------------------------------------------
       350         360   0.2             ud~_epvebb~                   -162.865708 +-         0.240536        1.285       0 [    7]      (   0)        1011142

       350         360   0.25            NLO.QT.32.CT.QCD              -152.394419 +-         0.225438
--------------------------------------------------------------------------------------------------------------------------------------------------------------
       350         360   0.25            ud~_epvebb~                   -152.394419 +-         0.225438        1.285       0 [    7]      (   0)        1011142

       350         360   0.5             NLO.QT.32.CT.QCD              -122.064477 +-         0.181692
--------------------------------------------------------------------------------------------------------------------------------------------------------------
       350         360   0.5             ud~_epvebb~                   -122.064477 +-         0.181692        1.289       0 [    7]      (   0)        1011142

==============================================================================================================================================================

       360         370   0.01            NLO.QT.32.CT.QCD              -303.684400 +-         0.465078
--------------------------------------------------------------------------------------------------------------------------------------------------------------
       360         370   0.01            ud~_epvebb~                   -303.684400 +-         0.465078       0.8090       0 [    7]      (   0)         927128

       360         370   0.05            NLO.QT.32.CT.QCD              -212.563689 +-         0.327314
--------------------------------------------------------------------------------------------------------------------------------------------------------------
       360         370   0.05            ud~_epvebb~                   -212.563689 +-         0.327314       0.8242       0 [    7]      (   0)         927128

       360         370   0.1             NLO.QT.32.CT.QCD              -178.284997 +-         0.275476
--------------------------------------------------------------------------------------------------------------------------------------------------------------
       360         370   0.1             ud~_epvebb~                   -178.284997 +-         0.275476       0.8335       0 [    7]      (   0)         927128

       360         370   0.15            NLO.QT.32.CT.QCD              -159.618960 +-         0.247242
--------------------------------------------------------------------------------------------------------------------------------------------------------------
       360         370   0.15            ud~_epvebb~                   -159.618960 +-         0.247242       0.8401       0 [    7]      (   0)         927128

       360         370   0.2             NLO.QT.32.CT.QCD              -146.995532 +-         0.228144
--------------------------------------------------------------------------------------------------------------------------------------------------------------
       360         370   0.2             ud~_epvebb~                   -146.995532 +-         0.228144       0.8454       0 [    7]      (   0)         927128

       360         370   0.25            NLO.QT.32.CT.QCD              -137.558661 +-         0.213863
--------------------------------------------------------------------------------------------------------------------------------------------------------------
       360         370   0.25            ud~_epvebb~                   -137.558661 +-         0.213863       0.8500       0 [    7]      (   0)         927128

       360         370   0.5             NLO.QT.32.CT.QCD              -110.221166 +-         0.172475
--------------------------------------------------------------------------------------------------------------------------------------------------------------
       360         370   0.5             ud~_epvebb~                   -110.221166 +-         0.172475       0.8668       0 [    7]      (   0)         927128

==============================================================================================================================================================

       370         380   0.01            NLO.QT.32.CT.QCD              -273.445534 +-         0.448697
--------------------------------------------------------------------------------------------------------------------------------------------------------------
       370         380   0.01            ud~_epvebb~                   -273.445534 +-         0.448697        1.075       0 [    7]      (   0)         818494

       370         380   0.05            NLO.QT.32.CT.QCD              -191.389142 +-         0.315789
--------------------------------------------------------------------------------------------------------------------------------------------------------------
       370         380   0.05            ud~_epvebb~                   -191.389142 +-         0.315789        1.118       0 [    7]      (   0)         818494

       370         380   0.1             NLO.QT.32.CT.QCD              -160.521030 +-         0.265781
--------------------------------------------------------------------------------------------------------------------------------------------------------------
       370         380   0.1             ud~_epvebb~                   -160.521030 +-         0.265781        1.143       0 [    7]      (   0)         818494

       370         380   0.15            NLO.QT.32.CT.QCD              -143.712397 +-         0.238543
--------------------------------------------------------------------------------------------------------------------------------------------------------------
       370         380   0.15            ud~_epvebb~                   -143.712397 +-         0.238543        1.159       0 [    7]      (   0)         818494

       370         380   0.2             NLO.QT.32.CT.QCD              -132.345194 +-         0.220120
--------------------------------------------------------------------------------------------------------------------------------------------------------------
       370         380   0.2             ud~_epvebb~                   -132.345194 +-         0.220120        1.172       0 [    7]      (   0)         818494

       370         380   0.25            NLO.QT.32.CT.QCD              -123.847498 +-         0.206344
--------------------------------------------------------------------------------------------------------------------------------------------------------------
       370         380   0.25            ud~_epvebb~                   -123.847498 +-         0.206344        1.183       0 [    7]      (   0)         818494

       370         380   0.5             NLO.QT.32.CT.QCD              -99.2310432 +-        0.1664191
--------------------------------------------------------------------------------------------------------------------------------------------------------------
       370         380   0.5             ud~_epvebb~                   -99.2310432 +-        0.1664191        1.221       0 [    7]      (   0)         818494

==============================================================================================================================================================

       380         390   0.01            NLO.QT.32.CT.QCD              -247.265849 +-         0.425217
--------------------------------------------------------------------------------------------------------------------------------------------------------------
       380         390   0.01            ud~_epvebb~                   -247.265849 +-         0.425217       0.5884       0 [    7]      (   0)         758685

       380         390   0.05            NLO.QT.32.CT.QCD              -173.121677 +-         0.299376
--------------------------------------------------------------------------------------------------------------------------------------------------------------
       380         390   0.05            ud~_epvebb~                   -173.121677 +-         0.299376       0.6030       0 [    7]      (   0)         758685

       380         390   0.1             NLO.QT.32.CT.QCD              -145.225731 +-         0.252018
--------------------------------------------------------------------------------------------------------------------------------------------------------------
       380         390   0.1             ud~_epvebb~                   -145.225731 +-         0.252018       0.6122       0 [    7]      (   0)         758685

       380         390   0.15            NLO.QT.32.CT.QCD              -130.034172 +-         0.226222
--------------------------------------------------------------------------------------------------------------------------------------------------------------
       380         390   0.15            ud~_epvebb~                   -130.034172 +-         0.226222       0.6188       0 [    7]      (   0)         758685

       380         390   0.2             NLO.QT.32.CT.QCD              -119.759894 +-         0.208771
--------------------------------------------------------------------------------------------------------------------------------------------------------------
       380         390   0.2             ud~_epvebb~                   -119.759894 +-         0.208771       0.6242       0 [    7]      (   0)         758685

       380         390   0.25            NLO.QT.32.CT.QCD              -112.078836 +-         0.195722
--------------------------------------------------------------------------------------------------------------------------------------------------------------
       380         390   0.25            ud~_epvebb~                   -112.078836 +-         0.195722       0.6287       0 [    7]      (   0)         758685

       380         390   0.5             NLO.QT.32.CT.QCD              -89.8257763 +-        0.1578989
--------------------------------------------------------------------------------------------------------------------------------------------------------------
       380         390   0.5             ud~_epvebb~                   -89.8257763 +-        0.1578989       0.6460       0 [    7]      (   0)         758685

==============================================================================================================================================================

       390         400   0.01            NLO.QT.32.CT.QCD              -223.769686 +-         0.405439
--------------------------------------------------------------------------------------------------------------------------------------------------------------
       390         400   0.01            ud~_epvebb~                   -223.769686 +-         0.405439        1.055       0 [    7]      (   0)         695053

       390         400   0.05            NLO.QT.32.CT.QCD              -156.672068 +-         0.285482
--------------------------------------------------------------------------------------------------------------------------------------------------------------
       390         400   0.05            ud~_epvebb~                   -156.672068 +-         0.285482        1.011       0 [    7]      (   0)         695053

       390         400   0.1             NLO.QT.32.CT.QCD              -131.427230 +-         0.240340
--------------------------------------------------------------------------------------------------------------------------------------------------------------
       390         400   0.1             ud~_epvebb~                   -131.427230 +-         0.240340       0.9893       0 [    7]      (   0)         695053

       390         400   0.15            NLO.QT.32.CT.QCD              -117.679383 +-         0.215750
--------------------------------------------------------------------------------------------------------------------------------------------------------------
       390         400   0.15            ud~_epvebb~                   -117.679383 +-         0.215750       0.9752       0 [    7]      (   0)         695053

       390         400   0.2             NLO.QT.32.CT.QCD              -108.381497 +-         0.199116
--------------------------------------------------------------------------------------------------------------------------------------------------------------
       390         400   0.2             ud~_epvebb~                   -108.381497 +-         0.199116       0.9646       0 [    7]      (   0)         695053

       390         400   0.25            NLO.QT.32.CT.QCD              -101.430383 +-         0.186677
--------------------------------------------------------------------------------------------------------------------------------------------------------------
       390         400   0.25            ud~_epvebb~                   -101.430383 +-         0.186677       0.9561       0 [    7]      (   0)         695053

       390         400   0.5             NLO.QT.32.CT.QCD              -81.2920230 +-        0.1506227
--------------------------------------------------------------------------------------------------------------------------------------------------------------
       390         400   0.5             ud~_epvebb~                   -81.2920230 +-        0.1506227       0.9276       0 [    7]      (   0)         695053

==============================================================================================================================================================

       400         410   0.01            NLO.QT.32.CT.QCD              -202.702849 +-         0.377747
--------------------------------------------------------------------------------------------------------------------------------------------------------------
       400         410   0.01            ud~_epvebb~                   -202.702849 +-         0.377747       0.6061       0 [    7]      (   0)         663604

       400         410   0.05            NLO.QT.32.CT.QCD              -141.948980 +-         0.266114
--------------------------------------------------------------------------------------------------------------------------------------------------------------
       400         410   0.05            ud~_epvebb~                   -141.948980 +-         0.266114       0.6256       0 [    7]      (   0)         663604

       400         410   0.1             NLO.QT.32.CT.QCD              -119.088877 +-         0.224094
--------------------------------------------------------------------------------------------------------------------------------------------------------------
       400         410   0.1             ud~_epvebb~                   -119.088877 +-         0.224094       0.6376       0 [    7]      (   0)         663604

       400         410   0.15            NLO.QT.32.CT.QCD              -106.639058 +-         0.201202
--------------------------------------------------------------------------------------------------------------------------------------------------------------
       400         410   0.15            ud~_epvebb~                   -106.639058 +-         0.201202       0.6461       0 [    7]      (   0)         663604

       400         410   0.2             NLO.QT.32.CT.QCD              -98.2187364 +-        0.1857154
--------------------------------------------------------------------------------------------------------------------------------------------------------------
       400         410   0.2             ud~_epvebb~                   -98.2187364 +-        0.1857154       0.6529       0 [    7]      (   0)         663604

       400         410   0.25            NLO.QT.32.CT.QCD              -91.9235018 +-        0.1741340
--------------------------------------------------------------------------------------------------------------------------------------------------------------
       400         410   0.25            ud~_epvebb~                   -91.9235018 +-        0.1741340       0.6587       0 [    7]      (   0)         663604

       400         410   0.5             NLO.QT.32.CT.QCD              -73.6842335 +-        0.1405585
--------------------------------------------------------------------------------------------------------------------------------------------------------------
       400         410   0.5             ud~_epvebb~                   -73.6842335 +-        0.1405585       0.6804       0 [    7]      (   0)         663604

==============================================================================================================================================================

       410         420   0.01            NLO.QT.32.CT.QCD              -184.468987 +-         0.365793
--------------------------------------------------------------------------------------------------------------------------------------------------------------
       410         420   0.01            ud~_epvebb~                   -184.468987 +-         0.365793        1.017       0 [    7]      (   0)         601272

       410         420   0.05            NLO.QT.32.CT.QCD              -129.193945 +-         0.257650
--------------------------------------------------------------------------------------------------------------------------------------------------------------
       410         420   0.05            ud~_epvebb~                   -129.193945 +-         0.257650       0.9887       0 [    7]      (   0)         601272

       410         420   0.1             NLO.QT.32.CT.QCD              -108.394333 +-         0.216948
--------------------------------------------------------------------------------------------------------------------------------------------------------------
       410         420   0.1             ud~_epvebb~                   -108.394333 +-         0.216948       0.9732       0 [    7]      (   0)         601272

       410         420   0.15            NLO.QT.32.CT.QCD              -97.0663407 +-        0.1947749
--------------------------------------------------------------------------------------------------------------------------------------------------------------
       410         420   0.15            ud~_epvebb~                   -97.0663407 +-        0.1947749       0.9628       0 [    7]      (   0)         601272

       410         420   0.2             NLO.QT.32.CT.QCD              -89.4045950 +-        0.1797749
--------------------------------------------------------------------------------------------------------------------------------------------------------------
       410         420   0.2             ud~_epvebb~                   -89.4045950 +-        0.1797749       0.9547       0 [    7]      (   0)         601272

       410         420   0.25            NLO.QT.32.CT.QCD              -83.6763936 +-        0.1685580
--------------------------------------------------------------------------------------------------------------------------------------------------------------
       410         420   0.25            ud~_epvebb~                   -83.6763936 +-        0.1685580       0.9480       0 [    7]      (   0)         601272

       410         420   0.5             NLO.QT.32.CT.QCD              -67.0794395 +-        0.1360412
--------------------------------------------------------------------------------------------------------------------------------------------------------------
       410         420   0.5             ud~_epvebb~                   -67.0794395 +-        0.1360412       0.9244       0 [    7]      (   0)         601272

==============================================================================================================================================================

       420         430   0.01            NLO.QT.32.CT.QCD              -168.337515 +-         0.352991
--------------------------------------------------------------------------------------------------------------------------------------------------------------
       420         430   0.01            ud~_epvebb~                   -168.337515 +-         0.352991        2.186       0 [    7]      (   0)         539540

       420         430   0.05            NLO.QT.32.CT.QCD              -117.917692 +-         0.248839
--------------------------------------------------------------------------------------------------------------------------------------------------------------
       420         430   0.05            ud~_epvebb~                   -117.917692 +-         0.248839        2.212       0 [    7]      (   0)         539540

       420         430   0.1             NLO.QT.32.CT.QCD              -98.9434275 +-        0.2096251
--------------------------------------------------------------------------------------------------------------------------------------------------------------
       420         430   0.1             ud~_epvebb~                   -98.9434275 +-        0.2096251        2.224       0 [    7]      (   0)         539540

       420         430   0.15            NLO.QT.32.CT.QCD              -88.6090430 +-        0.1882583
--------------------------------------------------------------------------------------------------------------------------------------------------------------
       420         430   0.15            ud~_epvebb~                   -88.6090430 +-        0.1882583        2.231       0 [    7]      (   0)         539540

       420         430   0.2             NLO.QT.32.CT.QCD              -81.6190774 +-        0.1738013
--------------------------------------------------------------------------------------------------------------------------------------------------------------
       420         430   0.2             ud~_epvebb~                   -81.6190774 +-        0.1738013        2.236       0 [    7]      (   0)         539540

       420         430   0.25            NLO.QT.32.CT.QCD              -76.3929726 +-        0.1629891
--------------------------------------------------------------------------------------------------------------------------------------------------------------
       420         430   0.25            ud~_epvebb~                   -76.3929726 +-        0.1629891        2.240       0 [    7]      (   0)         539540

       420         430   0.5             NLO.QT.32.CT.QCD              -61.2499272 +-        0.1316373
--------------------------------------------------------------------------------------------------------------------------------------------------------------
       420         430   0.5             ud~_epvebb~                   -61.2499272 +-        0.1316373        2.253       0 [    7]      (   0)         539540

==============================================================================================================================================================

       430         440   0.01            NLO.QT.32.CT.QCD              -153.832068 +-         0.349871
--------------------------------------------------------------------------------------------------------------------------------------------------------------
       430         440   0.01            ud~_epvebb~                   -153.832068 +-         0.349871       0.5742       0 [    7]      (   0)         466936

       430         440   0.05            NLO.QT.32.CT.QCD              -107.773007 +-         0.246731
--------------------------------------------------------------------------------------------------------------------------------------------------------------
       430         440   0.05            ud~_epvebb~                   -107.773007 +-         0.246731       0.5804       0 [    7]      (   0)         466936

       430         440   0.1             NLO.QT.32.CT.QCD              -90.4385804 +-        0.2078888
--------------------------------------------------------------------------------------------------------------------------------------------------------------
       430         440   0.1             ud~_epvebb~                   -90.4385804 +-        0.2078888       0.5839       0 [    7]      (   0)         466936

       430         440   0.15            NLO.QT.32.CT.QCD              -80.9969452 +-        0.1867218
--------------------------------------------------------------------------------------------------------------------------------------------------------------
       430         440   0.15            ud~_epvebb~                   -80.9969452 +-        0.1867218       0.5862       0 [    7]      (   0)         466936

       430         440   0.2             NLO.QT.32.CT.QCD              -74.6106281 +-        0.1723986
--------------------------------------------------------------------------------------------------------------------------------------------------------------
       430         440   0.2             ud~_epvebb~                   -74.6106281 +-        0.1723986       0.5880       0 [    7]      (   0)         466936

       430         440   0.25            NLO.QT.32.CT.QCD              -69.8357329 +-        0.1616856
--------------------------------------------------------------------------------------------------------------------------------------------------------------
       430         440   0.25            ud~_epvebb~                   -69.8357329 +-        0.1616856       0.5896       0 [    7]      (   0)         466936

       430         440   0.5             NLO.QT.32.CT.QCD              -55.9994486 +-        0.1306170
--------------------------------------------------------------------------------------------------------------------------------------------------------------
       430         440   0.5             ud~_epvebb~                   -55.9994486 +-        0.1306170       0.5950       0 [    7]      (   0)         466936

==============================================================================================================================================================

       440         450   0.01            NLO.QT.32.CT.QCD              -141.170443 +-         0.334787
--------------------------------------------------------------------------------------------------------------------------------------------------------------
       440         450   0.01            ud~_epvebb~                   -141.170443 +-         0.334787        1.290       0 [    7]      (   0)         439988

       440         450   0.05            NLO.QT.32.CT.QCD              -98.9199417 +-        0.2359988
--------------------------------------------------------------------------------------------------------------------------------------------------------------
       440         450   0.05            ud~_epvebb~                   -98.9199417 +-        0.2359988        1.304       0 [    7]      (   0)         439988

       440         450   0.1             NLO.QT.32.CT.QCD              -83.0175398 +-        0.1988069
--------------------------------------------------------------------------------------------------------------------------------------------------------------
       440         450   0.1             ud~_epvebb~                   -83.0175398 +-        0.1988069        1.312       0 [    7]      (   0)         439988

       440         450   0.15            NLO.QT.32.CT.QCD              -74.3554672 +-        0.1785429
--------------------------------------------------------------------------------------------------------------------------------------------------------------
       440         450   0.15            ud~_epvebb~                   -74.3554672 +-        0.1785429        1.316       0 [    7]      (   0)         439988

       440         450   0.2             NLO.QT.32.CT.QCD              -68.4962410 +-        0.1648326
--------------------------------------------------------------------------------------------------------------------------------------------------------------
       440         450   0.2             ud~_epvebb~                   -68.4962410 +-        0.1648326        1.320       0 [    7]      (   0)         439988

       440         450   0.25            NLO.QT.32.CT.QCD              -64.1153161 +-        0.1545790
--------------------------------------------------------------------------------------------------------------------------------------------------------------
       440         450   0.25            ud~_epvebb~                   -64.1153161 +-        0.1545790        1.323       0 [    7]      (   0)         439988

       440         450   0.5             NLO.QT.32.CT.QCD              -51.4199351 +-        0.1248485
--------------------------------------------------------------------------------------------------------------------------------------------------------------
       440         450   0.5             ud~_epvebb~                   -51.4199351 +-        0.1248485        1.332       0 [    7]      (   0)         439988

==============================================================================================================================================================

       450         460   0.01            NLO.QT.32.CT.QCD              -129.319886 +-         0.322931
--------------------------------------------------------------------------------------------------------------------------------------------------------------
       450         460   0.01            ud~_epvebb~                   -129.319886 +-         0.322931       0.7782       0 [    7]      (   0)         402450

       450         460   0.05            NLO.QT.32.CT.QCD              -90.6341850 +-        0.2277085
--------------------------------------------------------------------------------------------------------------------------------------------------------------
       450         460   0.05            ud~_epvebb~                   -90.6341850 +-        0.2277085       0.7610       0 [    7]      (   0)         402450

       450         460   0.1             NLO.QT.32.CT.QCD              -76.0721385 +-        0.1918544
--------------------------------------------------------------------------------------------------------------------------------------------------------------
       450         460   0.1             ud~_epvebb~                   -76.0721385 +-        0.1918544       0.7513       0 [    7]      (   0)         402450

       450         460   0.15            NLO.QT.32.CT.QCD              -68.1397205 +-        0.1723177
--------------------------------------------------------------------------------------------------------------------------------------------------------------
       450         460   0.15            ud~_epvebb~                   -68.1397205 +-        0.1723177       0.7448       0 [    7]      (   0)         402450

       450         460   0.2             NLO.QT.32.CT.QCD              -62.7738381 +-        0.1590986
--------------------------------------------------------------------------------------------------------------------------------------------------------------
       450         460   0.2             ud~_epvebb~                   -62.7738381 +-        0.1590986       0.7398       0 [    7]      (   0)         402450

       450         460   0.25            NLO.QT.32.CT.QCD              -58.7616580 +-        0.1492120
--------------------------------------------------------------------------------------------------------------------------------------------------------------
       450         460   0.25            ud~_epvebb~                   -58.7616580 +-        0.1492120       0.7356       0 [    7]      (   0)         402450

       450         460   0.5             NLO.QT.32.CT.QCD              -47.1341216 +-        0.1205427
--------------------------------------------------------------------------------------------------------------------------------------------------------------
       450         460   0.5             ud~_epvebb~                   -47.1341216 +-        0.1205427       0.7208       0 [    7]      (   0)         402450

==============================================================================================================================================================

       460         470   0.01            NLO.QT.32.CT.QCD              -118.284819 +-         0.306385
--------------------------------------------------------------------------------------------------------------------------------------------------------------
       460         470   0.01            ud~_epvebb~                   -118.284819 +-         0.306385      0.09230       0 [    7]      (   0)         373933

       460         470   0.05            NLO.QT.32.CT.QCD              -82.9091709 +-        0.2162815
--------------------------------------------------------------------------------------------------------------------------------------------------------------
       460         470   0.05            ud~_epvebb~                   -82.9091709 +-        0.2162815      0.09589       0 [    7]      (   0)         373933

       460         470   0.1             NLO.QT.32.CT.QCD              -69.5924108 +-        0.1823336
--------------------------------------------------------------------------------------------------------------------------------------------------------------
       460         470   0.1             ud~_epvebb~                   -69.5924108 +-        0.1823336      0.09782       0 [    7]      (   0)         373933

       460         470   0.15            NLO.QT.32.CT.QCD              -62.3381231 +-        0.1638289
--------------------------------------------------------------------------------------------------------------------------------------------------------------
       460         470   0.15            ud~_epvebb~                   -62.3381231 +-        0.1638289      0.09909       0 [    7]      (   0)         373933

       460         470   0.2             NLO.QT.32.CT.QCD              -57.4308572 +-        0.1513049
--------------------------------------------------------------------------------------------------------------------------------------------------------------
       460         470   0.2             ud~_epvebb~                   -57.4308572 +-        0.1513049       0.1001       0 [    7]      (   0)         373933

       460         470   0.25            NLO.QT.32.CT.QCD              -53.7615313 +-        0.1419362
--------------------------------------------------------------------------------------------------------------------------------------------------------------
       460         470   0.25            ud~_epvebb~                   -53.7615313 +-        0.1419362       0.1009       0 [    7]      (   0)         373933

       460         470   0.5             NLO.QT.32.CT.QCD              -43.1272444 +-        0.1147577
--------------------------------------------------------------------------------------------------------------------------------------------------------------
       460         470   0.5             ud~_epvebb~                   -43.1272444 +-        0.1147577       0.1036       0 [    7]      (   0)         373933

==============================================================================================================================================================

       470         480   0.01            NLO.QT.32.CT.QCD              -109.212146 +-         0.298774
--------------------------------------------------------------------------------------------------------------------------------------------------------------
       470         480   0.01            ud~_epvebb~                   -109.212146 +-         0.298774       0.9435       0 [    7]      (   0)         343388

       470         480   0.05            NLO.QT.32.CT.QCD              -76.5766387 +-        0.2109046
--------------------------------------------------------------------------------------------------------------------------------------------------------------
       470         480   0.05            ud~_epvebb~                   -76.5766387 +-        0.2109046       0.9083       0 [    7]      (   0)         343388

       470         480   0.1             NLO.QT.32.CT.QCD              -64.2893337 +-        0.1778008
--------------------------------------------------------------------------------------------------------------------------------------------------------------
       470         480   0.1             ud~_epvebb~                   -64.2893337 +-        0.1778008       0.8893       0 [    7]      (   0)         343388

       470         480   0.15            NLO.QT.32.CT.QCD              -57.5951890 +-        0.1597569
--------------------------------------------------------------------------------------------------------------------------------------------------------------
       470         480   0.15            ud~_epvebb~                   -57.5951890 +-        0.1597569       0.8768       0 [    7]      (   0)         343388

       470         480   0.2             NLO.QT.32.CT.QCD              -53.0665266 +-        0.1475451
--------------------------------------------------------------------------------------------------------------------------------------------------------------
       470         480   0.2             ud~_epvebb~                   -53.0665266 +-        0.1475451       0.8672       0 [    7]      (   0)         343388

       470         480   0.25            NLO.QT.32.CT.QCD              -49.6801075 +-        0.1384101
--------------------------------------------------------------------------------------------------------------------------------------------------------------
       470         480   0.25            ud~_epvebb~                   -49.6801075 +-        0.1384101       0.8594       0 [    7]      (   0)         343388

       470         480   0.5             NLO.QT.32.CT.QCD              -39.8646443 +-        0.1119107
--------------------------------------------------------------------------------------------------------------------------------------------------------------
       470         480   0.5             ud~_epvebb~                   -39.8646443 +-        0.1119107       0.8321       0 [    7]      (   0)         343388

==============================================================================================================================================================

       480         490   0.01            NLO.QT.32.CT.QCD              -99.6948058 +-        0.2806160
--------------------------------------------------------------------------------------------------------------------------------------------------------------
       480         490   0.01            ud~_epvebb~                   -99.6948058 +-        0.2806160       0.9929       0 [    7]      (   0)         324744

       480         490   0.05            NLO.QT.32.CT.QCD              -69.8991459 +-        0.1981490
--------------------------------------------------------------------------------------------------------------------------------------------------------------
       480         490   0.05            ud~_epvebb~                   -69.8991459 +-        0.1981490        1.002       0 [    7]      (   0)         324744

       480         490   0.1             NLO.QT.32.CT.QCD              -58.6813661 +-        0.1670778
--------------------------------------------------------------------------------------------------------------------------------------------------------------
       480         490   0.1             ud~_epvebb~                   -58.6813661 +-        0.1670778        1.007       0 [    7]      (   0)         324744

       480         490   0.15            NLO.QT.32.CT.QCD              -52.5700024 +-        0.1501409
--------------------------------------------------------------------------------------------------------------------------------------------------------------
       480         490   0.15            ud~_epvebb~                   -52.5700024 +-        0.1501409        1.010       0 [    7]      (   0)         324744

       480         490   0.2             NLO.QT.32.CT.QCD              -48.4356469 +-        0.1386778
--------------------------------------------------------------------------------------------------------------------------------------------------------------
       480         490   0.2             ud~_epvebb~                   -48.4356469 +-        0.1386778        1.013       0 [    7]      (   0)         324744

       480         490   0.25            NLO.QT.32.CT.QCD              -45.3441099 +-        0.1301025
--------------------------------------------------------------------------------------------------------------------------------------------------------------
       480         490   0.25            ud~_epvebb~                   -45.3441099 +-        0.1301025        1.015       0 [    7]      (   0)         324744

       480         490   0.5             NLO.QT.32.CT.QCD              -36.3835260 +-        0.1052250
--------------------------------------------------------------------------------------------------------------------------------------------------------------
       480         490   0.5             ud~_epvebb~                   -36.3835260 +-        0.1052250        1.022       0 [    7]      (   0)         324744

==============================================================================================================================================================

       490         500   0.01            NLO.QT.32.CT.QCD              -92.0863644 +-        0.2588191
--------------------------------------------------------------------------------------------------------------------------------------------------------------
       490         500   0.01            ud~_epvebb~                   -92.0863644 +-        0.2588191        1.201       0 [    7]      (   0)         337677

       490         500   0.05            NLO.QT.32.CT.QCD              -64.5709782 +-        0.1827445
--------------------------------------------------------------------------------------------------------------------------------------------------------------
       490         500   0.05            ud~_epvebb~                   -64.5709782 +-        0.1827445        1.157       0 [    7]      (   0)         337677

       490         500   0.1             NLO.QT.32.CT.QCD              -54.2112153 +-        0.1540832
--------------------------------------------------------------------------------------------------------------------------------------------------------------
       490         500   0.1             ud~_epvebb~                   -54.2112153 +-        0.1540832        1.133       0 [    7]      (   0)         337677

       490         500   0.15            NLO.QT.32.CT.QCD              -48.5671383 +-        0.1384605
--------------------------------------------------------------------------------------------------------------------------------------------------------------
       490         500   0.15            ud~_epvebb~                   -48.5671383 +-        0.1384605        1.118       0 [    7]      (   0)         337677

       490         500   0.2             NLO.QT.32.CT.QCD              -44.7488293 +-        0.1278869
--------------------------------------------------------------------------------------------------------------------------------------------------------------
       490         500   0.2             ud~_epvebb~                   -44.7488293 +-        0.1278869        1.106       0 [    7]      (   0)         337677

       490         500   0.25            NLO.QT.32.CT.QCD              -41.8935771 +-        0.1199773
--------------------------------------------------------------------------------------------------------------------------------------------------------------
       490         500   0.25            ud~_epvebb~                   -41.8935771 +-        0.1199773        1.097       0 [    7]      (   0)         337677

       490         500   0.5             NLO.QT.32.CT.QCD              -33.6175891 +-        0.0970316
--------------------------------------------------------------------------------------------------------------------------------------------------------------
       490         500   0.5             ud~_epvebb~                   -33.6175891 +-        0.0970316        1.064       0 [    7]      (   0)         337677

==============================================================================================================================================================

       500         510   0.01            NLO.QT.32.CT.QCD              -84.9799271 +-        0.2521559
--------------------------------------------------------------------------------------------------------------------------------------------------------------
       500         510   0.01            ud~_epvebb~                   -84.9799271 +-        0.2521559        1.137       0 [    7]      (   0)         304239

       500         510   0.05            NLO.QT.32.CT.QCD              -59.5878726 +-        0.1779813
--------------------------------------------------------------------------------------------------------------------------------------------------------------
       500         510   0.05            ud~_epvebb~                   -59.5878726 +-        0.1779813        1.134       0 [    7]      (   0)         304239

       500         510   0.1             NLO.QT.32.CT.QCD              -50.0275664 +-        0.1500391
--------------------------------------------------------------------------------------------------------------------------------------------------------------
       500         510   0.1             ud~_epvebb~                   -50.0275664 +-        0.1500391        1.132       0 [    7]      (   0)         304239

       500         510   0.15            NLO.QT.32.CT.QCD              -44.8190412 +-        0.1348093
--------------------------------------------------------------------------------------------------------------------------------------------------------------
       500         510   0.15            ud~_epvebb~                   -44.8190412 +-        0.1348093        1.130       0 [    7]      (   0)         304239

       500         510   0.2             NLO.QT.32.CT.QCD              -41.2953908 +-        0.1245024
--------------------------------------------------------------------------------------------------------------------------------------------------------------
       500         510   0.2             ud~_epvebb~                   -41.2953908 +-        0.1245024        1.129       0 [    7]      (   0)         304239

       500         510   0.25            NLO.QT.32.CT.QCD              -38.6604786 +-        0.1167925
--------------------------------------------------------------------------------------------------------------------------------------------------------------
       500         510   0.25            ud~_epvebb~                   -38.6604786 +-        0.1167925        1.128       0 [    7]      (   0)         304239

       500         510   0.5             NLO.QT.32.CT.QCD              -31.0231522 +-        0.0944281
--------------------------------------------------------------------------------------------------------------------------------------------------------------
       500         510   0.5             ud~_epvebb~                   -31.0231522 +-        0.0944281        1.123       0 [    7]      (   0)         304239

==============================================================================================================================================================

       510         520   0.01            NLO.QT.32.CT.QCD              -78.0412359 +-        0.2464487
--------------------------------------------------------------------------------------------------------------------------------------------------------------
       510         520   0.01            ud~_epvebb~                   -78.0412359 +-        0.2464487       0.4527       0 [    7]      (   0)         269178

       510         520   0.05            NLO.QT.32.CT.QCD              -54.7345472 +-        0.1741844
--------------------------------------------------------------------------------------------------------------------------------------------------------------
       510         520   0.05            ud~_epvebb~                   -54.7345472 +-        0.1741844       0.4529       0 [    7]      (   0)         269178

       510         520   0.1             NLO.QT.32.CT.QCD              -45.9584757 +-        0.1469431
--------------------------------------------------------------------------------------------------------------------------------------------------------------
       510         520   0.1             ud~_epvebb~                   -45.9584757 +-        0.1469431       0.4528       0 [    7]      (   0)         269178

       510         520   0.15            NLO.QT.32.CT.QCD              -41.1769131 +-        0.1320895
--------------------------------------------------------------------------------------------------------------------------------------------------------------
       510         520   0.15            ud~_epvebb~                   -41.1769131 +-        0.1320895       0.4527       0 [    7]      (   0)         269178

       510         520   0.2             NLO.QT.32.CT.QCD              -37.9419683 +-        0.1220342
--------------------------------------------------------------------------------------------------------------------------------------------------------------
       510         520   0.2             ud~_epvebb~                   -37.9419683 +-        0.1220342       0.4527       0 [    7]      (   0)         269178

       510         520   0.25            NLO.QT.32.CT.QCD              -35.5228594 +-        0.1145108
--------------------------------------------------------------------------------------------------------------------------------------------------------------
       510         520   0.25            ud~_epvebb~                   -35.5228594 +-        0.1145108       0.4526       0 [    7]      (   0)         269178

       510         520   0.5             NLO.QT.32.CT.QCD              -28.5105514 +-        0.0926773
--------------------------------------------------------------------------------------------------------------------------------------------------------------
       510         520   0.5             ud~_epvebb~                   -28.5105514 +-        0.0926773       0.4522       0 [    7]      (   0)         269178

==============================================================================================================================================================

       520         530   0.01            NLO.QT.32.CT.QCD              -72.9232012 +-        0.2427856
--------------------------------------------------------------------------------------------------------------------------------------------------------------
       520         530   0.01            ud~_epvebb~                   -72.9232012 +-        0.2427856        2.022       0 [    7]      (   0)         244508

       520         530   0.05            NLO.QT.32.CT.QCD              -51.1548700 +-        0.1716536
--------------------------------------------------------------------------------------------------------------------------------------------------------------
       520         530   0.05            ud~_epvebb~                   -51.1548700 +-        0.1716536        1.976       0 [    7]      (   0)         244508

       520         530   0.1             NLO.QT.32.CT.QCD              -42.9573090 +-        0.1448354
--------------------------------------------------------------------------------------------------------------------------------------------------------------
       520         530   0.1             ud~_epvebb~                   -42.9573090 +-        0.1448354        1.950       0 [    7]      (   0)         244508

       520         530   0.15            NLO.QT.32.CT.QCD              -38.4907018 +-        0.1302112
--------------------------------------------------------------------------------------------------------------------------------------------------------------
       520         530   0.15            ud~_epvebb~                   -38.4907018 +-        0.1302112        1.932       0 [    7]      (   0)         244508

       520         530   0.2             NLO.QT.32.CT.QCD              -35.4687229 +-        0.1203105
--------------------------------------------------------------------------------------------------------------------------------------------------------------
       520         530   0.2             ud~_epvebb~                   -35.4687229 +-        0.1203105        1.918       0 [    7]      (   0)         244508

       520         530   0.25            NLO.QT.32.CT.QCD              -33.2088018 +-        0.1129025
--------------------------------------------------------------------------------------------------------------------------------------------------------------
       520         530   0.25            ud~_epvebb~                   -33.2088018 +-        0.1129025        1.906       0 [    7]      (   0)         244508

       520         530   0.5             NLO.QT.32.CT.QCD              -26.6575331 +-        0.0914017
--------------------------------------------------------------------------------------------------------------------------------------------------------------
       520         530   0.5             ud~_epvebb~                   -26.6575331 +-        0.0914017        1.863       0 [    7]      (   0)         244508

==============================================================================================================================================================

       530         540   0.01            NLO.QT.32.CT.QCD              -68.1441476 +-        0.2399555
--------------------------------------------------------------------------------------------------------------------------------------------------------------
       530         540   0.01            ud~_epvebb~                   -68.1441476 +-        0.2399555       0.8408       0 [    7]      (   0)         228659

       530         540   0.05            NLO.QT.32.CT.QCD              -47.8080232 +-        0.1695819
--------------------------------------------------------------------------------------------------------------------------------------------------------------
       530         540   0.05            ud~_epvebb~                   -47.8080232 +-        0.1695819       0.8375       0 [    7]      (   0)         228659

       530         540   0.1             NLO.QT.32.CT.QCD              -40.1493770 +-        0.1430555
--------------------------------------------------------------------------------------------------------------------------------------------------------------
       530         540   0.1             ud~_epvebb~                   -40.1493770 +-        0.1430555       0.8357       0 [    7]      (   0)         228659

       530         540   0.15            NLO.QT.32.CT.QCD              -35.9762717 +-        0.1285923
--------------------------------------------------------------------------------------------------------------------------------------------------------------
       530         540   0.15            ud~_epvebb~                   -35.9762717 +-        0.1285923       0.8346       0 [    7]      (   0)         228659

       530         540   0.2             NLO.QT.32.CT.QCD              -33.1528022 +-        0.1188016
--------------------------------------------------------------------------------------------------------------------------------------------------------------
       530         540   0.2             ud~_epvebb~                   -33.1528022 +-        0.1188016       0.8337       0 [    7]      (   0)         228659

       530         540   0.25            NLO.QT.32.CT.QCD              -31.0412924 +-        0.1114764
--------------------------------------------------------------------------------------------------------------------------------------------------------------
       530         540   0.25            ud~_epvebb~                   -31.0412924 +-        0.1114764       0.8330       0 [    7]      (   0)         228659

       530         540   0.5             NLO.QT.32.CT.QCD              -24.9200250 +-        0.0902190
--------------------------------------------------------------------------------------------------------------------------------------------------------------
       530         540   0.5             ud~_epvebb~                   -24.9200250 +-        0.0902190       0.8305       0 [    7]      (   0)         228659

==============================================================================================================================================================

       540         550   0.01            NLO.QT.32.CT.QCD              -62.2529437 +-        0.2194073
--------------------------------------------------------------------------------------------------------------------------------------------------------------
       540         550   0.01            ud~_epvebb~                   -62.2529437 +-        0.2194073       0.6002       0 [    7]      (   0)         232896

       540         550   0.05            NLO.QT.32.CT.QCD              -43.6736157 +-        0.1549525
--------------------------------------------------------------------------------------------------------------------------------------------------------------
       540         550   0.05            ud~_epvebb~                   -43.6736157 +-        0.1549525       0.6018       0 [    7]      (   0)         232896

       540         550   0.1             NLO.QT.32.CT.QCD              -36.6766839 +-        0.1306704
--------------------------------------------------------------------------------------------------------------------------------------------------------------
       540         550   0.1             ud~_epvebb~                   -36.6766839 +-        0.1306704       0.6025       0 [    7]      (   0)         232896

       540         550   0.15            NLO.QT.32.CT.QCD              -32.8641708 +-        0.1174350
--------------------------------------------------------------------------------------------------------------------------------------------------------------
       540         550   0.15            ud~_epvebb~                   -32.8641708 +-        0.1174350       0.6029       0 [    7]      (   0)         232896

       540         550   0.2             NLO.QT.32.CT.QCD              -30.2846886 +-        0.1084773
--------------------------------------------------------------------------------------------------------------------------------------------------------------
       540         550   0.2             ud~_epvebb~                   -30.2846886 +-        0.1084773       0.6031       0 [    7]      (   0)         232896

       540         550   0.25            NLO.QT.32.CT.QCD              -28.3556520 +-        0.1017765
--------------------------------------------------------------------------------------------------------------------------------------------------------------
       540         550   0.25            ud~_epvebb~                   -28.3556520 +-        0.1017765       0.6033       0 [    7]      (   0)         232896

       540         550   0.5             NLO.QT.32.CT.QCD              -22.7634273 +-        0.0823377
--------------------------------------------------------------------------------------------------------------------------------------------------------------
       540         550   0.5             ud~_epvebb~                   -22.7634273 +-        0.0823377       0.6037       0 [    7]      (   0)         232896

==============================================================================================================================================================

       550         560   0.01            NLO.QT.32.CT.QCD              -58.2189259 +-        0.2223260
--------------------------------------------------------------------------------------------------------------------------------------------------------------
       550         560   0.01            ud~_epvebb~                   -58.2189259 +-        0.2223260       0.8690       0 [    7]      (   0)         199788

       550         560   0.05            NLO.QT.32.CT.QCD              -40.8582306 +-        0.1572766
--------------------------------------------------------------------------------------------------------------------------------------------------------------
       550         560   0.05            ud~_epvebb~                   -40.8582306 +-        0.1572766       0.8598       0 [    7]      (   0)         199788

       550         560   0.1             NLO.QT.32.CT.QCD              -34.3191114 +-        0.1327482
--------------------------------------------------------------------------------------------------------------------------------------------------------------
       550         560   0.1             ud~_epvebb~                   -34.3191114 +-        0.1327482       0.8550       0 [    7]      (   0)         199788

       550         560   0.15            NLO.QT.32.CT.QCD              -30.7556948 +-        0.1193713
--------------------------------------------------------------------------------------------------------------------------------------------------------------
       550         560   0.15            ud~_epvebb~                   -30.7556948 +-        0.1193713       0.8520       0 [    7]      (   0)         199788

       550         560   0.2             NLO.QT.32.CT.QCD              -28.3445750 +-        0.1103146
--------------------------------------------------------------------------------------------------------------------------------------------------------------
       550         560   0.2             ud~_epvebb~                   -28.3445750 +-        0.1103146       0.8497       0 [    7]      (   0)         199788

       550         560   0.25            NLO.QT.32.CT.QCD              -26.5413433 +-        0.1035376
--------------------------------------------------------------------------------------------------------------------------------------------------------------
       550         560   0.25            ud~_epvebb~                   -26.5413433 +-        0.1035376       0.8478       0 [    7]      (   0)         199788

       550         560   0.5             NLO.QT.32.CT.QCD              -21.3132275 +-        0.0838659
--------------------------------------------------------------------------------------------------------------------------------------------------------------
       550         560   0.5             ud~_epvebb~                   -21.3132275 +-        0.0838659       0.8415       0 [    7]      (   0)         199788

==============================================================================================================================================================

       560         570   0.01            NLO.QT.32.CT.QCD              -54.3127097 +-        0.2145061
--------------------------------------------------------------------------------------------------------------------------------------------------------------
       560         570   0.01            ud~_epvebb~                   -54.3127097 +-        0.2145061       0.2173       0 [    7]      (   0)         186394

       560         570   0.05            NLO.QT.32.CT.QCD              -38.1105351 +-        0.1517116
--------------------------------------------------------------------------------------------------------------------------------------------------------------
       560         570   0.05            ud~_epvebb~                   -38.1105351 +-        0.1517116       0.2190       0 [    7]      (   0)         186394

       560         570   0.1             NLO.QT.32.CT.QCD              -32.0082686 +-        0.1280365
--------------------------------------------------------------------------------------------------------------------------------------------------------------
       560         570   0.1             ud~_epvebb~                   -32.0082686 +-        0.1280365       0.2202       0 [    7]      (   0)         186394

       560         570   0.15            NLO.QT.32.CT.QCD              -28.6830634 +-        0.1151259
--------------------------------------------------------------------------------------------------------------------------------------------------------------
       560         570   0.15            ud~_epvebb~                   -28.6830634 +-        0.1151259       0.2212       0 [    7]      (   0)         186394

       560         570   0.2             NLO.QT.32.CT.QCD              -26.4331989 +-        0.1063854
--------------------------------------------------------------------------------------------------------------------------------------------------------------
       560         570   0.2             ud~_epvebb~                   -26.4331989 +-        0.1063854       0.2220       0 [    7]      (   0)         186394

       560         570   0.25            NLO.QT.32.CT.QCD              -24.7506113 +-        0.0998452
--------------------------------------------------------------------------------------------------------------------------------------------------------------
       560         570   0.25            ud~_epvebb~                   -24.7506113 +-        0.0998452       0.2228       0 [    7]      (   0)         186394

       560         570   0.5             NLO.QT.32.CT.QCD              -19.8725350 +-        0.0808626
--------------------------------------------------------------------------------------------------------------------------------------------------------------
       560         570   0.5             ud~_epvebb~                   -19.8725350 +-        0.0808626       0.2257       0 [    7]      (   0)         186394

==============================================================================================================================================================

       570         580   0.01            NLO.QT.32.CT.QCD              -50.2346688 +-        0.2097645
--------------------------------------------------------------------------------------------------------------------------------------------------------------
       570         580   0.01            ud~_epvebb~                   -50.2346688 +-        0.2097645        1.057       0 [    7]      (   0)         169665

       570         580   0.05            NLO.QT.32.CT.QCD              -35.2560095 +-        0.1484477
--------------------------------------------------------------------------------------------------------------------------------------------------------------
       570         580   0.05            ud~_epvebb~                   -35.2560095 +-        0.1484477        1.054       0 [    7]      (   0)         169665

       570         580   0.1             NLO.QT.32.CT.QCD              -29.6140250 +-        0.1253218
--------------------------------------------------------------------------------------------------------------------------------------------------------------
       570         580   0.1             ud~_epvebb~                   -29.6140250 +-        0.1253218        1.052       0 [    7]      (   0)         169665

       570         580   0.15            NLO.QT.32.CT.QCD              -26.5394633 +-        0.1127084
--------------------------------------------------------------------------------------------------------------------------------------------------------------
       570         580   0.15            ud~_epvebb~                   -26.5394633 +-        0.1127084        1.051       0 [    7]      (   0)         169665

       570         580   0.2             NLO.QT.32.CT.QCD              -24.4591046 +-        0.1041677
--------------------------------------------------------------------------------------------------------------------------------------------------------------
       570         580   0.2             ud~_epvebb~                   -24.4591046 +-        0.1041677        1.050       0 [    7]      (   0)         169665

       570         580   0.25            NLO.QT.32.CT.QCD              -22.9032347 +-        0.0977764
--------------------------------------------------------------------------------------------------------------------------------------------------------------
       570         580   0.25            ud~_epvebb~                   -22.9032347 +-        0.0977764        1.049       0 [    7]      (   0)         169665

       570         580   0.5             NLO.QT.32.CT.QCD              -18.3922492 +-        0.0792218
--------------------------------------------------------------------------------------------------------------------------------------------------------------
       570         580   0.5             ud~_epvebb~                   -18.3922492 +-        0.0792218        1.045       0 [    7]      (   0)         169665

==============================================================================================================================================================

       580         590   0.01            NLO.QT.32.CT.QCD              -46.8749041 +-        0.1914616
--------------------------------------------------------------------------------------------------------------------------------------------------------------
       580         590   0.01            ud~_epvebb~                   -46.8749041 +-        0.1914616       0.3201       0 [    7]      (   0)         175598

       580         590   0.05            NLO.QT.32.CT.QCD              -32.9110987 +-        0.1357087
--------------------------------------------------------------------------------------------------------------------------------------------------------------
       580         590   0.05            ud~_epvebb~                   -32.9110987 +-        0.1357087       0.3209       0 [    7]      (   0)         175598

       580         590   0.1             NLO.QT.32.CT.QCD              -27.6503787 +-        0.1146623
--------------------------------------------------------------------------------------------------------------------------------------------------------------
       580         590   0.1             ud~_epvebb~                   -27.6503787 +-        0.1146623       0.3213       0 [    7]      (   0)         175598

       580         590   0.15            NLO.QT.32.CT.QCD              -24.7832659 +-        0.1031768
--------------------------------------------------------------------------------------------------------------------------------------------------------------
       580         590   0.15            ud~_epvebb~                   -24.7832659 +-        0.1031768       0.3215       0 [    7]      (   0)         175598

       580         590   0.2             NLO.QT.32.CT.QCD              -22.8431215 +-        0.0953971
--------------------------------------------------------------------------------------------------------------------------------------------------------------
       580         590   0.2             ud~_epvebb~                   -22.8431215 +-        0.0953971       0.3217       0 [    7]      (   0)         175598

       580         590   0.25            NLO.QT.32.CT.QCD              -21.3920241 +-        0.0895735
--------------------------------------------------------------------------------------------------------------------------------------------------------------
       580         590   0.25            ud~_epvebb~                   -21.3920241 +-        0.0895735       0.3218       0 [    7]      (   0)         175598

       580         590   0.5             NLO.QT.32.CT.QCD              -17.1842785 +-        0.0726568
--------------------------------------------------------------------------------------------------------------------------------------------------------------
       580         590   0.5             ud~_epvebb~                   -17.1842785 +-        0.0726568       0.3222       0 [    7]      (   0)         175598

==============================================================================================================================================================

       590         600   0.01            NLO.QT.32.CT.QCD              -43.9021560 +-        0.1778791
--------------------------------------------------------------------------------------------------------------------------------------------------------------
       590         600   0.01            ud~_epvebb~                   -43.9021560 +-        0.1778791       0.9322       0 [    7]      (   0)         180775

       590         600   0.05            NLO.QT.32.CT.QCD              -30.8122845 +-        0.1259441
--------------------------------------------------------------------------------------------------------------------------------------------------------------
       590         600   0.05            ud~_epvebb~                   -30.8122845 +-        0.1259441       0.9302       0 [    7]      (   0)         180775

       590         600   0.1             NLO.QT.32.CT.QCD              -25.8817005 +-        0.1063506
--------------------------------------------------------------------------------------------------------------------------------------------------------------
       590         600   0.1             ud~_epvebb~                   -25.8817005 +-        0.1063506       0.9289       0 [    7]      (   0)         180775

       590         600   0.15            NLO.QT.32.CT.QCD              -23.1947971 +-        0.0956617
--------------------------------------------------------------------------------------------------------------------------------------------------------------
       590         600   0.15            ud~_epvebb~                   -23.1947971 +-        0.0956617       0.9279       0 [    7]      (   0)         180775

       590         600   0.2             NLO.QT.32.CT.QCD              -21.3767349 +-        0.0884233
--------------------------------------------------------------------------------------------------------------------------------------------------------------
       590         600   0.2             ud~_epvebb~                   -21.3767349 +-        0.0884233       0.9272       0 [    7]      (   0)         180775

       590         600   0.25            NLO.QT.32.CT.QCD              -20.0170286 +-        0.0830060
--------------------------------------------------------------------------------------------------------------------------------------------------------------
       590         600   0.25            ud~_epvebb~                   -20.0170286 +-        0.0830060       0.9265       0 [    7]      (   0)         180775

       590         600   0.5             NLO.QT.32.CT.QCD              -16.0747622 +-        0.0672758
--------------------------------------------------------------------------------------------------------------------------------------------------------------
       590         600   0.5             ud~_epvebb~                   -16.0747622 +-        0.0672758       0.9238       0 [    7]      (   0)         180775

==============================================================================================================================================================

       600         610   0.01            NLO.QT.32.CT.QCD              -40.9726586 +-        0.1851863
--------------------------------------------------------------------------------------------------------------------------------------------------------------
       600         610   0.01            ud~_epvebb~                   -40.9726586 +-        0.1851863       0.5679       0 [    7]      (   0)         153664

       600         610   0.05            NLO.QT.32.CT.QCD              -28.7542699 +-        0.1308252
--------------------------------------------------------------------------------------------------------------------------------------------------------------
       600         610   0.05            ud~_epvebb~                   -28.7542699 +-        0.1308252       0.5798       0 [    7]      (   0)         153664

       600         610   0.1             NLO.QT.32.CT.QCD              -24.1520999 +-        0.1103457
--------------------------------------------------------------------------------------------------------------------------------------------------------------
       600         610   0.1             ud~_epvebb~                   -24.1520999 +-        0.1103457       0.5870       0 [    7]      (   0)         153664

       600         610   0.15            NLO.QT.32.CT.QCD              -21.6442127 +-        0.0991828
--------------------------------------------------------------------------------------------------------------------------------------------------------------
       600         610   0.15            ud~_epvebb~                   -21.6442127 +-        0.0991828       0.5921       0 [    7]      (   0)         153664

       600         610   0.2             NLO.QT.32.CT.QCD              -19.9473029 +-        0.0916278
--------------------------------------------------------------------------------------------------------------------------------------------------------------
       600         610   0.2             ud~_epvebb~                   -19.9473029 +-        0.0916278       0.5962       0 [    7]      (   0)         153664

       600         610   0.25            NLO.QT.32.CT.QCD              -18.6782189 +-        0.0859762
--------------------------------------------------------------------------------------------------------------------------------------------------------------
       600         610   0.25            ud~_epvebb~                   -18.6782189 +-        0.0859762       0.5997       0 [    7]      (   0)         153664

       600         610   0.5             NLO.QT.32.CT.QCD              -14.9987787 +-        0.0695805
--------------------------------------------------------------------------------------------------------------------------------------------------------------
       600         610   0.5             ud~_epvebb~                   -14.9987787 +-        0.0695805       0.6125       0 [    7]      (   0)         153664

==============================================================================================================================================================

       610         620   0.01            NLO.QT.32.CT.QCD              -37.6827569 +-        0.1730114
--------------------------------------------------------------------------------------------------------------------------------------------------------------
       610         620   0.01            ud~_epvebb~                   -37.6827569 +-        0.1730114        1.016       0 [    7]      (   0)         148022

       610         620   0.05            NLO.QT.32.CT.QCD              -26.4475077 +-        0.1223625
--------------------------------------------------------------------------------------------------------------------------------------------------------------
       610         620   0.05            ud~_epvebb~                   -26.4475077 +-        0.1223625        1.057       0 [    7]      (   0)         148022

       610         620   0.1             NLO.QT.32.CT.QCD              -22.2154886 +-        0.1032671
--------------------------------------------------------------------------------------------------------------------------------------------------------------
       610         620   0.1             ud~_epvebb~                   -22.2154886 +-        0.1032671        1.079       0 [    7]      (   0)         148022

       610         620   0.15            NLO.QT.32.CT.QCD              -19.9092596 +-        0.0928542
--------------------------------------------------------------------------------------------------------------------------------------------------------------
       610         620   0.15            ud~_epvebb~                   -19.9092596 +-        0.0928542        1.094       0 [    7]      (   0)         148022

       610         620   0.2             NLO.QT.32.CT.QCD              -18.3487734 +-        0.0858045
--------------------------------------------------------------------------------------------------------------------------------------------------------------
       610         620   0.2             ud~_epvebb~                   -18.3487734 +-        0.0858045        1.105       0 [    7]      (   0)         148022

       610         620   0.25            NLO.QT.32.CT.QCD              -17.1817034 +-        0.0805297
--------------------------------------------------------------------------------------------------------------------------------------------------------------
       610         620   0.25            ud~_epvebb~                   -17.1817034 +-        0.0805297        1.115       0 [    7]      (   0)         148022

       610         620   0.5             NLO.QT.32.CT.QCD              -13.7979471 +-        0.0652198
--------------------------------------------------------------------------------------------------------------------------------------------------------------
       610         620   0.5             ud~_epvebb~                   -13.7979471 +-        0.0652198        1.147       0 [    7]      (   0)         148022

==============================================================================================================================================================

       620         630   0.01            NLO.QT.32.CT.QCD              -35.6674284 +-        0.1723828
--------------------------------------------------------------------------------------------------------------------------------------------------------------
       620         630   0.01            ud~_epvebb~                   -35.6674284 +-        0.1723828        1.032       0 [    7]      (   0)         132229

       620         630   0.05            NLO.QT.32.CT.QCD              -25.0382145 +-        0.1219823
--------------------------------------------------------------------------------------------------------------------------------------------------------------
       620         630   0.05            ud~_epvebb~                   -25.0382145 +-        0.1219823       0.9830       0 [    7]      (   0)         132229

       620         630   0.1             NLO.QT.32.CT.QCD              -21.0340784 +-        0.1029785
--------------------------------------------------------------------------------------------------------------------------------------------------------------
       620         630   0.1             ud~_epvebb~                   -21.0340784 +-        0.1029785       0.9567       0 [    7]      (   0)         132229

       620         630   0.15            NLO.QT.32.CT.QCD              -18.8519078 +-        0.0926148
--------------------------------------------------------------------------------------------------------------------------------------------------------------
       620         630   0.15            ud~_epvebb~                   -18.8519078 +-        0.0926148       0.9396       0 [    7]      (   0)         132229

       620         630   0.2             NLO.QT.32.CT.QCD              -17.3753040 +-        0.0855981
--------------------------------------------------------------------------------------------------------------------------------------------------------------
       620         630   0.2             ud~_epvebb~                   -17.3753040 +-        0.0855981       0.9266       0 [    7]      (   0)         132229

       620         630   0.25            NLO.QT.32.CT.QCD              -16.2709324 +-        0.0803477
--------------------------------------------------------------------------------------------------------------------------------------------------------------
       620         630   0.25            ud~_epvebb~                   -16.2709324 +-        0.0803477       0.9160       0 [    7]      (   0)         132229

       620         630   0.5             NLO.QT.32.CT.QCD              -13.0687521 +-        0.0651071
--------------------------------------------------------------------------------------------------------------------------------------------------------------
       620         630   0.5             ud~_epvebb~                   -13.0687521 +-        0.0651071       0.8795       0 [    7]      (   0)         132229

==============================================================================================================================================================

       630         640   0.01            NLO.QT.32.CT.QCD              -33.4962640 +-        0.1702792
--------------------------------------------------------------------------------------------------------------------------------------------------------------
       630         640   0.01            ud~_epvebb~                   -33.4962640 +-        0.1702792        1.005       0 [    7]      (   0)         128155

       630         640   0.05            NLO.QT.32.CT.QCD              -23.5166080 +-        0.1201903
--------------------------------------------------------------------------------------------------------------------------------------------------------------
       630         640   0.05            ud~_epvebb~                   -23.5166080 +-        0.1201903        1.001       0 [    7]      (   0)         128155

       630         640   0.1             NLO.QT.32.CT.QCD              -19.7569735 +-        0.1013282
--------------------------------------------------------------------------------------------------------------------------------------------------------------
       630         640   0.1             ud~_epvebb~                   -19.7569735 +-        0.1013282       0.9987       0 [    7]      (   0)         128155

       630         640   0.15            NLO.QT.32.CT.QCD              -17.7079894 +-        0.0910495
--------------------------------------------------------------------------------------------------------------------------------------------------------------
       630         640   0.15            ud~_epvebb~                   -17.7079894 +-        0.0910495       0.9973       0 [    7]      (   0)         128155

       630         640   0.2             NLO.QT.32.CT.QCD              -16.3214788 +-        0.0840941
--------------------------------------------------------------------------------------------------------------------------------------------------------------
       630         640   0.2             ud~_epvebb~                   -16.3214788 +-        0.0840941       0.9962       0 [    7]      (   0)         128155

       630         640   0.25            NLO.QT.32.CT.QCD              -15.2844714 +-        0.0788918
--------------------------------------------------------------------------------------------------------------------------------------------------------------
       630         640   0.25            ud~_epvebb~                   -15.2844714 +-        0.0788918       0.9954       0 [    7]      (   0)         128155

       630         640   0.5             NLO.QT.32.CT.QCD              -12.2775140 +-        0.0638040
--------------------------------------------------------------------------------------------------------------------------------------------------------------
       630         640   0.5             ud~_epvebb~                   -12.2775140 +-        0.0638040       0.9923       0 [    7]      (   0)         128155

==============================================================================================================================================================

       640         650   0.01            NLO.QT.32.CT.QCD              -31.3000255 +-        0.1598942
--------------------------------------------------------------------------------------------------------------------------------------------------------------
       640         650   0.01            ud~_epvebb~                   -31.3000255 +-        0.1598942       0.6670       0 [    7]      (   0)         123941

       640         650   0.05            NLO.QT.32.CT.QCD              -21.9765606 +-        0.1133509
--------------------------------------------------------------------------------------------------------------------------------------------------------------
       640         650   0.05            ud~_epvebb~                   -21.9765606 +-        0.1133509       0.6877       0 [    7]      (   0)         123941

       640         650   0.1             NLO.QT.32.CT.QCD              -18.4639907 +-        0.0957783
--------------------------------------------------------------------------------------------------------------------------------------------------------------
       640         650   0.1             ud~_epvebb~                   -18.4639907 +-        0.0957783       0.6985       0 [    7]      (   0)         123941

       640         650   0.15            NLO.QT.32.CT.QCD              -16.5496103 +-        0.0861878
--------------------------------------------------------------------------------------------------------------------------------------------------------------
       640         650   0.15            ud~_epvebb~                   -16.5496103 +-        0.0861878       0.7054       0 [    7]      (   0)         123941

       640         650   0.2             NLO.QT.32.CT.QCD              -15.2541619 +-        0.0796911
--------------------------------------------------------------------------------------------------------------------------------------------------------------
       640         650   0.2             ud~_epvebb~                   -15.2541619 +-        0.0796911       0.7107       0 [    7]      (   0)         123941

       640         650   0.25            NLO.QT.32.CT.QCD              -14.2852491 +-        0.0748278
--------------------------------------------------------------------------------------------------------------------------------------------------------------
       640         650   0.25            ud~_epvebb~                   -14.2852491 +-        0.0748278       0.7150       0 [    7]      (   0)         123941

       640         650   0.5             NLO.QT.32.CT.QCD              -11.4756669 +-        0.0606993
--------------------------------------------------------------------------------------------------------------------------------------------------------------
       640         650   0.5             ud~_epvebb~                   -11.4756669 +-        0.0606993       0.7295       0 [    7]      (   0)         123941

==============================================================================================================================================================

       650         660   0.01            NLO.QT.32.CT.QCD              -29.1985527 +-        0.1479312
--------------------------------------------------------------------------------------------------------------------------------------------------------------
       650         660   0.01            ud~_epvebb~                   -29.1985527 +-        0.1479312        1.022       0 [    7]      (   0)         119452

       650         660   0.05            NLO.QT.32.CT.QCD              -20.5076889 +-        0.1049174
--------------------------------------------------------------------------------------------------------------------------------------------------------------
       650         660   0.05            ud~_epvebb~                   -20.5076889 +-        0.1049174        1.044       0 [    7]      (   0)         119452

       650         660   0.1             NLO.QT.32.CT.QCD              -17.2329412 +-        0.0886779
--------------------------------------------------------------------------------------------------------------------------------------------------------------
       650         660   0.1             ud~_epvebb~                   -17.2329412 +-        0.0886779        1.056       0 [    7]      (   0)         119452

       650         660   0.15            NLO.QT.32.CT.QCD              -15.4480141 +-        0.0798149
--------------------------------------------------------------------------------------------------------------------------------------------------------------
       650         660   0.15            ud~_epvebb~                   -15.4480141 +-        0.0798149        1.064       0 [    7]      (   0)         119452

       650         660   0.2             NLO.QT.32.CT.QCD              -14.2400882 +-        0.0738111
--------------------------------------------------------------------------------------------------------------------------------------------------------------
       650         660   0.2             ud~_epvebb~                   -14.2400882 +-        0.0738111        1.070       0 [    7]      (   0)         119452

       650         660   0.25            NLO.QT.32.CT.QCD              -13.3365900 +-        0.0693167
--------------------------------------------------------------------------------------------------------------------------------------------------------------
       650         660   0.25            ud~_epvebb~                   -13.3365900 +-        0.0693167        1.075       0 [    7]      (   0)         119452

       650         660   0.5             NLO.QT.32.CT.QCD              -10.7164230 +-        0.0562595
--------------------------------------------------------------------------------------------------------------------------------------------------------------
       650         660   0.5             ud~_epvebb~                   -10.7164230 +-        0.0562595        1.091       0 [    7]      (   0)         119452

==============================================================================================================================================================

       660         670   0.01            NLO.QT.32.CT.QCD              -27.3593122 +-        0.1416961
--------------------------------------------------------------------------------------------------------------------------------------------------------------
       660         670   0.01            ud~_epvebb~                   -27.3593122 +-        0.1416961       0.7908       0 [    7]      (   0)         117463

       660         670   0.05            NLO.QT.32.CT.QCD              -19.2136368 +-        0.1003559
--------------------------------------------------------------------------------------------------------------------------------------------------------------
       660         670   0.05            ud~_epvebb~                   -19.2136368 +-        0.1003559       0.8005       0 [    7]      (   0)         117463

       660         670   0.1             NLO.QT.32.CT.QCD              -16.1444908 +-        0.0847635
--------------------------------------------------------------------------------------------------------------------------------------------------------------
       660         670   0.1             ud~_epvebb~                   -16.1444908 +-        0.0847635       0.8059       0 [    7]      (   0)         117463

       660         670   0.15            NLO.QT.32.CT.QCD              -14.4716837 +-        0.0762585
--------------------------------------------------------------------------------------------------------------------------------------------------------------
       660         670   0.15            ud~_epvebb~                   -14.4716837 +-        0.0762585       0.8094       0 [    7]      (   0)         117463

       660         670   0.2             NLO.QT.32.CT.QCD              -13.3396599 +-        0.0704995
--------------------------------------------------------------------------------------------------------------------------------------------------------------
       660         670   0.2             ud~_epvebb~                   -13.3396599 +-        0.0704995       0.8121       0 [    7]      (   0)         117463

       660         670   0.25            NLO.QT.32.CT.QCD              -12.4929505 +-        0.0661897
--------------------------------------------------------------------------------------------------------------------------------------------------------------
       660         670   0.25            ud~_epvebb~                   -12.4929505 +-        0.0661897       0.8144       0 [    7]      (   0)         117463

       660         670   0.5             NLO.QT.32.CT.QCD              -10.0375641 +-        0.0536764
--------------------------------------------------------------------------------------------------------------------------------------------------------------
       660         670   0.5             ud~_epvebb~                   -10.0375641 +-        0.0536764       0.8223       0 [    7]      (   0)         117463

==============================================================================================================================================================

       670         680   0.01            NLO.QT.32.CT.QCD              -25.7589722 +-        0.1435907
--------------------------------------------------------------------------------------------------------------------------------------------------------------
       670         680   0.01            ud~_epvebb~                   -25.7589722 +-        0.1435907        1.451       0 [    7]      (   0)         101925

       670         680   0.05            NLO.QT.32.CT.QCD              -18.0894679 +-        0.1017415
--------------------------------------------------------------------------------------------------------------------------------------------------------------
       670         680   0.05            ud~_epvebb~                   -18.0894679 +-        0.1017415        1.469       0 [    7]      (   0)         101925

       670         680   0.1             NLO.QT.32.CT.QCD              -15.1997575 +-        0.0859495
--------------------------------------------------------------------------------------------------------------------------------------------------------------
       670         680   0.1             ud~_epvebb~                   -15.1997575 +-        0.0859495        1.477       0 [    7]      (   0)         101925

       670         680   0.15            NLO.QT.32.CT.QCD              -13.6247572 +-        0.0773334
--------------------------------------------------------------------------------------------------------------------------------------------------------------
       670         680   0.15            ud~_epvebb~                   -13.6247572 +-        0.0773334        1.482       0 [    7]      (   0)         101925

       670         680   0.2             NLO.QT.32.CT.QCD              -12.5589249 +-        0.0714980
--------------------------------------------------------------------------------------------------------------------------------------------------------------
       670         680   0.2             ud~_epvebb~                   -12.5589249 +-        0.0714980        1.486       0 [    7]      (   0)         101925

       670         680   0.25            NLO.QT.32.CT.QCD              -11.7617262 +-        0.0671304
--------------------------------------------------------------------------------------------------------------------------------------------------------------
       670         680   0.25            ud~_epvebb~                   -11.7617262 +-        0.0671304        1.488       0 [    7]      (   0)         101925

       670         680   0.5             NLO.QT.32.CT.QCD              -9.44992871 +-       0.05444588
--------------------------------------------------------------------------------------------------------------------------------------------------------------
       670         680   0.5             ud~_epvebb~                   -9.44992871 +-       0.05444588        1.497       0 [    7]      (   0)         101925

==============================================================================================================================================================

       680         690   0.01            NLO.QT.32.CT.QCD              -24.2723116 +-        0.1433256
--------------------------------------------------------------------------------------------------------------------------------------------------------------
       680         690   0.01            ud~_epvebb~                   -24.2723116 +-        0.1433256       0.7887       0 [    7]      (   0)         100220

       680         690   0.05            NLO.QT.32.CT.QCD              -17.0509433 +-        0.1016224
--------------------------------------------------------------------------------------------------------------------------------------------------------------
       680         690   0.05            ud~_epvebb~                   -17.0509433 +-        0.1016224       0.8075       0 [    7]      (   0)         100220

       680         690   0.1             NLO.QT.32.CT.QCD              -14.3296604 +-        0.0858757
--------------------------------------------------------------------------------------------------------------------------------------------------------------
       680         690   0.1             ud~_epvebb~                   -14.3296604 +-        0.0858757       0.8174       0 [    7]      (   0)         100220

       680         690   0.15            NLO.QT.32.CT.QCD              -12.8463252 +-        0.0772812
--------------------------------------------------------------------------------------------------------------------------------------------------------------
       680         690   0.15            ud~_epvebb~                   -12.8463252 +-        0.0772812       0.8237       0 [    7]      (   0)         100220

       680         690   0.2             NLO.QT.32.CT.QCD              -11.8424598 +-        0.0714591
--------------------------------------------------------------------------------------------------------------------------------------------------------------
       680         690   0.2             ud~_epvebb~                   -11.8424598 +-        0.0714591       0.8285       0 [    7]      (   0)         100220

       680         690   0.25            NLO.QT.32.CT.QCD              -11.0915712 +-        0.0671006
--------------------------------------------------------------------------------------------------------------------------------------------------------------
       680         690   0.25            ud~_epvebb~                   -11.0915712 +-        0.0671006       0.8325       0 [    7]      (   0)         100220

       680         690   0.5             NLO.QT.32.CT.QCD              -8.91384505 +-       0.05443785
--------------------------------------------------------------------------------------------------------------------------------------------------------------
       680         690   0.5             ud~_epvebb~                   -8.91384505 +-       0.05443785       0.8457       0 [    7]      (   0)         100220

==============================================================================================================================================================

       690         700   0.01            NLO.QT.32.CT.QCD              -22.8061929 +-        0.1358617
--------------------------------------------------------------------------------------------------------------------------------------------------------------
       690         700   0.01            ud~_epvebb~                   -22.8061929 +-        0.1358617        1.022       0 [    7]      (   0)          98375

       690         700   0.05            NLO.QT.32.CT.QCD              -16.0191166 +-        0.0963213
--------------------------------------------------------------------------------------------------------------------------------------------------------------
       690         700   0.05            ud~_epvebb~                   -16.0191166 +-        0.0963213       0.9996       0 [    7]      (   0)          98375

       690         700   0.1             NLO.QT.32.CT.QCD              -13.4616368 +-        0.0813919
--------------------------------------------------------------------------------------------------------------------------------------------------------------
       690         700   0.1             ud~_epvebb~                   -13.4616368 +-        0.0813919       0.9872       0 [    7]      (   0)          98375

       690         700   0.15            NLO.QT.32.CT.QCD              -12.0676350 +-        0.0732437
--------------------------------------------------------------------------------------------------------------------------------------------------------------
       690         700   0.15            ud~_epvebb~                   -12.0676350 +-        0.0732437       0.9789       0 [    7]      (   0)          98375

       690         700   0.2             NLO.QT.32.CT.QCD              -11.1242493 +-        0.0677240
--------------------------------------------------------------------------------------------------------------------------------------------------------------
       690         700   0.2             ud~_epvebb~                   -11.1242493 +-        0.0677240       0.9724       0 [    7]      (   0)          98375

       690         700   0.25            NLO.QT.32.CT.QCD              -10.4186128 +-        0.0635919
--------------------------------------------------------------------------------------------------------------------------------------------------------------
       690         700   0.25            ud~_epvebb~                   -10.4186128 +-        0.0635919       0.9670       0 [    7]      (   0)          98375

       690         700   0.5             NLO.QT.32.CT.QCD              -8.37220384 +-       0.05158746
--------------------------------------------------------------------------------------------------------------------------------------------------------------
       690         700   0.5             ud~_epvebb~                   -8.37220384 +-       0.05158746       0.9478       0 [    7]      (   0)          98375

==============================================================================================================================================================

       700         710   0.01            NLO.QT.32.CT.QCD              -21.5426524 +-        0.1457121
--------------------------------------------------------------------------------------------------------------------------------------------------------------
       700         710   0.01            ud~_epvebb~                   -21.5426524 +-        0.1457121       0.8668       0 [    7]      (   0)          75007

       700         710   0.05            NLO.QT.32.CT.QCD              -15.1377735 +-        0.1036171
--------------------------------------------------------------------------------------------------------------------------------------------------------------
       700         710   0.05            ud~_epvebb~                   -15.1377735 +-        0.1036171       0.8916       0 [    7]      (   0)          75007

       700         710   0.1             NLO.QT.32.CT.QCD              -12.7238392 +-        0.0877006
--------------------------------------------------------------------------------------------------------------------------------------------------------------
       700         710   0.1             ud~_epvebb~                   -12.7238392 +-        0.0877006       0.9049       0 [    7]      (   0)          75007

       700         710   0.15            NLO.QT.32.CT.QCD              -11.4079287 +-        0.0790064
--------------------------------------------------------------------------------------------------------------------------------------------------------------
       700         710   0.15            ud~_epvebb~                   -11.4079287 +-        0.0790064       0.9136       0 [    7]      (   0)          75007

       700         710   0.2             NLO.QT.32.CT.QCD              -10.5173186 +-        0.0731133
--------------------------------------------------------------------------------------------------------------------------------------------------------------
       700         710   0.2             ud~_epvebb~                   -10.5173186 +-        0.0731133       0.9203       0 [    7]      (   0)          75007

       700         710   0.25            NLO.QT.32.CT.QCD              -9.85111391 +-       0.06869956
--------------------------------------------------------------------------------------------------------------------------------------------------------------
       700         710   0.25            ud~_epvebb~                   -9.85111391 +-       0.06869956       0.9258       0 [    7]      (   0)          75007

       700         710   0.5             NLO.QT.32.CT.QCD              -7.91881007 +-       0.05586421
--------------------------------------------------------------------------------------------------------------------------------------------------------------
       700         710   0.5             ud~_epvebb~                   -7.91881007 +-       0.05586421       0.9447       0 [    7]      (   0)          75007

==============================================================================================================================================================

       710         720   0.01            NLO.QT.32.CT.QCD              -20.0841334 +-        0.1433380
--------------------------------------------------------------------------------------------------------------------------------------------------------------
       710         720   0.01            ud~_epvebb~                   -20.0841334 +-        0.1433380       0.7559       0 [    7]      (   0)          73910

       710         720   0.05            NLO.QT.32.CT.QCD              -14.1069768 +-        0.1006427
--------------------------------------------------------------------------------------------------------------------------------------------------------------
       710         720   0.05            ud~_epvebb~                   -14.1069768 +-        0.1006427       0.7536       0 [    7]      (   0)          73910

       710         720   0.1             NLO.QT.32.CT.QCD              -11.8547000 +-        0.0846261
--------------------------------------------------------------------------------------------------------------------------------------------------------------
       710         720   0.1             ud~_epvebb~                   -11.8547000 +-        0.0846261       0.7529       0 [    7]      (   0)          73910

       710         720   0.15            NLO.QT.32.CT.QCD              -10.6270586 +-        0.0759173
--------------------------------------------------------------------------------------------------------------------------------------------------------------
       710         720   0.15            ud~_epvebb~                   -10.6270586 +-        0.0759173       0.7526       0 [    7]      (   0)          73910

       710         720   0.2             NLO.QT.32.CT.QCD              -9.79625866 +-       0.07003335
--------------------------------------------------------------------------------------------------------------------------------------------------------------
       710         720   0.2             ud~_epvebb~                   -9.79625866 +-       0.07003335       0.7525       0 [    7]      (   0)          73910

       710         720   0.25            NLO.QT.32.CT.QCD              -9.17483544 +-       0.06563790
--------------------------------------------------------------------------------------------------------------------------------------------------------------
       710         720   0.25            ud~_epvebb~                   -9.17483544 +-       0.06563790       0.7525       0 [    7]      (   0)          73910

       710         720   0.5             NLO.QT.32.CT.QCD              -7.37265920 +-       0.05292099
--------------------------------------------------------------------------------------------------------------------------------------------------------------
       710         720   0.5             ud~_epvebb~                   -7.37265920 +-       0.05292099       0.7530       0 [    7]      (   0)          73910

==============================================================================================================================================================

       720         730   0.01            NLO.QT.32.CT.QCD              -18.8620711 +-        0.1265069
--------------------------------------------------------------------------------------------------------------------------------------------------------------
       720         730   0.01            ud~_epvebb~                   -18.8620711 +-        0.1265069       0.9451       0 [    7]      (   0)          72533

       720         730   0.05            NLO.QT.32.CT.QCD              -13.2543413 +-        0.0900584
--------------------------------------------------------------------------------------------------------------------------------------------------------------
       720         730   0.05            ud~_epvebb~                   -13.2543413 +-        0.0900584       0.9629       0 [    7]      (   0)          72533

       720         730   0.1             NLO.QT.32.CT.QCD              -11.1408306 +-        0.0762667
--------------------------------------------------------------------------------------------------------------------------------------------------------------
       720         730   0.1             ud~_epvebb~                   -11.1408306 +-        0.0762667       0.9732       0 [    7]      (   0)          72533

       720         730   0.15            NLO.QT.32.CT.QCD              -9.98868581 +-       0.06872997
--------------------------------------------------------------------------------------------------------------------------------------------------------------
       720         730   0.15            ud~_epvebb~                   -9.98868581 +-       0.06872997       0.9802       0 [    7]      (   0)          72533

       720         730   0.2             NLO.QT.32.CT.QCD              -9.20891054 +-       0.06361986
--------------------------------------------------------------------------------------------------------------------------------------------------------------
       720         730   0.2             ud~_epvebb~                   -9.20891054 +-       0.06361986       0.9857       0 [    7]      (   0)          72533

       720         730   0.25            NLO.QT.32.CT.QCD              -8.62561249 +-       0.05979166
--------------------------------------------------------------------------------------------------------------------------------------------------------------
       720         730   0.25            ud~_epvebb~                   -8.62561249 +-       0.05979166       0.9903       0 [    7]      (   0)          72533

       720         730   0.5             NLO.QT.32.CT.QCD              -6.93376921 +-       0.04865401
--------------------------------------------------------------------------------------------------------------------------------------------------------------
       720         730   0.5             ud~_epvebb~                   -6.93376921 +-       0.04865401        1.007       0 [    7]      (   0)          72533

==============================================================================================================================================================

       730         740   0.01            NLO.QT.32.CT.QCD              -17.9582780 +-        0.1227718
--------------------------------------------------------------------------------------------------------------------------------------------------------------
       730         740   0.01            ud~_epvebb~                   -17.9582780 +-        0.1227718        1.078       0 [    7]      (   0)          72258

       730         740   0.05            NLO.QT.32.CT.QCD              -12.6164991 +-        0.0870003
--------------------------------------------------------------------------------------------------------------------------------------------------------------
       730         740   0.05            ud~_epvebb~                   -12.6164991 +-        0.0870003        1.130       0 [    7]      (   0)          72258

       730         740   0.1             NLO.QT.32.CT.QCD              -10.6034340 +-        0.0735049
--------------------------------------------------------------------------------------------------------------------------------------------------------------
       730         740   0.1             ud~_epvebb~                   -10.6034340 +-        0.0735049        1.157       0 [    7]      (   0)          72258

       730         740   0.15            NLO.QT.32.CT.QCD              -9.50611267 +-       0.06614254
--------------------------------------------------------------------------------------------------------------------------------------------------------------
       730         740   0.15            ud~_epvebb~                   -9.50611267 +-       0.06614254        1.174       0 [    7]      (   0)          72258

       730         740   0.2             NLO.QT.32.CT.QCD              -8.76347438 +-       0.06115669
--------------------------------------------------------------------------------------------------------------------------------------------------------------
       730         740   0.2             ud~_epvebb~                   -8.76347438 +-       0.06115669        1.188       0 [    7]      (   0)          72258

       730         740   0.25            NLO.QT.32.CT.QCD              -8.20797539 +-       0.05742513
--------------------------------------------------------------------------------------------------------------------------------------------------------------
       730         740   0.25            ud~_epvebb~                   -8.20797539 +-       0.05742513        1.198       0 [    7]      (   0)          72258

       730         740   0.5             NLO.QT.32.CT.QCD              -6.59687442 +-       0.04658888
--------------------------------------------------------------------------------------------------------------------------------------------------------------
       730         740   0.5             ud~_epvebb~                   -6.59687442 +-       0.04658888        1.235       0 [    7]      (   0)          72258

==============================================================================================================================================================

       740         750   0.01            NLO.QT.32.CT.QCD              -16.8971195 +-        0.1353627
--------------------------------------------------------------------------------------------------------------------------------------------------------------
       740         750   0.01            ud~_epvebb~                   -16.8971195 +-        0.1353627       0.3217       0 [    7]      (   0)          56951

       740         750   0.05            NLO.QT.32.CT.QCD              -11.8768870 +-        0.0960217
--------------------------------------------------------------------------------------------------------------------------------------------------------------
       740         750   0.05            ud~_epvebb~                   -11.8768870 +-        0.0960217       0.3285       0 [    7]      (   0)          56951

       740         750   0.1             NLO.QT.32.CT.QCD              -9.98454539 +-       0.08116985
--------------------------------------------------------------------------------------------------------------------------------------------------------------
       740         750   0.1             ud~_epvebb~                   -9.98454539 +-       0.08116985       0.3330       0 [    7]      (   0)          56951

       740         750   0.15            NLO.QT.32.CT.QCD              -8.95288621 +-       0.07306452
--------------------------------------------------------------------------------------------------------------------------------------------------------------
       740         750   0.15            ud~_epvebb~                   -8.95288621 +-       0.07306452       0.3363       0 [    7]      (   0)          56951

       740         750   0.2             NLO.QT.32.CT.QCD              -8.25461706 +-       0.06757404
--------------------------------------------------------------------------------------------------------------------------------------------------------------
       740         750   0.2             ud~_epvebb~                   -8.25461706 +-       0.06757404       0.3390       0 [    7]      (   0)          56951

       740         750   0.25            NLO.QT.32.CT.QCD              -7.73226500 +-       0.06346394
--------------------------------------------------------------------------------------------------------------------------------------------------------------
       740         750   0.25            ud~_epvebb~                   -7.73226500 +-       0.06346394       0.3413       0 [    7]      (   0)          56951

       740         750   0.5             NLO.QT.32.CT.QCD              -6.21705950 +-       0.05152345
--------------------------------------------------------------------------------------------------------------------------------------------------------------
       740         750   0.5             ud~_epvebb~                   -6.21705950 +-       0.05152345       0.3501       0 [    7]      (   0)          56951

==============================================================================================================================================================

       750         760   0.01            NLO.QT.32.CT.QCD              -15.9341881 +-        0.1268697
--------------------------------------------------------------------------------------------------------------------------------------------------------------
       750         760   0.01            ud~_epvebb~                   -15.9341881 +-        0.1268697       0.5100       0 [    7]      (   0)          54162

       750         760   0.05            NLO.QT.32.CT.QCD              -11.1977613 +-        0.0902452
--------------------------------------------------------------------------------------------------------------------------------------------------------------
       750         760   0.05            ud~_epvebb~                   -11.1977613 +-        0.0902452       0.4751       0 [    7]      (   0)          54162

       750         760   0.1             NLO.QT.32.CT.QCD              -9.41257380 +-       0.07639751
--------------------------------------------------------------------------------------------------------------------------------------------------------------
       750         760   0.1             ud~_epvebb~                   -9.41257380 +-       0.07639751       0.4568       0 [    7]      (   0)          54162

       750         760   0.15            NLO.QT.32.CT.QCD              -8.43938840 +-       0.06883336
--------------------------------------------------------------------------------------------------------------------------------------------------------------
       750         760   0.15            ud~_epvebb~                   -8.43938840 +-       0.06883336       0.4449       0 [    7]      (   0)          54162

       750         760   0.2             NLO.QT.32.CT.QCD              -7.78072357 +-       0.06370620
--------------------------------------------------------------------------------------------------------------------------------------------------------------
       750         760   0.2             ud~_epvebb~                   -7.78072357 +-       0.06370620       0.4359       0 [    7]      (   0)          54162

       750         760   0.25            NLO.QT.32.CT.QCD              -7.28801430 +-       0.05986611
--------------------------------------------------------------------------------------------------------------------------------------------------------------
       750         760   0.25            ud~_epvebb~                   -7.28801430 +-       0.05986611       0.4285       0 [    7]      (   0)          54162

       750         760   0.5             NLO.QT.32.CT.QCD              -5.85888771 +-       0.04869876
--------------------------------------------------------------------------------------------------------------------------------------------------------------
       750         760   0.5             ud~_epvebb~                   -5.85888771 +-       0.04869876       0.4036       0 [    7]      (   0)          54162

==============================================================================================================================================================

       760         770   0.01            NLO.QT.32.CT.QCD              -15.0302000 +-        0.1247627
--------------------------------------------------------------------------------------------------------------------------------------------------------------
       760         770   0.01            ud~_epvebb~                   -15.0302000 +-        0.1247627       0.7195       0 [    7]      (   0)          53576

       760         770   0.05            NLO.QT.32.CT.QCD              -10.5625289 +-        0.0884033
--------------------------------------------------------------------------------------------------------------------------------------------------------------
       760         770   0.05            ud~_epvebb~                   -10.5625289 +-        0.0884033       0.6590       0 [    7]      (   0)          53576

       760         770   0.1             NLO.QT.32.CT.QCD              -8.87863342 +-       0.07468155
--------------------------------------------------------------------------------------------------------------------------------------------------------------
       760         770   0.1             ud~_epvebb~                   -8.87863342 +-       0.07468155       0.6272       0 [    7]      (   0)          53576

       760         770   0.15            NLO.QT.32.CT.QCD              -7.96066575 +-       0.06719451
--------------------------------------------------------------------------------------------------------------------------------------------------------------
       760         770   0.15            ud~_epvebb~                   -7.96066575 +-       0.06719451       0.6067       0 [    7]      (   0)          53576

       760         770   0.2             NLO.QT.32.CT.QCD              -7.33937247 +-       0.06212364
--------------------------------------------------------------------------------------------------------------------------------------------------------------
       760         770   0.2             ud~_epvebb~                   -7.33937247 +-       0.06212364       0.5912       0 [    7]      (   0)          53576

       760         770   0.25            NLO.QT.32.CT.QCD              -6.87461838 +-       0.05832813
--------------------------------------------------------------------------------------------------------------------------------------------------------------
       760         770   0.25            ud~_epvebb~                   -6.87461838 +-       0.05832813       0.5786       0 [    7]      (   0)          53576

       760         770   0.5             NLO.QT.32.CT.QCD              -5.52657528 +-       0.04730454
--------------------------------------------------------------------------------------------------------------------------------------------------------------
       760         770   0.5             ud~_epvebb~                   -5.52657528 +-       0.04730454       0.5356       0 [    7]      (   0)          53576

==============================================================================================================================================================

       770         780   0.01            NLO.QT.32.CT.QCD              -14.1229343 +-        0.1292477
--------------------------------------------------------------------------------------------------------------------------------------------------------------
       770         780   0.01            ud~_epvebb~                   -14.1229343 +-        0.1292477       0.8280       0 [    7]      (   0)          52646

       770         780   0.05            NLO.QT.32.CT.QCD              -9.92754775 +-       0.09124364
--------------------------------------------------------------------------------------------------------------------------------------------------------------
       770         780   0.05            ud~_epvebb~                   -9.92754775 +-       0.09124364       0.8520       0 [    7]      (   0)          52646

       770         780   0.1             NLO.QT.32.CT.QCD              -8.34607855 +-       0.07692601
--------------------------------------------------------------------------------------------------------------------------------------------------------------
       770         780   0.1             ud~_epvebb~                   -8.34607855 +-       0.07692601       0.8648       0 [    7]      (   0)          52646

       770         780   0.15            NLO.QT.32.CT.QCD              -7.48388438 +-       0.06912188
--------------------------------------------------------------------------------------------------------------------------------------------------------------
       770         780   0.15            ud~_epvebb~                   -7.48388438 +-       0.06912188       0.8731       0 [    7]      (   0)          52646

       770         780   0.2             NLO.QT.32.CT.QCD              -6.90030881 +-       0.06384013
--------------------------------------------------------------------------------------------------------------------------------------------------------------
       770         780   0.2             ud~_epvebb~                   -6.90030881 +-       0.06384013       0.8794       0 [    7]      (   0)          52646

       770         780   0.25            NLO.QT.32.CT.QCD              -6.46375086 +-       0.05988914
--------------------------------------------------------------------------------------------------------------------------------------------------------------
       770         780   0.25            ud~_epvebb~                   -6.46375086 +-       0.05988914       0.8846       0 [    7]      (   0)          52646

       770         780   0.5             NLO.QT.32.CT.QCD              -5.19738623 +-       0.04842767
--------------------------------------------------------------------------------------------------------------------------------------------------------------
       770         780   0.5             ud~_epvebb~                   -5.19738623 +-       0.04842767       0.9025       0 [    7]      (   0)          52646

==============================================================================================================================================================

       780         790   0.01            NLO.QT.32.CT.QCD              -13.3699132 +-        0.1094975
--------------------------------------------------------------------------------------------------------------------------------------------------------------
       780         790   0.01            ud~_epvebb~                   -13.3699132 +-        0.1094975       0.8056       0 [    7]      (   0)          52585

       780         790   0.05            NLO.QT.32.CT.QCD              -9.39676863 +-       0.07788035
--------------------------------------------------------------------------------------------------------------------------------------------------------------
       780         790   0.05            ud~_epvebb~                   -9.39676863 +-       0.07788035       0.8178       0 [    7]      (   0)          52585

       780         790   0.1             NLO.QT.32.CT.QCD              -7.89918595 +-       0.06592488
--------------------------------------------------------------------------------------------------------------------------------------------------------------
       780         790   0.1             ud~_epvebb~                   -7.89918595 +-       0.06592488       0.8241       0 [    7]      (   0)          52585

       780         790   0.15            NLO.QT.32.CT.QCD              -7.08276104 +-       0.05939406
--------------------------------------------------------------------------------------------------------------------------------------------------------------
       780         790   0.15            ud~_epvebb~                   -7.08276104 +-       0.05939406       0.8282       0 [    7]      (   0)          52585

       780         790   0.2             NLO.QT.32.CT.QCD              -6.53018142 +-       0.05496719
--------------------------------------------------------------------------------------------------------------------------------------------------------------
       780         790   0.2             ud~_epvebb~                   -6.53018142 +-       0.05496719       0.8312       0 [    7]      (   0)          52585

       780         790   0.25            NLO.QT.32.CT.QCD              -6.11682097 +-       0.05165154
--------------------------------------------------------------------------------------------------------------------------------------------------------------
       780         790   0.25            ud~_epvebb~                   -6.11682097 +-       0.05165154       0.8337       0 [    7]      (   0)          52585

       780         790   0.5             NLO.QT.32.CT.QCD              -4.91780659 +-       0.04200899
--------------------------------------------------------------------------------------------------------------------------------------------------------------
       780         790   0.5             ud~_epvebb~                   -4.91780659 +-       0.04200899       0.8419       0 [    7]      (   0)          52585

==============================================================================================================================================================

       790         800   0.01            NLO.QT.32.CT.QCD              -12.8481092 +-        0.1180808
--------------------------------------------------------------------------------------------------------------------------------------------------------------
       790         800   0.01            ud~_epvebb~                   -12.8481092 +-        0.1180808       0.6265       0 [    7]      (   0)          51368

       790         800   0.05            NLO.QT.32.CT.QCD              -9.02595411 +-       0.08281571
--------------------------------------------------------------------------------------------------------------------------------------------------------------
       790         800   0.05            ud~_epvebb~                   -9.02595411 +-       0.08281571       0.6186       0 [    7]      (   0)          51368

       790         800   0.1             NLO.QT.32.CT.QCD              -7.58559597 +-       0.06959297
--------------------------------------------------------------------------------------------------------------------------------------------------------------
       790         800   0.1             ud~_epvebb~                   -7.58559597 +-       0.06959297       0.6145       0 [    7]      (   0)          51368

       790         800   0.15            NLO.QT.32.CT.QCD              -6.80046739 +-       0.06240542
--------------------------------------------------------------------------------------------------------------------------------------------------------------
       790         800   0.15            ud~_epvebb~                   -6.80046739 +-       0.06240542       0.6118       0 [    7]      (   0)          51368

       790         800   0.2             NLO.QT.32.CT.QCD              -6.26911790 +-       0.05755037
--------------------------------------------------------------------------------------------------------------------------------------------------------------
       790         800   0.2             ud~_epvebb~                   -6.26911790 +-       0.05755037       0.6098       0 [    7]      (   0)          51368

       790         800   0.25            NLO.QT.32.CT.QCD              -5.87166748 +-       0.05392414
--------------------------------------------------------------------------------------------------------------------------------------------------------------
       790         800   0.25            ud~_epvebb~                   -5.87166748 +-       0.05392414       0.6082       0 [    7]      (   0)          51368

       790         800   0.5             NLO.QT.32.CT.QCD              -4.71896827 +-       0.04343652
--------------------------------------------------------------------------------------------------------------------------------------------------------------
       790         800   0.5             ud~_epvebb~                   -4.71896827 +-       0.04343652       0.6029       0 [    7]      (   0)          51368

==============================================================================================================================================================

       800         810   0.01            NLO.QT.32.CT.QCD              -11.8988428 +-        0.1076294
--------------------------------------------------------------------------------------------------------------------------------------------------------------
       800         810   0.01            ud~_epvebb~                   -11.8988428 +-        0.1076294       0.6436       0 [    7]      (   0)          49188

       800         810   0.05            NLO.QT.32.CT.QCD              -8.36263734 +-       0.07625259
--------------------------------------------------------------------------------------------------------------------------------------------------------------
       800         810   0.05            ud~_epvebb~                   -8.36263734 +-       0.07625259       0.6790       0 [    7]      (   0)          49188

       800         810   0.1             NLO.QT.32.CT.QCD              -7.02976535 +-       0.06440900
--------------------------------------------------------------------------------------------------------------------------------------------------------------
       800         810   0.1             ud~_epvebb~                   -7.02976535 +-       0.06440900       0.6985       0 [    7]      (   0)          49188

       800         810   0.15            NLO.QT.32.CT.QCD              -6.30313980 +-       0.05794614
--------------------------------------------------------------------------------------------------------------------------------------------------------------
       800         810   0.15            ud~_epvebb~                   -6.30313980 +-       0.05794614       0.7114       0 [    7]      (   0)          49188

       800         810   0.2             NLO.QT.32.CT.QCD              -5.81134152 +-       0.05356865
--------------------------------------------------------------------------------------------------------------------------------------------------------------
       800         810   0.2             ud~_epvebb~                   -5.81134152 +-       0.05356865       0.7213       0 [    7]      (   0)          49188

       800         810   0.25            NLO.QT.32.CT.QCD              -5.44345046 +-       0.05029199
--------------------------------------------------------------------------------------------------------------------------------------------------------------
       800         810   0.25            ud~_epvebb~                   -5.44345046 +-       0.05029199       0.7295       0 [    7]      (   0)          49188

       800         810   0.5             NLO.QT.32.CT.QCD              -4.37633585 +-       0.04077458
--------------------------------------------------------------------------------------------------------------------------------------------------------------
       800         810   0.5             ud~_epvebb~                   -4.37633585 +-       0.04077458       0.7582       0 [    7]      (   0)          49188

==============================================================================================================================================================

       810         820   0.01            NLO.QT.32.CT.QCD              -11.2381283 +-        0.1014104
--------------------------------------------------------------------------------------------------------------------------------------------------------------
       810         820   0.01            ud~_epvebb~                   -11.2381283 +-        0.1014104        1.568       0 [    7]      (   0)          48726

       810         820   0.05            NLO.QT.32.CT.QCD              -7.89852234 +-       0.07199804
--------------------------------------------------------------------------------------------------------------------------------------------------------------
       810         820   0.05            ud~_epvebb~                   -7.89852234 +-       0.07199804        1.595       0 [    7]      (   0)          48726

       810         820   0.1             NLO.QT.32.CT.QCD              -6.63973433 +-       0.06088235
--------------------------------------------------------------------------------------------------------------------------------------------------------------
       810         820   0.1             ud~_epvebb~                   -6.63973433 +-       0.06088235        1.608       0 [    7]      (   0)          48726

       810         820   0.15            NLO.QT.32.CT.QCD              -5.95349031 +-       0.05481236
--------------------------------------------------------------------------------------------------------------------------------------------------------------
       810         820   0.15            ud~_epvebb~                   -5.95349031 +-       0.05481236        1.617       0 [    7]      (   0)          48726

       810         820   0.2             NLO.QT.32.CT.QCD              -5.48902041 +-       0.05069891
--------------------------------------------------------------------------------------------------------------------------------------------------------------
       810         820   0.2             ud~_epvebb~                   -5.48902041 +-       0.05069891        1.623       0 [    7]      (   0)          48726

       810         820   0.25            NLO.QT.32.CT.QCD              -5.14157071 +-       0.04761865
--------------------------------------------------------------------------------------------------------------------------------------------------------------
       810         820   0.25            ud~_epvebb~                   -5.14157071 +-       0.04761865        1.628       0 [    7]      (   0)          48726

       810         820   0.5             NLO.QT.32.CT.QCD              -4.13373899 +-       0.03866463
--------------------------------------------------------------------------------------------------------------------------------------------------------------
       810         820   0.5             ud~_epvebb~                   -4.13373899 +-       0.03866463        1.644       0 [    7]      (   0)          48726

==============================================================================================================================================================

       820         830   0.01            NLO.QT.32.CT.QCD              -10.6792173 +-        0.0955274
--------------------------------------------------------------------------------------------------------------------------------------------------------------
       820         830   0.01            ud~_epvebb~                   -10.6792173 +-        0.0955274       0.3818       0 [    7]      (   0)          47718

       820         830   0.05            NLO.QT.32.CT.QCD              -7.50892623 +-       0.06772585
--------------------------------------------------------------------------------------------------------------------------------------------------------------
       820         830   0.05            ud~_epvebb~                   -7.50892623 +-       0.06772585       0.3661       0 [    7]      (   0)          47718

       820         830   0.1             NLO.QT.32.CT.QCD              -6.31371019 +-       0.05724519
--------------------------------------------------------------------------------------------------------------------------------------------------------------
       820         830   0.1             ud~_epvebb~                   -6.31371019 +-       0.05724519       0.3575       0 [    7]      (   0)          47718

       820         830   0.15            NLO.QT.32.CT.QCD              -5.66204433 +-       0.05152981
--------------------------------------------------------------------------------------------------------------------------------------------------------------
       820         830   0.15            ud~_epvebb~                   -5.66204433 +-       0.05152981       0.3519       0 [    7]      (   0)          47718

       820         830   0.2             NLO.QT.32.CT.QCD              -5.22094005 +-       0.04766026
--------------------------------------------------------------------------------------------------------------------------------------------------------------
       820         830   0.2             ud~_epvebb~                   -5.22094005 +-       0.04766026       0.3475       0 [    7]      (   0)          47718

       820         830   0.25            NLO.QT.32.CT.QCD              -4.89094644 +-       0.04476470
--------------------------------------------------------------------------------------------------------------------------------------------------------------
       820         830   0.25            ud~_epvebb~                   -4.89094644 +-       0.04476470       0.3439       0 [    7]      (   0)          47718

       820         830   0.5             NLO.QT.32.CT.QCD              -3.93361767 +-       0.03635885
--------------------------------------------------------------------------------------------------------------------------------------------------------------
       820         830   0.5             ud~_epvebb~                   -3.93361767 +-       0.03635885       0.3313       0 [    7]      (   0)          47718

==============================================================================================================================================================

       830         840   0.01            NLO.QT.32.CT.QCD              -10.0707579 +-        0.0952719
--------------------------------------------------------------------------------------------------------------------------------------------------------------
       830         840   0.01            ud~_epvebb~                   -10.0707579 +-        0.0952719       0.3863       0 [    7]      (   0)          47424

       830         840   0.05            NLO.QT.32.CT.QCD              -7.07726385 +-       0.06751787
--------------------------------------------------------------------------------------------------------------------------------------------------------------
       830         840   0.05            ud~_epvebb~                   -7.07726385 +-       0.06751787       0.3805       0 [    7]      (   0)          47424

       830         840   0.1             NLO.QT.32.CT.QCD              -5.94899562 +-       0.05704044
--------------------------------------------------------------------------------------------------------------------------------------------------------------
       830         840   0.1             ud~_epvebb~                   -5.94899562 +-       0.05704044       0.3778       0 [    7]      (   0)          47424

       830         840   0.15            NLO.QT.32.CT.QCD              -5.33392547 +-       0.05132263
--------------------------------------------------------------------------------------------------------------------------------------------------------------
       830         840   0.15            ud~_epvebb~                   -5.33392547 +-       0.05132263       0.3763       0 [    7]      (   0)          47424

       830         840   0.2             NLO.QT.32.CT.QCD              -4.91763743 +-       0.04744959
--------------------------------------------------------------------------------------------------------------------------------------------------------------
       830         840   0.2             ud~_epvebb~                   -4.91763743 +-       0.04744959       0.3752       0 [    7]      (   0)          47424

       830         840   0.25            NLO.QT.32.CT.QCD              -4.60623606 +-       0.04455039
--------------------------------------------------------------------------------------------------------------------------------------------------------------
       830         840   0.25            ud~_epvebb~                   -4.60623606 +-       0.04455039       0.3743       0 [    7]      (   0)          47424

       830         840   0.5             NLO.QT.32.CT.QCD              -3.70300035 +-       0.03612862
--------------------------------------------------------------------------------------------------------------------------------------------------------------
       830         840   0.5             ud~_epvebb~                   -3.70300035 +-       0.03612862       0.3719       0 [    7]      (   0)          47424

==============================================================================================================================================================

       840         850   0.01            NLO.QT.32.CT.QCD              -9.87641477 +-       0.09322983
--------------------------------------------------------------------------------------------------------------------------------------------------------------
       840         850   0.01            ud~_epvebb~                   -9.87641477 +-       0.09322983       0.8529       0 [    7]      (   0)          46973

       840         850   0.05            NLO.QT.32.CT.QCD              -6.94827861 +-       0.06628372
--------------------------------------------------------------------------------------------------------------------------------------------------------------
       840         850   0.05            ud~_epvebb~                   -6.94827861 +-       0.06628372       0.8897       0 [    7]      (   0)          46973

       840         850   0.1             NLO.QT.32.CT.QCD              -5.84406207 +-       0.05609805
--------------------------------------------------------------------------------------------------------------------------------------------------------------
       840         850   0.1             ud~_epvebb~                   -5.84406207 +-       0.05609805       0.9090       0 [    7]      (   0)          46973

       840         850   0.15            NLO.QT.32.CT.QCD              -5.24191793 +-       0.05053510
--------------------------------------------------------------------------------------------------------------------------------------------------------------
       840         850   0.15            ud~_epvebb~                   -5.24191793 +-       0.05053510       0.9215       0 [    7]      (   0)          46973

       840         850   0.2             NLO.QT.32.CT.QCD              -4.83428923 +-       0.04676480
--------------------------------------------------------------------------------------------------------------------------------------------------------------
       840         850   0.2             ud~_epvebb~                   -4.83428923 +-       0.04676480       0.9310       0 [    7]      (   0)          46973

       840         850   0.25            NLO.QT.32.CT.QCD              -4.52931199 +-       0.04394121
--------------------------------------------------------------------------------------------------------------------------------------------------------------
       840         850   0.25            ud~_epvebb~                   -4.52931199 +-       0.04394121       0.9387       0 [    7]      (   0)          46973

       840         850   0.5             NLO.QT.32.CT.QCD              -3.64440110 +-       0.03573134
--------------------------------------------------------------------------------------------------------------------------------------------------------------
       840         850   0.5             ud~_epvebb~                   -3.64440110 +-       0.03573134       0.9650       0 [    7]      (   0)          46973

==============================================================================================================================================================

       850         860   0.01            NLO.QT.32.CT.QCD              -9.16970355 +-       0.08836730
--------------------------------------------------------------------------------------------------------------------------------------------------------------
       850         860   0.01            ud~_epvebb~                   -9.16970355 +-       0.08836730       0.7300       0 [    7]      (   0)          46412

       850         860   0.05            NLO.QT.32.CT.QCD              -6.44592154 +-       0.06220331
--------------------------------------------------------------------------------------------------------------------------------------------------------------
       850         860   0.05            ud~_epvebb~                   -6.44592154 +-       0.06220331       0.6942       0 [    7]      (   0)          46412

       850         860   0.1             NLO.QT.32.CT.QCD              -5.41916564 +-       0.05237614
--------------------------------------------------------------------------------------------------------------------------------------------------------------
       850         860   0.1             ud~_epvebb~                   -5.41916564 +-       0.05237614       0.6752       0 [    7]      (   0)          46412

       850         860   0.15            NLO.QT.32.CT.QCD              -4.85938855 +-       0.04702880
--------------------------------------------------------------------------------------------------------------------------------------------------------------
       850         860   0.15            ud~_epvebb~                   -4.85938855 +-       0.04702880       0.6627       0 [    7]      (   0)          46412

       850         860   0.2             NLO.QT.32.CT.QCD              -4.48050157 +-       0.04341409
--------------------------------------------------------------------------------------------------------------------------------------------------------------
       850         860   0.2             ud~_epvebb~                   -4.48050157 +-       0.04341409       0.6533       0 [    7]      (   0)          46412

       850         860   0.25            NLO.QT.32.CT.QCD              -4.19706459 +-       0.04071264
--------------------------------------------------------------------------------------------------------------------------------------------------------------
       850         860   0.25            ud~_epvebb~                   -4.19706459 +-       0.04071264       0.6455       0 [    7]      (   0)          46412

       850         860   0.5             NLO.QT.32.CT.QCD              -3.37486469 +-       0.03289004
--------------------------------------------------------------------------------------------------------------------------------------------------------------
       850         860   0.5             ud~_epvebb~                   -3.37486469 +-       0.03289004       0.6188       0 [    7]      (   0)          46412

==============================================================================================================================================================

       860         870   0.01            NLO.QT.32.CT.QCD              -8.79552061 +-       0.09624648
--------------------------------------------------------------------------------------------------------------------------------------------------------------
       860         870   0.01            ud~_epvebb~                   -8.79552061 +-       0.09624648       0.9917       0 [    7]      (   0)          36043

       860         870   0.05            NLO.QT.32.CT.QCD              -6.18737869 +-       0.06835321
--------------------------------------------------------------------------------------------------------------------------------------------------------------
       860         870   0.05            ud~_epvebb~                   -6.18737869 +-       0.06835321       0.9958       0 [    7]      (   0)          36043

       860         870   0.1             NLO.QT.32.CT.QCD              -5.20386966 +-       0.05781195
--------------------------------------------------------------------------------------------------------------------------------------------------------------
       860         870   0.1             ud~_epvebb~                   -5.20386966 +-       0.05781195       0.9981       0 [    7]      (   0)          36043

       860         870   0.15            NLO.QT.32.CT.QCD              -4.66756039 +-       0.05205569
--------------------------------------------------------------------------------------------------------------------------------------------------------------
       860         870   0.15            ud~_epvebb~                   -4.66756039 +-       0.05205569       0.9996       0 [    7]      (   0)          36043

       860         870   0.2             NLO.QT.32.CT.QCD              -4.30450488 +-       0.04815484
--------------------------------------------------------------------------------------------------------------------------------------------------------------
       860         870   0.2             ud~_epvebb~                   -4.30450488 +-       0.04815484        1.001       0 [    7]      (   0)          36043

       860         870   0.25            NLO.QT.32.CT.QCD              -4.03287944 +-       0.04523377
--------------------------------------------------------------------------------------------------------------------------------------------------------------
       860         870   0.25            ud~_epvebb~                   -4.03287944 +-       0.04523377        1.002       0 [    7]      (   0)          36043

       860         870   0.5             NLO.QT.32.CT.QCD              -3.24475994 +-       0.03674237
--------------------------------------------------------------------------------------------------------------------------------------------------------------
       860         870   0.5             ud~_epvebb~                   -3.24475994 +-       0.03674237        1.005       0 [    7]      (   0)          36043

==============================================================================================================================================================

       870         880   0.01            NLO.QT.32.CT.QCD              -8.18977688 +-       0.08385650
--------------------------------------------------------------------------------------------------------------------------------------------------------------
       870         880   0.01            ud~_epvebb~                   -8.18977688 +-       0.08385650       0.9433       0 [    7]      (   0)          35088

       870         880   0.05            NLO.QT.32.CT.QCD              -5.76195007 +-       0.05998674
--------------------------------------------------------------------------------------------------------------------------------------------------------------
       870         880   0.05            ud~_epvebb~                   -5.76195007 +-       0.05998674       0.9415       0 [    7]      (   0)          35088

       870         880   0.1             NLO.QT.32.CT.QCD              -4.84638307 +-       0.05093341
--------------------------------------------------------------------------------------------------------------------------------------------------------------
       870         880   0.1             ud~_epvebb~                   -4.84638307 +-       0.05093341       0.9398       0 [    7]      (   0)          35088

       870         880   0.15            NLO.QT.32.CT.QCD              -4.34710573 +-       0.04597913
--------------------------------------------------------------------------------------------------------------------------------------------------------------
       870         880   0.15            ud~_epvebb~                   -4.34710573 +-       0.04597913       0.9385       0 [    7]      (   0)          35088

       870         880   0.2             NLO.QT.32.CT.QCD              -4.00911089 +-       0.04261668
--------------------------------------------------------------------------------------------------------------------------------------------------------------
       870         880   0.2             ud~_epvebb~                   -4.00911089 +-       0.04261668       0.9374       0 [    7]      (   0)          35088

       870         880   0.25            NLO.QT.32.CT.QCD              -3.75623007 +-       0.04009571
--------------------------------------------------------------------------------------------------------------------------------------------------------------
       870         880   0.25            ud~_epvebb~                   -3.75623007 +-       0.04009571       0.9364       0 [    7]      (   0)          35088

       870         880   0.5             NLO.QT.32.CT.QCD              -3.02246974 +-       0.03274955
--------------------------------------------------------------------------------------------------------------------------------------------------------------
       870         880   0.5             ud~_epvebb~                   -3.02246974 +-       0.03274955       0.9323       0 [    7]      (   0)          35088

==============================================================================================================================================================

       880         890   0.01            NLO.QT.32.CT.QCD              -7.85327256 +-       0.08568771
--------------------------------------------------------------------------------------------------------------------------------------------------------------
       880         890   0.01            ud~_epvebb~                   -7.85327256 +-       0.08568771        2.122       0 [    7]      (   0)          34814

       880         890   0.05            NLO.QT.32.CT.QCD              -5.52199242 +-       0.06037144
--------------------------------------------------------------------------------------------------------------------------------------------------------------
       880         890   0.05            ud~_epvebb~                   -5.52199242 +-       0.06037144        2.113       0 [    7]      (   0)          34814

       880         890   0.1             NLO.QT.32.CT.QCD              -4.64308126 +-       0.05086094
--------------------------------------------------------------------------------------------------------------------------------------------------------------
       880         890   0.1             ud~_epvebb~                   -4.64308126 +-       0.05086094        2.108       0 [    7]      (   0)          34814

       880         890   0.15            NLO.QT.32.CT.QCD              -4.16387175 +-       0.04568528
--------------------------------------------------------------------------------------------------------------------------------------------------------------
       880         890   0.15            ud~_epvebb~                   -4.16387175 +-       0.04568528        2.105       0 [    7]      (   0)          34814

       880         890   0.2             NLO.QT.32.CT.QCD              -3.83949995 +-       0.04218628
--------------------------------------------------------------------------------------------------------------------------------------------------------------
       880         890   0.2             ud~_epvebb~                   -3.83949995 +-       0.04218628        2.103       0 [    7]      (   0)          34814

       880         890   0.25            NLO.QT.32.CT.QCD              -3.59683425 +-       0.03957110
--------------------------------------------------------------------------------------------------------------------------------------------------------------
       880         890   0.25            ud~_epvebb~                   -3.59683425 +-       0.03957110        2.101       0 [    7]      (   0)          34814

       880         890   0.5             NLO.QT.32.CT.QCD              -2.89284481 +-       0.03199696
--------------------------------------------------------------------------------------------------------------------------------------------------------------
       880         890   0.5             ud~_epvebb~                   -2.89284481 +-       0.03199696        2.095       0 [    7]      (   0)          34814

==============================================================================================================================================================

       890         900   0.01            NLO.QT.32.CT.QCD              -7.47345127 +-       0.07658444
--------------------------------------------------------------------------------------------------------------------------------------------------------------
       890         900   0.01            ud~_epvebb~                   -7.47345127 +-       0.07658444       0.2155       0 [    7]      (   0)          34574

       890         900   0.05            NLO.QT.32.CT.QCD              -5.25601220 +-       0.05457386
--------------------------------------------------------------------------------------------------------------------------------------------------------------
       890         900   0.05            ud~_epvebb~                   -5.25601220 +-       0.05457386       0.2381       0 [    7]      (   0)          34574

       890         900   0.1             NLO.QT.32.CT.QCD              -4.41993638 +-       0.04624696
--------------------------------------------------------------------------------------------------------------------------------------------------------------
       890         900   0.1             ud~_epvebb~                   -4.41993638 +-       0.04624696       0.2512       0 [    7]      (   0)          34574

       890         900   0.15            NLO.QT.32.CT.QCD              -3.96405534 +-       0.04169686
--------------------------------------------------------------------------------------------------------------------------------------------------------------
       890         900   0.15            ud~_epvebb~                   -3.96405534 +-       0.04169686       0.2600       0 [    7]      (   0)          34574

       890         900   0.2             NLO.QT.32.CT.QCD              -3.65546153 +-       0.03861188
--------------------------------------------------------------------------------------------------------------------------------------------------------------
       890         900   0.2             ud~_epvebb~                   -3.65546153 +-       0.03861188       0.2670       0 [    7]      (   0)          34574

       890         900   0.25            NLO.QT.32.CT.QCD              -3.42459181 +-       0.03630081
--------------------------------------------------------------------------------------------------------------------------------------------------------------
       890         900   0.25            ud~_epvebb~                   -3.42459181 +-       0.03630081       0.2728       0 [    7]      (   0)          34574

       890         900   0.5             NLO.QT.32.CT.QCD              -2.75477898 +-       0.02957695
--------------------------------------------------------------------------------------------------------------------------------------------------------------
       890         900   0.5             ud~_epvebb~                   -2.75477898 +-       0.02957695       0.2935       0 [    7]      (   0)          34574

==============================================================================================================================================================

       900         910   0.01            NLO.QT.32.CT.QCD              -7.24908836 +-       0.07931594
--------------------------------------------------------------------------------------------------------------------------------------------------------------
       900         910   0.01            ud~_epvebb~                   -7.24908836 +-       0.07931594        1.566       0 [    7]      (   0)          34491

       900         910   0.05            NLO.QT.32.CT.QCD              -5.09922052 +-       0.05661955
--------------------------------------------------------------------------------------------------------------------------------------------------------------
       900         910   0.05            ud~_epvebb~                   -5.09922052 +-       0.05661955        1.577       0 [    7]      (   0)          34491

       900         910   0.1             NLO.QT.32.CT.QCD              -4.28854525 +-       0.04802213
--------------------------------------------------------------------------------------------------------------------------------------------------------------
       900         910   0.1             ud~_epvebb~                   -4.28854525 +-       0.04802213        1.582       0 [    7]      (   0)          34491

       900         910   0.15            NLO.QT.32.CT.QCD              -3.84648966 +-       0.04332078
--------------------------------------------------------------------------------------------------------------------------------------------------------------
       900         910   0.15            ud~_epvebb~                   -3.84648966 +-       0.04332078        1.585       0 [    7]      (   0)          34491

       900         910   0.2             NLO.QT.32.CT.QCD              -3.54724277 +-       0.04013162
--------------------------------------------------------------------------------------------------------------------------------------------------------------
       900         910   0.2             ud~_epvebb~                   -3.54724277 +-       0.04013162        1.587       0 [    7]      (   0)          34491

       900         910   0.25            NLO.QT.32.CT.QCD              -3.32335876 +-       0.03774156
--------------------------------------------------------------------------------------------------------------------------------------------------------------
       900         910   0.25            ud~_epvebb~                   -3.32335876 +-       0.03774156        1.588       0 [    7]      (   0)          34491

       900         910   0.5             NLO.QT.32.CT.QCD              -2.67377253 +-       0.03078244
--------------------------------------------------------------------------------------------------------------------------------------------------------------
       900         910   0.5             ud~_epvebb~                   -2.67377253 +-       0.03078244        1.592       0 [    7]      (   0)          34491

==============================================================================================================================================================

       910         920   0.01            NLO.QT.32.CT.QCD              -6.82211592 +-       0.07010995
--------------------------------------------------------------------------------------------------------------------------------------------------------------
       910         920   0.01            ud~_epvebb~                   -6.82211592 +-       0.07010995       0.8075       0 [    7]      (   0)          34206

       910         920   0.05            NLO.QT.32.CT.QCD              -4.80039745 +-       0.05013543
--------------------------------------------------------------------------------------------------------------------------------------------------------------
       910         920   0.05            ud~_epvebb~                   -4.80039745 +-       0.05013543       0.8353       0 [    7]      (   0)          34206

       910         920   0.1             NLO.QT.32.CT.QCD              -4.03792794 +-       0.04256078
--------------------------------------------------------------------------------------------------------------------------------------------------------------
       910         920   0.1             ud~_epvebb~                   -4.03792794 +-       0.04256078       0.8506       0 [    7]      (   0)          34206

       910         920   0.15            NLO.QT.32.CT.QCD              -3.62212133 +-       0.03841611
--------------------------------------------------------------------------------------------------------------------------------------------------------------
       910         920   0.15            ud~_epvebb~                   -3.62212133 +-       0.03841611       0.8608       0 [    7]      (   0)          34206

       910         920   0.2             NLO.QT.32.CT.QCD              -3.34062562 +-       0.03560333
--------------------------------------------------------------------------------------------------------------------------------------------------------------
       910         920   0.2             ud~_epvebb~                   -3.34062562 +-       0.03560333       0.8686       0 [    7]      (   0)          34206

       910         920   0.25            NLO.QT.32.CT.QCD              -3.13001157 +-       0.03349460
--------------------------------------------------------------------------------------------------------------------------------------------------------------
       910         920   0.25            ud~_epvebb~                   -3.13001157 +-       0.03349460       0.8751       0 [    7]      (   0)          34206

       910         920   0.5             NLO.QT.32.CT.QCD              -2.51886540 +-       0.02735043
--------------------------------------------------------------------------------------------------------------------------------------------------------------
       910         920   0.5             ud~_epvebb~                   -2.51886540 +-       0.02735043       0.8979       0 [    7]      (   0)          34206

==============================================================================================================================================================

       920         930   0.01            NLO.QT.32.CT.QCD              -6.43938287 +-       0.07358920
--------------------------------------------------------------------------------------------------------------------------------------------------------------
       920         930   0.01            ud~_epvebb~                   -6.43938287 +-       0.07358920       0.3683       0 [    7]      (   0)          33181

       920         930   0.05            NLO.QT.32.CT.QCD              -4.53039924 +-       0.05257711
--------------------------------------------------------------------------------------------------------------------------------------------------------------
       920         930   0.05            ud~_epvebb~                   -4.53039924 +-       0.05257711       0.3895       0 [    7]      (   0)          33181

       920         930   0.1             NLO.QT.32.CT.QCD              -3.81049933 +-       0.04460999
--------------------------------------------------------------------------------------------------------------------------------------------------------------
       920         930   0.1             ud~_epvebb~                   -3.81049933 +-       0.04460999       0.4012       0 [    7]      (   0)          33181

       920         930   0.15            NLO.QT.32.CT.QCD              -3.41792457 +-       0.04025098
--------------------------------------------------------------------------------------------------------------------------------------------------------------
       920         930   0.15            ud~_epvebb~                   -3.41792457 +-       0.04025098       0.4088       0 [    7]      (   0)          33181

       920         930   0.2             NLO.QT.32.CT.QCD              -3.15216461 +-       0.03729298
--------------------------------------------------------------------------------------------------------------------------------------------------------------
       920         930   0.2             ud~_epvebb~                   -3.15216461 +-       0.03729298       0.4148       0 [    7]      (   0)          33181

       920         930   0.25            NLO.QT.32.CT.QCD              -2.95332883 +-       0.03507553
--------------------------------------------------------------------------------------------------------------------------------------------------------------
       920         930   0.25            ud~_epvebb~                   -2.95332883 +-       0.03507553       0.4197       0 [    7]      (   0)          33181

       920         930   0.5             NLO.QT.32.CT.QCD              -2.37638809 +-       0.02861557
--------------------------------------------------------------------------------------------------------------------------------------------------------------
       920         930   0.5             ud~_epvebb~                   -2.37638809 +-       0.02861557       0.4368       0 [    7]      (   0)          33181

==============================================================================================================================================================

       930         940   0.01            NLO.QT.32.CT.QCD              -6.17127342 +-       0.06941930
--------------------------------------------------------------------------------------------------------------------------------------------------------------
       930         940   0.01            ud~_epvebb~                   -6.17127342 +-       0.06941930        1.228       0 [    7]      (   0)          33154

       930         940   0.05            NLO.QT.32.CT.QCD              -4.33793103 +-       0.04928670
--------------------------------------------------------------------------------------------------------------------------------------------------------------
       930         940   0.05            ud~_epvebb~                   -4.33793103 +-       0.04928670        1.256       0 [    7]      (   0)          33154

       930         940   0.1             NLO.QT.32.CT.QCD              -3.64685170 +-       0.04168255
--------------------------------------------------------------------------------------------------------------------------------------------------------------
       930         940   0.1             ud~_epvebb~                   -3.64685170 +-       0.04168255        1.270       0 [    7]      (   0)          33154

       930         940   0.15            NLO.QT.32.CT.QCD              -3.27008747 +-       0.03753140
--------------------------------------------------------------------------------------------------------------------------------------------------------------
       930         940   0.15            ud~_epvebb~                   -3.27008747 +-       0.03753140        1.280       0 [    7]      (   0)          33154

       930         940   0.2             NLO.QT.32.CT.QCD              -3.01507592 +-       0.03471887
--------------------------------------------------------------------------------------------------------------------------------------------------------------
       930         940   0.2             ud~_epvebb~                   -3.01507592 +-       0.03471887        1.287       0 [    7]      (   0)          33154

       930         940   0.25            NLO.QT.32.CT.QCD              -2.82430896 +-       0.03261310
--------------------------------------------------------------------------------------------------------------------------------------------------------------
       930         940   0.25            ud~_epvebb~                   -2.82430896 +-       0.03261310        1.293       0 [    7]      (   0)          33154

       930         940   0.5             NLO.QT.32.CT.QCD              -2.27093705 +-       0.02649352
--------------------------------------------------------------------------------------------------------------------------------------------------------------
       930         940   0.5             ud~_epvebb~                   -2.27093705 +-       0.02649352        1.313       0 [    7]      (   0)          33154

==============================================================================================================================================================

       940         950   0.01            NLO.QT.32.CT.QCD              -5.86838751 +-       0.07036549
--------------------------------------------------------------------------------------------------------------------------------------------------------------
       940         950   0.01            ud~_epvebb~                   -5.86838751 +-       0.07036549        1.434       0 [    7]      (   0)          30753

       940         950   0.05            NLO.QT.32.CT.QCD              -4.12605824 +-       0.04952335
--------------------------------------------------------------------------------------------------------------------------------------------------------------
       940         950   0.05            ud~_epvebb~                   -4.12605824 +-       0.04952335        1.408       0 [    7]      (   0)          30753

       940         950   0.1             NLO.QT.32.CT.QCD              -3.46920709 +-       0.04171040
--------------------------------------------------------------------------------------------------------------------------------------------------------------
       940         950   0.1             ud~_epvebb~                   -3.46920709 +-       0.04171040        1.392       0 [    7]      (   0)          30753

       940         950   0.15            NLO.QT.32.CT.QCD              -3.11107820 +-       0.03746364
--------------------------------------------------------------------------------------------------------------------------------------------------------------
       940         950   0.15            ud~_epvebb~                   -3.11107820 +-       0.03746364        1.382       0 [    7]      (   0)          30753

       940         950   0.2             NLO.QT.32.CT.QCD              -2.86866777 +-       0.03459496
--------------------------------------------------------------------------------------------------------------------------------------------------------------
       940         950   0.2             ud~_epvebb~                   -2.86866777 +-       0.03459496        1.373       0 [    7]      (   0)          30753

       940         950   0.25            NLO.QT.32.CT.QCD              -2.68732008 +-       0.03245223
--------------------------------------------------------------------------------------------------------------------------------------------------------------
       940         950   0.25            ud~_epvebb~                   -2.68732008 +-       0.03245223        1.366       0 [    7]      (   0)          30753

       940         950   0.5             NLO.QT.32.CT.QCD              -2.16122933 +-       0.02625385
--------------------------------------------------------------------------------------------------------------------------------------------------------------
       940         950   0.5             ud~_epvebb~                   -2.16122933 +-       0.02625385        1.341       0 [    7]      (   0)          30753

==============================================================================================================================================================

       950         960   0.01            NLO.QT.32.CT.QCD              -5.41164488 +-       0.07619839
--------------------------------------------------------------------------------------------------------------------------------------------------------------
       950         960   0.01            ud~_epvebb~                   -5.41164488 +-       0.07619839        1.626       0 [    7]      (   0)          18900

       950         960   0.05            NLO.QT.32.CT.QCD              -3.80429811 +-       0.05442429
--------------------------------------------------------------------------------------------------------------------------------------------------------------
       950         960   0.05            ud~_epvebb~                   -3.80429811 +-       0.05442429        1.612       0 [    7]      (   0)          18900

       950         960   0.1             NLO.QT.32.CT.QCD              -3.19838280 +-       0.04617294
--------------------------------------------------------------------------------------------------------------------------------------------------------------
       950         960   0.1             ud~_epvebb~                   -3.19838280 +-       0.04617294        1.602       0 [    7]      (   0)          18900

       950         960   0.15            NLO.QT.32.CT.QCD              -2.86804048 +-       0.04165981
--------------------------------------------------------------------------------------------------------------------------------------------------------------
       950         960   0.15            ud~_epvebb~                   -2.86804048 +-       0.04165981        1.596       0 [    7]      (   0)          18900

       950         960   0.2             NLO.QT.32.CT.QCD              -2.64444558 +-       0.03859785
--------------------------------------------------------------------------------------------------------------------------------------------------------------
       950         960   0.2             ud~_epvebb~                   -2.64444558 +-       0.03859785        1.590       0 [    7]      (   0)          18900

       950         960   0.25            NLO.QT.32.CT.QCD              -2.47717823 +-       0.03630283
--------------------------------------------------------------------------------------------------------------------------------------------------------------
       950         960   0.25            ud~_epvebb~                   -2.47717823 +-       0.03630283        1.586       0 [    7]      (   0)          18900

       950         960   0.5             NLO.QT.32.CT.QCD              -1.99196005 +-       0.02961883
--------------------------------------------------------------------------------------------------------------------------------------------------------------
       950         960   0.5             ud~_epvebb~                   -1.99196005 +-       0.02961883        1.569       0 [    7]      (   0)          18900

==============================================================================================================================================================

       960         970   0.01            NLO.QT.32.CT.QCD              -5.29821718 +-       0.07583051
--------------------------------------------------------------------------------------------------------------------------------------------------------------
       960         970   0.01            ud~_epvebb~                   -5.29821718 +-       0.07583051       0.2772       0 [    7]      (   0)          18509

       960         970   0.05            NLO.QT.32.CT.QCD              -3.72721434 +-       0.05422795
--------------------------------------------------------------------------------------------------------------------------------------------------------------
       960         970   0.05            ud~_epvebb~                   -3.72721434 +-       0.05422795       0.2748       0 [    7]      (   0)          18509

       960         970   0.1             NLO.QT.32.CT.QCD              -3.13479574 +-       0.04603733
--------------------------------------------------------------------------------------------------------------------------------------------------------------
       960         970   0.1             ud~_epvebb~                   -3.13479574 +-       0.04603733       0.2742       0 [    7]      (   0)          18509

       960         970   0.15            NLO.QT.32.CT.QCD              -2.81174682 +-       0.04155601
--------------------------------------------------------------------------------------------------------------------------------------------------------------
       960         970   0.15            ud~_epvebb~                   -2.81174682 +-       0.04155601       0.2742       0 [    7]      (   0)          18509

       960         970   0.2             NLO.QT.32.CT.QCD              -2.59305732 +-       0.03851493
--------------------------------------------------------------------------------------------------------------------------------------------------------------
       960         970   0.2             ud~_epvebb~                   -2.59305732 +-       0.03851493       0.2743       0 [    7]      (   0)          18509

       960         970   0.25            NLO.QT.32.CT.QCD              -2.42944090 +-       0.03623515
--------------------------------------------------------------------------------------------------------------------------------------------------------------
       960         970   0.25            ud~_epvebb~                   -2.42944090 +-       0.03623515       0.2745       0 [    7]      (   0)          18509

       960         970   0.5             NLO.QT.32.CT.QCD              -1.95470561 +-       0.02959305
--------------------------------------------------------------------------------------------------------------------------------------------------------------
       960         970   0.5             ud~_epvebb~                   -1.95470561 +-       0.02959305       0.2758       0 [    7]      (   0)          18509

==============================================================================================================================================================

       970         980   0.01            NLO.QT.32.CT.QCD              -5.03915029 +-       0.07226569
--------------------------------------------------------------------------------------------------------------------------------------------------------------
       970         980   0.01            ud~_epvebb~                   -5.03915029 +-       0.07226569        1.405       0 [    7]      (   0)          18584

       970         980   0.05            NLO.QT.32.CT.QCD              -3.54388235 +-       0.05150639
--------------------------------------------------------------------------------------------------------------------------------------------------------------
       970         980   0.05            ud~_epvebb~                   -3.54388235 +-       0.05150639        1.388       0 [    7]      (   0)          18584

       970         980   0.1             NLO.QT.32.CT.QCD              -2.98010629 +-       0.04364837
--------------------------------------------------------------------------------------------------------------------------------------------------------------
       970         980   0.1             ud~_epvebb~                   -2.98010629 +-       0.04364837        1.377       0 [    7]      (   0)          18584

       970         980   0.15            NLO.QT.32.CT.QCD              -2.67270281 +-       0.03935318
--------------------------------------------------------------------------------------------------------------------------------------------------------------
       970         980   0.15            ud~_epvebb~                   -2.67270281 +-       0.03935318        1.370       0 [    7]      (   0)          18584

       970         980   0.2             NLO.QT.32.CT.QCD              -2.46461731 +-       0.03644044
--------------------------------------------------------------------------------------------------------------------------------------------------------------
       970         980   0.2             ud~_epvebb~                   -2.46461731 +-       0.03644044        1.364       0 [    7]      (   0)          18584

       970         980   0.25            NLO.QT.32.CT.QCD              -2.30894210 +-       0.03425806
--------------------------------------------------------------------------------------------------------------------------------------------------------------
       970         980   0.25            ud~_epvebb~                   -2.30894210 +-       0.03425806        1.359       0 [    7]      (   0)          18584

       970         980   0.5             NLO.QT.32.CT.QCD              -1.85729238 +-       0.02790683
--------------------------------------------------------------------------------------------------------------------------------------------------------------
       970         980   0.5             ud~_epvebb~                   -1.85729238 +-       0.02790683        1.341       0 [    7]      (   0)          18584

==============================================================================================================================================================

       980         990   0.01            NLO.QT.32.CT.QCD              -4.89751743 +-       0.07395511
--------------------------------------------------------------------------------------------------------------------------------------------------------------
       980         990   0.01            ud~_epvebb~                   -4.89751743 +-       0.07395511       0.9288       0 [    7]      (   0)          18492

       980         990   0.05            NLO.QT.32.CT.QCD              -3.44379740 +-       0.05286364
--------------------------------------------------------------------------------------------------------------------------------------------------------------
       980         990   0.05            ud~_epvebb~                   -3.44379740 +-       0.05286364       0.9181       0 [    7]      (   0)          18492

       980         990   0.1             NLO.QT.32.CT.QCD              -2.89572337 +-       0.04486490
--------------------------------------------------------------------------------------------------------------------------------------------------------------
       980         990   0.1             ud~_epvebb~                   -2.89572337 +-       0.04486490       0.9124       0 [    7]      (   0)          18492

       980         990   0.15            NLO.QT.32.CT.QCD              -2.59689327 +-       0.04048808
--------------------------------------------------------------------------------------------------------------------------------------------------------------
       980         990   0.15            ud~_epvebb~                   -2.59689327 +-       0.04048808       0.9087       0 [    7]      (   0)          18492

       980         990   0.2             NLO.QT.32.CT.QCD              -2.39461684 +-       0.03751774
--------------------------------------------------------------------------------------------------------------------------------------------------------------
       980         990   0.2             ud~_epvebb~                   -2.39461684 +-       0.03751774       0.9058       0 [    7]      (   0)          18492

       980         990   0.25            NLO.QT.32.CT.QCD              -2.24329094 +-       0.03529089
--------------------------------------------------------------------------------------------------------------------------------------------------------------
       980         990   0.25            ud~_epvebb~                   -2.24329094 +-       0.03529089       0.9035       0 [    7]      (   0)          18492

       980         990   0.5             NLO.QT.32.CT.QCD              -1.80427910 +-       0.02880266
--------------------------------------------------------------------------------------------------------------------------------------------------------------
       980         990   0.5             ud~_epvebb~                   -1.80427910 +-       0.02880266       0.8955       0 [    7]      (   0)          18492

==============================================================================================================================================================

       990        1000   0.01            NLO.QT.32.CT.QCD              -4.61681375 +-       0.06791141
--------------------------------------------------------------------------------------------------------------------------------------------------------------
       990        1000   0.01            ud~_epvebb~                   -4.61681375 +-       0.06791141       0.5345       0 [    7]      (   0)          18208

       990        1000   0.05            NLO.QT.32.CT.QCD              -3.24716384 +-       0.04847031
--------------------------------------------------------------------------------------------------------------------------------------------------------------
       990        1000   0.05            ud~_epvebb~                   -3.24716384 +-       0.04847031       0.5524       0 [    7]      (   0)          18208

       990        1000   0.1             NLO.QT.32.CT.QCD              -2.73072793 +-       0.04110659
--------------------------------------------------------------------------------------------------------------------------------------------------------------
       990        1000   0.1             ud~_epvebb~                   -2.73072793 +-       0.04110659       0.5620       0 [    7]      (   0)          18208

       990        1000   0.15            NLO.QT.32.CT.QCD              -2.44912975 +-       0.03708005
--------------------------------------------------------------------------------------------------------------------------------------------------------------
       990        1000   0.15            ud~_epvebb~                   -2.44912975 +-       0.03708005       0.5682       0 [    7]      (   0)          18208

       990        1000   0.2             NLO.QT.32.CT.QCD              -2.25850869 +-       0.03434874
--------------------------------------------------------------------------------------------------------------------------------------------------------------
       990        1000   0.2             ud~_epvebb~                   -2.25850869 +-       0.03434874       0.5729       0 [    7]      (   0)          18208

       990        1000   0.25            NLO.QT.32.CT.QCD              -2.11589707 +-       0.03230186
--------------------------------------------------------------------------------------------------------------------------------------------------------------
       990        1000   0.25            ud~_epvebb~                   -2.11589707 +-       0.03230186       0.5768       0 [    7]      (   0)          18208

       990        1000   0.5             NLO.QT.32.CT.QCD              -1.70213572 +-       0.02634231
--------------------------------------------------------------------------------------------------------------------------------------------------------------
       990        1000   0.5             ud~_epvebb~                   -1.70213572 +-       0.02634231       0.5901       0 [    7]      (   0)          18208

==============================================================================================================================================================

