            bin (y_bx)   qTcut           contribution/subprocess            dsigma +-            error     chi2_dof   n_run [total]   (removed)   events / bin

        -5        -4.9   0.01            NLO.QT.32.CT.QCD              -153.121954 +-         0.238270
--------------------------------------------------------------------------------------------------------------------------------------------------------------
        -5        -4.9   0.01            ud~_epvebb~                   -153.121954 +-         0.238270        1.319       0 [    7]      (   0)         825961

        -5        -4.9   0.05            NLO.QT.32.CT.QCD              -102.802302 +-         0.161199
--------------------------------------------------------------------------------------------------------------------------------------------------------------
        -5        -4.9   0.05            ud~_epvebb~                   -102.802302 +-         0.161199        1.370       0 [    7]      (   0)         825961

        -5        -4.9   0.1             NLO.QT.32.CT.QCD              -84.2049931 +-        0.1327562
--------------------------------------------------------------------------------------------------------------------------------------------------------------
        -5        -4.9   0.1             ud~_epvebb~                   -84.2049931 +-        0.1327562        1.399       0 [    7]      (   0)         825961

        -5        -4.9   0.15            NLO.QT.32.CT.QCD              -74.1842774 +-        0.1174448
--------------------------------------------------------------------------------------------------------------------------------------------------------------
        -5        -4.9   0.15            ud~_epvebb~                   -74.1842774 +-        0.1174448        1.417       0 [    7]      (   0)         825961

        -5        -4.9   0.2             NLO.QT.32.CT.QCD              -67.4585657 +-        0.1071751
--------------------------------------------------------------------------------------------------------------------------------------------------------------
        -5        -4.9   0.2             ud~_epvebb~                   -67.4585657 +-        0.1071751        1.432       0 [    7]      (   0)         825961

        -5        -4.9   0.25            NLO.QT.32.CT.QCD              -62.4612689 +-        0.0995489
--------------------------------------------------------------------------------------------------------------------------------------------------------------
        -5        -4.9   0.25            ud~_epvebb~                   -62.4612689 +-        0.0995489        1.444       0 [    7]      (   0)         825961

        -5        -4.9   0.5             NLO.QT.32.CT.QCD              -48.1617502 +-        0.0777520
--------------------------------------------------------------------------------------------------------------------------------------------------------------
        -5        -4.9   0.5             ud~_epvebb~                   -48.1617502 +-        0.0777520        1.484       0 [    7]      (   0)         825961

==============================================================================================================================================================

      -4.9        -4.8   0.01            NLO.QT.32.CT.QCD              -182.807371 +-         0.261185
--------------------------------------------------------------------------------------------------------------------------------------------------------------
      -4.9        -4.8   0.01            ud~_epvebb~                   -182.807371 +-         0.261185        2.213       0 [    7]      (   0)         971511

      -4.9        -4.8   0.05            NLO.QT.32.CT.QCD              -122.919242 +-         0.176967
--------------------------------------------------------------------------------------------------------------------------------------------------------------
      -4.9        -4.8   0.05            ud~_epvebb~                   -122.919242 +-         0.176967        2.229       0 [    7]      (   0)         971511

      -4.9        -4.8   0.1             NLO.QT.32.CT.QCD              -100.772618 +-         0.145864
--------------------------------------------------------------------------------------------------------------------------------------------------------------
      -4.9        -4.8   0.1             ud~_epvebb~                   -100.772618 +-         0.145864        2.235       0 [    7]      (   0)         971511

      -4.9        -4.8   0.15            NLO.QT.32.CT.QCD              -88.8352222 +-        0.1291135
--------------------------------------------------------------------------------------------------------------------------------------------------------------
      -4.9        -4.8   0.15            ud~_epvebb~                   -88.8352222 +-        0.1291135        2.239       0 [    7]      (   0)         971511

      -4.9        -4.8   0.2             NLO.QT.32.CT.QCD              -80.8210226 +-        0.1178744
--------------------------------------------------------------------------------------------------------------------------------------------------------------
      -4.9        -4.8   0.2             ud~_epvebb~                   -80.8210226 +-        0.1178744        2.241       0 [    7]      (   0)         971511

      -4.9        -4.8   0.25            NLO.QT.32.CT.QCD              -74.8651233 +-        0.1095260
--------------------------------------------------------------------------------------------------------------------------------------------------------------
      -4.9        -4.8   0.25            ud~_epvebb~                   -74.8651233 +-        0.1095260        2.243       0 [    7]      (   0)         971511

      -4.9        -4.8   0.5             NLO.QT.32.CT.QCD              -57.8154100 +-        0.0856516
--------------------------------------------------------------------------------------------------------------------------------------------------------------
      -4.9        -4.8   0.5             ud~_epvebb~                   -57.8154100 +-        0.0856516        2.245       0 [    7]      (   0)         971511

==============================================================================================================================================================

      -4.8        -4.7   0.01            NLO.QT.32.CT.QCD              -216.598849 +-         0.285062
--------------------------------------------------------------------------------------------------------------------------------------------------------------
      -4.8        -4.7   0.01            ud~_epvebb~                   -216.598849 +-         0.285062      0.08888       0 [    7]      (   0)        1135710

      -4.8        -4.7   0.05            NLO.QT.32.CT.QCD              -145.860163 +-         0.193418
--------------------------------------------------------------------------------------------------------------------------------------------------------------
      -4.8        -4.7   0.05            ud~_epvebb~                   -145.860163 +-         0.193418      0.06006       0 [    7]      (   0)        1135710

      -4.8        -4.7   0.1             NLO.QT.32.CT.QCD              -119.685721 +-         0.159550
--------------------------------------------------------------------------------------------------------------------------------------------------------------
      -4.8        -4.7   0.1             ud~_epvebb~                   -119.685721 +-         0.159550      0.04651       0 [    7]      (   0)        1135710

      -4.8        -4.7   0.15            NLO.QT.32.CT.QCD              -105.572298 +-         0.141302
--------------------------------------------------------------------------------------------------------------------------------------------------------------
      -4.8        -4.7   0.15            ud~_epvebb~                   -105.572298 +-         0.141302      0.03855       0 [    7]      (   0)        1135710

      -4.8        -4.7   0.2             NLO.QT.32.CT.QCD              -96.0948038 +-        0.1290546
--------------------------------------------------------------------------------------------------------------------------------------------------------------
      -4.8        -4.7   0.2             ud~_epvebb~                   -96.0948038 +-        0.1290546      0.03304       0 [    7]      (   0)        1135710

      -4.8        -4.7   0.25            NLO.QT.32.CT.QCD              -89.0499725 +-        0.1199550
--------------------------------------------------------------------------------------------------------------------------------------------------------------
      -4.8        -4.7   0.25            ud~_epvebb~                   -89.0499725 +-        0.1199550      0.02894       0 [    7]      (   0)        1135710

      -4.8        -4.7   0.5             NLO.QT.32.CT.QCD              -68.8745411 +-        0.0939189
--------------------------------------------------------------------------------------------------------------------------------------------------------------
      -4.8        -4.7   0.5             ud~_epvebb~                   -68.8745411 +-        0.0939189      0.01810       0 [    7]      (   0)        1135710

==============================================================================================================================================================

      -4.7        -4.6   0.01            NLO.QT.32.CT.QCD              -253.165527 +-         0.308776
--------------------------------------------------------------------------------------------------------------------------------------------------------------
      -4.7        -4.6   0.01            ud~_epvebb~                   -253.165527 +-         0.308776        1.183       0 [    7]      (   0)        1315946

      -4.7        -4.6   0.05            NLO.QT.32.CT.QCD              -170.738202 +-         0.209821
--------------------------------------------------------------------------------------------------------------------------------------------------------------
      -4.7        -4.6   0.05            ud~_epvebb~                   -170.738202 +-         0.209821        1.181       0 [    7]      (   0)        1315946

      -4.7        -4.6   0.1             NLO.QT.32.CT.QCD              -140.221074 +-         0.173226
--------------------------------------------------------------------------------------------------------------------------------------------------------------
      -4.7        -4.6   0.1             ud~_epvebb~                   -140.221074 +-         0.173226        1.179       0 [    7]      (   0)        1315946

      -4.7        -4.6   0.15            NLO.QT.32.CT.QCD              -123.760295 +-         0.153500
--------------------------------------------------------------------------------------------------------------------------------------------------------------
      -4.7        -4.6   0.15            ud~_epvebb~                   -123.760295 +-         0.153500        1.176       0 [    7]      (   0)        1315946

      -4.7        -4.6   0.2             NLO.QT.32.CT.QCD              -112.703704 +-         0.140256
--------------------------------------------------------------------------------------------------------------------------------------------------------------
      -4.7        -4.6   0.2             ud~_epvebb~                   -112.703704 +-         0.140256        1.174       0 [    7]      (   0)        1315946

      -4.7        -4.6   0.25            NLO.QT.32.CT.QCD              -104.483409 +-         0.130414
--------------------------------------------------------------------------------------------------------------------------------------------------------------
      -4.7        -4.6   0.25            ud~_epvebb~                   -104.483409 +-         0.130414        1.172       0 [    7]      (   0)        1315946

      -4.7        -4.6   0.5             NLO.QT.32.CT.QCD              -80.9318034 +-        0.1022381
--------------------------------------------------------------------------------------------------------------------------------------------------------------
      -4.7        -4.6   0.5             ud~_epvebb~                   -80.9318034 +-        0.1022381        1.164       0 [    7]      (   0)        1315946

==============================================================================================================================================================

      -4.6        -4.5   0.01            NLO.QT.32.CT.QCD              -294.023646 +-         0.333361
--------------------------------------------------------------------------------------------------------------------------------------------------------------
      -4.6        -4.5   0.01            ud~_epvebb~                   -294.023646 +-         0.333361       0.7291       0 [    7]      (   0)        1513671

      -4.6        -4.5   0.05            NLO.QT.32.CT.QCD              -198.543905 +-         0.226789
--------------------------------------------------------------------------------------------------------------------------------------------------------------
      -4.6        -4.5   0.05            ud~_epvebb~                   -198.543905 +-         0.226789       0.7455       0 [    7]      (   0)        1513671

      -4.6        -4.5   0.1             NLO.QT.32.CT.QCD              -163.176836 +-         0.187355
--------------------------------------------------------------------------------------------------------------------------------------------------------------
      -4.6        -4.5   0.1             ud~_epvebb~                   -163.176836 +-         0.187355       0.7568       0 [    7]      (   0)        1513671

      -4.6        -4.5   0.15            NLO.QT.32.CT.QCD              -144.094331 +-         0.166091
--------------------------------------------------------------------------------------------------------------------------------------------------------------
      -4.6        -4.5   0.15            ud~_epvebb~                   -144.094331 +-         0.166091       0.7653       0 [    7]      (   0)        1513671

      -4.6        -4.5   0.2             NLO.QT.32.CT.QCD              -131.273980 +-         0.151812
--------------------------------------------------------------------------------------------------------------------------------------------------------------
      -4.6        -4.5   0.2             ud~_epvebb~                   -131.273980 +-         0.151812       0.7725       0 [    7]      (   0)        1513671

      -4.6        -4.5   0.25            NLO.QT.32.CT.QCD              -121.740706 +-         0.141197
--------------------------------------------------------------------------------------------------------------------------------------------------------------
      -4.6        -4.5   0.25            ud~_epvebb~                   -121.740706 +-         0.141197       0.7788       0 [    7]      (   0)        1513671

      -4.6        -4.5   0.5             NLO.QT.32.CT.QCD              -94.4176428 +-        0.1107982
--------------------------------------------------------------------------------------------------------------------------------------------------------------
      -4.6        -4.5   0.5             ud~_epvebb~                   -94.4176428 +-        0.1107982       0.8040       0 [    7]      (   0)        1513671

==============================================================================================================================================================

      -4.5        -4.4   0.01            NLO.QT.32.CT.QCD              -338.329790 +-         0.357904
--------------------------------------------------------------------------------------------------------------------------------------------------------------
      -4.5        -4.4   0.01            ud~_epvebb~                   -338.329790 +-         0.357904       0.8619       0 [    7]      (   0)        1730363

      -4.5        -4.4   0.05            NLO.QT.32.CT.QCD              -228.745107 +-         0.243771
--------------------------------------------------------------------------------------------------------------------------------------------------------------
      -4.5        -4.4   0.05            ud~_epvebb~                   -228.745107 +-         0.243771       0.8865       0 [    7]      (   0)        1730363

      -4.5        -4.4   0.1             NLO.QT.32.CT.QCD              -188.133510 +-         0.201515
--------------------------------------------------------------------------------------------------------------------------------------------------------------
      -4.5        -4.4   0.1             ud~_epvebb~                   -188.133510 +-         0.201515       0.8998       0 [    7]      (   0)        1730363

      -4.5        -4.4   0.15            NLO.QT.32.CT.QCD              -166.214847 +-         0.178723
--------------------------------------------------------------------------------------------------------------------------------------------------------------
      -4.5        -4.4   0.15            ud~_epvebb~                   -166.214847 +-         0.178723       0.9084       0 [    7]      (   0)        1730363

      -4.5        -4.4   0.2             NLO.QT.32.CT.QCD              -151.485932 +-         0.163413
--------------------------------------------------------------------------------------------------------------------------------------------------------------
      -4.5        -4.4   0.2             ud~_epvebb~                   -151.485932 +-         0.163413       0.9150       0 [    7]      (   0)        1730363

      -4.5        -4.4   0.25            NLO.QT.32.CT.QCD              -140.531551 +-         0.152030
--------------------------------------------------------------------------------------------------------------------------------------------------------------
      -4.5        -4.4   0.25            ud~_epvebb~                   -140.531551 +-         0.152030       0.9204       0 [    7]      (   0)        1730363

      -4.5        -4.4   0.5             NLO.QT.32.CT.QCD              -109.124527 +-         0.119417
--------------------------------------------------------------------------------------------------------------------------------------------------------------
      -4.5        -4.4   0.5             ud~_epvebb~                   -109.124527 +-         0.119417       0.9387       0 [    7]      (   0)        1730363

==============================================================================================================================================================

      -4.4        -4.3   0.01            NLO.QT.32.CT.QCD              -385.719320 +-         0.382447
--------------------------------------------------------------------------------------------------------------------------------------------------------------
      -4.4        -4.3   0.01            ud~_epvebb~                   -385.719320 +-         0.382447       0.9601       0 [    7]      (   0)        1962542

      -4.4        -4.3   0.05            NLO.QT.32.CT.QCD              -261.156087 +-         0.260837
--------------------------------------------------------------------------------------------------------------------------------------------------------------
      -4.4        -4.3   0.05            ud~_epvebb~                   -261.156087 +-         0.260837       0.9169       0 [    7]      (   0)        1962542

      -4.4        -4.3   0.1             NLO.QT.32.CT.QCD              -214.967401 +-         0.215784
--------------------------------------------------------------------------------------------------------------------------------------------------------------
      -4.4        -4.3   0.1             ud~_epvebb~                   -214.967401 +-         0.215784       0.8929       0 [    7]      (   0)        1962542

      -4.4        -4.3   0.15            NLO.QT.32.CT.QCD              -190.030237 +-         0.191472
--------------------------------------------------------------------------------------------------------------------------------------------------------------
      -4.4        -4.3   0.15            ud~_epvebb~                   -190.030237 +-         0.191472       0.8769       0 [    7]      (   0)        1962542

      -4.4        -4.3   0.2             NLO.QT.32.CT.QCD              -173.268840 +-         0.175138
--------------------------------------------------------------------------------------------------------------------------------------------------------------
      -4.4        -4.3   0.2             ud~_epvebb~                   -173.268840 +-         0.175138       0.8645       0 [    7]      (   0)        1962542

      -4.4        -4.3   0.25            NLO.QT.32.CT.QCD              -160.800357 +-         0.162990
--------------------------------------------------------------------------------------------------------------------------------------------------------------
      -4.4        -4.3   0.25            ud~_epvebb~                   -160.800357 +-         0.162990       0.8542       0 [    7]      (   0)        1962542

      -4.4        -4.3   0.5             NLO.QT.32.CT.QCD              -125.037883 +-         0.128168
--------------------------------------------------------------------------------------------------------------------------------------------------------------
      -4.4        -4.3   0.5             ud~_epvebb~                   -125.037883 +-         0.128168       0.8182       0 [    7]      (   0)        1962542

==============================================================================================================================================================

      -4.3        -4.2   0.01            NLO.QT.32.CT.QCD              -436.229080 +-         0.406737
--------------------------------------------------------------------------------------------------------------------------------------------------------------
      -4.3        -4.2   0.01            ud~_epvebb~                   -436.229080 +-         0.406737       0.3323       0 [    7]      (   0)        2208183

      -4.3        -4.2   0.05            NLO.QT.32.CT.QCD              -295.709182 +-         0.277730
--------------------------------------------------------------------------------------------------------------------------------------------------------------
      -4.3        -4.2   0.05            ud~_epvebb~                   -295.709182 +-         0.277730       0.3350       0 [    7]      (   0)        2208183

      -4.3        -4.2   0.1             NLO.QT.32.CT.QCD              -243.578633 +-         0.229910
--------------------------------------------------------------------------------------------------------------------------------------------------------------
      -4.3        -4.2   0.1             ud~_epvebb~                   -243.578633 +-         0.229910       0.3372       0 [    7]      (   0)        2208183

      -4.3        -4.2   0.15            NLO.QT.32.CT.QCD              -215.425351 +-         0.204097
--------------------------------------------------------------------------------------------------------------------------------------------------------------
      -4.3        -4.2   0.15            ud~_epvebb~                   -215.425351 +-         0.204097       0.3389       0 [    7]      (   0)        2208183

      -4.3        -4.2   0.2             NLO.QT.32.CT.QCD              -196.498318 +-         0.186748
--------------------------------------------------------------------------------------------------------------------------------------------------------------
      -4.3        -4.2   0.2             ud~_epvebb~                   -196.498318 +-         0.186748       0.3404       0 [    7]      (   0)        2208183

      -4.3        -4.2   0.25            NLO.QT.32.CT.QCD              -182.416483 +-         0.173844
--------------------------------------------------------------------------------------------------------------------------------------------------------------
      -4.3        -4.2   0.25            ud~_epvebb~                   -182.416483 +-         0.173844       0.3418       0 [    7]      (   0)        2208183

      -4.3        -4.2   0.5             NLO.QT.32.CT.QCD              -142.012742 +-         0.136838
--------------------------------------------------------------------------------------------------------------------------------------------------------------
      -4.3        -4.2   0.5             ud~_epvebb~                   -142.012742 +-         0.136838       0.3473       0 [    7]      (   0)        2208183

==============================================================================================================================================================

      -4.2        -4.1   0.01            NLO.QT.32.CT.QCD              -489.925879 +-         0.431347
--------------------------------------------------------------------------------------------------------------------------------------------------------------
      -4.2        -4.1   0.01            ud~_epvebb~                   -489.925879 +-         0.431347      0.09962       0 [    7]      (   0)        2468906

      -4.2        -4.1   0.05            NLO.QT.32.CT.QCD              -332.476608 +-         0.294832
--------------------------------------------------------------------------------------------------------------------------------------------------------------
      -4.2        -4.1   0.05            ud~_epvebb~                   -332.476608 +-         0.294832      0.09618       0 [    7]      (   0)        2468906

      -4.2        -4.1   0.1             NLO.QT.32.CT.QCD              -274.039522 +-         0.244204
--------------------------------------------------------------------------------------------------------------------------------------------------------------
      -4.2        -4.1   0.1             ud~_epvebb~                   -274.039522 +-         0.244204      0.09452       0 [    7]      (   0)        2468906

      -4.2        -4.1   0.15            NLO.QT.32.CT.QCD              -242.471943 +-         0.216867
--------------------------------------------------------------------------------------------------------------------------------------------------------------
      -4.2        -4.1   0.15            ud~_epvebb~                   -242.471943 +-         0.216867      0.09351       0 [    7]      (   0)        2468906

      -4.2        -4.1   0.2             NLO.QT.32.CT.QCD              -221.245440 +-         0.198490
--------------------------------------------------------------------------------------------------------------------------------------------------------------
      -4.2        -4.1   0.2             ud~_epvebb~                   -221.245440 +-         0.198490      0.09279       0 [    7]      (   0)        2468906

      -4.2        -4.1   0.25            NLO.QT.32.CT.QCD              -205.450319 +-         0.184819
--------------------------------------------------------------------------------------------------------------------------------------------------------------
      -4.2        -4.1   0.25            ud~_epvebb~                   -205.450319 +-         0.184819      0.09224       0 [    7]      (   0)        2468906

      -4.2        -4.1   0.5             NLO.QT.32.CT.QCD              -160.116479 +-         0.145599
--------------------------------------------------------------------------------------------------------------------------------------------------------------
      -4.2        -4.1   0.5             ud~_epvebb~                   -160.116479 +-         0.145599      0.09062       0 [    7]      (   0)        2468906

==============================================================================================================================================================

      -4.1          -4   0.01            NLO.QT.32.CT.QCD              -545.922041 +-         0.455266
--------------------------------------------------------------------------------------------------------------------------------------------------------------
      -4.1          -4   0.01            ud~_epvebb~                   -545.922041 +-         0.455266       0.8297       0 [    7]      (   0)        2742839

      -4.1          -4   0.05            NLO.QT.32.CT.QCD              -370.911409 +-         0.311514
--------------------------------------------------------------------------------------------------------------------------------------------------------------
      -4.1          -4   0.05            ud~_epvebb~                   -370.911409 +-         0.311514       0.8213       0 [    7]      (   0)        2742839

      -4.1          -4   0.1             NLO.QT.32.CT.QCD              -305.925637 +-         0.258174
--------------------------------------------------------------------------------------------------------------------------------------------------------------
      -4.1          -4   0.1             ud~_epvebb~                   -305.925637 +-         0.258174       0.8164       0 [    7]      (   0)        2742839

      -4.1          -4   0.15            NLO.QT.32.CT.QCD              -270.810494 +-         0.229364
--------------------------------------------------------------------------------------------------------------------------------------------------------------
      -4.1          -4   0.15            ud~_epvebb~                   -270.810494 +-         0.229364       0.8130       0 [    7]      (   0)        2742839

      -4.1          -4   0.2             NLO.QT.32.CT.QCD              -247.193721 +-         0.209993
--------------------------------------------------------------------------------------------------------------------------------------------------------------
      -4.1          -4   0.2             ud~_epvebb~                   -247.193721 +-         0.209993       0.8103       0 [    7]      (   0)        2742839

      -4.1          -4   0.25            NLO.QT.32.CT.QCD              -229.617029 +-         0.195580
--------------------------------------------------------------------------------------------------------------------------------------------------------------
      -4.1          -4   0.25            ud~_epvebb~                   -229.617029 +-         0.195580       0.8080       0 [    7]      (   0)        2742839

      -4.1          -4   0.5             NLO.QT.32.CT.QCD              -179.152929 +-         0.154214
--------------------------------------------------------------------------------------------------------------------------------------------------------------
      -4.1          -4   0.5             ud~_epvebb~                   -179.152929 +-         0.154214       0.7997       0 [    7]      (   0)        2742839

==============================================================================================================================================================

        -4        -3.9   0.01            NLO.QT.32.CT.QCD              -603.806774 +-         0.478700
--------------------------------------------------------------------------------------------------------------------------------------------------------------
        -4        -3.9   0.01            ud~_epvebb~                   -603.806774 +-         0.478700       0.8555       0 [    7]      (   0)        3026620

        -4        -3.9   0.05            NLO.QT.32.CT.QCD              -410.670429 +-         0.327872
--------------------------------------------------------------------------------------------------------------------------------------------------------------
        -4        -3.9   0.05            ud~_epvebb~                   -410.670429 +-         0.327872       0.8592       0 [    7]      (   0)        3026620

        -4        -3.9   0.1             NLO.QT.32.CT.QCD              -338.923490 +-         0.271879
--------------------------------------------------------------------------------------------------------------------------------------------------------------
        -4        -3.9   0.1             ud~_epvebb~                   -338.923490 +-         0.271879       0.8607       0 [    7]      (   0)        3026620

        -4        -3.9   0.15            NLO.QT.32.CT.QCD              -300.145024 +-         0.241627
--------------------------------------------------------------------------------------------------------------------------------------------------------------
        -4        -3.9   0.15            ud~_epvebb~                   -300.145024 +-         0.241627       0.8615       0 [    7]      (   0)        3026620

        -4        -3.9   0.2             NLO.QT.32.CT.QCD              -274.059668 +-         0.221282
--------------------------------------------------------------------------------------------------------------------------------------------------------------
        -4        -3.9   0.2             ud~_epvebb~                   -274.059668 +-         0.221282       0.8620       0 [    7]      (   0)        3026620

        -4        -3.9   0.25            NLO.QT.32.CT.QCD              -254.642844 +-         0.206141
--------------------------------------------------------------------------------------------------------------------------------------------------------------
        -4        -3.9   0.25            ud~_epvebb~                   -254.642844 +-         0.206141       0.8623       0 [    7]      (   0)        3026620

        -4        -3.9   0.5             NLO.QT.32.CT.QCD              -198.878750 +-         0.162672
--------------------------------------------------------------------------------------------------------------------------------------------------------------
        -4        -3.9   0.5             ud~_epvebb~                   -198.878750 +-         0.162672       0.8629       0 [    7]      (   0)        3026620

==============================================================================================================================================================

      -3.9        -3.8   0.01            NLO.QT.32.CT.QCD              -663.261540 +-         0.501527
--------------------------------------------------------------------------------------------------------------------------------------------------------------
      -3.9        -3.8   0.01            ud~_epvebb~                   -663.261540 +-         0.501527       0.6716       0 [    7]      (   0)        3319408

      -3.9        -3.8   0.05            NLO.QT.32.CT.QCD              -451.538201 +-         0.343809
--------------------------------------------------------------------------------------------------------------------------------------------------------------
      -3.9        -3.8   0.05            ud~_epvebb~                   -451.538201 +-         0.343809       0.6629       0 [    7]      (   0)        3319408

      -3.9        -3.8   0.1             NLO.QT.32.CT.QCD              -372.855822 +-         0.285235
--------------------------------------------------------------------------------------------------------------------------------------------------------------
      -3.9        -3.8   0.1             ud~_epvebb~                   -372.855822 +-         0.285235       0.6593       0 [    7]      (   0)        3319408

      -3.9        -3.8   0.15            NLO.QT.32.CT.QCD              -330.318896 +-         0.253579
--------------------------------------------------------------------------------------------------------------------------------------------------------------
      -3.9        -3.8   0.15            ud~_epvebb~                   -330.318896 +-         0.253579       0.6573       0 [    7]      (   0)        3319408

      -3.9        -3.8   0.2             NLO.QT.32.CT.QCD              -301.700504 +-         0.232287
--------------------------------------------------------------------------------------------------------------------------------------------------------------
      -3.9        -3.8   0.2             ud~_epvebb~                   -301.700504 +-         0.232287       0.6561       0 [    7]      (   0)        3319408

      -3.9        -3.8   0.25            NLO.QT.32.CT.QCD              -280.395296 +-         0.216439
--------------------------------------------------------------------------------------------------------------------------------------------------------------
      -3.9        -3.8   0.25            ud~_epvebb~                   -280.395296 +-         0.216439       0.6553       0 [    7]      (   0)        3319408

      -3.9        -3.8   0.5             NLO.QT.32.CT.QCD              -219.191030 +-         0.170924
--------------------------------------------------------------------------------------------------------------------------------------------------------------
      -3.9        -3.8   0.5             ud~_epvebb~                   -219.191030 +-         0.170924       0.6540       0 [    7]      (   0)        3319408

==============================================================================================================================================================

      -3.8        -3.7   0.01            NLO.QT.32.CT.QCD              -723.903491 +-         0.523748
--------------------------------------------------------------------------------------------------------------------------------------------------------------
      -3.8        -3.7   0.01            ud~_epvebb~                   -723.903491 +-         0.523748        1.275       0 [    7]      (   0)        3613627

      -3.8        -3.7   0.05            NLO.QT.32.CT.QCD              -493.312604 +-         0.359375
--------------------------------------------------------------------------------------------------------------------------------------------------------------
      -3.8        -3.7   0.05            ud~_epvebb~                   -493.312604 +-         0.359375        1.288       0 [    7]      (   0)        3613627

      -3.8        -3.7   0.1             NLO.QT.32.CT.QCD              -407.583494 +-         0.298301
--------------------------------------------------------------------------------------------------------------------------------------------------------------
      -3.8        -3.7   0.1             ud~_epvebb~                   -407.583494 +-         0.298301        1.295       0 [    7]      (   0)        3613627

      -3.8        -3.7   0.15            NLO.QT.32.CT.QCD              -361.225669 +-         0.265286
--------------------------------------------------------------------------------------------------------------------------------------------------------------
      -3.8        -3.7   0.15            ud~_epvebb~                   -361.225669 +-         0.265286        1.299       0 [    7]      (   0)        3613627

      -3.8        -3.7   0.2             NLO.QT.32.CT.QCD              -330.031131 +-         0.243075
--------------------------------------------------------------------------------------------------------------------------------------------------------------
      -3.8        -3.7   0.2             ud~_epvebb~                   -330.031131 +-         0.243075        1.302       0 [    7]      (   0)        3613627

      -3.8        -3.7   0.25            NLO.QT.32.CT.QCD              -306.804783 +-         0.226540
--------------------------------------------------------------------------------------------------------------------------------------------------------------
      -3.8        -3.7   0.25            ud~_epvebb~                   -306.804783 +-         0.226540        1.304       0 [    7]      (   0)        3613627

      -3.8        -3.7   0.5             NLO.QT.32.CT.QCD              -240.062390 +-         0.179037
--------------------------------------------------------------------------------------------------------------------------------------------------------------
      -3.8        -3.7   0.5             ud~_epvebb~                   -240.062390 +-         0.179037        1.311       0 [    7]      (   0)        3613627

==============================================================================================================================================================

      -3.7        -3.6   0.01            NLO.QT.32.CT.QCD              -785.810823 +-         0.545443
--------------------------------------------------------------------------------------------------------------------------------------------------------------
      -3.7        -3.6   0.01            ud~_epvebb~                   -785.810823 +-         0.545443        1.377       0 [    7]      (   0)        3919106

      -3.7        -3.6   0.05            NLO.QT.32.CT.QCD              -535.974956 +-         0.374568
--------------------------------------------------------------------------------------------------------------------------------------------------------------
      -3.7        -3.6   0.05            ud~_epvebb~                   -535.974956 +-         0.374568        1.395       0 [    7]      (   0)        3919106

      -3.7        -3.6   0.1             NLO.QT.32.CT.QCD              -443.056958 +-         0.311053
--------------------------------------------------------------------------------------------------------------------------------------------------------------
      -3.7        -3.6   0.1             ud~_epvebb~                   -443.056958 +-         0.311053        1.405       0 [    7]      (   0)        3919106

      -3.7        -3.6   0.15            NLO.QT.32.CT.QCD              -392.800771 +-         0.276709
--------------------------------------------------------------------------------------------------------------------------------------------------------------
      -3.7        -3.6   0.15            ud~_epvebb~                   -392.800771 +-         0.276709        1.411       0 [    7]      (   0)        3919106

      -3.7        -3.6   0.2             NLO.QT.32.CT.QCD              -358.977673 +-         0.253600
--------------------------------------------------------------------------------------------------------------------------------------------------------------
      -3.7        -3.6   0.2             ud~_epvebb~                   -358.977673 +-         0.253600        1.415       0 [    7]      (   0)        3919106

      -3.7        -3.6   0.25            NLO.QT.32.CT.QCD              -333.790986 +-         0.236394
--------------------------------------------------------------------------------------------------------------------------------------------------------------
      -3.7        -3.6   0.25            ud~_epvebb~                   -333.790986 +-         0.236394        1.419       0 [    7]      (   0)        3919106

      -3.7        -3.6   0.5             NLO.QT.32.CT.QCD              -261.396823 +-         0.186951
--------------------------------------------------------------------------------------------------------------------------------------------------------------
      -3.7        -3.6   0.5             ud~_epvebb~                   -261.396823 +-         0.186951        1.431       0 [    7]      (   0)        3919106

==============================================================================================================================================================

      -3.6        -3.5   0.01            NLO.QT.32.CT.QCD              -848.008156 +-         0.566032
--------------------------------------------------------------------------------------------------------------------------------------------------------------
      -3.6        -3.5   0.01            ud~_epvebb~                   -848.008156 +-         0.566032       0.7802       0 [    7]      (   0)        4221147

      -3.6        -3.5   0.05            NLO.QT.32.CT.QCD              -578.905512 +-         0.389016
--------------------------------------------------------------------------------------------------------------------------------------------------------------
      -3.6        -3.5   0.05            ud~_epvebb~                   -578.905512 +-         0.389016       0.8003       0 [    7]      (   0)        4221147

      -3.6        -3.5   0.1             NLO.QT.32.CT.QCD              -478.785473 +-         0.323192
--------------------------------------------------------------------------------------------------------------------------------------------------------------
      -3.6        -3.5   0.1             ud~_epvebb~                   -478.785473 +-         0.323192       0.8111       0 [    7]      (   0)        4221147

      -3.6        -3.5   0.15            NLO.QT.32.CT.QCD              -424.622175 +-         0.287591
--------------------------------------------------------------------------------------------------------------------------------------------------------------
      -3.6        -3.5   0.15            ud~_epvebb~                   -424.622175 +-         0.287591       0.8181       0 [    7]      (   0)        4221147

      -3.6        -3.5   0.2             NLO.QT.32.CT.QCD              -388.163842 +-         0.263632
--------------------------------------------------------------------------------------------------------------------------------------------------------------
      -3.6        -3.5   0.2             ud~_epvebb~                   -388.163842 +-         0.263632       0.8234       0 [    7]      (   0)        4221147

      -3.6        -3.5   0.25            NLO.QT.32.CT.QCD              -361.011368 +-         0.245790
--------------------------------------------------------------------------------------------------------------------------------------------------------------
      -3.6        -3.5   0.25            ud~_epvebb~                   -361.011368 +-         0.245790       0.8278       0 [    7]      (   0)        4221147

      -3.6        -3.5   0.5             NLO.QT.32.CT.QCD              -282.947014 +-         0.194504
--------------------------------------------------------------------------------------------------------------------------------------------------------------
      -3.6        -3.5   0.5             ud~_epvebb~                   -282.947014 +-         0.194504       0.8426       0 [    7]      (   0)        4221147

==============================================================================================================================================================

      -3.5        -3.4   0.01            NLO.QT.32.CT.QCD              -908.681455 +-         0.585268
--------------------------------------------------------------------------------------------------------------------------------------------------------------
      -3.5        -3.4   0.01            ud~_epvebb~                   -908.681455 +-         0.585268       0.7359       0 [    7]      (   0)        4524849

      -3.5        -3.4   0.05            NLO.QT.32.CT.QCD              -620.802327 +-         0.402505
--------------------------------------------------------------------------------------------------------------------------------------------------------------
      -3.5        -3.4   0.05            ud~_epvebb~                   -620.802327 +-         0.402505       0.7057       0 [    7]      (   0)        4524849

      -3.5        -3.4   0.1             NLO.QT.32.CT.QCD              -513.662179 +-         0.334520
--------------------------------------------------------------------------------------------------------------------------------------------------------------
      -3.5        -3.4   0.1             ud~_epvebb~                   -513.662179 +-         0.334520       0.6888       0 [    7]      (   0)        4524849

      -3.5        -3.4   0.15            NLO.QT.32.CT.QCD              -455.690041 +-         0.297744
--------------------------------------------------------------------------------------------------------------------------------------------------------------
      -3.5        -3.4   0.15            ud~_epvebb~                   -455.690041 +-         0.297744       0.6775       0 [    7]      (   0)        4524849

      -3.5        -3.4   0.2             NLO.QT.32.CT.QCD              -416.662544 +-         0.272990
--------------------------------------------------------------------------------------------------------------------------------------------------------------
      -3.5        -3.4   0.2             ud~_epvebb~                   -416.662544 +-         0.272990       0.6686       0 [    7]      (   0)        4524849

      -3.5        -3.4   0.25            NLO.QT.32.CT.QCD              -387.593446 +-         0.254554
--------------------------------------------------------------------------------------------------------------------------------------------------------------
      -3.5        -3.4   0.25            ud~_epvebb~                   -387.593446 +-         0.254554       0.6613       0 [    7]      (   0)        4524849

      -3.5        -3.4   0.5             NLO.QT.32.CT.QCD              -303.999983 +-         0.201548
--------------------------------------------------------------------------------------------------------------------------------------------------------------
      -3.5        -3.4   0.5             ud~_epvebb~                   -303.999983 +-         0.201548       0.6354       0 [    7]      (   0)        4524849

==============================================================================================================================================================

      -3.4        -3.3   0.01            NLO.QT.32.CT.QCD              -969.917185 +-         0.604363
--------------------------------------------------------------------------------------------------------------------------------------------------------------
      -3.4        -3.3   0.01            ud~_epvebb~                   -969.917185 +-         0.604363       0.4664       0 [    7]      (   0)        4822624

      -3.4        -3.3   0.05            NLO.QT.32.CT.QCD              -663.220433 +-         0.415975
--------------------------------------------------------------------------------------------------------------------------------------------------------------
      -3.4        -3.3   0.05            ud~_epvebb~                   -663.220433 +-         0.415975       0.4478       0 [    7]      (   0)        4822624

      -3.4        -3.3   0.1             NLO.QT.32.CT.QCD              -549.035005 +-         0.345870
--------------------------------------------------------------------------------------------------------------------------------------------------------------
      -3.4        -3.3   0.1             ud~_epvebb~                   -549.035005 +-         0.345870       0.4373       0 [    7]      (   0)        4822624

      -3.4        -3.3   0.15            NLO.QT.32.CT.QCD              -487.237222 +-         0.307938
--------------------------------------------------------------------------------------------------------------------------------------------------------------
      -3.4        -3.3   0.15            ud~_epvebb~                   -487.237222 +-         0.307938       0.4303       0 [    7]      (   0)        4822624

      -3.4        -3.3   0.2             NLO.QT.32.CT.QCD              -445.627706 +-         0.282401
--------------------------------------------------------------------------------------------------------------------------------------------------------------
      -3.4        -3.3   0.2             ud~_epvebb~                   -445.627706 +-         0.282401       0.4247       0 [    7]      (   0)        4822624

      -3.4        -3.3   0.25            NLO.QT.32.CT.QCD              -414.631480 +-         0.263380
--------------------------------------------------------------------------------------------------------------------------------------------------------------
      -3.4        -3.3   0.25            ud~_epvebb~                   -414.631480 +-         0.263380       0.4201       0 [    7]      (   0)        4822624

      -3.4        -3.3   0.5             NLO.QT.32.CT.QCD              -325.473316 +-         0.208673
--------------------------------------------------------------------------------------------------------------------------------------------------------------
      -3.4        -3.3   0.5             ud~_epvebb~                   -325.473316 +-         0.208673       0.4038       0 [    7]      (   0)        4822624

==============================================================================================================================================================

      -3.3        -3.2   0.01            NLO.QT.32.CT.QCD              -1028.95454 +-          0.62194
--------------------------------------------------------------------------------------------------------------------------------------------------------------
      -3.3        -3.2   0.01            ud~_epvebb~                   -1028.95454 +-          0.62194        1.948       0 [    7]      (   0)        5115841

      -3.3        -3.2   0.05            NLO.QT.32.CT.QCD              -704.053663 +-         0.428317
--------------------------------------------------------------------------------------------------------------------------------------------------------------
      -3.3        -3.2   0.05            ud~_epvebb~                   -704.053663 +-         0.428317        1.944       0 [    7]      (   0)        5115841

      -3.3        -3.2   0.1             NLO.QT.32.CT.QCD              -583.057252 +-         0.356243
--------------------------------------------------------------------------------------------------------------------------------------------------------------
      -3.3        -3.2   0.1             ud~_epvebb~                   -583.057252 +-         0.356243        1.940       0 [    7]      (   0)        5115841

      -3.3        -3.2   0.15            NLO.QT.32.CT.QCD              -517.562526 +-         0.317239
--------------------------------------------------------------------------------------------------------------------------------------------------------------
      -3.3        -3.2   0.15            ud~_epvebb~                   -517.562526 +-         0.317239        1.936       0 [    7]      (   0)        5115841

      -3.3        -3.2   0.2             NLO.QT.32.CT.QCD              -473.458569 +-         0.290977
--------------------------------------------------------------------------------------------------------------------------------------------------------------
      -3.3        -3.2   0.2             ud~_epvebb~                   -473.458569 +-         0.290977        1.933       0 [    7]      (   0)        5115841

      -3.3        -3.2   0.25            NLO.QT.32.CT.QCD              -440.601008 +-         0.271413
--------------------------------------------------------------------------------------------------------------------------------------------------------------
      -3.3        -3.2   0.25            ud~_epvebb~                   -440.601008 +-         0.271413        1.930       0 [    7]      (   0)        5115841

      -3.3        -3.2   0.5             NLO.QT.32.CT.QCD              -346.070603 +-         0.215136
--------------------------------------------------------------------------------------------------------------------------------------------------------------
      -3.3        -3.2   0.5             ud~_epvebb~                   -346.070603 +-         0.215136        1.917       0 [    7]      (   0)        5115841

==============================================================================================================================================================

      -3.2        -3.1   0.01            NLO.QT.32.CT.QCD              -1086.28059 +-          0.63816
--------------------------------------------------------------------------------------------------------------------------------------------------------------
      -3.2        -3.1   0.01            ud~_epvebb~                   -1086.28059 +-          0.63816        2.034       0 [    7]      (   0)        5405718

      -3.2        -3.1   0.05            NLO.QT.32.CT.QCD              -743.741904 +-         0.439708
--------------------------------------------------------------------------------------------------------------------------------------------------------------
      -3.2        -3.1   0.05            ud~_epvebb~                   -743.741904 +-         0.439708        2.048       0 [    7]      (   0)        5405718

      -3.2        -3.1   0.1             NLO.QT.32.CT.QCD              -616.143537 +-         0.365815
--------------------------------------------------------------------------------------------------------------------------------------------------------------
      -3.2        -3.1   0.1             ud~_epvebb~                   -616.143537 +-         0.365815        2.054       0 [    7]      (   0)        5405718

      -3.2        -3.1   0.15            NLO.QT.32.CT.QCD              -547.064407 +-         0.325820
--------------------------------------------------------------------------------------------------------------------------------------------------------------
      -3.2        -3.1   0.15            ud~_epvebb~                   -547.064407 +-         0.325820        2.058       0 [    7]      (   0)        5405718

      -3.2        -3.1   0.2             NLO.QT.32.CT.QCD              -500.541501 +-         0.298888
--------------------------------------------------------------------------------------------------------------------------------------------------------------
      -3.2        -3.1   0.2             ud~_epvebb~                   -500.541501 +-         0.298888        2.061       0 [    7]      (   0)        5405718

      -3.2        -3.1   0.25            NLO.QT.32.CT.QCD              -465.878670 +-         0.278824
--------------------------------------------------------------------------------------------------------------------------------------------------------------
      -3.2        -3.1   0.25            ud~_epvebb~                   -465.878670 +-         0.278824        2.063       0 [    7]      (   0)        5405718

      -3.2        -3.1   0.5             NLO.QT.32.CT.QCD              -366.136303 +-         0.221096
--------------------------------------------------------------------------------------------------------------------------------------------------------------
      -3.2        -3.1   0.5             ud~_epvebb~                   -366.136303 +-         0.221096        2.069       0 [    7]      (   0)        5405718

==============================================================================================================================================================

      -3.1          -3   0.01            NLO.QT.32.CT.QCD              -1142.33265 +-          0.65382
--------------------------------------------------------------------------------------------------------------------------------------------------------------
      -3.1          -3   0.01            ud~_epvebb~                   -1142.33265 +-          0.65382       0.7367       0 [    7]      (   0)        5682430

      -3.1          -3   0.05            NLO.QT.32.CT.QCD              -782.620611 +-         0.450774
--------------------------------------------------------------------------------------------------------------------------------------------------------------
      -3.1          -3   0.05            ud~_epvebb~                   -782.620611 +-         0.450774       0.7716       0 [    7]      (   0)        5682430

      -3.1          -3   0.1             NLO.QT.32.CT.QCD              -648.588766 +-         0.375149
--------------------------------------------------------------------------------------------------------------------------------------------------------------
      -3.1          -3   0.1             ud~_epvebb~                   -648.588766 +-         0.375149       0.7917       0 [    7]      (   0)        5682430

      -3.1          -3   0.15            NLO.QT.32.CT.QCD              -576.014983 +-         0.334209
--------------------------------------------------------------------------------------------------------------------------------------------------------------
      -3.1          -3   0.15            ud~_epvebb~                   -576.014983 +-         0.334209       0.8054       0 [    7]      (   0)        5682430

      -3.1          -3   0.2             NLO.QT.32.CT.QCD              -527.132862 +-         0.306636
--------------------------------------------------------------------------------------------------------------------------------------------------------------
      -3.1          -3   0.2             ud~_epvebb~                   -527.132862 +-         0.306636       0.8162       0 [    7]      (   0)        5682430

      -3.1          -3   0.25            NLO.QT.32.CT.QCD              -490.708843 +-         0.286093
--------------------------------------------------------------------------------------------------------------------------------------------------------------
      -3.1          -3   0.25            ud~_epvebb~                   -490.708843 +-         0.286093       0.8253       0 [    7]      (   0)        5682430

      -3.1          -3   0.5             NLO.QT.32.CT.QCD              -385.878882 +-         0.226972
--------------------------------------------------------------------------------------------------------------------------------------------------------------
      -3.1          -3   0.5             ud~_epvebb~                   -385.878882 +-         0.226972       0.8582       0 [    7]      (   0)        5682430

==============================================================================================================================================================

        -3        -2.9   0.01            NLO.QT.32.CT.QCD              -1196.88113 +-          0.66860
--------------------------------------------------------------------------------------------------------------------------------------------------------------
        -3        -2.9   0.01            ud~_epvebb~                   -1196.88113 +-          0.66860       0.3669       0 [    7]      (   0)        5954184

        -3        -2.9   0.05            NLO.QT.32.CT.QCD              -820.438037 +-         0.461175
--------------------------------------------------------------------------------------------------------------------------------------------------------------
        -3        -2.9   0.05            ud~_epvebb~                   -820.438037 +-         0.461175       0.3657       0 [    7]      (   0)        5954184

        -3        -2.9   0.1             NLO.QT.32.CT.QCD              -680.139778 +-         0.383901
--------------------------------------------------------------------------------------------------------------------------------------------------------------
        -3        -2.9   0.1             ud~_epvebb~                   -680.139778 +-         0.383901       0.3661       0 [    7]      (   0)        5954184

        -3        -2.9   0.15            NLO.QT.32.CT.QCD              -604.162527 +-         0.342061
--------------------------------------------------------------------------------------------------------------------------------------------------------------
        -3        -2.9   0.15            ud~_epvebb~                   -604.162527 +-         0.342061       0.3669       0 [    7]      (   0)        5954184

        -3        -2.9   0.2             NLO.QT.32.CT.QCD              -552.982962 +-         0.313880
--------------------------------------------------------------------------------------------------------------------------------------------------------------
        -3        -2.9   0.2             ud~_epvebb~                   -552.982962 +-         0.313880       0.3677       0 [    7]      (   0)        5954184

        -3        -2.9   0.25            NLO.QT.32.CT.QCD              -514.843994 +-         0.292881
--------------------------------------------------------------------------------------------------------------------------------------------------------------
        -3        -2.9   0.25            ud~_epvebb~                   -514.843994 +-         0.292881       0.3686       0 [    7]      (   0)        5954184

        -3        -2.9   0.5             NLO.QT.32.CT.QCD              -405.060749 +-         0.232440
--------------------------------------------------------------------------------------------------------------------------------------------------------------
        -3        -2.9   0.5             ud~_epvebb~                   -405.060749 +-         0.232440       0.3730       0 [    7]      (   0)        5954184

==============================================================================================================================================================

      -2.9        -2.8   0.01            NLO.QT.32.CT.QCD              -1247.60666 +-          0.68194
--------------------------------------------------------------------------------------------------------------------------------------------------------------
      -2.9        -2.8   0.01            ud~_epvebb~                   -1247.60666 +-          0.68194       0.7904       0 [    7]      (   0)        6207842

      -2.9        -2.8   0.05            NLO.QT.32.CT.QCD              -855.715146 +-         0.470613
--------------------------------------------------------------------------------------------------------------------------------------------------------------
      -2.9        -2.8   0.05            ud~_epvebb~                   -855.715146 +-         0.470613       0.7968       0 [    7]      (   0)        6207842

      -2.9        -2.8   0.1             NLO.QT.32.CT.QCD              -709.622684 +-         0.391864
--------------------------------------------------------------------------------------------------------------------------------------------------------------
      -2.9        -2.8   0.1             ud~_epvebb~                   -709.622684 +-         0.391864       0.7998       0 [    7]      (   0)        6207842

      -2.9        -2.8   0.15            NLO.QT.32.CT.QCD              -630.495811 +-         0.349220
--------------------------------------------------------------------------------------------------------------------------------------------------------------
      -2.9        -2.8   0.15            ud~_epvebb~                   -630.495811 +-         0.349220       0.8015       0 [    7]      (   0)        6207842

      -2.9        -2.8   0.2             NLO.QT.32.CT.QCD              -577.188890 +-         0.320494
--------------------------------------------------------------------------------------------------------------------------------------------------------------
      -2.9        -2.8   0.2             ud~_epvebb~                   -577.188890 +-         0.320494       0.8028       0 [    7]      (   0)        6207842

      -2.9        -2.8   0.25            NLO.QT.32.CT.QCD              -537.461177 +-         0.299086
--------------------------------------------------------------------------------------------------------------------------------------------------------------
      -2.9        -2.8   0.25            ud~_epvebb~                   -537.461177 +-         0.299086       0.8037       0 [    7]      (   0)        6207842

      -2.9        -2.8   0.5             NLO.QT.32.CT.QCD              -423.084759 +-         0.237458
--------------------------------------------------------------------------------------------------------------------------------------------------------------
      -2.9        -2.8   0.5             ud~_epvebb~                   -423.084759 +-         0.237458       0.8062       0 [    7]      (   0)        6207842

==============================================================================================================================================================

      -2.8        -2.7   0.01            NLO.QT.32.CT.QCD              -1296.97936 +-          0.69455
--------------------------------------------------------------------------------------------------------------------------------------------------------------
      -2.8        -2.7   0.01            ud~_epvebb~                   -1296.97936 +-          0.69455       0.9778       0 [    7]      (   0)        6461445

      -2.8        -2.7   0.05            NLO.QT.32.CT.QCD              -890.013694 +-         0.479546
--------------------------------------------------------------------------------------------------------------------------------------------------------------
      -2.8        -2.7   0.05            ud~_epvebb~                   -890.013694 +-         0.479546       0.9744       0 [    7]      (   0)        6461445

      -2.8        -2.7   0.1             NLO.QT.32.CT.QCD              -738.270230 +-         0.399405
--------------------------------------------------------------------------------------------------------------------------------------------------------------
      -2.8        -2.7   0.1             ud~_epvebb~                   -738.270230 +-         0.399405       0.9720       0 [    7]      (   0)        6461445

      -2.8        -2.7   0.15            NLO.QT.32.CT.QCD              -656.072483 +-         0.356000
--------------------------------------------------------------------------------------------------------------------------------------------------------------
      -2.8        -2.7   0.15            ud~_epvebb~                   -656.072483 +-         0.356000       0.9701       0 [    7]      (   0)        6461445

      -2.8        -2.7   0.2             NLO.QT.32.CT.QCD              -600.691831 +-         0.326759
--------------------------------------------------------------------------------------------------------------------------------------------------------------
      -2.8        -2.7   0.2             ud~_epvebb~                   -600.691831 +-         0.326759       0.9685       0 [    7]      (   0)        6461445

      -2.8        -2.7   0.25            NLO.QT.32.CT.QCD              -559.415681 +-         0.304966
--------------------------------------------------------------------------------------------------------------------------------------------------------------
      -2.8        -2.7   0.25            ud~_epvebb~                   -559.415681 +-         0.304966       0.9671       0 [    7]      (   0)        6461445

      -2.8        -2.7   0.5             NLO.QT.32.CT.QCD              -440.564143 +-         0.242215
--------------------------------------------------------------------------------------------------------------------------------------------------------------
      -2.8        -2.7   0.5             ud~_epvebb~                   -440.564143 +-         0.242215       0.9614       0 [    7]      (   0)        6461445

==============================================================================================================================================================

      -2.7        -2.6   0.01            NLO.QT.32.CT.QCD              -1343.18938 +-          0.70601
--------------------------------------------------------------------------------------------------------------------------------------------------------------
      -2.7        -2.6   0.01            ud~_epvebb~                   -1343.18938 +-          0.70601        1.093       0 [    7]      (   0)        6695128

      -2.7        -2.6   0.05            NLO.QT.32.CT.QCD              -922.136450 +-         0.487631
--------------------------------------------------------------------------------------------------------------------------------------------------------------
      -2.7        -2.6   0.05            ud~_epvebb~                   -922.136450 +-         0.487631        1.119       0 [    7]      (   0)        6695128

      -2.7        -2.6   0.1             NLO.QT.32.CT.QCD              -765.110360 +-         0.406217
--------------------------------------------------------------------------------------------------------------------------------------------------------------
      -2.7        -2.6   0.1             ud~_epvebb~                   -765.110360 +-         0.406217        1.134       0 [    7]      (   0)        6695128

      -2.7        -2.6   0.15            NLO.QT.32.CT.QCD              -680.041410 +-         0.362117
--------------------------------------------------------------------------------------------------------------------------------------------------------------
      -2.7        -2.6   0.15            ud~_epvebb~                   -680.041410 +-         0.362117        1.144       0 [    7]      (   0)        6695128

      -2.7        -2.6   0.2             NLO.QT.32.CT.QCD              -622.721619 +-         0.332405
--------------------------------------------------------------------------------------------------------------------------------------------------------------
      -2.7        -2.6   0.2             ud~_epvebb~                   -622.721619 +-         0.332405        1.152       0 [    7]      (   0)        6695128

      -2.7        -2.6   0.25            NLO.QT.32.CT.QCD              -579.997384 +-         0.310259
--------------------------------------------------------------------------------------------------------------------------------------------------------------
      -2.7        -2.6   0.25            ud~_epvebb~                   -579.997384 +-         0.310259        1.158       0 [    7]      (   0)        6695128

      -2.7        -2.6   0.5             NLO.QT.32.CT.QCD              -456.959896 +-         0.246486
--------------------------------------------------------------------------------------------------------------------------------------------------------------
      -2.7        -2.6   0.5             ud~_epvebb~                   -456.959896 +-         0.246486        1.181       0 [    7]      (   0)        6695128

==============================================================================================================================================================

      -2.6        -2.5   0.01            NLO.QT.32.CT.QCD              -1387.38359 +-          0.71737
--------------------------------------------------------------------------------------------------------------------------------------------------------------
      -2.6        -2.5   0.01            ud~_epvebb~                   -1387.38359 +-          0.71737       0.8125       0 [    7]      (   0)        6913205

      -2.6        -2.5   0.05            NLO.QT.32.CT.QCD              -952.932498 +-         0.495667
--------------------------------------------------------------------------------------------------------------------------------------------------------------
      -2.6        -2.5   0.05            ud~_epvebb~                   -952.932498 +-         0.495667       0.8424       0 [    7]      (   0)        6913205

      -2.6        -2.5   0.1             NLO.QT.32.CT.QCD              -790.876616 +-         0.412996
--------------------------------------------------------------------------------------------------------------------------------------------------------------
      -2.6        -2.5   0.1             ud~_epvebb~                   -790.876616 +-         0.412996       0.8599       0 [    7]      (   0)        6913205

      -2.6        -2.5   0.15            NLO.QT.32.CT.QCD              -703.072098 +-         0.368210
--------------------------------------------------------------------------------------------------------------------------------------------------------------
      -2.6        -2.5   0.15            ud~_epvebb~                   -703.072098 +-         0.368210       0.8719       0 [    7]      (   0)        6913205

      -2.6        -2.5   0.2             NLO.QT.32.CT.QCD              -643.903910 +-         0.338032
--------------------------------------------------------------------------------------------------------------------------------------------------------------
      -2.6        -2.5   0.2             ud~_epvebb~                   -643.903910 +-         0.338032       0.8814       0 [    7]      (   0)        6913205

      -2.6        -2.5   0.25            NLO.QT.32.CT.QCD              -599.798836 +-         0.315538
--------------------------------------------------------------------------------------------------------------------------------------------------------------
      -2.6        -2.5   0.25            ud~_epvebb~                   -599.798836 +-         0.315538       0.8895       0 [    7]      (   0)        6913205

      -2.6        -2.5   0.5             NLO.QT.32.CT.QCD              -472.766790 +-         0.250751
--------------------------------------------------------------------------------------------------------------------------------------------------------------
      -2.6        -2.5   0.5             ud~_epvebb~                   -472.766790 +-         0.250751       0.9187       0 [    7]      (   0)        6913205

==============================================================================================================================================================

      -2.5        -2.4   0.01            NLO.QT.32.CT.QCD              -1429.07041 +-          0.72717
--------------------------------------------------------------------------------------------------------------------------------------------------------------
      -2.5        -2.4   0.01            ud~_epvebb~                   -1429.07041 +-          0.72717       0.3671       0 [    7]      (   0)        7126722

      -2.5        -2.4   0.05            NLO.QT.32.CT.QCD              -981.989345 +-         0.502630
--------------------------------------------------------------------------------------------------------------------------------------------------------------
      -2.5        -2.4   0.05            ud~_epvebb~                   -981.989345 +-         0.502630       0.3619       0 [    7]      (   0)        7126722

      -2.5        -2.4   0.1             NLO.QT.32.CT.QCD              -815.191450 +-         0.418885
--------------------------------------------------------------------------------------------------------------------------------------------------------------
      -2.5        -2.4   0.1             ud~_epvebb~                   -815.191450 +-         0.418885       0.3595       0 [    7]      (   0)        7126722

      -2.5        -2.4   0.15            NLO.QT.32.CT.QCD              -724.807684 +-         0.373511
--------------------------------------------------------------------------------------------------------------------------------------------------------------
      -2.5        -2.4   0.15            ud~_epvebb~                   -724.807684 +-         0.373511       0.3581       0 [    7]      (   0)        7126722

      -2.5        -2.4   0.2             NLO.QT.32.CT.QCD              -663.896630 +-         0.342935
--------------------------------------------------------------------------------------------------------------------------------------------------------------
      -2.5        -2.4   0.2             ud~_epvebb~                   -663.896630 +-         0.342935       0.3571       0 [    7]      (   0)        7126722

      -2.5        -2.4   0.25            NLO.QT.32.CT.QCD              -618.489497 +-         0.320142
--------------------------------------------------------------------------------------------------------------------------------------------------------------
      -2.5        -2.4   0.25            ud~_epvebb~                   -618.489497 +-         0.320142       0.3564       0 [    7]      (   0)        7126722

      -2.5        -2.4   0.5             NLO.QT.32.CT.QCD              -487.690474 +-         0.254484
--------------------------------------------------------------------------------------------------------------------------------------------------------------
      -2.5        -2.4   0.5             ud~_epvebb~                   -487.690474 +-         0.254484       0.3545       0 [    7]      (   0)        7126722

==============================================================================================================================================================

      -2.4        -2.3   0.01            NLO.QT.32.CT.QCD              -1467.20273 +-          0.73630
--------------------------------------------------------------------------------------------------------------------------------------------------------------
      -2.4        -2.3   0.01            ud~_epvebb~                   -1467.20273 +-          0.73630       0.2455       0 [    7]      (   0)        7324955

      -2.4        -2.3   0.05            NLO.QT.32.CT.QCD              -1008.60150 +-          0.50912
--------------------------------------------------------------------------------------------------------------------------------------------------------------
      -2.4        -2.3   0.05            ud~_epvebb~                   -1008.60150 +-          0.50912       0.2685       0 [    7]      (   0)        7324955

      -2.4        -2.3   0.1             NLO.QT.32.CT.QCD              -837.475798 +-         0.424378
--------------------------------------------------------------------------------------------------------------------------------------------------------------
      -2.4        -2.3   0.1             ud~_epvebb~                   -837.475798 +-         0.424378       0.2817       0 [    7]      (   0)        7324955

      -2.4        -2.3   0.15            NLO.QT.32.CT.QCD              -744.737288 +-         0.378457
--------------------------------------------------------------------------------------------------------------------------------------------------------------
      -2.4        -2.3   0.15            ud~_epvebb~                   -744.737288 +-         0.378457       0.2906       0 [    7]      (   0)        7324955

      -2.4        -2.3   0.2             NLO.QT.32.CT.QCD              -682.234688 +-         0.347509
--------------------------------------------------------------------------------------------------------------------------------------------------------------
      -2.4        -2.3   0.2             ud~_epvebb~                   -682.234688 +-         0.347509       0.2977       0 [    7]      (   0)        7324955

      -2.4        -2.3   0.25            NLO.QT.32.CT.QCD              -635.638318 +-         0.324437
--------------------------------------------------------------------------------------------------------------------------------------------------------------
      -2.4        -2.3   0.25            ud~_epvebb~                   -635.638318 +-         0.324437       0.3037       0 [    7]      (   0)        7324955

      -2.4        -2.3   0.5             NLO.QT.32.CT.QCD              -501.397391 +-         0.257967
--------------------------------------------------------------------------------------------------------------------------------------------------------------
      -2.4        -2.3   0.5             ud~_epvebb~                   -501.397391 +-         0.257967       0.3251       0 [    7]      (   0)        7324955

==============================================================================================================================================================

      -2.3        -2.2   0.01            NLO.QT.32.CT.QCD              -1503.44636 +-          0.74544
--------------------------------------------------------------------------------------------------------------------------------------------------------------
      -2.3        -2.2   0.01            ud~_epvebb~                   -1503.44636 +-          0.74544       0.3595       0 [    7]      (   0)        7502452

      -2.3        -2.2   0.05            NLO.QT.32.CT.QCD              -1033.85673 +-          0.51556
--------------------------------------------------------------------------------------------------------------------------------------------------------------
      -2.3        -2.2   0.05            ud~_epvebb~                   -1033.85673 +-          0.51556       0.3725       0 [    7]      (   0)        7502452

      -2.3        -2.2   0.1             NLO.QT.32.CT.QCD              -858.605932 +-         0.429798
--------------------------------------------------------------------------------------------------------------------------------------------------------------
      -2.3        -2.2   0.1             ud~_epvebb~                   -858.605932 +-         0.429798       0.3805       0 [    7]      (   0)        7502452

      -2.3        -2.2   0.15            NLO.QT.32.CT.QCD              -763.623903 +-         0.383320
--------------------------------------------------------------------------------------------------------------------------------------------------------------
      -2.3        -2.2   0.15            ud~_epvebb~                   -763.623903 +-         0.383320       0.3862       0 [    7]      (   0)        7502452

      -2.3        -2.2   0.2             NLO.QT.32.CT.QCD              -699.605386 +-         0.351995
--------------------------------------------------------------------------------------------------------------------------------------------------------------
      -2.3        -2.2   0.2             ud~_epvebb~                   -699.605386 +-         0.351995       0.3908       0 [    7]      (   0)        7502452

      -2.3        -2.2   0.25            NLO.QT.32.CT.QCD              -651.876558 +-         0.328641
--------------------------------------------------------------------------------------------------------------------------------------------------------------
      -2.3        -2.2   0.25            ud~_epvebb~                   -651.876558 +-         0.328641       0.3948       0 [    7]      (   0)        7502452

      -2.3        -2.2   0.5             NLO.QT.32.CT.QCD              -514.359629 +-         0.261352
--------------------------------------------------------------------------------------------------------------------------------------------------------------
      -2.3        -2.2   0.5             ud~_epvebb~                   -514.359629 +-         0.261352       0.4096       0 [    7]      (   0)        7502452

==============================================================================================================================================================

      -2.2        -2.1   0.01            NLO.QT.32.CT.QCD              -1537.34702 +-          0.75285
--------------------------------------------------------------------------------------------------------------------------------------------------------------
      -2.2        -2.1   0.01            ud~_epvebb~                   -1537.34702 +-          0.75285        1.242       0 [    7]      (   0)        7681016

      -2.2        -2.1   0.05            NLO.QT.32.CT.QCD              -1057.57431 +-          0.52087
--------------------------------------------------------------------------------------------------------------------------------------------------------------
      -2.2        -2.1   0.05            ud~_epvebb~                   -1057.57431 +-          0.52087        1.228       0 [    7]      (   0)        7681016

      -2.2        -2.1   0.1             NLO.QT.32.CT.QCD              -878.493588 +-         0.434299
--------------------------------------------------------------------------------------------------------------------------------------------------------------
      -2.2        -2.1   0.1             ud~_epvebb~                   -878.493588 +-         0.434299        1.220       0 [    7]      (   0)        7681016

      -2.2        -2.1   0.15            NLO.QT.32.CT.QCD              -781.426292 +-         0.387380
--------------------------------------------------------------------------------------------------------------------------------------------------------------
      -2.2        -2.1   0.15            ud~_epvebb~                   -781.426292 +-         0.387380        1.214       0 [    7]      (   0)        7681016

      -2.2        -2.1   0.2             NLO.QT.32.CT.QCD              -715.997686 +-         0.355755
--------------------------------------------------------------------------------------------------------------------------------------------------------------
      -2.2        -2.1   0.2             ud~_epvebb~                   -715.997686 +-         0.355755        1.209       0 [    7]      (   0)        7681016

      -2.2        -2.1   0.25            NLO.QT.32.CT.QCD              -667.214798 +-         0.332176
--------------------------------------------------------------------------------------------------------------------------------------------------------------
      -2.2        -2.1   0.25            ud~_epvebb~                   -667.214798 +-         0.332176        1.205       0 [    7]      (   0)        7681016

      -2.2        -2.1   0.5             NLO.QT.32.CT.QCD              -526.644836 +-         0.264229
--------------------------------------------------------------------------------------------------------------------------------------------------------------
      -2.2        -2.1   0.5             ud~_epvebb~                   -526.644836 +-         0.264229        1.189       0 [    7]      (   0)        7681016

==============================================================================================================================================================

      -2.1          -2   0.01            NLO.QT.32.CT.QCD              -1566.08547 +-          0.75912
--------------------------------------------------------------------------------------------------------------------------------------------------------------
      -2.1          -2   0.01            ud~_epvebb~                   -1566.08547 +-          0.75912       0.7563       0 [    7]      (   0)        7831440

      -2.1          -2   0.05            NLO.QT.32.CT.QCD              -1077.66551 +-          0.52532
--------------------------------------------------------------------------------------------------------------------------------------------------------------
      -2.1          -2   0.05            ud~_epvebb~                   -1077.66551 +-          0.52532       0.7756       0 [    7]      (   0)        7831440

      -2.1          -2   0.1             NLO.QT.32.CT.QCD              -895.333615 +-         0.438067
--------------------------------------------------------------------------------------------------------------------------------------------------------------
      -2.1          -2   0.1             ud~_epvebb~                   -895.333615 +-         0.438067       0.7874       0 [    7]      (   0)        7831440

      -2.1          -2   0.15            NLO.QT.32.CT.QCD              -796.496525 +-         0.390771
--------------------------------------------------------------------------------------------------------------------------------------------------------------
      -2.1          -2   0.15            ud~_epvebb~                   -796.496525 +-         0.390771       0.7957       0 [    7]      (   0)        7831440

      -2.1          -2   0.2             NLO.QT.32.CT.QCD              -729.871330 +-         0.358891
--------------------------------------------------------------------------------------------------------------------------------------------------------------
      -2.1          -2   0.2             ud~_epvebb~                   -729.871330 +-         0.358891       0.8023       0 [    7]      (   0)        7831440

      -2.1          -2   0.25            NLO.QT.32.CT.QCD              -680.194081 +-         0.335120
--------------------------------------------------------------------------------------------------------------------------------------------------------------
      -2.1          -2   0.25            ud~_epvebb~                   -680.194081 +-         0.335120       0.8080       0 [    7]      (   0)        7831440

      -2.1          -2   0.5             NLO.QT.32.CT.QCD              -537.034240 +-         0.266615
--------------------------------------------------------------------------------------------------------------------------------------------------------------
      -2.1          -2   0.5             ud~_epvebb~                   -537.034240 +-         0.266615       0.8294       0 [    7]      (   0)        7831440

==============================================================================================================================================================

        -2        -1.9   0.01            NLO.QT.32.CT.QCD              -1596.48131 +-          0.76857
--------------------------------------------------------------------------------------------------------------------------------------------------------------
        -2        -1.9   0.01            ud~_epvebb~                   -1596.48131 +-          0.76857       0.7028       0 [    7]      (   0)        7983594

        -2        -1.9   0.05            NLO.QT.32.CT.QCD              -1098.91628 +-          0.53194
--------------------------------------------------------------------------------------------------------------------------------------------------------------
        -2        -1.9   0.05            ud~_epvebb~                   -1098.91628 +-          0.53194       0.6973       0 [    7]      (   0)        7983594

        -2        -1.9   0.1             NLO.QT.32.CT.QCD              -913.145993 +-         0.443609
--------------------------------------------------------------------------------------------------------------------------------------------------------------
        -2        -1.9   0.1             ud~_epvebb~                   -913.145993 +-         0.443609       0.6936       0 [    7]      (   0)        7983594

        -2        -1.9   0.15            NLO.QT.32.CT.QCD              -812.437168 +-         0.395731
--------------------------------------------------------------------------------------------------------------------------------------------------------------
        -2        -1.9   0.15            ud~_epvebb~                   -812.437168 +-         0.395731       0.6910       0 [    7]      (   0)        7983594

        -2        -1.9   0.2             NLO.QT.32.CT.QCD              -744.546448 +-         0.363456
--------------------------------------------------------------------------------------------------------------------------------------------------------------
        -2        -1.9   0.2             ud~_epvebb~                   -744.546448 +-         0.363456       0.6888       0 [    7]      (   0)        7983594

        -2        -1.9   0.25            NLO.QT.32.CT.QCD              -693.923307 +-         0.339391
--------------------------------------------------------------------------------------------------------------------------------------------------------------
        -2        -1.9   0.25            ud~_epvebb~                   -693.923307 +-         0.339391       0.6869       0 [    7]      (   0)        7983594

        -2        -1.9   0.5             NLO.QT.32.CT.QCD              -548.024332 +-         0.270030
--------------------------------------------------------------------------------------------------------------------------------------------------------------
        -2        -1.9   0.5             ud~_epvebb~                   -548.024332 +-         0.270030       0.6797       0 [    7]      (   0)        7983594

==============================================================================================================================================================

      -1.9        -1.8   0.01            NLO.QT.32.CT.QCD              -1623.18056 +-          0.77269
--------------------------------------------------------------------------------------------------------------------------------------------------------------
      -1.9        -1.8   0.01            ud~_epvebb~                   -1623.18056 +-          0.77269       0.3726       0 [    7]      (   0)        8115008

      -1.9        -1.8   0.05            NLO.QT.32.CT.QCD              -1117.62206 +-          0.53497
--------------------------------------------------------------------------------------------------------------------------------------------------------------
      -1.9        -1.8   0.05            ud~_epvebb~                   -1117.62206 +-          0.53497       0.3949       0 [    7]      (   0)        8115008

      -1.9        -1.8   0.1             NLO.QT.32.CT.QCD              -928.843361 +-         0.446219
--------------------------------------------------------------------------------------------------------------------------------------------------------------
      -1.9        -1.8   0.1             ud~_epvebb~                   -928.843361 +-         0.446219       0.4081       0 [    7]      (   0)        8115008

      -1.9        -1.8   0.15            NLO.QT.32.CT.QCD              -826.495918 +-         0.398107
--------------------------------------------------------------------------------------------------------------------------------------------------------------
      -1.9        -1.8   0.15            ud~_epvebb~                   -826.495918 +-         0.398107       0.4173       0 [    7]      (   0)        8115008

      -1.9        -1.8   0.2             NLO.QT.32.CT.QCD              -757.496831 +-         0.365673
--------------------------------------------------------------------------------------------------------------------------------------------------------------
      -1.9        -1.8   0.2             ud~_epvebb~                   -757.496831 +-         0.365673       0.4246       0 [    7]      (   0)        8115008

      -1.9        -1.8   0.25            NLO.QT.32.CT.QCD              -706.044986 +-         0.341487
--------------------------------------------------------------------------------------------------------------------------------------------------------------
      -1.9        -1.8   0.25            ud~_epvebb~                   -706.044986 +-         0.341487       0.4308       0 [    7]      (   0)        8115008

      -1.9        -1.8   0.5             NLO.QT.32.CT.QCD              -557.744640 +-         0.271770
--------------------------------------------------------------------------------------------------------------------------------------------------------------
      -1.9        -1.8   0.5             ud~_epvebb~                   -557.744640 +-         0.271770       0.4535       0 [    7]      (   0)        8115008

==============================================================================================================================================================

      -1.8        -1.7   0.01            NLO.QT.32.CT.QCD              -1646.85814 +-          0.77799
--------------------------------------------------------------------------------------------------------------------------------------------------------------
      -1.8        -1.7   0.01            ud~_epvebb~                   -1646.85814 +-          0.77799        1.550       0 [    7]      (   0)        8238155

      -1.8        -1.7   0.05            NLO.QT.32.CT.QCD              -1134.23657 +-          0.53877
--------------------------------------------------------------------------------------------------------------------------------------------------------------
      -1.8        -1.7   0.05            ud~_epvebb~                   -1134.23657 +-          0.53877        1.526       0 [    7]      (   0)        8238155

      -1.8        -1.7   0.1             NLO.QT.32.CT.QCD              -942.797680 +-         0.449447
--------------------------------------------------------------------------------------------------------------------------------------------------------------
      -1.8        -1.7   0.1             ud~_epvebb~                   -942.797680 +-         0.449447        1.511       0 [    7]      (   0)        8238155

      -1.8        -1.7   0.15            NLO.QT.32.CT.QCD              -839.000653 +-         0.401022
--------------------------------------------------------------------------------------------------------------------------------------------------------------
      -1.8        -1.7   0.15            ud~_epvebb~                   -839.000653 +-         0.401022        1.500       0 [    7]      (   0)        8238155

      -1.8        -1.7   0.2             NLO.QT.32.CT.QCD              -769.020760 +-         0.368374
--------------------------------------------------------------------------------------------------------------------------------------------------------------
      -1.8        -1.7   0.2             ud~_epvebb~                   -769.020760 +-         0.368374        1.492       0 [    7]      (   0)        8238155

      -1.8        -1.7   0.25            NLO.QT.32.CT.QCD              -716.835407 +-         0.344028
--------------------------------------------------------------------------------------------------------------------------------------------------------------
      -1.8        -1.7   0.25            ud~_epvebb~                   -716.835407 +-         0.344028        1.484       0 [    7]      (   0)        8238155

      -1.8        -1.7   0.5             NLO.QT.32.CT.QCD              -566.408499 +-         0.273842
--------------------------------------------------------------------------------------------------------------------------------------------------------------
      -1.8        -1.7   0.5             ud~_epvebb~                   -566.408499 +-         0.273842        1.457       0 [    7]      (   0)        8238155

==============================================================================================================================================================

      -1.7        -1.6   0.01            NLO.QT.32.CT.QCD              -1668.51808 +-          0.78336
--------------------------------------------------------------------------------------------------------------------------------------------------------------
      -1.7        -1.6   0.01            ud~_epvebb~                   -1668.51808 +-          0.78336       0.5408       0 [    7]      (   0)        8349504

      -1.7        -1.6   0.05            NLO.QT.32.CT.QCD              -1149.42501 +-          0.54259
--------------------------------------------------------------------------------------------------------------------------------------------------------------
      -1.7        -1.6   0.05            ud~_epvebb~                   -1149.42501 +-          0.54259       0.5293       0 [    7]      (   0)        8349504

      -1.7        -1.6   0.1             NLO.QT.32.CT.QCD              -955.549501 +-         0.452679
--------------------------------------------------------------------------------------------------------------------------------------------------------------
      -1.7        -1.6   0.1             ud~_epvebb~                   -955.549501 +-         0.452679       0.5231       0 [    7]      (   0)        8349504

      -1.7        -1.6   0.15            NLO.QT.32.CT.QCD              -850.424977 +-         0.403929
--------------------------------------------------------------------------------------------------------------------------------------------------------------
      -1.7        -1.6   0.15            ud~_epvebb~                   -850.424977 +-         0.403929       0.5191       0 [    7]      (   0)        8349504

      -1.7        -1.6   0.2             NLO.QT.32.CT.QCD              -779.547007 +-         0.371061
--------------------------------------------------------------------------------------------------------------------------------------------------------------
      -1.7        -1.6   0.2             ud~_epvebb~                   -779.547007 +-         0.371061       0.5160       0 [    7]      (   0)        8349504

      -1.7        -1.6   0.25            NLO.QT.32.CT.QCD              -726.690086 +-         0.346549
--------------------------------------------------------------------------------------------------------------------------------------------------------------
      -1.7        -1.6   0.25            ud~_epvebb~                   -726.690086 +-         0.346549       0.5134       0 [    7]      (   0)        8349504

      -1.7        -1.6   0.5             NLO.QT.32.CT.QCD              -574.316611 +-         0.275881
--------------------------------------------------------------------------------------------------------------------------------------------------------------
      -1.7        -1.6   0.5             ud~_epvebb~                   -574.316611 +-         0.275881       0.5046       0 [    7]      (   0)        8349504

==============================================================================================================================================================

      -1.6        -1.5   0.01            NLO.QT.32.CT.QCD              -1690.65132 +-          0.78780
--------------------------------------------------------------------------------------------------------------------------------------------------------------
      -1.6        -1.5   0.01            ud~_epvebb~                   -1690.65132 +-          0.78780       0.9533       0 [    7]      (   0)        8459247

      -1.6        -1.5   0.05            NLO.QT.32.CT.QCD              -1164.97390 +-          0.54578
--------------------------------------------------------------------------------------------------------------------------------------------------------------
      -1.6        -1.5   0.05            ud~_epvebb~                   -1164.97390 +-          0.54578       0.9576       0 [    7]      (   0)        8459247

      -1.6        -1.5   0.1             NLO.QT.32.CT.QCD              -968.617124 +-         0.455386
--------------------------------------------------------------------------------------------------------------------------------------------------------------
      -1.6        -1.5   0.1             ud~_epvebb~                   -968.617124 +-         0.455386       0.9594       0 [    7]      (   0)        8459247

      -1.6        -1.5   0.15            NLO.QT.32.CT.QCD              -862.140076 +-         0.406373
--------------------------------------------------------------------------------------------------------------------------------------------------------------
      -1.6        -1.5   0.15            ud~_epvebb~                   -862.140076 +-         0.406373       0.9604       0 [    7]      (   0)        8459247

      -1.6        -1.5   0.2             NLO.QT.32.CT.QCD              -790.346761 +-         0.373326
--------------------------------------------------------------------------------------------------------------------------------------------------------------
      -1.6        -1.5   0.2             ud~_epvebb~                   -790.346761 +-         0.373326       0.9610       0 [    7]      (   0)        8459247

      -1.6        -1.5   0.25            NLO.QT.32.CT.QCD              -736.805160 +-         0.348679
--------------------------------------------------------------------------------------------------------------------------------------------------------------
      -1.6        -1.5   0.25            ud~_epvebb~                   -736.805160 +-         0.348679       0.9614       0 [    7]      (   0)        8459247

      -1.6        -1.5   0.5             NLO.QT.32.CT.QCD              -582.445951 +-         0.277617
--------------------------------------------------------------------------------------------------------------------------------------------------------------
      -1.6        -1.5   0.5             ud~_epvebb~                   -582.445951 +-         0.277617       0.9622       0 [    7]      (   0)        8459247

==============================================================================================================================================================

      -1.5        -1.4   0.01            NLO.QT.32.CT.QCD              -1707.85338 +-          0.79240
--------------------------------------------------------------------------------------------------------------------------------------------------------------
      -1.5        -1.4   0.01            ud~_epvebb~                   -1707.85338 +-          0.79240       0.6670       0 [    7]      (   0)        8543526

      -1.5        -1.4   0.05            NLO.QT.32.CT.QCD              -1177.10223 +-          0.54905
--------------------------------------------------------------------------------------------------------------------------------------------------------------
      -1.5        -1.4   0.05            ud~_epvebb~                   -1177.10223 +-          0.54905       0.7001       0 [    7]      (   0)        8543526

      -1.5        -1.4   0.1             NLO.QT.32.CT.QCD              -978.830087 +-         0.458161
--------------------------------------------------------------------------------------------------------------------------------------------------------------
      -1.5        -1.4   0.1             ud~_epvebb~                   -978.830087 +-         0.458161       0.7186       0 [    7]      (   0)        8543526

      -1.5        -1.4   0.15            NLO.QT.32.CT.QCD              -871.307924 +-         0.408873
--------------------------------------------------------------------------------------------------------------------------------------------------------------
      -1.5        -1.4   0.15            ud~_epvebb~                   -871.307924 +-         0.408873       0.7311       0 [    7]      (   0)        8543526

      -1.5        -1.4   0.2             NLO.QT.32.CT.QCD              -798.806796 +-         0.375638
--------------------------------------------------------------------------------------------------------------------------------------------------------------
      -1.5        -1.4   0.2             ud~_epvebb~                   -798.806796 +-         0.375638       0.7407       0 [    7]      (   0)        8543526

      -1.5        -1.4   0.25            NLO.QT.32.CT.QCD              -744.735443 +-         0.350851
--------------------------------------------------------------------------------------------------------------------------------------------------------------
      -1.5        -1.4   0.25            ud~_epvebb~                   -744.735443 +-         0.350851       0.7488       0 [    7]      (   0)        8543526

      -1.5        -1.4   0.5             NLO.QT.32.CT.QCD              -588.838054 +-         0.279379
--------------------------------------------------------------------------------------------------------------------------------------------------------------
      -1.5        -1.4   0.5             ud~_epvebb~                   -588.838054 +-         0.279379       0.7774       0 [    7]      (   0)        8543526

==============================================================================================================================================================

      -1.4        -1.3   0.01            NLO.QT.32.CT.QCD              -1723.66253 +-          0.79552
--------------------------------------------------------------------------------------------------------------------------------------------------------------
      -1.4        -1.3   0.01            ud~_epvebb~                   -1723.66253 +-          0.79552        1.363       0 [    7]      (   0)        8626028

      -1.4        -1.3   0.05            NLO.QT.32.CT.QCD              -1188.23998 +-          0.55129
--------------------------------------------------------------------------------------------------------------------------------------------------------------
      -1.4        -1.3   0.05            ud~_epvebb~                   -1188.23998 +-          0.55129        1.387       0 [    7]      (   0)        8626028

      -1.4        -1.3   0.1             NLO.QT.32.CT.QCD              -988.205024 +-         0.460060
--------------------------------------------------------------------------------------------------------------------------------------------------------------
      -1.4        -1.3   0.1             ud~_epvebb~                   -988.205024 +-         0.460060        1.401       0 [    7]      (   0)        8626028

      -1.4        -1.3   0.15            NLO.QT.32.CT.QCD              -879.721190 +-         0.410586
--------------------------------------------------------------------------------------------------------------------------------------------------------------
      -1.4        -1.3   0.15            ud~_epvebb~                   -879.721190 +-         0.410586        1.410       0 [    7]      (   0)        8626028

      -1.4        -1.3   0.2             NLO.QT.32.CT.QCD              -806.568863 +-         0.377224
--------------------------------------------------------------------------------------------------------------------------------------------------------------
      -1.4        -1.3   0.2             ud~_epvebb~                   -806.568863 +-         0.377224        1.418       0 [    7]      (   0)        8626028

      -1.4        -1.3   0.25            NLO.QT.32.CT.QCD              -752.010190 +-         0.352342
--------------------------------------------------------------------------------------------------------------------------------------------------------------
      -1.4        -1.3   0.25            ud~_epvebb~                   -752.010190 +-         0.352342        1.424       0 [    7]      (   0)        8626028

      -1.4        -1.3   0.5             NLO.QT.32.CT.QCD              -594.698172 +-         0.280590
--------------------------------------------------------------------------------------------------------------------------------------------------------------
      -1.4        -1.3   0.5             ud~_epvebb~                   -594.698172 +-         0.280590        1.445       0 [    7]      (   0)        8626028

==============================================================================================================================================================

      -1.3        -1.2   0.01            NLO.QT.32.CT.QCD              -1740.42525 +-          0.79941
--------------------------------------------------------------------------------------------------------------------------------------------------------------
      -1.3        -1.2   0.01            ud~_epvebb~                   -1740.42525 +-          0.79941       0.9651       0 [    7]      (   0)        8702877

      -1.3        -1.2   0.05            NLO.QT.32.CT.QCD              -1200.05193 +-          0.55408
--------------------------------------------------------------------------------------------------------------------------------------------------------------
      -1.3        -1.2   0.05            ud~_epvebb~                   -1200.05193 +-          0.55408       0.9536       0 [    7]      (   0)        8702877

      -1.3        -1.2   0.1             NLO.QT.32.CT.QCD              -998.148557 +-         0.462425
--------------------------------------------------------------------------------------------------------------------------------------------------------------
      -1.3        -1.2   0.1             ud~_epvebb~                   -998.148557 +-         0.462425       0.9466       0 [    7]      (   0)        8702877

      -1.3        -1.2   0.15            NLO.QT.32.CT.QCD              -888.645382 +-         0.412720
--------------------------------------------------------------------------------------------------------------------------------------------------------------
      -1.3        -1.2   0.15            ud~_epvebb~                   -888.645382 +-         0.412720       0.9416       0 [    7]      (   0)        8702877

      -1.3        -1.2   0.2             NLO.QT.32.CT.QCD              -814.802777 +-         0.379201
--------------------------------------------------------------------------------------------------------------------------------------------------------------
      -1.3        -1.2   0.2             ud~_epvebb~                   -814.802777 +-         0.379201       0.9377       0 [    7]      (   0)        8702877

      -1.3        -1.2   0.25            NLO.QT.32.CT.QCD              -759.727521 +-         0.354201
--------------------------------------------------------------------------------------------------------------------------------------------------------------
      -1.3        -1.2   0.25            ud~_epvebb~                   -759.727521 +-         0.354201       0.9343       0 [    7]      (   0)        8702877

      -1.3        -1.2   0.5             NLO.QT.32.CT.QCD              -600.915830 +-         0.282104
--------------------------------------------------------------------------------------------------------------------------------------------------------------
      -1.3        -1.2   0.5             ud~_epvebb~                   -600.915830 +-         0.282104       0.9218       0 [    7]      (   0)        8702877

==============================================================================================================================================================

      -1.2        -1.1   0.01            NLO.QT.32.CT.QCD              -1754.13935 +-          0.80286
--------------------------------------------------------------------------------------------------------------------------------------------------------------
      -1.2        -1.1   0.01            ud~_epvebb~                   -1754.13935 +-          0.80286       0.3679       0 [    7]      (   0)        8774228

      -1.2        -1.1   0.05            NLO.QT.32.CT.QCD              -1209.66378 +-          0.55652
--------------------------------------------------------------------------------------------------------------------------------------------------------------
      -1.2        -1.1   0.05            ud~_epvebb~                   -1209.66378 +-          0.55652       0.3496       0 [    7]      (   0)        8774228

      -1.2        -1.1   0.1             NLO.QT.32.CT.QCD              -1006.21622 +-          0.46449
--------------------------------------------------------------------------------------------------------------------------------------------------------------
      -1.2        -1.1   0.1             ud~_epvebb~                   -1006.21622 +-          0.46449       0.3396       0 [    7]      (   0)        8774228

      -1.2        -1.1   0.15            NLO.QT.32.CT.QCD              -895.871869 +-         0.414571
--------------------------------------------------------------------------------------------------------------------------------------------------------------
      -1.2        -1.1   0.15            ud~_epvebb~                   -895.871869 +-         0.414571       0.3330       0 [    7]      (   0)        8774228

      -1.2        -1.1   0.2             NLO.QT.32.CT.QCD              -821.460247 +-         0.380910
--------------------------------------------------------------------------------------------------------------------------------------------------------------
      -1.2        -1.1   0.2             ud~_epvebb~                   -821.460247 +-         0.380910       0.3279       0 [    7]      (   0)        8774228

      -1.2        -1.1   0.25            NLO.QT.32.CT.QCD              -765.959523 +-         0.355802
--------------------------------------------------------------------------------------------------------------------------------------------------------------
      -1.2        -1.1   0.25            ud~_epvebb~                   -765.959523 +-         0.355802       0.3237       0 [    7]      (   0)        8774228

      -1.2        -1.1   0.5             NLO.QT.32.CT.QCD              -605.914790 +-         0.283393
--------------------------------------------------------------------------------------------------------------------------------------------------------------
      -1.2        -1.1   0.5             ud~_epvebb~                   -605.914790 +-         0.283393       0.3092       0 [    7]      (   0)        8774228

==============================================================================================================================================================

      -1.1          -1   0.01            NLO.QT.32.CT.QCD              -1765.91786 +-          0.80565
--------------------------------------------------------------------------------------------------------------------------------------------------------------
      -1.1          -1   0.01            ud~_epvebb~                   -1765.91786 +-          0.80565       0.6340       0 [    7]      (   0)        8828959

      -1.1          -1   0.05            NLO.QT.32.CT.QCD              -1218.01146 +-          0.55849
--------------------------------------------------------------------------------------------------------------------------------------------------------------
      -1.1          -1   0.05            ud~_epvebb~                   -1218.01146 +-          0.55849       0.6149       0 [    7]      (   0)        8828959

      -1.1          -1   0.1             NLO.QT.32.CT.QCD              -1013.26541 +-          0.46615
--------------------------------------------------------------------------------------------------------------------------------------------------------------
      -1.1          -1   0.1             ud~_epvebb~                   -1013.26541 +-          0.46615       0.6050       0 [    7]      (   0)        8828959

      -1.1          -1   0.15            NLO.QT.32.CT.QCD              -902.211467 +-         0.416065
--------------------------------------------------------------------------------------------------------------------------------------------------------------
      -1.1          -1   0.15            ud~_epvebb~                   -902.211467 +-         0.416065       0.5985       0 [    7]      (   0)        8828959

      -1.1          -1   0.2             NLO.QT.32.CT.QCD              -827.318760 +-         0.382288
--------------------------------------------------------------------------------------------------------------------------------------------------------------
      -1.1          -1   0.2             ud~_epvebb~                   -827.318760 +-         0.382288       0.5937       0 [    7]      (   0)        8828959

      -1.1          -1   0.25            NLO.QT.32.CT.QCD              -771.457670 +-         0.357094
--------------------------------------------------------------------------------------------------------------------------------------------------------------
      -1.1          -1   0.25            ud~_epvebb~                   -771.457670 +-         0.357094       0.5898       0 [    7]      (   0)        8828959

      -1.1          -1   0.5             NLO.QT.32.CT.QCD              -610.364817 +-         0.284432
--------------------------------------------------------------------------------------------------------------------------------------------------------------
      -1.1          -1   0.5             ud~_epvebb~                   -610.364817 +-         0.284432       0.5766       0 [    7]      (   0)        8828959

==============================================================================================================================================================

        -1        -0.9   0.01            NLO.QT.32.CT.QCD              -1775.48084 +-          0.80760
--------------------------------------------------------------------------------------------------------------------------------------------------------------
        -1        -0.9   0.01            ud~_epvebb~                   -1775.48084 +-          0.80760       0.4754       0 [    7]      (   0)        8879031

        -1        -0.9   0.05            NLO.QT.32.CT.QCD              -1224.79298 +-          0.55994
--------------------------------------------------------------------------------------------------------------------------------------------------------------
        -1        -0.9   0.05            ud~_epvebb~                   -1224.79298 +-          0.55994       0.4723       0 [    7]      (   0)        8879031

        -1        -0.9   0.1             NLO.QT.32.CT.QCD              -1018.99389 +-          0.46740
--------------------------------------------------------------------------------------------------------------------------------------------------------------
        -1        -0.9   0.1             ud~_epvebb~                   -1018.99389 +-          0.46740       0.4704       0 [    7]      (   0)        8879031

        -1        -0.9   0.15            NLO.QT.32.CT.QCD              -907.364394 +-         0.417202
--------------------------------------------------------------------------------------------------------------------------------------------------------------
        -1        -0.9   0.15            ud~_epvebb~                   -907.364394 +-         0.417202       0.4690       0 [    7]      (   0)        8879031

        -1        -0.9   0.2             NLO.QT.32.CT.QCD              -832.081428 +-         0.383350
--------------------------------------------------------------------------------------------------------------------------------------------------------------
        -1        -0.9   0.2             ud~_epvebb~                   -832.081428 +-         0.383350       0.4679       0 [    7]      (   0)        8879031

        -1        -0.9   0.25            NLO.QT.32.CT.QCD              -775.927976 +-         0.358099
--------------------------------------------------------------------------------------------------------------------------------------------------------------
        -1        -0.9   0.25            ud~_epvebb~                   -775.927976 +-         0.358099       0.4670       0 [    7]      (   0)        8879031

        -1        -0.9   0.5             NLO.QT.32.CT.QCD              -613.984629 +-         0.285268
--------------------------------------------------------------------------------------------------------------------------------------------------------------
        -1        -0.9   0.5             ud~_epvebb~                   -613.984629 +-         0.285268       0.4634       0 [    7]      (   0)        8879031

==============================================================================================================================================================

      -0.9        -0.8   0.01            NLO.QT.32.CT.QCD              -1785.50144 +-          0.81153
--------------------------------------------------------------------------------------------------------------------------------------------------------------
      -0.9        -0.8   0.01            ud~_epvebb~                   -1785.50144 +-          0.81153       0.1065       0 [    7]      (   0)        8926761

      -0.9        -0.8   0.05            NLO.QT.32.CT.QCD              -1231.85530 +-          0.56266
--------------------------------------------------------------------------------------------------------------------------------------------------------------
      -0.9        -0.8   0.05            ud~_epvebb~                   -1231.85530 +-          0.56266       0.1057       0 [    7]      (   0)        8926761

      -0.9        -0.8   0.1             NLO.QT.32.CT.QCD              -1024.93965 +-          0.46967
--------------------------------------------------------------------------------------------------------------------------------------------------------------
      -0.9        -0.8   0.1             ud~_epvebb~                   -1024.93965 +-          0.46967       0.1065       0 [    7]      (   0)        8926761

      -0.9        -0.8   0.15            NLO.QT.32.CT.QCD              -912.700973 +-         0.419227
--------------------------------------------------------------------------------------------------------------------------------------------------------------
      -0.9        -0.8   0.15            ud~_epvebb~                   -912.700973 +-         0.419227       0.1075       0 [    7]      (   0)        8926761

      -0.9        -0.8   0.2             NLO.QT.32.CT.QCD              -837.005465 +-         0.385208
--------------------------------------------------------------------------------------------------------------------------------------------------------------
      -0.9        -0.8   0.2             ud~_epvebb~                   -837.005465 +-         0.385208       0.1086       0 [    7]      (   0)        8926761

      -0.9        -0.8   0.25            NLO.QT.32.CT.QCD              -780.543272 +-         0.359833
--------------------------------------------------------------------------------------------------------------------------------------------------------------
      -0.9        -0.8   0.25            ud~_epvebb~                   -780.543272 +-         0.359833       0.1096       0 [    7]      (   0)        8926761

      -0.9        -0.8   0.5             NLO.QT.32.CT.QCD              -617.703580 +-         0.286643
--------------------------------------------------------------------------------------------------------------------------------------------------------------
      -0.9        -0.8   0.5             ud~_epvebb~                   -617.703580 +-         0.286643       0.1148       0 [    7]      (   0)        8926761

==============================================================================================================================================================

      -0.8        -0.7   0.01            NLO.QT.32.CT.QCD              -1792.25181 +-          0.81151
--------------------------------------------------------------------------------------------------------------------------------------------------------------
      -0.8        -0.7   0.01            ud~_epvebb~                   -1792.25181 +-          0.81151        2.524       0 [    7]      (   0)        8965831

      -0.8        -0.7   0.05            NLO.QT.32.CT.QCD              -1236.68912 +-          0.56275
--------------------------------------------------------------------------------------------------------------------------------------------------------------
      -0.8        -0.7   0.05            ud~_epvebb~                   -1236.68912 +-          0.56275        2.518       0 [    7]      (   0)        8965831

      -0.8        -0.7   0.1             NLO.QT.32.CT.QCD              -1029.04421 +-          0.46979
--------------------------------------------------------------------------------------------------------------------------------------------------------------
      -0.8        -0.7   0.1             ud~_epvebb~                   -1029.04421 +-          0.46979        2.513       0 [    7]      (   0)        8965831

      -0.8        -0.7   0.15            NLO.QT.32.CT.QCD              -916.405780 +-         0.419366
--------------------------------------------------------------------------------------------------------------------------------------------------------------
      -0.8        -0.7   0.15            ud~_epvebb~                   -916.405780 +-         0.419366        2.509       0 [    7]      (   0)        8965831

      -0.8        -0.7   0.2             NLO.QT.32.CT.QCD              -840.438657 +-         0.385356
--------------------------------------------------------------------------------------------------------------------------------------------------------------
      -0.8        -0.7   0.2             ud~_epvebb~                   -840.438657 +-         0.385356        2.506       0 [    7]      (   0)        8965831

      -0.8        -0.7   0.25            NLO.QT.32.CT.QCD              -783.772650 +-         0.359986
--------------------------------------------------------------------------------------------------------------------------------------------------------------
      -0.8        -0.7   0.25            ud~_epvebb~                   -783.772650 +-         0.359986        2.504       0 [    7]      (   0)        8965831

      -0.8        -0.7   0.5             NLO.QT.32.CT.QCD              -620.338126 +-         0.286806
--------------------------------------------------------------------------------------------------------------------------------------------------------------
      -0.8        -0.7   0.5             ud~_epvebb~                   -620.338126 +-         0.286806        2.493       0 [    7]      (   0)        8965831

==============================================================================================================================================================

      -0.7        -0.6   0.01            NLO.QT.32.CT.QCD              -1800.82023 +-          0.81352
--------------------------------------------------------------------------------------------------------------------------------------------------------------
      -0.7        -0.6   0.01            ud~_epvebb~                   -1800.82023 +-          0.81352       0.7584       0 [    7]      (   0)        9002964

      -0.7        -0.6   0.05            NLO.QT.32.CT.QCD              -1242.75840 +-          0.56419
--------------------------------------------------------------------------------------------------------------------------------------------------------------
      -0.7        -0.6   0.05            ud~_epvebb~                   -1242.75840 +-          0.56419       0.7457       0 [    7]      (   0)        9002964

      -0.7        -0.6   0.1             NLO.QT.32.CT.QCD              -1034.16788 +-          0.47101
--------------------------------------------------------------------------------------------------------------------------------------------------------------
      -0.7        -0.6   0.1             ud~_epvebb~                   -1034.16788 +-          0.47101       0.7385       0 [    7]      (   0)        9002964

      -0.7        -0.6   0.15            NLO.QT.32.CT.QCD              -921.012790 +-         0.420460
--------------------------------------------------------------------------------------------------------------------------------------------------------------
      -0.7        -0.6   0.15            ud~_epvebb~                   -921.012790 +-         0.420460       0.7337       0 [    7]      (   0)        9002964

      -0.7        -0.6   0.2             NLO.QT.32.CT.QCD              -844.695421 +-         0.386368
--------------------------------------------------------------------------------------------------------------------------------------------------------------
      -0.7        -0.6   0.2             ud~_epvebb~                   -844.695421 +-         0.386368       0.7299       0 [    7]      (   0)        9002964

      -0.7        -0.6   0.25            NLO.QT.32.CT.QCD              -787.767078 +-         0.360936
--------------------------------------------------------------------------------------------------------------------------------------------------------------
      -0.7        -0.6   0.25            ud~_epvebb~                   -787.767078 +-         0.360936       0.7267       0 [    7]      (   0)        9002964

      -0.7        -0.6   0.5             NLO.QT.32.CT.QCD              -623.569694 +-         0.287574
--------------------------------------------------------------------------------------------------------------------------------------------------------------
      -0.7        -0.6   0.5             ud~_epvebb~                   -623.569694 +-         0.287574       0.7153       0 [    7]      (   0)        9002964

==============================================================================================================================================================

      -0.6        -0.5   0.01            NLO.QT.32.CT.QCD              -1806.64361 +-          0.81470
--------------------------------------------------------------------------------------------------------------------------------------------------------------
      -0.6        -0.5   0.01            ud~_epvebb~                   -1806.64361 +-          0.81470       0.2420       0 [    7]      (   0)        9031989

      -0.6        -0.5   0.05            NLO.QT.32.CT.QCD              -1246.86679 +-          0.56502
--------------------------------------------------------------------------------------------------------------------------------------------------------------
      -0.6        -0.5   0.05            ud~_epvebb~                   -1246.86679 +-          0.56502       0.2344       0 [    7]      (   0)        9031989

      -0.6        -0.5   0.1             NLO.QT.32.CT.QCD              -1037.62866 +-          0.47171
--------------------------------------------------------------------------------------------------------------------------------------------------------------
      -0.6        -0.5   0.1             ud~_epvebb~                   -1037.62866 +-          0.47171       0.2305       0 [    7]      (   0)        9031989

      -0.6        -0.5   0.15            NLO.QT.32.CT.QCD              -924.120133 +-         0.421086
--------------------------------------------------------------------------------------------------------------------------------------------------------------
      -0.6        -0.5   0.15            ud~_epvebb~                   -924.120133 +-         0.421086       0.2281       0 [    7]      (   0)        9031989

      -0.6        -0.5   0.2             NLO.QT.32.CT.QCD              -847.563366 +-         0.386944
--------------------------------------------------------------------------------------------------------------------------------------------------------------
      -0.6        -0.5   0.2             ud~_epvebb~                   -847.563366 +-         0.386944       0.2262       0 [    7]      (   0)        9031989

      -0.6        -0.5   0.25            NLO.QT.32.CT.QCD              -790.455831 +-         0.361476
--------------------------------------------------------------------------------------------------------------------------------------------------------------
      -0.6        -0.5   0.25            ud~_epvebb~                   -790.455831 +-         0.361476       0.2247       0 [    7]      (   0)        9031989

      -0.6        -0.5   0.5             NLO.QT.32.CT.QCD              -625.738038 +-         0.288007
--------------------------------------------------------------------------------------------------------------------------------------------------------------
      -0.6        -0.5   0.5             ud~_epvebb~                   -625.738038 +-         0.288007       0.2198       0 [    7]      (   0)        9031989

==============================================================================================================================================================

      -0.5        -0.4   0.01            NLO.QT.32.CT.QCD              -1811.51072 +-          0.81614
--------------------------------------------------------------------------------------------------------------------------------------------------------------
      -0.5        -0.4   0.01            ud~_epvebb~                   -1811.51072 +-          0.81614        1.159       0 [    7]      (   0)        9050489

      -0.5        -0.4   0.05            NLO.QT.32.CT.QCD              -1250.34463 +-          0.56606
--------------------------------------------------------------------------------------------------------------------------------------------------------------
      -0.5        -0.4   0.05            ud~_epvebb~                   -1250.34463 +-          0.56606        1.138       0 [    7]      (   0)        9050489

      -0.5        -0.4   0.1             NLO.QT.32.CT.QCD              -1040.57846 +-          0.47260
--------------------------------------------------------------------------------------------------------------------------------------------------------------
      -0.5        -0.4   0.1             ud~_epvebb~                   -1040.57846 +-          0.47260        1.127       0 [    7]      (   0)        9050489

      -0.5        -0.4   0.15            NLO.QT.32.CT.QCD              -926.780673 +-         0.421892
--------------------------------------------------------------------------------------------------------------------------------------------------------------
      -0.5        -0.4   0.15            ud~_epvebb~                   -926.780673 +-         0.421892        1.119       0 [    7]      (   0)        9050489

      -0.5        -0.4   0.2             NLO.QT.32.CT.QCD              -850.027455 +-         0.387693
--------------------------------------------------------------------------------------------------------------------------------------------------------------
      -0.5        -0.4   0.2             ud~_epvebb~                   -850.027455 +-         0.387693        1.113       0 [    7]      (   0)        9050489

      -0.5        -0.4   0.25            NLO.QT.32.CT.QCD              -792.772561 +-         0.362180
--------------------------------------------------------------------------------------------------------------------------------------------------------------
      -0.5        -0.4   0.25            ud~_epvebb~                   -792.772561 +-         0.362180        1.108       0 [    7]      (   0)        9050489

      -0.5        -0.4   0.5             NLO.QT.32.CT.QCD              -627.625012 +-         0.288584
--------------------------------------------------------------------------------------------------------------------------------------------------------------
      -0.5        -0.4   0.5             ud~_epvebb~                   -627.625012 +-         0.288584        1.091       0 [    7]      (   0)        9050489

==============================================================================================================================================================

      -0.4        -0.3   0.01            NLO.QT.32.CT.QCD              -1814.53186 +-          0.81653
--------------------------------------------------------------------------------------------------------------------------------------------------------------
      -0.4        -0.3   0.01            ud~_epvebb~                   -1814.53186 +-          0.81653        1.320       0 [    7]      (   0)        9072484

      -0.4        -0.3   0.05            NLO.QT.32.CT.QCD              -1252.48451 +-          0.56635
--------------------------------------------------------------------------------------------------------------------------------------------------------------
      -0.4        -0.3   0.05            ud~_epvebb~                   -1252.48451 +-          0.56635        1.346       0 [    7]      (   0)        9072484

      -0.4        -0.3   0.1             NLO.QT.32.CT.QCD              -1042.38490 +-          0.47284
--------------------------------------------------------------------------------------------------------------------------------------------------------------
      -0.4        -0.3   0.1             ud~_epvebb~                   -1042.38490 +-          0.47284        1.361       0 [    7]      (   0)        9072484

      -0.4        -0.3   0.15            NLO.QT.32.CT.QCD              -928.404934 +-         0.422116
--------------------------------------------------------------------------------------------------------------------------------------------------------------
      -0.4        -0.3   0.15            ud~_epvebb~                   -928.404934 +-         0.422116        1.370       0 [    7]      (   0)        9072484

      -0.4        -0.3   0.2             NLO.QT.32.CT.QCD              -851.528216 +-         0.387901
--------------------------------------------------------------------------------------------------------------------------------------------------------------
      -0.4        -0.3   0.2             ud~_epvebb~                   -851.528216 +-         0.387901        1.377       0 [    7]      (   0)        9072484

      -0.4        -0.3   0.25            NLO.QT.32.CT.QCD              -794.180821 +-         0.362377
--------------------------------------------------------------------------------------------------------------------------------------------------------------
      -0.4        -0.3   0.25            ud~_epvebb~                   -794.180821 +-         0.362377        1.383       0 [    7]      (   0)        9072484

      -0.4        -0.3   0.5             NLO.QT.32.CT.QCD              -628.764285 +-         0.288745
--------------------------------------------------------------------------------------------------------------------------------------------------------------
      -0.4        -0.3   0.5             ud~_epvebb~                   -628.764285 +-         0.288745        1.404       0 [    7]      (   0)        9072484

==============================================================================================================================================================

      -0.3        -0.2   0.01            NLO.QT.32.CT.QCD              -1817.59101 +-          0.81867
--------------------------------------------------------------------------------------------------------------------------------------------------------------
      -0.3        -0.2   0.01            ud~_epvebb~                   -1817.59101 +-          0.81867       0.4344       0 [    7]      (   0)        9084878

      -0.3        -0.2   0.05            NLO.QT.32.CT.QCD              -1254.66560 +-          0.56788
--------------------------------------------------------------------------------------------------------------------------------------------------------------
      -0.3        -0.2   0.05            ud~_epvebb~                   -1254.66560 +-          0.56788       0.4357       0 [    7]      (   0)        9084878

      -0.3        -0.2   0.1             NLO.QT.32.CT.QCD              -1044.23265 +-          0.47414
--------------------------------------------------------------------------------------------------------------------------------------------------------------
      -0.3        -0.2   0.1             ud~_epvebb~                   -1044.23265 +-          0.47414       0.4361       0 [    7]      (   0)        9084878

      -0.3        -0.2   0.15            NLO.QT.32.CT.QCD              -930.070196 +-         0.423280
--------------------------------------------------------------------------------------------------------------------------------------------------------------
      -0.3        -0.2   0.15            ud~_epvebb~                   -930.070196 +-         0.423280       0.4362       0 [    7]      (   0)        9084878

      -0.3        -0.2   0.2             NLO.QT.32.CT.QCD              -853.069602 +-         0.388978
--------------------------------------------------------------------------------------------------------------------------------------------------------------
      -0.3        -0.2   0.2             ud~_epvebb~                   -853.069602 +-         0.388978       0.4362       0 [    7]      (   0)        9084878

      -0.3        -0.2   0.25            NLO.QT.32.CT.QCD              -795.629322 +-         0.363389
--------------------------------------------------------------------------------------------------------------------------------------------------------------
      -0.3        -0.2   0.25            ud~_epvebb~                   -795.629322 +-         0.363389       0.4362       0 [    7]      (   0)        9084878

      -0.3        -0.2   0.5             NLO.QT.32.CT.QCD              -629.942099 +-         0.289567
--------------------------------------------------------------------------------------------------------------------------------------------------------------
      -0.3        -0.2   0.5             ud~_epvebb~                   -629.942099 +-         0.289567       0.4358       0 [    7]      (   0)        9084878

==============================================================================================================================================================

      -0.2        -0.1   0.01            NLO.QT.32.CT.QCD              -1820.91071 +-          0.81854
--------------------------------------------------------------------------------------------------------------------------------------------------------------
      -0.2        -0.1   0.01            ud~_epvebb~                   -1820.91071 +-          0.81854       0.9453       0 [    7]      (   0)        9093814

      -0.2        -0.1   0.05            NLO.QT.32.CT.QCD              -1256.99384 +-          0.56777
--------------------------------------------------------------------------------------------------------------------------------------------------------------
      -0.2        -0.1   0.05            ud~_epvebb~                   -1256.99384 +-          0.56777       0.9545       0 [    7]      (   0)        9093814

      -0.2        -0.1   0.1             NLO.QT.32.CT.QCD              -1046.18756 +-          0.47404
--------------------------------------------------------------------------------------------------------------------------------------------------------------
      -0.2        -0.1   0.1             ud~_epvebb~                   -1046.18756 +-          0.47404       0.9599       0 [    7]      (   0)        9093814

      -0.2        -0.1   0.15            NLO.QT.32.CT.QCD              -931.821704 +-         0.423186
--------------------------------------------------------------------------------------------------------------------------------------------------------------
      -0.2        -0.1   0.15            ud~_epvebb~                   -931.821704 +-         0.423186       0.9636       0 [    7]      (   0)        9093814

      -0.2        -0.1   0.2             NLO.QT.32.CT.QCD              -854.683498 +-         0.388887
--------------------------------------------------------------------------------------------------------------------------------------------------------------
      -0.2        -0.1   0.2             ud~_epvebb~                   -854.683498 +-         0.388887       0.9666       0 [    7]      (   0)        9093814

      -0.2        -0.1   0.25            NLO.QT.32.CT.QCD              -797.140313 +-         0.363301
--------------------------------------------------------------------------------------------------------------------------------------------------------------
      -0.2        -0.1   0.25            ud~_epvebb~                   -797.140313 +-         0.363301       0.9691       0 [    7]      (   0)        9093814

      -0.2        -0.1   0.5             NLO.QT.32.CT.QCD              -631.154795 +-         0.289487
--------------------------------------------------------------------------------------------------------------------------------------------------------------
      -0.2        -0.1   0.5             ud~_epvebb~                   -631.154795 +-         0.289487       0.9781       0 [    7]      (   0)        9093814

==============================================================================================================================================================

      -0.1           0   0.01            NLO.QT.32.CT.QCD              -1821.29267 +-          0.81955
--------------------------------------------------------------------------------------------------------------------------------------------------------------
      -0.1           0   0.01            ud~_epvebb~                   -1821.29267 +-          0.81955       0.7767       0 [    7]      (   0)        9099938

      -0.1           0   0.05            NLO.QT.32.CT.QCD              -1257.25489 +-          0.56844
--------------------------------------------------------------------------------------------------------------------------------------------------------------
      -0.1           0   0.05            ud~_epvebb~                   -1257.25489 +-          0.56844       0.7715       0 [    7]      (   0)        9099938

      -0.1           0   0.1             NLO.QT.32.CT.QCD              -1046.40360 +-          0.47458
--------------------------------------------------------------------------------------------------------------------------------------------------------------
      -0.1           0   0.1             ud~_epvebb~                   -1046.40360 +-          0.47458       0.7685       0 [    7]      (   0)        9099938

      -0.1           0   0.15            NLO.QT.32.CT.QCD              -932.013391 +-         0.423658
--------------------------------------------------------------------------------------------------------------------------------------------------------------
      -0.1           0   0.15            ud~_epvebb~                   -932.013391 +-         0.423658       0.7664       0 [    7]      (   0)        9099938

      -0.1           0   0.2             NLO.QT.32.CT.QCD              -854.858788 +-         0.389314
--------------------------------------------------------------------------------------------------------------------------------------------------------------
      -0.1           0   0.2             ud~_epvebb~                   -854.858788 +-         0.389314       0.7647       0 [    7]      (   0)        9099938

      -0.1           0   0.25            NLO.QT.32.CT.QCD              -797.303389 +-         0.363694
--------------------------------------------------------------------------------------------------------------------------------------------------------------
      -0.1           0   0.25            ud~_epvebb~                   -797.303389 +-         0.363694       0.7633       0 [    7]      (   0)        9099938

      -0.1           0   0.5             NLO.QT.32.CT.QCD              -631.282745 +-         0.289786
--------------------------------------------------------------------------------------------------------------------------------------------------------------
      -0.1           0   0.5             ud~_epvebb~                   -631.282745 +-         0.289786       0.7581       0 [    7]      (   0)        9099938

==============================================================================================================================================================

         0         0.1   0.01            NLO.QT.32.CT.QCD              -1821.29267 +-          0.81955
--------------------------------------------------------------------------------------------------------------------------------------------------------------
         0         0.1   0.01            ud~_epvebb~                   -1821.29267 +-          0.81955       0.7767       0 [    7]      (   0)        9099938

         0         0.1   0.05            NLO.QT.32.CT.QCD              -1257.25489 +-          0.56844
--------------------------------------------------------------------------------------------------------------------------------------------------------------
         0         0.1   0.05            ud~_epvebb~                   -1257.25489 +-          0.56844       0.7715       0 [    7]      (   0)        9099938

         0         0.1   0.1             NLO.QT.32.CT.QCD              -1046.40360 +-          0.47458
--------------------------------------------------------------------------------------------------------------------------------------------------------------
         0         0.1   0.1             ud~_epvebb~                   -1046.40360 +-          0.47458       0.7685       0 [    7]      (   0)        9099938

         0         0.1   0.15            NLO.QT.32.CT.QCD              -932.013391 +-         0.423658
--------------------------------------------------------------------------------------------------------------------------------------------------------------
         0         0.1   0.15            ud~_epvebb~                   -932.013391 +-         0.423658       0.7664       0 [    7]      (   0)        9099938

         0         0.1   0.2             NLO.QT.32.CT.QCD              -854.858788 +-         0.389314
--------------------------------------------------------------------------------------------------------------------------------------------------------------
         0         0.1   0.2             ud~_epvebb~                   -854.858788 +-         0.389314       0.7647       0 [    7]      (   0)        9099938

         0         0.1   0.25            NLO.QT.32.CT.QCD              -797.303389 +-         0.363694
--------------------------------------------------------------------------------------------------------------------------------------------------------------
         0         0.1   0.25            ud~_epvebb~                   -797.303389 +-         0.363694       0.7633       0 [    7]      (   0)        9099938

         0         0.1   0.5             NLO.QT.32.CT.QCD              -631.282745 +-         0.289786
--------------------------------------------------------------------------------------------------------------------------------------------------------------
         0         0.1   0.5             ud~_epvebb~                   -631.282745 +-         0.289786       0.7581       0 [    7]      (   0)        9099938

==============================================================================================================================================================

       0.1         0.2   0.01            NLO.QT.32.CT.QCD              -1820.91071 +-          0.81854
--------------------------------------------------------------------------------------------------------------------------------------------------------------
       0.1         0.2   0.01            ud~_epvebb~                   -1820.91071 +-          0.81854       0.9453       0 [    7]      (   0)        9093814

       0.1         0.2   0.05            NLO.QT.32.CT.QCD              -1256.99384 +-          0.56777
--------------------------------------------------------------------------------------------------------------------------------------------------------------
       0.1         0.2   0.05            ud~_epvebb~                   -1256.99384 +-          0.56777       0.9545       0 [    7]      (   0)        9093814

       0.1         0.2   0.1             NLO.QT.32.CT.QCD              -1046.18756 +-          0.47404
--------------------------------------------------------------------------------------------------------------------------------------------------------------
       0.1         0.2   0.1             ud~_epvebb~                   -1046.18756 +-          0.47404       0.9599       0 [    7]      (   0)        9093814

       0.1         0.2   0.15            NLO.QT.32.CT.QCD              -931.821704 +-         0.423186
--------------------------------------------------------------------------------------------------------------------------------------------------------------
       0.1         0.2   0.15            ud~_epvebb~                   -931.821704 +-         0.423186       0.9636       0 [    7]      (   0)        9093814

       0.1         0.2   0.2             NLO.QT.32.CT.QCD              -854.683498 +-         0.388887
--------------------------------------------------------------------------------------------------------------------------------------------------------------
       0.1         0.2   0.2             ud~_epvebb~                   -854.683498 +-         0.388887       0.9666       0 [    7]      (   0)        9093814

       0.1         0.2   0.25            NLO.QT.32.CT.QCD              -797.140313 +-         0.363301
--------------------------------------------------------------------------------------------------------------------------------------------------------------
       0.1         0.2   0.25            ud~_epvebb~                   -797.140313 +-         0.363301       0.9691       0 [    7]      (   0)        9093814

       0.1         0.2   0.5             NLO.QT.32.CT.QCD              -631.154795 +-         0.289487
--------------------------------------------------------------------------------------------------------------------------------------------------------------
       0.1         0.2   0.5             ud~_epvebb~                   -631.154795 +-         0.289487       0.9781       0 [    7]      (   0)        9093814

==============================================================================================================================================================

       0.2         0.3   0.01            NLO.QT.32.CT.QCD              -1817.59101 +-          0.81867
--------------------------------------------------------------------------------------------------------------------------------------------------------------
       0.2         0.3   0.01            ud~_epvebb~                   -1817.59101 +-          0.81867       0.4344       0 [    7]      (   0)        9084878

       0.2         0.3   0.05            NLO.QT.32.CT.QCD              -1254.66560 +-          0.56788
--------------------------------------------------------------------------------------------------------------------------------------------------------------
       0.2         0.3   0.05            ud~_epvebb~                   -1254.66560 +-          0.56788       0.4357       0 [    7]      (   0)        9084878

       0.2         0.3   0.1             NLO.QT.32.CT.QCD              -1044.23265 +-          0.47414
--------------------------------------------------------------------------------------------------------------------------------------------------------------
       0.2         0.3   0.1             ud~_epvebb~                   -1044.23265 +-          0.47414       0.4361       0 [    7]      (   0)        9084878

       0.2         0.3   0.15            NLO.QT.32.CT.QCD              -930.070196 +-         0.423280
--------------------------------------------------------------------------------------------------------------------------------------------------------------
       0.2         0.3   0.15            ud~_epvebb~                   -930.070196 +-         0.423280       0.4362       0 [    7]      (   0)        9084878

       0.2         0.3   0.2             NLO.QT.32.CT.QCD              -853.069602 +-         0.388978
--------------------------------------------------------------------------------------------------------------------------------------------------------------
       0.2         0.3   0.2             ud~_epvebb~                   -853.069602 +-         0.388978       0.4362       0 [    7]      (   0)        9084878

       0.2         0.3   0.25            NLO.QT.32.CT.QCD              -795.629322 +-         0.363389
--------------------------------------------------------------------------------------------------------------------------------------------------------------
       0.2         0.3   0.25            ud~_epvebb~                   -795.629322 +-         0.363389       0.4362       0 [    7]      (   0)        9084878

       0.2         0.3   0.5             NLO.QT.32.CT.QCD              -629.942099 +-         0.289567
--------------------------------------------------------------------------------------------------------------------------------------------------------------
       0.2         0.3   0.5             ud~_epvebb~                   -629.942099 +-         0.289567       0.4358       0 [    7]      (   0)        9084878

==============================================================================================================================================================

       0.3         0.4   0.01            NLO.QT.32.CT.QCD              -1814.53186 +-          0.81653
--------------------------------------------------------------------------------------------------------------------------------------------------------------
       0.3         0.4   0.01            ud~_epvebb~                   -1814.53186 +-          0.81653        1.320       0 [    7]      (   0)        9072484

       0.3         0.4   0.05            NLO.QT.32.CT.QCD              -1252.48451 +-          0.56635
--------------------------------------------------------------------------------------------------------------------------------------------------------------
       0.3         0.4   0.05            ud~_epvebb~                   -1252.48451 +-          0.56635        1.346       0 [    7]      (   0)        9072484

       0.3         0.4   0.1             NLO.QT.32.CT.QCD              -1042.38490 +-          0.47284
--------------------------------------------------------------------------------------------------------------------------------------------------------------
       0.3         0.4   0.1             ud~_epvebb~                   -1042.38490 +-          0.47284        1.361       0 [    7]      (   0)        9072484

       0.3         0.4   0.15            NLO.QT.32.CT.QCD              -928.404934 +-         0.422116
--------------------------------------------------------------------------------------------------------------------------------------------------------------
       0.3         0.4   0.15            ud~_epvebb~                   -928.404934 +-         0.422116        1.370       0 [    7]      (   0)        9072484

       0.3         0.4   0.2             NLO.QT.32.CT.QCD              -851.528216 +-         0.387901
--------------------------------------------------------------------------------------------------------------------------------------------------------------
       0.3         0.4   0.2             ud~_epvebb~                   -851.528216 +-         0.387901        1.377       0 [    7]      (   0)        9072484

       0.3         0.4   0.25            NLO.QT.32.CT.QCD              -794.180821 +-         0.362377
--------------------------------------------------------------------------------------------------------------------------------------------------------------
       0.3         0.4   0.25            ud~_epvebb~                   -794.180821 +-         0.362377        1.383       0 [    7]      (   0)        9072484

       0.3         0.4   0.5             NLO.QT.32.CT.QCD              -628.764285 +-         0.288745
--------------------------------------------------------------------------------------------------------------------------------------------------------------
       0.3         0.4   0.5             ud~_epvebb~                   -628.764285 +-         0.288745        1.404       0 [    7]      (   0)        9072484

==============================================================================================================================================================

       0.4         0.5   0.01            NLO.QT.32.CT.QCD              -1811.51072 +-          0.81614
--------------------------------------------------------------------------------------------------------------------------------------------------------------
       0.4         0.5   0.01            ud~_epvebb~                   -1811.51072 +-          0.81614        1.159       0 [    7]      (   0)        9050489

       0.4         0.5   0.05            NLO.QT.32.CT.QCD              -1250.34463 +-          0.56606
--------------------------------------------------------------------------------------------------------------------------------------------------------------
       0.4         0.5   0.05            ud~_epvebb~                   -1250.34463 +-          0.56606        1.138       0 [    7]      (   0)        9050489

       0.4         0.5   0.1             NLO.QT.32.CT.QCD              -1040.57846 +-          0.47260
--------------------------------------------------------------------------------------------------------------------------------------------------------------
       0.4         0.5   0.1             ud~_epvebb~                   -1040.57846 +-          0.47260        1.127       0 [    7]      (   0)        9050489

       0.4         0.5   0.15            NLO.QT.32.CT.QCD              -926.780673 +-         0.421892
--------------------------------------------------------------------------------------------------------------------------------------------------------------
       0.4         0.5   0.15            ud~_epvebb~                   -926.780673 +-         0.421892        1.119       0 [    7]      (   0)        9050489

       0.4         0.5   0.2             NLO.QT.32.CT.QCD              -850.027455 +-         0.387693
--------------------------------------------------------------------------------------------------------------------------------------------------------------
       0.4         0.5   0.2             ud~_epvebb~                   -850.027455 +-         0.387693        1.113       0 [    7]      (   0)        9050489

       0.4         0.5   0.25            NLO.QT.32.CT.QCD              -792.772561 +-         0.362180
--------------------------------------------------------------------------------------------------------------------------------------------------------------
       0.4         0.5   0.25            ud~_epvebb~                   -792.772561 +-         0.362180        1.108       0 [    7]      (   0)        9050489

       0.4         0.5   0.5             NLO.QT.32.CT.QCD              -627.625012 +-         0.288584
--------------------------------------------------------------------------------------------------------------------------------------------------------------
       0.4         0.5   0.5             ud~_epvebb~                   -627.625012 +-         0.288584        1.091       0 [    7]      (   0)        9050489

==============================================================================================================================================================

       0.5         0.6   0.01            NLO.QT.32.CT.QCD              -1806.64361 +-          0.81470
--------------------------------------------------------------------------------------------------------------------------------------------------------------
       0.5         0.6   0.01            ud~_epvebb~                   -1806.64361 +-          0.81470       0.2420       0 [    7]      (   0)        9031989

       0.5         0.6   0.05            NLO.QT.32.CT.QCD              -1246.86679 +-          0.56502
--------------------------------------------------------------------------------------------------------------------------------------------------------------
       0.5         0.6   0.05            ud~_epvebb~                   -1246.86679 +-          0.56502       0.2344       0 [    7]      (   0)        9031989

       0.5         0.6   0.1             NLO.QT.32.CT.QCD              -1037.62866 +-          0.47171
--------------------------------------------------------------------------------------------------------------------------------------------------------------
       0.5         0.6   0.1             ud~_epvebb~                   -1037.62866 +-          0.47171       0.2305       0 [    7]      (   0)        9031989

       0.5         0.6   0.15            NLO.QT.32.CT.QCD              -924.120133 +-         0.421086
--------------------------------------------------------------------------------------------------------------------------------------------------------------
       0.5         0.6   0.15            ud~_epvebb~                   -924.120133 +-         0.421086       0.2281       0 [    7]      (   0)        9031989

       0.5         0.6   0.2             NLO.QT.32.CT.QCD              -847.563366 +-         0.386944
--------------------------------------------------------------------------------------------------------------------------------------------------------------
       0.5         0.6   0.2             ud~_epvebb~                   -847.563366 +-         0.386944       0.2262       0 [    7]      (   0)        9031989

       0.5         0.6   0.25            NLO.QT.32.CT.QCD              -790.455831 +-         0.361476
--------------------------------------------------------------------------------------------------------------------------------------------------------------
       0.5         0.6   0.25            ud~_epvebb~                   -790.455831 +-         0.361476       0.2247       0 [    7]      (   0)        9031989

       0.5         0.6   0.5             NLO.QT.32.CT.QCD              -625.738038 +-         0.288007
--------------------------------------------------------------------------------------------------------------------------------------------------------------
       0.5         0.6   0.5             ud~_epvebb~                   -625.738038 +-         0.288007       0.2198       0 [    7]      (   0)        9031989

==============================================================================================================================================================

       0.6         0.7   0.01            NLO.QT.32.CT.QCD              -1800.82023 +-          0.81352
--------------------------------------------------------------------------------------------------------------------------------------------------------------
       0.6         0.7   0.01            ud~_epvebb~                   -1800.82023 +-          0.81352       0.7584       0 [    7]      (   0)        9002964

       0.6         0.7   0.05            NLO.QT.32.CT.QCD              -1242.75840 +-          0.56419
--------------------------------------------------------------------------------------------------------------------------------------------------------------
       0.6         0.7   0.05            ud~_epvebb~                   -1242.75840 +-          0.56419       0.7457       0 [    7]      (   0)        9002964

       0.6         0.7   0.1             NLO.QT.32.CT.QCD              -1034.16788 +-          0.47101
--------------------------------------------------------------------------------------------------------------------------------------------------------------
       0.6         0.7   0.1             ud~_epvebb~                   -1034.16788 +-          0.47101       0.7385       0 [    7]      (   0)        9002964

       0.6         0.7   0.15            NLO.QT.32.CT.QCD              -921.012790 +-         0.420460
--------------------------------------------------------------------------------------------------------------------------------------------------------------
       0.6         0.7   0.15            ud~_epvebb~                   -921.012790 +-         0.420460       0.7337       0 [    7]      (   0)        9002964

       0.6         0.7   0.2             NLO.QT.32.CT.QCD              -844.695421 +-         0.386368
--------------------------------------------------------------------------------------------------------------------------------------------------------------
       0.6         0.7   0.2             ud~_epvebb~                   -844.695421 +-         0.386368       0.7299       0 [    7]      (   0)        9002964

       0.6         0.7   0.25            NLO.QT.32.CT.QCD              -787.767078 +-         0.360936
--------------------------------------------------------------------------------------------------------------------------------------------------------------
       0.6         0.7   0.25            ud~_epvebb~                   -787.767078 +-         0.360936       0.7267       0 [    7]      (   0)        9002964

       0.6         0.7   0.5             NLO.QT.32.CT.QCD              -623.569694 +-         0.287574
--------------------------------------------------------------------------------------------------------------------------------------------------------------
       0.6         0.7   0.5             ud~_epvebb~                   -623.569694 +-         0.287574       0.7153       0 [    7]      (   0)        9002964

==============================================================================================================================================================

       0.7         0.8   0.01            NLO.QT.32.CT.QCD              -1792.25181 +-          0.81151
--------------------------------------------------------------------------------------------------------------------------------------------------------------
       0.7         0.8   0.01            ud~_epvebb~                   -1792.25181 +-          0.81151        2.524       0 [    7]      (   0)        8965831

       0.7         0.8   0.05            NLO.QT.32.CT.QCD              -1236.68912 +-          0.56275
--------------------------------------------------------------------------------------------------------------------------------------------------------------
       0.7         0.8   0.05            ud~_epvebb~                   -1236.68912 +-          0.56275        2.518       0 [    7]      (   0)        8965831

       0.7         0.8   0.1             NLO.QT.32.CT.QCD              -1029.04421 +-          0.46979
--------------------------------------------------------------------------------------------------------------------------------------------------------------
       0.7         0.8   0.1             ud~_epvebb~                   -1029.04421 +-          0.46979        2.513       0 [    7]      (   0)        8965831

       0.7         0.8   0.15            NLO.QT.32.CT.QCD              -916.405780 +-         0.419366
--------------------------------------------------------------------------------------------------------------------------------------------------------------
       0.7         0.8   0.15            ud~_epvebb~                   -916.405780 +-         0.419366        2.509       0 [    7]      (   0)        8965831

       0.7         0.8   0.2             NLO.QT.32.CT.QCD              -840.438657 +-         0.385356
--------------------------------------------------------------------------------------------------------------------------------------------------------------
       0.7         0.8   0.2             ud~_epvebb~                   -840.438657 +-         0.385356        2.506       0 [    7]      (   0)        8965831

       0.7         0.8   0.25            NLO.QT.32.CT.QCD              -783.772650 +-         0.359986
--------------------------------------------------------------------------------------------------------------------------------------------------------------
       0.7         0.8   0.25            ud~_epvebb~                   -783.772650 +-         0.359986        2.504       0 [    7]      (   0)        8965831

       0.7         0.8   0.5             NLO.QT.32.CT.QCD              -620.338126 +-         0.286806
--------------------------------------------------------------------------------------------------------------------------------------------------------------
       0.7         0.8   0.5             ud~_epvebb~                   -620.338126 +-         0.286806        2.493       0 [    7]      (   0)        8965831

==============================================================================================================================================================

       0.8         0.9   0.01            NLO.QT.32.CT.QCD              -1785.50144 +-          0.81153
--------------------------------------------------------------------------------------------------------------------------------------------------------------
       0.8         0.9   0.01            ud~_epvebb~                   -1785.50144 +-          0.81153       0.1065       0 [    7]      (   0)        8926761

       0.8         0.9   0.05            NLO.QT.32.CT.QCD              -1231.85530 +-          0.56266
--------------------------------------------------------------------------------------------------------------------------------------------------------------
       0.8         0.9   0.05            ud~_epvebb~                   -1231.85530 +-          0.56266       0.1057       0 [    7]      (   0)        8926761

       0.8         0.9   0.1             NLO.QT.32.CT.QCD              -1024.93965 +-          0.46967
--------------------------------------------------------------------------------------------------------------------------------------------------------------
       0.8         0.9   0.1             ud~_epvebb~                   -1024.93965 +-          0.46967       0.1065       0 [    7]      (   0)        8926761

       0.8         0.9   0.15            NLO.QT.32.CT.QCD              -912.700973 +-         0.419227
--------------------------------------------------------------------------------------------------------------------------------------------------------------
       0.8         0.9   0.15            ud~_epvebb~                   -912.700973 +-         0.419227       0.1075       0 [    7]      (   0)        8926761

       0.8         0.9   0.2             NLO.QT.32.CT.QCD              -837.005465 +-         0.385208
--------------------------------------------------------------------------------------------------------------------------------------------------------------
       0.8         0.9   0.2             ud~_epvebb~                   -837.005465 +-         0.385208       0.1086       0 [    7]      (   0)        8926761

       0.8         0.9   0.25            NLO.QT.32.CT.QCD              -780.543272 +-         0.359833
--------------------------------------------------------------------------------------------------------------------------------------------------------------
       0.8         0.9   0.25            ud~_epvebb~                   -780.543272 +-         0.359833       0.1096       0 [    7]      (   0)        8926761

       0.8         0.9   0.5             NLO.QT.32.CT.QCD              -617.703580 +-         0.286643
--------------------------------------------------------------------------------------------------------------------------------------------------------------
       0.8         0.9   0.5             ud~_epvebb~                   -617.703580 +-         0.286643       0.1148       0 [    7]      (   0)        8926761

==============================================================================================================================================================

       0.9           1   0.01            NLO.QT.32.CT.QCD              -1775.48084 +-          0.80760
--------------------------------------------------------------------------------------------------------------------------------------------------------------
       0.9           1   0.01            ud~_epvebb~                   -1775.48084 +-          0.80760       0.4754       0 [    7]      (   0)        8879031

       0.9           1   0.05            NLO.QT.32.CT.QCD              -1224.79298 +-          0.55994
--------------------------------------------------------------------------------------------------------------------------------------------------------------
       0.9           1   0.05            ud~_epvebb~                   -1224.79298 +-          0.55994       0.4723       0 [    7]      (   0)        8879031

       0.9           1   0.1             NLO.QT.32.CT.QCD              -1018.99389 +-          0.46740
--------------------------------------------------------------------------------------------------------------------------------------------------------------
       0.9           1   0.1             ud~_epvebb~                   -1018.99389 +-          0.46740       0.4704       0 [    7]      (   0)        8879031

       0.9           1   0.15            NLO.QT.32.CT.QCD              -907.364394 +-         0.417202
--------------------------------------------------------------------------------------------------------------------------------------------------------------
       0.9           1   0.15            ud~_epvebb~                   -907.364394 +-         0.417202       0.4690       0 [    7]      (   0)        8879031

       0.9           1   0.2             NLO.QT.32.CT.QCD              -832.081428 +-         0.383350
--------------------------------------------------------------------------------------------------------------------------------------------------------------
       0.9           1   0.2             ud~_epvebb~                   -832.081428 +-         0.383350       0.4679       0 [    7]      (   0)        8879031

       0.9           1   0.25            NLO.QT.32.CT.QCD              -775.927976 +-         0.358099
--------------------------------------------------------------------------------------------------------------------------------------------------------------
       0.9           1   0.25            ud~_epvebb~                   -775.927976 +-         0.358099       0.4670       0 [    7]      (   0)        8879031

       0.9           1   0.5             NLO.QT.32.CT.QCD              -613.984629 +-         0.285268
--------------------------------------------------------------------------------------------------------------------------------------------------------------
       0.9           1   0.5             ud~_epvebb~                   -613.984629 +-         0.285268       0.4634       0 [    7]      (   0)        8879031

==============================================================================================================================================================

         1         1.1   0.01            NLO.QT.32.CT.QCD              -1765.91786 +-          0.80565
--------------------------------------------------------------------------------------------------------------------------------------------------------------
         1         1.1   0.01            ud~_epvebb~                   -1765.91786 +-          0.80565       0.6340       0 [    7]      (   0)        8828959

         1         1.1   0.05            NLO.QT.32.CT.QCD              -1218.01146 +-          0.55849
--------------------------------------------------------------------------------------------------------------------------------------------------------------
         1         1.1   0.05            ud~_epvebb~                   -1218.01146 +-          0.55849       0.6149       0 [    7]      (   0)        8828959

         1         1.1   0.1             NLO.QT.32.CT.QCD              -1013.26541 +-          0.46615
--------------------------------------------------------------------------------------------------------------------------------------------------------------
         1         1.1   0.1             ud~_epvebb~                   -1013.26541 +-          0.46615       0.6050       0 [    7]      (   0)        8828959

         1         1.1   0.15            NLO.QT.32.CT.QCD              -902.211467 +-         0.416065
--------------------------------------------------------------------------------------------------------------------------------------------------------------
         1         1.1   0.15            ud~_epvebb~                   -902.211467 +-         0.416065       0.5985       0 [    7]      (   0)        8828959

         1         1.1   0.2             NLO.QT.32.CT.QCD              -827.318760 +-         0.382288
--------------------------------------------------------------------------------------------------------------------------------------------------------------
         1         1.1   0.2             ud~_epvebb~                   -827.318760 +-         0.382288       0.5937       0 [    7]      (   0)        8828959

         1         1.1   0.25            NLO.QT.32.CT.QCD              -771.457670 +-         0.357094
--------------------------------------------------------------------------------------------------------------------------------------------------------------
         1         1.1   0.25            ud~_epvebb~                   -771.457670 +-         0.357094       0.5898       0 [    7]      (   0)        8828959

         1         1.1   0.5             NLO.QT.32.CT.QCD              -610.364817 +-         0.284432
--------------------------------------------------------------------------------------------------------------------------------------------------------------
         1         1.1   0.5             ud~_epvebb~                   -610.364817 +-         0.284432       0.5766       0 [    7]      (   0)        8828959

==============================================================================================================================================================

       1.1         1.2   0.01            NLO.QT.32.CT.QCD              -1754.13935 +-          0.80286
--------------------------------------------------------------------------------------------------------------------------------------------------------------
       1.1         1.2   0.01            ud~_epvebb~                   -1754.13935 +-          0.80286       0.3679       0 [    7]      (   0)        8774228

       1.1         1.2   0.05            NLO.QT.32.CT.QCD              -1209.66378 +-          0.55652
--------------------------------------------------------------------------------------------------------------------------------------------------------------
       1.1         1.2   0.05            ud~_epvebb~                   -1209.66378 +-          0.55652       0.3496       0 [    7]      (   0)        8774228

       1.1         1.2   0.1             NLO.QT.32.CT.QCD              -1006.21622 +-          0.46449
--------------------------------------------------------------------------------------------------------------------------------------------------------------
       1.1         1.2   0.1             ud~_epvebb~                   -1006.21622 +-          0.46449       0.3396       0 [    7]      (   0)        8774228

       1.1         1.2   0.15            NLO.QT.32.CT.QCD              -895.871869 +-         0.414571
--------------------------------------------------------------------------------------------------------------------------------------------------------------
       1.1         1.2   0.15            ud~_epvebb~                   -895.871869 +-         0.414571       0.3330       0 [    7]      (   0)        8774228

       1.1         1.2   0.2             NLO.QT.32.CT.QCD              -821.460247 +-         0.380910
--------------------------------------------------------------------------------------------------------------------------------------------------------------
       1.1         1.2   0.2             ud~_epvebb~                   -821.460247 +-         0.380910       0.3279       0 [    7]      (   0)        8774228

       1.1         1.2   0.25            NLO.QT.32.CT.QCD              -765.959523 +-         0.355802
--------------------------------------------------------------------------------------------------------------------------------------------------------------
       1.1         1.2   0.25            ud~_epvebb~                   -765.959523 +-         0.355802       0.3237       0 [    7]      (   0)        8774228

       1.1         1.2   0.5             NLO.QT.32.CT.QCD              -605.914790 +-         0.283393
--------------------------------------------------------------------------------------------------------------------------------------------------------------
       1.1         1.2   0.5             ud~_epvebb~                   -605.914790 +-         0.283393       0.3092       0 [    7]      (   0)        8774228

==============================================================================================================================================================

       1.2         1.3   0.01            NLO.QT.32.CT.QCD              -1740.42525 +-          0.79941
--------------------------------------------------------------------------------------------------------------------------------------------------------------
       1.2         1.3   0.01            ud~_epvebb~                   -1740.42525 +-          0.79941       0.9651       0 [    7]      (   0)        8702877

       1.2         1.3   0.05            NLO.QT.32.CT.QCD              -1200.05193 +-          0.55408
--------------------------------------------------------------------------------------------------------------------------------------------------------------
       1.2         1.3   0.05            ud~_epvebb~                   -1200.05193 +-          0.55408       0.9536       0 [    7]      (   0)        8702877

       1.2         1.3   0.1             NLO.QT.32.CT.QCD              -998.148557 +-         0.462425
--------------------------------------------------------------------------------------------------------------------------------------------------------------
       1.2         1.3   0.1             ud~_epvebb~                   -998.148557 +-         0.462425       0.9466       0 [    7]      (   0)        8702877

       1.2         1.3   0.15            NLO.QT.32.CT.QCD              -888.645382 +-         0.412720
--------------------------------------------------------------------------------------------------------------------------------------------------------------
       1.2         1.3   0.15            ud~_epvebb~                   -888.645382 +-         0.412720       0.9416       0 [    7]      (   0)        8702877

       1.2         1.3   0.2             NLO.QT.32.CT.QCD              -814.802777 +-         0.379201
--------------------------------------------------------------------------------------------------------------------------------------------------------------
       1.2         1.3   0.2             ud~_epvebb~                   -814.802777 +-         0.379201       0.9377       0 [    7]      (   0)        8702877

       1.2         1.3   0.25            NLO.QT.32.CT.QCD              -759.727521 +-         0.354201
--------------------------------------------------------------------------------------------------------------------------------------------------------------
       1.2         1.3   0.25            ud~_epvebb~                   -759.727521 +-         0.354201       0.9343       0 [    7]      (   0)        8702877

       1.2         1.3   0.5             NLO.QT.32.CT.QCD              -600.915830 +-         0.282104
--------------------------------------------------------------------------------------------------------------------------------------------------------------
       1.2         1.3   0.5             ud~_epvebb~                   -600.915830 +-         0.282104       0.9218       0 [    7]      (   0)        8702877

==============================================================================================================================================================

       1.3         1.4   0.01            NLO.QT.32.CT.QCD              -1723.66253 +-          0.79552
--------------------------------------------------------------------------------------------------------------------------------------------------------------
       1.3         1.4   0.01            ud~_epvebb~                   -1723.66253 +-          0.79552        1.363       0 [    7]      (   0)        8626028

       1.3         1.4   0.05            NLO.QT.32.CT.QCD              -1188.23998 +-          0.55129
--------------------------------------------------------------------------------------------------------------------------------------------------------------
       1.3         1.4   0.05            ud~_epvebb~                   -1188.23998 +-          0.55129        1.387       0 [    7]      (   0)        8626028

       1.3         1.4   0.1             NLO.QT.32.CT.QCD              -988.205024 +-         0.460060
--------------------------------------------------------------------------------------------------------------------------------------------------------------
       1.3         1.4   0.1             ud~_epvebb~                   -988.205024 +-         0.460060        1.401       0 [    7]      (   0)        8626028

       1.3         1.4   0.15            NLO.QT.32.CT.QCD              -879.721190 +-         0.410586
--------------------------------------------------------------------------------------------------------------------------------------------------------------
       1.3         1.4   0.15            ud~_epvebb~                   -879.721190 +-         0.410586        1.410       0 [    7]      (   0)        8626028

       1.3         1.4   0.2             NLO.QT.32.CT.QCD              -806.568863 +-         0.377224
--------------------------------------------------------------------------------------------------------------------------------------------------------------
       1.3         1.4   0.2             ud~_epvebb~                   -806.568863 +-         0.377224        1.418       0 [    7]      (   0)        8626028

       1.3         1.4   0.25            NLO.QT.32.CT.QCD              -752.010190 +-         0.352342
--------------------------------------------------------------------------------------------------------------------------------------------------------------
       1.3         1.4   0.25            ud~_epvebb~                   -752.010190 +-         0.352342        1.424       0 [    7]      (   0)        8626028

       1.3         1.4   0.5             NLO.QT.32.CT.QCD              -594.698172 +-         0.280590
--------------------------------------------------------------------------------------------------------------------------------------------------------------
       1.3         1.4   0.5             ud~_epvebb~                   -594.698172 +-         0.280590        1.445       0 [    7]      (   0)        8626028

==============================================================================================================================================================

       1.4         1.5   0.01            NLO.QT.32.CT.QCD              -1707.85338 +-          0.79240
--------------------------------------------------------------------------------------------------------------------------------------------------------------
       1.4         1.5   0.01            ud~_epvebb~                   -1707.85338 +-          0.79240       0.6670       0 [    7]      (   0)        8543526

       1.4         1.5   0.05            NLO.QT.32.CT.QCD              -1177.10223 +-          0.54905
--------------------------------------------------------------------------------------------------------------------------------------------------------------
       1.4         1.5   0.05            ud~_epvebb~                   -1177.10223 +-          0.54905       0.7001       0 [    7]      (   0)        8543526

       1.4         1.5   0.1             NLO.QT.32.CT.QCD              -978.830087 +-         0.458161
--------------------------------------------------------------------------------------------------------------------------------------------------------------
       1.4         1.5   0.1             ud~_epvebb~                   -978.830087 +-         0.458161       0.7186       0 [    7]      (   0)        8543526

       1.4         1.5   0.15            NLO.QT.32.CT.QCD              -871.307924 +-         0.408873
--------------------------------------------------------------------------------------------------------------------------------------------------------------
       1.4         1.5   0.15            ud~_epvebb~                   -871.307924 +-         0.408873       0.7311       0 [    7]      (   0)        8543526

       1.4         1.5   0.2             NLO.QT.32.CT.QCD              -798.806796 +-         0.375638
--------------------------------------------------------------------------------------------------------------------------------------------------------------
       1.4         1.5   0.2             ud~_epvebb~                   -798.806796 +-         0.375638       0.7407       0 [    7]      (   0)        8543526

       1.4         1.5   0.25            NLO.QT.32.CT.QCD              -744.735443 +-         0.350851
--------------------------------------------------------------------------------------------------------------------------------------------------------------
       1.4         1.5   0.25            ud~_epvebb~                   -744.735443 +-         0.350851       0.7488       0 [    7]      (   0)        8543526

       1.4         1.5   0.5             NLO.QT.32.CT.QCD              -588.838054 +-         0.279379
--------------------------------------------------------------------------------------------------------------------------------------------------------------
       1.4         1.5   0.5             ud~_epvebb~                   -588.838054 +-         0.279379       0.7774       0 [    7]      (   0)        8543526

==============================================================================================================================================================

       1.5         1.6   0.01            NLO.QT.32.CT.QCD              -1690.65132 +-          0.78780
--------------------------------------------------------------------------------------------------------------------------------------------------------------
       1.5         1.6   0.01            ud~_epvebb~                   -1690.65132 +-          0.78780       0.9533       0 [    7]      (   0)        8459247

       1.5         1.6   0.05            NLO.QT.32.CT.QCD              -1164.97390 +-          0.54578
--------------------------------------------------------------------------------------------------------------------------------------------------------------
       1.5         1.6   0.05            ud~_epvebb~                   -1164.97390 +-          0.54578       0.9576       0 [    7]      (   0)        8459247

       1.5         1.6   0.1             NLO.QT.32.CT.QCD              -968.617124 +-         0.455386
--------------------------------------------------------------------------------------------------------------------------------------------------------------
       1.5         1.6   0.1             ud~_epvebb~                   -968.617124 +-         0.455386       0.9594       0 [    7]      (   0)        8459247

       1.5         1.6   0.15            NLO.QT.32.CT.QCD              -862.140076 +-         0.406373
--------------------------------------------------------------------------------------------------------------------------------------------------------------
       1.5         1.6   0.15            ud~_epvebb~                   -862.140076 +-         0.406373       0.9604       0 [    7]      (   0)        8459247

       1.5         1.6   0.2             NLO.QT.32.CT.QCD              -790.346761 +-         0.373326
--------------------------------------------------------------------------------------------------------------------------------------------------------------
       1.5         1.6   0.2             ud~_epvebb~                   -790.346761 +-         0.373326       0.9610       0 [    7]      (   0)        8459247

       1.5         1.6   0.25            NLO.QT.32.CT.QCD              -736.805160 +-         0.348679
--------------------------------------------------------------------------------------------------------------------------------------------------------------
       1.5         1.6   0.25            ud~_epvebb~                   -736.805160 +-         0.348679       0.9614       0 [    7]      (   0)        8459247

       1.5         1.6   0.5             NLO.QT.32.CT.QCD              -582.445951 +-         0.277617
--------------------------------------------------------------------------------------------------------------------------------------------------------------
       1.5         1.6   0.5             ud~_epvebb~                   -582.445951 +-         0.277617       0.9622       0 [    7]      (   0)        8459247

==============================================================================================================================================================

       1.6         1.7   0.01            NLO.QT.32.CT.QCD              -1668.51808 +-          0.78336
--------------------------------------------------------------------------------------------------------------------------------------------------------------
       1.6         1.7   0.01            ud~_epvebb~                   -1668.51808 +-          0.78336       0.5408       0 [    7]      (   0)        8349504

       1.6         1.7   0.05            NLO.QT.32.CT.QCD              -1149.42501 +-          0.54259
--------------------------------------------------------------------------------------------------------------------------------------------------------------
       1.6         1.7   0.05            ud~_epvebb~                   -1149.42501 +-          0.54259       0.5293       0 [    7]      (   0)        8349504

       1.6         1.7   0.1             NLO.QT.32.CT.QCD              -955.549501 +-         0.452679
--------------------------------------------------------------------------------------------------------------------------------------------------------------
       1.6         1.7   0.1             ud~_epvebb~                   -955.549501 +-         0.452679       0.5231       0 [    7]      (   0)        8349504

       1.6         1.7   0.15            NLO.QT.32.CT.QCD              -850.424977 +-         0.403929
--------------------------------------------------------------------------------------------------------------------------------------------------------------
       1.6         1.7   0.15            ud~_epvebb~                   -850.424977 +-         0.403929       0.5191       0 [    7]      (   0)        8349504

       1.6         1.7   0.2             NLO.QT.32.CT.QCD              -779.547007 +-         0.371061
--------------------------------------------------------------------------------------------------------------------------------------------------------------
       1.6         1.7   0.2             ud~_epvebb~                   -779.547007 +-         0.371061       0.5160       0 [    7]      (   0)        8349504

       1.6         1.7   0.25            NLO.QT.32.CT.QCD              -726.690086 +-         0.346549
--------------------------------------------------------------------------------------------------------------------------------------------------------------
       1.6         1.7   0.25            ud~_epvebb~                   -726.690086 +-         0.346549       0.5134       0 [    7]      (   0)        8349504

       1.6         1.7   0.5             NLO.QT.32.CT.QCD              -574.316611 +-         0.275881
--------------------------------------------------------------------------------------------------------------------------------------------------------------
       1.6         1.7   0.5             ud~_epvebb~                   -574.316611 +-         0.275881       0.5046       0 [    7]      (   0)        8349504

==============================================================================================================================================================

       1.7         1.8   0.01            NLO.QT.32.CT.QCD              -1646.85814 +-          0.77799
--------------------------------------------------------------------------------------------------------------------------------------------------------------
       1.7         1.8   0.01            ud~_epvebb~                   -1646.85814 +-          0.77799        1.550       0 [    7]      (   0)        8238155

       1.7         1.8   0.05            NLO.QT.32.CT.QCD              -1134.23657 +-          0.53877
--------------------------------------------------------------------------------------------------------------------------------------------------------------
       1.7         1.8   0.05            ud~_epvebb~                   -1134.23657 +-          0.53877        1.526       0 [    7]      (   0)        8238155

       1.7         1.8   0.1             NLO.QT.32.CT.QCD              -942.797680 +-         0.449447
--------------------------------------------------------------------------------------------------------------------------------------------------------------
       1.7         1.8   0.1             ud~_epvebb~                   -942.797680 +-         0.449447        1.511       0 [    7]      (   0)        8238155

       1.7         1.8   0.15            NLO.QT.32.CT.QCD              -839.000653 +-         0.401022
--------------------------------------------------------------------------------------------------------------------------------------------------------------
       1.7         1.8   0.15            ud~_epvebb~                   -839.000653 +-         0.401022        1.500       0 [    7]      (   0)        8238155

       1.7         1.8   0.2             NLO.QT.32.CT.QCD              -769.020760 +-         0.368374
--------------------------------------------------------------------------------------------------------------------------------------------------------------
       1.7         1.8   0.2             ud~_epvebb~                   -769.020760 +-         0.368374        1.492       0 [    7]      (   0)        8238155

       1.7         1.8   0.25            NLO.QT.32.CT.QCD              -716.835407 +-         0.344028
--------------------------------------------------------------------------------------------------------------------------------------------------------------
       1.7         1.8   0.25            ud~_epvebb~                   -716.835407 +-         0.344028        1.484       0 [    7]      (   0)        8238155

       1.7         1.8   0.5             NLO.QT.32.CT.QCD              -566.408499 +-         0.273842
--------------------------------------------------------------------------------------------------------------------------------------------------------------
       1.7         1.8   0.5             ud~_epvebb~                   -566.408499 +-         0.273842        1.457       0 [    7]      (   0)        8238155

==============================================================================================================================================================

       1.8         1.9   0.01            NLO.QT.32.CT.QCD              -1623.18056 +-          0.77269
--------------------------------------------------------------------------------------------------------------------------------------------------------------
       1.8         1.9   0.01            ud~_epvebb~                   -1623.18056 +-          0.77269       0.3726       0 [    7]      (   0)        8115008

       1.8         1.9   0.05            NLO.QT.32.CT.QCD              -1117.62206 +-          0.53497
--------------------------------------------------------------------------------------------------------------------------------------------------------------
       1.8         1.9   0.05            ud~_epvebb~                   -1117.62206 +-          0.53497       0.3949       0 [    7]      (   0)        8115008

       1.8         1.9   0.1             NLO.QT.32.CT.QCD              -928.843361 +-         0.446219
--------------------------------------------------------------------------------------------------------------------------------------------------------------
       1.8         1.9   0.1             ud~_epvebb~                   -928.843361 +-         0.446219       0.4081       0 [    7]      (   0)        8115008

       1.8         1.9   0.15            NLO.QT.32.CT.QCD              -826.495918 +-         0.398107
--------------------------------------------------------------------------------------------------------------------------------------------------------------
       1.8         1.9   0.15            ud~_epvebb~                   -826.495918 +-         0.398107       0.4173       0 [    7]      (   0)        8115008

       1.8         1.9   0.2             NLO.QT.32.CT.QCD              -757.496831 +-         0.365673
--------------------------------------------------------------------------------------------------------------------------------------------------------------
       1.8         1.9   0.2             ud~_epvebb~                   -757.496831 +-         0.365673       0.4246       0 [    7]      (   0)        8115008

       1.8         1.9   0.25            NLO.QT.32.CT.QCD              -706.044986 +-         0.341487
--------------------------------------------------------------------------------------------------------------------------------------------------------------
       1.8         1.9   0.25            ud~_epvebb~                   -706.044986 +-         0.341487       0.4308       0 [    7]      (   0)        8115008

       1.8         1.9   0.5             NLO.QT.32.CT.QCD              -557.744640 +-         0.271770
--------------------------------------------------------------------------------------------------------------------------------------------------------------
       1.8         1.9   0.5             ud~_epvebb~                   -557.744640 +-         0.271770       0.4535       0 [    7]      (   0)        8115008

==============================================================================================================================================================

       1.9           2   0.01            NLO.QT.32.CT.QCD              -1596.48131 +-          0.76857
--------------------------------------------------------------------------------------------------------------------------------------------------------------
       1.9           2   0.01            ud~_epvebb~                   -1596.48131 +-          0.76857       0.7028       0 [    7]      (   0)        7983594

       1.9           2   0.05            NLO.QT.32.CT.QCD              -1098.91628 +-          0.53194
--------------------------------------------------------------------------------------------------------------------------------------------------------------
       1.9           2   0.05            ud~_epvebb~                   -1098.91628 +-          0.53194       0.6973       0 [    7]      (   0)        7983594

       1.9           2   0.1             NLO.QT.32.CT.QCD              -913.145993 +-         0.443609
--------------------------------------------------------------------------------------------------------------------------------------------------------------
       1.9           2   0.1             ud~_epvebb~                   -913.145993 +-         0.443609       0.6936       0 [    7]      (   0)        7983594

       1.9           2   0.15            NLO.QT.32.CT.QCD              -812.437168 +-         0.395731
--------------------------------------------------------------------------------------------------------------------------------------------------------------
       1.9           2   0.15            ud~_epvebb~                   -812.437168 +-         0.395731       0.6910       0 [    7]      (   0)        7983594

       1.9           2   0.2             NLO.QT.32.CT.QCD              -744.546448 +-         0.363456
--------------------------------------------------------------------------------------------------------------------------------------------------------------
       1.9           2   0.2             ud~_epvebb~                   -744.546448 +-         0.363456       0.6888       0 [    7]      (   0)        7983594

       1.9           2   0.25            NLO.QT.32.CT.QCD              -693.923307 +-         0.339391
--------------------------------------------------------------------------------------------------------------------------------------------------------------
       1.9           2   0.25            ud~_epvebb~                   -693.923307 +-         0.339391       0.6869       0 [    7]      (   0)        7983594

       1.9           2   0.5             NLO.QT.32.CT.QCD              -548.024332 +-         0.270030
--------------------------------------------------------------------------------------------------------------------------------------------------------------
       1.9           2   0.5             ud~_epvebb~                   -548.024332 +-         0.270030       0.6797       0 [    7]      (   0)        7983594

==============================================================================================================================================================

         2         2.1   0.01            NLO.QT.32.CT.QCD              -1566.08547 +-          0.75912
--------------------------------------------------------------------------------------------------------------------------------------------------------------
         2         2.1   0.01            ud~_epvebb~                   -1566.08547 +-          0.75912       0.7563       0 [    7]      (   0)        7831440

         2         2.1   0.05            NLO.QT.32.CT.QCD              -1077.66551 +-          0.52532
--------------------------------------------------------------------------------------------------------------------------------------------------------------
         2         2.1   0.05            ud~_epvebb~                   -1077.66551 +-          0.52532       0.7756       0 [    7]      (   0)        7831440

         2         2.1   0.1             NLO.QT.32.CT.QCD              -895.333615 +-         0.438067
--------------------------------------------------------------------------------------------------------------------------------------------------------------
         2         2.1   0.1             ud~_epvebb~                   -895.333615 +-         0.438067       0.7874       0 [    7]      (   0)        7831440

         2         2.1   0.15            NLO.QT.32.CT.QCD              -796.496525 +-         0.390771
--------------------------------------------------------------------------------------------------------------------------------------------------------------
         2         2.1   0.15            ud~_epvebb~                   -796.496525 +-         0.390771       0.7957       0 [    7]      (   0)        7831440

         2         2.1   0.2             NLO.QT.32.CT.QCD              -729.871330 +-         0.358891
--------------------------------------------------------------------------------------------------------------------------------------------------------------
         2         2.1   0.2             ud~_epvebb~                   -729.871330 +-         0.358891       0.8023       0 [    7]      (   0)        7831440

         2         2.1   0.25            NLO.QT.32.CT.QCD              -680.194081 +-         0.335120
--------------------------------------------------------------------------------------------------------------------------------------------------------------
         2         2.1   0.25            ud~_epvebb~                   -680.194081 +-         0.335120       0.8080       0 [    7]      (   0)        7831440

         2         2.1   0.5             NLO.QT.32.CT.QCD              -537.034240 +-         0.266615
--------------------------------------------------------------------------------------------------------------------------------------------------------------
         2         2.1   0.5             ud~_epvebb~                   -537.034240 +-         0.266615       0.8294       0 [    7]      (   0)        7831440

==============================================================================================================================================================

       2.1         2.2   0.01            NLO.QT.32.CT.QCD              -1537.34702 +-          0.75285
--------------------------------------------------------------------------------------------------------------------------------------------------------------
       2.1         2.2   0.01            ud~_epvebb~                   -1537.34702 +-          0.75285        1.242       0 [    7]      (   0)        7681016

       2.1         2.2   0.05            NLO.QT.32.CT.QCD              -1057.57431 +-          0.52087
--------------------------------------------------------------------------------------------------------------------------------------------------------------
       2.1         2.2   0.05            ud~_epvebb~                   -1057.57431 +-          0.52087        1.228       0 [    7]      (   0)        7681016

       2.1         2.2   0.1             NLO.QT.32.CT.QCD              -878.493588 +-         0.434299
--------------------------------------------------------------------------------------------------------------------------------------------------------------
       2.1         2.2   0.1             ud~_epvebb~                   -878.493588 +-         0.434299        1.220       0 [    7]      (   0)        7681016

       2.1         2.2   0.15            NLO.QT.32.CT.QCD              -781.426292 +-         0.387380
--------------------------------------------------------------------------------------------------------------------------------------------------------------
       2.1         2.2   0.15            ud~_epvebb~                   -781.426292 +-         0.387380        1.214       0 [    7]      (   0)        7681016

       2.1         2.2   0.2             NLO.QT.32.CT.QCD              -715.997686 +-         0.355755
--------------------------------------------------------------------------------------------------------------------------------------------------------------
       2.1         2.2   0.2             ud~_epvebb~                   -715.997686 +-         0.355755        1.209       0 [    7]      (   0)        7681016

       2.1         2.2   0.25            NLO.QT.32.CT.QCD              -667.214798 +-         0.332176
--------------------------------------------------------------------------------------------------------------------------------------------------------------
       2.1         2.2   0.25            ud~_epvebb~                   -667.214798 +-         0.332176        1.205       0 [    7]      (   0)        7681016

       2.1         2.2   0.5             NLO.QT.32.CT.QCD              -526.644836 +-         0.264229
--------------------------------------------------------------------------------------------------------------------------------------------------------------
       2.1         2.2   0.5             ud~_epvebb~                   -526.644836 +-         0.264229        1.189       0 [    7]      (   0)        7681016

==============================================================================================================================================================

       2.2         2.3   0.01            NLO.QT.32.CT.QCD              -1503.44636 +-          0.74544
--------------------------------------------------------------------------------------------------------------------------------------------------------------
       2.2         2.3   0.01            ud~_epvebb~                   -1503.44636 +-          0.74544       0.3595       0 [    7]      (   0)        7502452

       2.2         2.3   0.05            NLO.QT.32.CT.QCD              -1033.85673 +-          0.51556
--------------------------------------------------------------------------------------------------------------------------------------------------------------
       2.2         2.3   0.05            ud~_epvebb~                   -1033.85673 +-          0.51556       0.3725       0 [    7]      (   0)        7502452

       2.2         2.3   0.1             NLO.QT.32.CT.QCD              -858.605932 +-         0.429798
--------------------------------------------------------------------------------------------------------------------------------------------------------------
       2.2         2.3   0.1             ud~_epvebb~                   -858.605932 +-         0.429798       0.3805       0 [    7]      (   0)        7502452

       2.2         2.3   0.15            NLO.QT.32.CT.QCD              -763.623903 +-         0.383320
--------------------------------------------------------------------------------------------------------------------------------------------------------------
       2.2         2.3   0.15            ud~_epvebb~                   -763.623903 +-         0.383320       0.3862       0 [    7]      (   0)        7502452

       2.2         2.3   0.2             NLO.QT.32.CT.QCD              -699.605386 +-         0.351995
--------------------------------------------------------------------------------------------------------------------------------------------------------------
       2.2         2.3   0.2             ud~_epvebb~                   -699.605386 +-         0.351995       0.3908       0 [    7]      (   0)        7502452

       2.2         2.3   0.25            NLO.QT.32.CT.QCD              -651.876558 +-         0.328641
--------------------------------------------------------------------------------------------------------------------------------------------------------------
       2.2         2.3   0.25            ud~_epvebb~                   -651.876558 +-         0.328641       0.3948       0 [    7]      (   0)        7502452

       2.2         2.3   0.5             NLO.QT.32.CT.QCD              -514.359629 +-         0.261352
--------------------------------------------------------------------------------------------------------------------------------------------------------------
       2.2         2.3   0.5             ud~_epvebb~                   -514.359629 +-         0.261352       0.4096       0 [    7]      (   0)        7502452

==============================================================================================================================================================

       2.3         2.4   0.01            NLO.QT.32.CT.QCD              -1467.20273 +-          0.73630
--------------------------------------------------------------------------------------------------------------------------------------------------------------
       2.3         2.4   0.01            ud~_epvebb~                   -1467.20273 +-          0.73630       0.2455       0 [    7]      (   0)        7324955

       2.3         2.4   0.05            NLO.QT.32.CT.QCD              -1008.60150 +-          0.50912
--------------------------------------------------------------------------------------------------------------------------------------------------------------
       2.3         2.4   0.05            ud~_epvebb~                   -1008.60150 +-          0.50912       0.2685       0 [    7]      (   0)        7324955

       2.3         2.4   0.1             NLO.QT.32.CT.QCD              -837.475798 +-         0.424378
--------------------------------------------------------------------------------------------------------------------------------------------------------------
       2.3         2.4   0.1             ud~_epvebb~                   -837.475798 +-         0.424378       0.2817       0 [    7]      (   0)        7324955

       2.3         2.4   0.15            NLO.QT.32.CT.QCD              -744.737288 +-         0.378457
--------------------------------------------------------------------------------------------------------------------------------------------------------------
       2.3         2.4   0.15            ud~_epvebb~                   -744.737288 +-         0.378457       0.2906       0 [    7]      (   0)        7324955

       2.3         2.4   0.2             NLO.QT.32.CT.QCD              -682.234688 +-         0.347509
--------------------------------------------------------------------------------------------------------------------------------------------------------------
       2.3         2.4   0.2             ud~_epvebb~                   -682.234688 +-         0.347509       0.2977       0 [    7]      (   0)        7324955

       2.3         2.4   0.25            NLO.QT.32.CT.QCD              -635.638318 +-         0.324437
--------------------------------------------------------------------------------------------------------------------------------------------------------------
       2.3         2.4   0.25            ud~_epvebb~                   -635.638318 +-         0.324437       0.3037       0 [    7]      (   0)        7324955

       2.3         2.4   0.5             NLO.QT.32.CT.QCD              -501.397391 +-         0.257967
--------------------------------------------------------------------------------------------------------------------------------------------------------------
       2.3         2.4   0.5             ud~_epvebb~                   -501.397391 +-         0.257967       0.3251       0 [    7]      (   0)        7324955

==============================================================================================================================================================

       2.4         2.5   0.01            NLO.QT.32.CT.QCD              -1429.07041 +-          0.72717
--------------------------------------------------------------------------------------------------------------------------------------------------------------
       2.4         2.5   0.01            ud~_epvebb~                   -1429.07041 +-          0.72717       0.3671       0 [    7]      (   0)        7126722

       2.4         2.5   0.05            NLO.QT.32.CT.QCD              -981.989345 +-         0.502630
--------------------------------------------------------------------------------------------------------------------------------------------------------------
       2.4         2.5   0.05            ud~_epvebb~                   -981.989345 +-         0.502630       0.3619       0 [    7]      (   0)        7126722

       2.4         2.5   0.1             NLO.QT.32.CT.QCD              -815.191450 +-         0.418885
--------------------------------------------------------------------------------------------------------------------------------------------------------------
       2.4         2.5   0.1             ud~_epvebb~                   -815.191450 +-         0.418885       0.3595       0 [    7]      (   0)        7126722

       2.4         2.5   0.15            NLO.QT.32.CT.QCD              -724.807684 +-         0.373511
--------------------------------------------------------------------------------------------------------------------------------------------------------------
       2.4         2.5   0.15            ud~_epvebb~                   -724.807684 +-         0.373511       0.3581       0 [    7]      (   0)        7126722

       2.4         2.5   0.2             NLO.QT.32.CT.QCD              -663.896630 +-         0.342935
--------------------------------------------------------------------------------------------------------------------------------------------------------------
       2.4         2.5   0.2             ud~_epvebb~                   -663.896630 +-         0.342935       0.3571       0 [    7]      (   0)        7126722

       2.4         2.5   0.25            NLO.QT.32.CT.QCD              -618.489497 +-         0.320142
--------------------------------------------------------------------------------------------------------------------------------------------------------------
       2.4         2.5   0.25            ud~_epvebb~                   -618.489497 +-         0.320142       0.3564       0 [    7]      (   0)        7126722

       2.4         2.5   0.5             NLO.QT.32.CT.QCD              -487.690474 +-         0.254484
--------------------------------------------------------------------------------------------------------------------------------------------------------------
       2.4         2.5   0.5             ud~_epvebb~                   -487.690474 +-         0.254484       0.3545       0 [    7]      (   0)        7126722

==============================================================================================================================================================

       2.5         2.6   0.01            NLO.QT.32.CT.QCD              -1387.38359 +-          0.71737
--------------------------------------------------------------------------------------------------------------------------------------------------------------
       2.5         2.6   0.01            ud~_epvebb~                   -1387.38359 +-          0.71737       0.8125       0 [    7]      (   0)        6913205

       2.5         2.6   0.05            NLO.QT.32.CT.QCD              -952.932498 +-         0.495667
--------------------------------------------------------------------------------------------------------------------------------------------------------------
       2.5         2.6   0.05            ud~_epvebb~                   -952.932498 +-         0.495667       0.8424       0 [    7]      (   0)        6913205

       2.5         2.6   0.1             NLO.QT.32.CT.QCD              -790.876616 +-         0.412996
--------------------------------------------------------------------------------------------------------------------------------------------------------------
       2.5         2.6   0.1             ud~_epvebb~                   -790.876616 +-         0.412996       0.8599       0 [    7]      (   0)        6913205

       2.5         2.6   0.15            NLO.QT.32.CT.QCD              -703.072098 +-         0.368210
--------------------------------------------------------------------------------------------------------------------------------------------------------------
       2.5         2.6   0.15            ud~_epvebb~                   -703.072098 +-         0.368210       0.8719       0 [    7]      (   0)        6913205

       2.5         2.6   0.2             NLO.QT.32.CT.QCD              -643.903910 +-         0.338032
--------------------------------------------------------------------------------------------------------------------------------------------------------------
       2.5         2.6   0.2             ud~_epvebb~                   -643.903910 +-         0.338032       0.8814       0 [    7]      (   0)        6913205

       2.5         2.6   0.25            NLO.QT.32.CT.QCD              -599.798836 +-         0.315538
--------------------------------------------------------------------------------------------------------------------------------------------------------------
       2.5         2.6   0.25            ud~_epvebb~                   -599.798836 +-         0.315538       0.8895       0 [    7]      (   0)        6913205

       2.5         2.6   0.5             NLO.QT.32.CT.QCD              -472.766790 +-         0.250751
--------------------------------------------------------------------------------------------------------------------------------------------------------------
       2.5         2.6   0.5             ud~_epvebb~                   -472.766790 +-         0.250751       0.9187       0 [    7]      (   0)        6913205

==============================================================================================================================================================

       2.6         2.7   0.01            NLO.QT.32.CT.QCD              -1343.18938 +-          0.70601
--------------------------------------------------------------------------------------------------------------------------------------------------------------
       2.6         2.7   0.01            ud~_epvebb~                   -1343.18938 +-          0.70601        1.093       0 [    7]      (   0)        6695128

       2.6         2.7   0.05            NLO.QT.32.CT.QCD              -922.136450 +-         0.487631
--------------------------------------------------------------------------------------------------------------------------------------------------------------
       2.6         2.7   0.05            ud~_epvebb~                   -922.136450 +-         0.487631        1.119       0 [    7]      (   0)        6695128

       2.6         2.7   0.1             NLO.QT.32.CT.QCD              -765.110360 +-         0.406217
--------------------------------------------------------------------------------------------------------------------------------------------------------------
       2.6         2.7   0.1             ud~_epvebb~                   -765.110360 +-         0.406217        1.134       0 [    7]      (   0)        6695128

       2.6         2.7   0.15            NLO.QT.32.CT.QCD              -680.041410 +-         0.362117
--------------------------------------------------------------------------------------------------------------------------------------------------------------
       2.6         2.7   0.15            ud~_epvebb~                   -680.041410 +-         0.362117        1.144       0 [    7]      (   0)        6695128

       2.6         2.7   0.2             NLO.QT.32.CT.QCD              -622.721619 +-         0.332405
--------------------------------------------------------------------------------------------------------------------------------------------------------------
       2.6         2.7   0.2             ud~_epvebb~                   -622.721619 +-         0.332405        1.152       0 [    7]      (   0)        6695128

       2.6         2.7   0.25            NLO.QT.32.CT.QCD              -579.997384 +-         0.310259
--------------------------------------------------------------------------------------------------------------------------------------------------------------
       2.6         2.7   0.25            ud~_epvebb~                   -579.997384 +-         0.310259        1.158       0 [    7]      (   0)        6695128

       2.6         2.7   0.5             NLO.QT.32.CT.QCD              -456.959896 +-         0.246486
--------------------------------------------------------------------------------------------------------------------------------------------------------------
       2.6         2.7   0.5             ud~_epvebb~                   -456.959896 +-         0.246486        1.181       0 [    7]      (   0)        6695128

==============================================================================================================================================================

       2.7         2.8   0.01            NLO.QT.32.CT.QCD              -1296.97936 +-          0.69455
--------------------------------------------------------------------------------------------------------------------------------------------------------------
       2.7         2.8   0.01            ud~_epvebb~                   -1296.97936 +-          0.69455       0.9778       0 [    7]      (   0)        6461445

       2.7         2.8   0.05            NLO.QT.32.CT.QCD              -890.013694 +-         0.479546
--------------------------------------------------------------------------------------------------------------------------------------------------------------
       2.7         2.8   0.05            ud~_epvebb~                   -890.013694 +-         0.479546       0.9744       0 [    7]      (   0)        6461445

       2.7         2.8   0.1             NLO.QT.32.CT.QCD              -738.270230 +-         0.399405
--------------------------------------------------------------------------------------------------------------------------------------------------------------
       2.7         2.8   0.1             ud~_epvebb~                   -738.270230 +-         0.399405       0.9720       0 [    7]      (   0)        6461445

       2.7         2.8   0.15            NLO.QT.32.CT.QCD              -656.072483 +-         0.356000
--------------------------------------------------------------------------------------------------------------------------------------------------------------
       2.7         2.8   0.15            ud~_epvebb~                   -656.072483 +-         0.356000       0.9701       0 [    7]      (   0)        6461445

       2.7         2.8   0.2             NLO.QT.32.CT.QCD              -600.691831 +-         0.326759
--------------------------------------------------------------------------------------------------------------------------------------------------------------
       2.7         2.8   0.2             ud~_epvebb~                   -600.691831 +-         0.326759       0.9685       0 [    7]      (   0)        6461445

       2.7         2.8   0.25            NLO.QT.32.CT.QCD              -559.415681 +-         0.304966
--------------------------------------------------------------------------------------------------------------------------------------------------------------
       2.7         2.8   0.25            ud~_epvebb~                   -559.415681 +-         0.304966       0.9671       0 [    7]      (   0)        6461445

       2.7         2.8   0.5             NLO.QT.32.CT.QCD              -440.564143 +-         0.242215
--------------------------------------------------------------------------------------------------------------------------------------------------------------
       2.7         2.8   0.5             ud~_epvebb~                   -440.564143 +-         0.242215       0.9614       0 [    7]      (   0)        6461445

==============================================================================================================================================================

       2.8         2.9   0.01            NLO.QT.32.CT.QCD              -1247.60666 +-          0.68194
--------------------------------------------------------------------------------------------------------------------------------------------------------------
       2.8         2.9   0.01            ud~_epvebb~                   -1247.60666 +-          0.68194       0.7904       0 [    7]      (   0)        6207842

       2.8         2.9   0.05            NLO.QT.32.CT.QCD              -855.715146 +-         0.470613
--------------------------------------------------------------------------------------------------------------------------------------------------------------
       2.8         2.9   0.05            ud~_epvebb~                   -855.715146 +-         0.470613       0.7968       0 [    7]      (   0)        6207842

       2.8         2.9   0.1             NLO.QT.32.CT.QCD              -709.622684 +-         0.391864
--------------------------------------------------------------------------------------------------------------------------------------------------------------
       2.8         2.9   0.1             ud~_epvebb~                   -709.622684 +-         0.391864       0.7998       0 [    7]      (   0)        6207842

       2.8         2.9   0.15            NLO.QT.32.CT.QCD              -630.495811 +-         0.349220
--------------------------------------------------------------------------------------------------------------------------------------------------------------
       2.8         2.9   0.15            ud~_epvebb~                   -630.495811 +-         0.349220       0.8015       0 [    7]      (   0)        6207842

       2.8         2.9   0.2             NLO.QT.32.CT.QCD              -577.188890 +-         0.320494
--------------------------------------------------------------------------------------------------------------------------------------------------------------
       2.8         2.9   0.2             ud~_epvebb~                   -577.188890 +-         0.320494       0.8028       0 [    7]      (   0)        6207842

       2.8         2.9   0.25            NLO.QT.32.CT.QCD              -537.461177 +-         0.299086
--------------------------------------------------------------------------------------------------------------------------------------------------------------
       2.8         2.9   0.25            ud~_epvebb~                   -537.461177 +-         0.299086       0.8037       0 [    7]      (   0)        6207842

       2.8         2.9   0.5             NLO.QT.32.CT.QCD              -423.084759 +-         0.237458
--------------------------------------------------------------------------------------------------------------------------------------------------------------
       2.8         2.9   0.5             ud~_epvebb~                   -423.084759 +-         0.237458       0.8062       0 [    7]      (   0)        6207842

==============================================================================================================================================================

       2.9           3   0.01            NLO.QT.32.CT.QCD              -1196.88113 +-          0.66860
--------------------------------------------------------------------------------------------------------------------------------------------------------------
       2.9           3   0.01            ud~_epvebb~                   -1196.88113 +-          0.66860       0.3669       0 [    7]      (   0)        5954184

       2.9           3   0.05            NLO.QT.32.CT.QCD              -820.438037 +-         0.461175
--------------------------------------------------------------------------------------------------------------------------------------------------------------
       2.9           3   0.05            ud~_epvebb~                   -820.438037 +-         0.461175       0.3657       0 [    7]      (   0)        5954184

       2.9           3   0.1             NLO.QT.32.CT.QCD              -680.139778 +-         0.383901
--------------------------------------------------------------------------------------------------------------------------------------------------------------
       2.9           3   0.1             ud~_epvebb~                   -680.139778 +-         0.383901       0.3661       0 [    7]      (   0)        5954184

       2.9           3   0.15            NLO.QT.32.CT.QCD              -604.162527 +-         0.342061
--------------------------------------------------------------------------------------------------------------------------------------------------------------
       2.9           3   0.15            ud~_epvebb~                   -604.162527 +-         0.342061       0.3669       0 [    7]      (   0)        5954184

       2.9           3   0.2             NLO.QT.32.CT.QCD              -552.982962 +-         0.313880
--------------------------------------------------------------------------------------------------------------------------------------------------------------
       2.9           3   0.2             ud~_epvebb~                   -552.982962 +-         0.313880       0.3677       0 [    7]      (   0)        5954184

       2.9           3   0.25            NLO.QT.32.CT.QCD              -514.843994 +-         0.292881
--------------------------------------------------------------------------------------------------------------------------------------------------------------
       2.9           3   0.25            ud~_epvebb~                   -514.843994 +-         0.292881       0.3686       0 [    7]      (   0)        5954184

       2.9           3   0.5             NLO.QT.32.CT.QCD              -405.060749 +-         0.232440
--------------------------------------------------------------------------------------------------------------------------------------------------------------
       2.9           3   0.5             ud~_epvebb~                   -405.060749 +-         0.232440       0.3730       0 [    7]      (   0)        5954184

==============================================================================================================================================================

         3         3.1   0.01            NLO.QT.32.CT.QCD              -1142.33265 +-          0.65382
--------------------------------------------------------------------------------------------------------------------------------------------------------------
         3         3.1   0.01            ud~_epvebb~                   -1142.33265 +-          0.65382       0.7367       0 [    7]      (   0)        5682430

         3         3.1   0.05            NLO.QT.32.CT.QCD              -782.620611 +-         0.450774
--------------------------------------------------------------------------------------------------------------------------------------------------------------
         3         3.1   0.05            ud~_epvebb~                   -782.620611 +-         0.450774       0.7716       0 [    7]      (   0)        5682430

         3         3.1   0.1             NLO.QT.32.CT.QCD              -648.588766 +-         0.375149
--------------------------------------------------------------------------------------------------------------------------------------------------------------
         3         3.1   0.1             ud~_epvebb~                   -648.588766 +-         0.375149       0.7917       0 [    7]      (   0)        5682430

         3         3.1   0.15            NLO.QT.32.CT.QCD              -576.014983 +-         0.334209
--------------------------------------------------------------------------------------------------------------------------------------------------------------
         3         3.1   0.15            ud~_epvebb~                   -576.014983 +-         0.334209       0.8054       0 [    7]      (   0)        5682430

         3         3.1   0.2             NLO.QT.32.CT.QCD              -527.132862 +-         0.306636
--------------------------------------------------------------------------------------------------------------------------------------------------------------
         3         3.1   0.2             ud~_epvebb~                   -527.132862 +-         0.306636       0.8162       0 [    7]      (   0)        5682430

         3         3.1   0.25            NLO.QT.32.CT.QCD              -490.708843 +-         0.286093
--------------------------------------------------------------------------------------------------------------------------------------------------------------
         3         3.1   0.25            ud~_epvebb~                   -490.708843 +-         0.286093       0.8253       0 [    7]      (   0)        5682430

         3         3.1   0.5             NLO.QT.32.CT.QCD              -385.878882 +-         0.226972
--------------------------------------------------------------------------------------------------------------------------------------------------------------
         3         3.1   0.5             ud~_epvebb~                   -385.878882 +-         0.226972       0.8582       0 [    7]      (   0)        5682430

==============================================================================================================================================================

       3.1         3.2   0.01            NLO.QT.32.CT.QCD              -1086.28059 +-          0.63816
--------------------------------------------------------------------------------------------------------------------------------------------------------------
       3.1         3.2   0.01            ud~_epvebb~                   -1086.28059 +-          0.63816        2.034       0 [    7]      (   0)        5405718

       3.1         3.2   0.05            NLO.QT.32.CT.QCD              -743.741904 +-         0.439708
--------------------------------------------------------------------------------------------------------------------------------------------------------------
       3.1         3.2   0.05            ud~_epvebb~                   -743.741904 +-         0.439708        2.048       0 [    7]      (   0)        5405718

       3.1         3.2   0.1             NLO.QT.32.CT.QCD              -616.143537 +-         0.365815
--------------------------------------------------------------------------------------------------------------------------------------------------------------
       3.1         3.2   0.1             ud~_epvebb~                   -616.143537 +-         0.365815        2.054       0 [    7]      (   0)        5405718

       3.1         3.2   0.15            NLO.QT.32.CT.QCD              -547.064407 +-         0.325820
--------------------------------------------------------------------------------------------------------------------------------------------------------------
       3.1         3.2   0.15            ud~_epvebb~                   -547.064407 +-         0.325820        2.058       0 [    7]      (   0)        5405718

       3.1         3.2   0.2             NLO.QT.32.CT.QCD              -500.541501 +-         0.298888
--------------------------------------------------------------------------------------------------------------------------------------------------------------
       3.1         3.2   0.2             ud~_epvebb~                   -500.541501 +-         0.298888        2.061       0 [    7]      (   0)        5405718

       3.1         3.2   0.25            NLO.QT.32.CT.QCD              -465.878670 +-         0.278824
--------------------------------------------------------------------------------------------------------------------------------------------------------------
       3.1         3.2   0.25            ud~_epvebb~                   -465.878670 +-         0.278824        2.063       0 [    7]      (   0)        5405718

       3.1         3.2   0.5             NLO.QT.32.CT.QCD              -366.136303 +-         0.221096
--------------------------------------------------------------------------------------------------------------------------------------------------------------
       3.1         3.2   0.5             ud~_epvebb~                   -366.136303 +-         0.221096        2.069       0 [    7]      (   0)        5405718

==============================================================================================================================================================

       3.2         3.3   0.01            NLO.QT.32.CT.QCD              -1028.95454 +-          0.62194
--------------------------------------------------------------------------------------------------------------------------------------------------------------
       3.2         3.3   0.01            ud~_epvebb~                   -1028.95454 +-          0.62194        1.948       0 [    7]      (   0)        5115841

       3.2         3.3   0.05            NLO.QT.32.CT.QCD              -704.053663 +-         0.428317
--------------------------------------------------------------------------------------------------------------------------------------------------------------
       3.2         3.3   0.05            ud~_epvebb~                   -704.053663 +-         0.428317        1.944       0 [    7]      (   0)        5115841

       3.2         3.3   0.1             NLO.QT.32.CT.QCD              -583.057252 +-         0.356243
--------------------------------------------------------------------------------------------------------------------------------------------------------------
       3.2         3.3   0.1             ud~_epvebb~                   -583.057252 +-         0.356243        1.940       0 [    7]      (   0)        5115841

       3.2         3.3   0.15            NLO.QT.32.CT.QCD              -517.562526 +-         0.317239
--------------------------------------------------------------------------------------------------------------------------------------------------------------
       3.2         3.3   0.15            ud~_epvebb~                   -517.562526 +-         0.317239        1.936       0 [    7]      (   0)        5115841

       3.2         3.3   0.2             NLO.QT.32.CT.QCD              -473.458569 +-         0.290977
--------------------------------------------------------------------------------------------------------------------------------------------------------------
       3.2         3.3   0.2             ud~_epvebb~                   -473.458569 +-         0.290977        1.933       0 [    7]      (   0)        5115841

       3.2         3.3   0.25            NLO.QT.32.CT.QCD              -440.601008 +-         0.271413
--------------------------------------------------------------------------------------------------------------------------------------------------------------
       3.2         3.3   0.25            ud~_epvebb~                   -440.601008 +-         0.271413        1.930       0 [    7]      (   0)        5115841

       3.2         3.3   0.5             NLO.QT.32.CT.QCD              -346.070603 +-         0.215136
--------------------------------------------------------------------------------------------------------------------------------------------------------------
       3.2         3.3   0.5             ud~_epvebb~                   -346.070603 +-         0.215136        1.917       0 [    7]      (   0)        5115841

==============================================================================================================================================================

       3.3         3.4   0.01            NLO.QT.32.CT.QCD              -969.917185 +-         0.604363
--------------------------------------------------------------------------------------------------------------------------------------------------------------
       3.3         3.4   0.01            ud~_epvebb~                   -969.917185 +-         0.604363       0.4664       0 [    7]      (   0)        4822624

       3.3         3.4   0.05            NLO.QT.32.CT.QCD              -663.220433 +-         0.415975
--------------------------------------------------------------------------------------------------------------------------------------------------------------
       3.3         3.4   0.05            ud~_epvebb~                   -663.220433 +-         0.415975       0.4478       0 [    7]      (   0)        4822624

       3.3         3.4   0.1             NLO.QT.32.CT.QCD              -549.035005 +-         0.345870
--------------------------------------------------------------------------------------------------------------------------------------------------------------
       3.3         3.4   0.1             ud~_epvebb~                   -549.035005 +-         0.345870       0.4373       0 [    7]      (   0)        4822624

       3.3         3.4   0.15            NLO.QT.32.CT.QCD              -487.237222 +-         0.307938
--------------------------------------------------------------------------------------------------------------------------------------------------------------
       3.3         3.4   0.15            ud~_epvebb~                   -487.237222 +-         0.307938       0.4303       0 [    7]      (   0)        4822624

       3.3         3.4   0.2             NLO.QT.32.CT.QCD              -445.627706 +-         0.282401
--------------------------------------------------------------------------------------------------------------------------------------------------------------
       3.3         3.4   0.2             ud~_epvebb~                   -445.627706 +-         0.282401       0.4247       0 [    7]      (   0)        4822624

       3.3         3.4   0.25            NLO.QT.32.CT.QCD              -414.631480 +-         0.263380
--------------------------------------------------------------------------------------------------------------------------------------------------------------
       3.3         3.4   0.25            ud~_epvebb~                   -414.631480 +-         0.263380       0.4201       0 [    7]      (   0)        4822624

       3.3         3.4   0.5             NLO.QT.32.CT.QCD              -325.473316 +-         0.208673
--------------------------------------------------------------------------------------------------------------------------------------------------------------
       3.3         3.4   0.5             ud~_epvebb~                   -325.473316 +-         0.208673       0.4038       0 [    7]      (   0)        4822624

==============================================================================================================================================================

       3.4         3.5   0.01            NLO.QT.32.CT.QCD              -908.681455 +-         0.585268
--------------------------------------------------------------------------------------------------------------------------------------------------------------
       3.4         3.5   0.01            ud~_epvebb~                   -908.681455 +-         0.585268       0.7359       0 [    7]      (   0)        4524849

       3.4         3.5   0.05            NLO.QT.32.CT.QCD              -620.802327 +-         0.402505
--------------------------------------------------------------------------------------------------------------------------------------------------------------
       3.4         3.5   0.05            ud~_epvebb~                   -620.802327 +-         0.402505       0.7057       0 [    7]      (   0)        4524849

       3.4         3.5   0.1             NLO.QT.32.CT.QCD              -513.662179 +-         0.334520
--------------------------------------------------------------------------------------------------------------------------------------------------------------
       3.4         3.5   0.1             ud~_epvebb~                   -513.662179 +-         0.334520       0.6888       0 [    7]      (   0)        4524849

       3.4         3.5   0.15            NLO.QT.32.CT.QCD              -455.690041 +-         0.297744
--------------------------------------------------------------------------------------------------------------------------------------------------------------
       3.4         3.5   0.15            ud~_epvebb~                   -455.690041 +-         0.297744       0.6775       0 [    7]      (   0)        4524849

       3.4         3.5   0.2             NLO.QT.32.CT.QCD              -416.662544 +-         0.272990
--------------------------------------------------------------------------------------------------------------------------------------------------------------
       3.4         3.5   0.2             ud~_epvebb~                   -416.662544 +-         0.272990       0.6686       0 [    7]      (   0)        4524849

       3.4         3.5   0.25            NLO.QT.32.CT.QCD              -387.593446 +-         0.254554
--------------------------------------------------------------------------------------------------------------------------------------------------------------
       3.4         3.5   0.25            ud~_epvebb~                   -387.593446 +-         0.254554       0.6613       0 [    7]      (   0)        4524849

       3.4         3.5   0.5             NLO.QT.32.CT.QCD              -303.999983 +-         0.201548
--------------------------------------------------------------------------------------------------------------------------------------------------------------
       3.4         3.5   0.5             ud~_epvebb~                   -303.999983 +-         0.201548       0.6354       0 [    7]      (   0)        4524849

==============================================================================================================================================================

       3.5         3.6   0.01            NLO.QT.32.CT.QCD              -848.008156 +-         0.566032
--------------------------------------------------------------------------------------------------------------------------------------------------------------
       3.5         3.6   0.01            ud~_epvebb~                   -848.008156 +-         0.566032       0.7802       0 [    7]      (   0)        4221147

       3.5         3.6   0.05            NLO.QT.32.CT.QCD              -578.905512 +-         0.389016
--------------------------------------------------------------------------------------------------------------------------------------------------------------
       3.5         3.6   0.05            ud~_epvebb~                   -578.905512 +-         0.389016       0.8003       0 [    7]      (   0)        4221147

       3.5         3.6   0.1             NLO.QT.32.CT.QCD              -478.785473 +-         0.323192
--------------------------------------------------------------------------------------------------------------------------------------------------------------
       3.5         3.6   0.1             ud~_epvebb~                   -478.785473 +-         0.323192       0.8111       0 [    7]      (   0)        4221147

       3.5         3.6   0.15            NLO.QT.32.CT.QCD              -424.622175 +-         0.287591
--------------------------------------------------------------------------------------------------------------------------------------------------------------
       3.5         3.6   0.15            ud~_epvebb~                   -424.622175 +-         0.287591       0.8181       0 [    7]      (   0)        4221147

       3.5         3.6   0.2             NLO.QT.32.CT.QCD              -388.163842 +-         0.263632
--------------------------------------------------------------------------------------------------------------------------------------------------------------
       3.5         3.6   0.2             ud~_epvebb~                   -388.163842 +-         0.263632       0.8234       0 [    7]      (   0)        4221147

       3.5         3.6   0.25            NLO.QT.32.CT.QCD              -361.011368 +-         0.245790
--------------------------------------------------------------------------------------------------------------------------------------------------------------
       3.5         3.6   0.25            ud~_epvebb~                   -361.011368 +-         0.245790       0.8278       0 [    7]      (   0)        4221147

       3.5         3.6   0.5             NLO.QT.32.CT.QCD              -282.947014 +-         0.194504
--------------------------------------------------------------------------------------------------------------------------------------------------------------
       3.5         3.6   0.5             ud~_epvebb~                   -282.947014 +-         0.194504       0.8426       0 [    7]      (   0)        4221147

==============================================================================================================================================================

       3.6         3.7   0.01            NLO.QT.32.CT.QCD              -785.810823 +-         0.545443
--------------------------------------------------------------------------------------------------------------------------------------------------------------
       3.6         3.7   0.01            ud~_epvebb~                   -785.810823 +-         0.545443        1.377       0 [    7]      (   0)        3919106

       3.6         3.7   0.05            NLO.QT.32.CT.QCD              -535.974956 +-         0.374568
--------------------------------------------------------------------------------------------------------------------------------------------------------------
       3.6         3.7   0.05            ud~_epvebb~                   -535.974956 +-         0.374568        1.395       0 [    7]      (   0)        3919106

       3.6         3.7   0.1             NLO.QT.32.CT.QCD              -443.056958 +-         0.311053
--------------------------------------------------------------------------------------------------------------------------------------------------------------
       3.6         3.7   0.1             ud~_epvebb~                   -443.056958 +-         0.311053        1.405       0 [    7]      (   0)        3919106

       3.6         3.7   0.15            NLO.QT.32.CT.QCD              -392.800771 +-         0.276709
--------------------------------------------------------------------------------------------------------------------------------------------------------------
       3.6         3.7   0.15            ud~_epvebb~                   -392.800771 +-         0.276709        1.411       0 [    7]      (   0)        3919106

       3.6         3.7   0.2             NLO.QT.32.CT.QCD              -358.977673 +-         0.253600
--------------------------------------------------------------------------------------------------------------------------------------------------------------
       3.6         3.7   0.2             ud~_epvebb~                   -358.977673 +-         0.253600        1.415       0 [    7]      (   0)        3919106

       3.6         3.7   0.25            NLO.QT.32.CT.QCD              -333.790986 +-         0.236394
--------------------------------------------------------------------------------------------------------------------------------------------------------------
       3.6         3.7   0.25            ud~_epvebb~                   -333.790986 +-         0.236394        1.419       0 [    7]      (   0)        3919106

       3.6         3.7   0.5             NLO.QT.32.CT.QCD              -261.396823 +-         0.186951
--------------------------------------------------------------------------------------------------------------------------------------------------------------
       3.6         3.7   0.5             ud~_epvebb~                   -261.396823 +-         0.186951        1.431       0 [    7]      (   0)        3919106

==============================================================================================================================================================

       3.7         3.8   0.01            NLO.QT.32.CT.QCD              -723.903491 +-         0.523748
--------------------------------------------------------------------------------------------------------------------------------------------------------------
       3.7         3.8   0.01            ud~_epvebb~                   -723.903491 +-         0.523748        1.275       0 [    7]      (   0)        3613627

       3.7         3.8   0.05            NLO.QT.32.CT.QCD              -493.312604 +-         0.359375
--------------------------------------------------------------------------------------------------------------------------------------------------------------
       3.7         3.8   0.05            ud~_epvebb~                   -493.312604 +-         0.359375        1.288       0 [    7]      (   0)        3613627

       3.7         3.8   0.1             NLO.QT.32.CT.QCD              -407.583494 +-         0.298301
--------------------------------------------------------------------------------------------------------------------------------------------------------------
       3.7         3.8   0.1             ud~_epvebb~                   -407.583494 +-         0.298301        1.295       0 [    7]      (   0)        3613627

       3.7         3.8   0.15            NLO.QT.32.CT.QCD              -361.225669 +-         0.265286
--------------------------------------------------------------------------------------------------------------------------------------------------------------
       3.7         3.8   0.15            ud~_epvebb~                   -361.225669 +-         0.265286        1.299       0 [    7]      (   0)        3613627

       3.7         3.8   0.2             NLO.QT.32.CT.QCD              -330.031131 +-         0.243075
--------------------------------------------------------------------------------------------------------------------------------------------------------------
       3.7         3.8   0.2             ud~_epvebb~                   -330.031131 +-         0.243075        1.302       0 [    7]      (   0)        3613627

       3.7         3.8   0.25            NLO.QT.32.CT.QCD              -306.804783 +-         0.226540
--------------------------------------------------------------------------------------------------------------------------------------------------------------
       3.7         3.8   0.25            ud~_epvebb~                   -306.804783 +-         0.226540        1.304       0 [    7]      (   0)        3613627

       3.7         3.8   0.5             NLO.QT.32.CT.QCD              -240.062390 +-         0.179037
--------------------------------------------------------------------------------------------------------------------------------------------------------------
       3.7         3.8   0.5             ud~_epvebb~                   -240.062390 +-         0.179037        1.311       0 [    7]      (   0)        3613627

==============================================================================================================================================================

       3.8         3.9   0.01            NLO.QT.32.CT.QCD              -663.261540 +-         0.501527
--------------------------------------------------------------------------------------------------------------------------------------------------------------
       3.8         3.9   0.01            ud~_epvebb~                   -663.261540 +-         0.501527       0.6716       0 [    7]      (   0)        3319408

       3.8         3.9   0.05            NLO.QT.32.CT.QCD              -451.538201 +-         0.343809
--------------------------------------------------------------------------------------------------------------------------------------------------------------
       3.8         3.9   0.05            ud~_epvebb~                   -451.538201 +-         0.343809       0.6629       0 [    7]      (   0)        3319408

       3.8         3.9   0.1             NLO.QT.32.CT.QCD              -372.855822 +-         0.285235
--------------------------------------------------------------------------------------------------------------------------------------------------------------
       3.8         3.9   0.1             ud~_epvebb~                   -372.855822 +-         0.285235       0.6593       0 [    7]      (   0)        3319408

       3.8         3.9   0.15            NLO.QT.32.CT.QCD              -330.318896 +-         0.253579
--------------------------------------------------------------------------------------------------------------------------------------------------------------
       3.8         3.9   0.15            ud~_epvebb~                   -330.318896 +-         0.253579       0.6573       0 [    7]      (   0)        3319408

       3.8         3.9   0.2             NLO.QT.32.CT.QCD              -301.700504 +-         0.232287
--------------------------------------------------------------------------------------------------------------------------------------------------------------
       3.8         3.9   0.2             ud~_epvebb~                   -301.700504 +-         0.232287       0.6561       0 [    7]      (   0)        3319408

       3.8         3.9   0.25            NLO.QT.32.CT.QCD              -280.395296 +-         0.216439
--------------------------------------------------------------------------------------------------------------------------------------------------------------
       3.8         3.9   0.25            ud~_epvebb~                   -280.395296 +-         0.216439       0.6553       0 [    7]      (   0)        3319408

       3.8         3.9   0.5             NLO.QT.32.CT.QCD              -219.191030 +-         0.170924
--------------------------------------------------------------------------------------------------------------------------------------------------------------
       3.8         3.9   0.5             ud~_epvebb~                   -219.191030 +-         0.170924       0.6540       0 [    7]      (   0)        3319408

==============================================================================================================================================================

       3.9           4   0.01            NLO.QT.32.CT.QCD              -603.806774 +-         0.478700
--------------------------------------------------------------------------------------------------------------------------------------------------------------
       3.9           4   0.01            ud~_epvebb~                   -603.806774 +-         0.478700       0.8555       0 [    7]      (   0)        3026620

       3.9           4   0.05            NLO.QT.32.CT.QCD              -410.670429 +-         0.327872
--------------------------------------------------------------------------------------------------------------------------------------------------------------
       3.9           4   0.05            ud~_epvebb~                   -410.670429 +-         0.327872       0.8592       0 [    7]      (   0)        3026620

       3.9           4   0.1             NLO.QT.32.CT.QCD              -338.923490 +-         0.271879
--------------------------------------------------------------------------------------------------------------------------------------------------------------
       3.9           4   0.1             ud~_epvebb~                   -338.923490 +-         0.271879       0.8607       0 [    7]      (   0)        3026620

       3.9           4   0.15            NLO.QT.32.CT.QCD              -300.145024 +-         0.241627
--------------------------------------------------------------------------------------------------------------------------------------------------------------
       3.9           4   0.15            ud~_epvebb~                   -300.145024 +-         0.241627       0.8615       0 [    7]      (   0)        3026620

       3.9           4   0.2             NLO.QT.32.CT.QCD              -274.059668 +-         0.221282
--------------------------------------------------------------------------------------------------------------------------------------------------------------
       3.9           4   0.2             ud~_epvebb~                   -274.059668 +-         0.221282       0.8620       0 [    7]      (   0)        3026620

       3.9           4   0.25            NLO.QT.32.CT.QCD              -254.642844 +-         0.206141
--------------------------------------------------------------------------------------------------------------------------------------------------------------
       3.9           4   0.25            ud~_epvebb~                   -254.642844 +-         0.206141       0.8623       0 [    7]      (   0)        3026620

       3.9           4   0.5             NLO.QT.32.CT.QCD              -198.878750 +-         0.162672
--------------------------------------------------------------------------------------------------------------------------------------------------------------
       3.9           4   0.5             ud~_epvebb~                   -198.878750 +-         0.162672       0.8629       0 [    7]      (   0)        3026620

==============================================================================================================================================================

         4         4.1   0.01            NLO.QT.32.CT.QCD              -545.922041 +-         0.455266
--------------------------------------------------------------------------------------------------------------------------------------------------------------
         4         4.1   0.01            ud~_epvebb~                   -545.922041 +-         0.455266       0.8297       0 [    7]      (   0)        2742839

         4         4.1   0.05            NLO.QT.32.CT.QCD              -370.911409 +-         0.311514
--------------------------------------------------------------------------------------------------------------------------------------------------------------
         4         4.1   0.05            ud~_epvebb~                   -370.911409 +-         0.311514       0.8213       0 [    7]      (   0)        2742839

         4         4.1   0.1             NLO.QT.32.CT.QCD              -305.925637 +-         0.258174
--------------------------------------------------------------------------------------------------------------------------------------------------------------
         4         4.1   0.1             ud~_epvebb~                   -305.925637 +-         0.258174       0.8164       0 [    7]      (   0)        2742839

         4         4.1   0.15            NLO.QT.32.CT.QCD              -270.810494 +-         0.229364
--------------------------------------------------------------------------------------------------------------------------------------------------------------
         4         4.1   0.15            ud~_epvebb~                   -270.810494 +-         0.229364       0.8130       0 [    7]      (   0)        2742839

         4         4.1   0.2             NLO.QT.32.CT.QCD              -247.193721 +-         0.209993
--------------------------------------------------------------------------------------------------------------------------------------------------------------
         4         4.1   0.2             ud~_epvebb~                   -247.193721 +-         0.209993       0.8103       0 [    7]      (   0)        2742839

         4         4.1   0.25            NLO.QT.32.CT.QCD              -229.617029 +-         0.195580
--------------------------------------------------------------------------------------------------------------------------------------------------------------
         4         4.1   0.25            ud~_epvebb~                   -229.617029 +-         0.195580       0.8080       0 [    7]      (   0)        2742839

         4         4.1   0.5             NLO.QT.32.CT.QCD              -179.152929 +-         0.154214
--------------------------------------------------------------------------------------------------------------------------------------------------------------
         4         4.1   0.5             ud~_epvebb~                   -179.152929 +-         0.154214       0.7997       0 [    7]      (   0)        2742839

==============================================================================================================================================================

       4.1         4.2   0.01            NLO.QT.32.CT.QCD              -489.925879 +-         0.431347
--------------------------------------------------------------------------------------------------------------------------------------------------------------
       4.1         4.2   0.01            ud~_epvebb~                   -489.925879 +-         0.431347      0.09962       0 [    7]      (   0)        2468906

       4.1         4.2   0.05            NLO.QT.32.CT.QCD              -332.476608 +-         0.294832
--------------------------------------------------------------------------------------------------------------------------------------------------------------
       4.1         4.2   0.05            ud~_epvebb~                   -332.476608 +-         0.294832      0.09618       0 [    7]      (   0)        2468906

       4.1         4.2   0.1             NLO.QT.32.CT.QCD              -274.039522 +-         0.244204
--------------------------------------------------------------------------------------------------------------------------------------------------------------
       4.1         4.2   0.1             ud~_epvebb~                   -274.039522 +-         0.244204      0.09452       0 [    7]      (   0)        2468906

       4.1         4.2   0.15            NLO.QT.32.CT.QCD              -242.471943 +-         0.216867
--------------------------------------------------------------------------------------------------------------------------------------------------------------
       4.1         4.2   0.15            ud~_epvebb~                   -242.471943 +-         0.216867      0.09351       0 [    7]      (   0)        2468906

       4.1         4.2   0.2             NLO.QT.32.CT.QCD              -221.245440 +-         0.198490
--------------------------------------------------------------------------------------------------------------------------------------------------------------
       4.1         4.2   0.2             ud~_epvebb~                   -221.245440 +-         0.198490      0.09279       0 [    7]      (   0)        2468906

       4.1         4.2   0.25            NLO.QT.32.CT.QCD              -205.450319 +-         0.184819
--------------------------------------------------------------------------------------------------------------------------------------------------------------
       4.1         4.2   0.25            ud~_epvebb~                   -205.450319 +-         0.184819      0.09224       0 [    7]      (   0)        2468906

       4.1         4.2   0.5             NLO.QT.32.CT.QCD              -160.116479 +-         0.145599
--------------------------------------------------------------------------------------------------------------------------------------------------------------
       4.1         4.2   0.5             ud~_epvebb~                   -160.116479 +-         0.145599      0.09062       0 [    7]      (   0)        2468906

==============================================================================================================================================================

       4.2         4.3   0.01            NLO.QT.32.CT.QCD              -436.229080 +-         0.406737
--------------------------------------------------------------------------------------------------------------------------------------------------------------
       4.2         4.3   0.01            ud~_epvebb~                   -436.229080 +-         0.406737       0.3323       0 [    7]      (   0)        2208183

       4.2         4.3   0.05            NLO.QT.32.CT.QCD              -295.709182 +-         0.277730
--------------------------------------------------------------------------------------------------------------------------------------------------------------
       4.2         4.3   0.05            ud~_epvebb~                   -295.709182 +-         0.277730       0.3350       0 [    7]      (   0)        2208183

       4.2         4.3   0.1             NLO.QT.32.CT.QCD              -243.578633 +-         0.229910
--------------------------------------------------------------------------------------------------------------------------------------------------------------
       4.2         4.3   0.1             ud~_epvebb~                   -243.578633 +-         0.229910       0.3372       0 [    7]      (   0)        2208183

       4.2         4.3   0.15            NLO.QT.32.CT.QCD              -215.425351 +-         0.204097
--------------------------------------------------------------------------------------------------------------------------------------------------------------
       4.2         4.3   0.15            ud~_epvebb~                   -215.425351 +-         0.204097       0.3389       0 [    7]      (   0)        2208183

       4.2         4.3   0.2             NLO.QT.32.CT.QCD              -196.498318 +-         0.186748
--------------------------------------------------------------------------------------------------------------------------------------------------------------
       4.2         4.3   0.2             ud~_epvebb~                   -196.498318 +-         0.186748       0.3404       0 [    7]      (   0)        2208183

       4.2         4.3   0.25            NLO.QT.32.CT.QCD              -182.416483 +-         0.173844
--------------------------------------------------------------------------------------------------------------------------------------------------------------
       4.2         4.3   0.25            ud~_epvebb~                   -182.416483 +-         0.173844       0.3418       0 [    7]      (   0)        2208183

       4.2         4.3   0.5             NLO.QT.32.CT.QCD              -142.012742 +-         0.136838
--------------------------------------------------------------------------------------------------------------------------------------------------------------
       4.2         4.3   0.5             ud~_epvebb~                   -142.012742 +-         0.136838       0.3473       0 [    7]      (   0)        2208183

==============================================================================================================================================================

       4.3         4.4   0.01            NLO.QT.32.CT.QCD              -385.719320 +-         0.382447
--------------------------------------------------------------------------------------------------------------------------------------------------------------
       4.3         4.4   0.01            ud~_epvebb~                   -385.719320 +-         0.382447       0.9601       0 [    7]      (   0)        1962542

       4.3         4.4   0.05            NLO.QT.32.CT.QCD              -261.156087 +-         0.260837
--------------------------------------------------------------------------------------------------------------------------------------------------------------
       4.3         4.4   0.05            ud~_epvebb~                   -261.156087 +-         0.260837       0.9169       0 [    7]      (   0)        1962542

       4.3         4.4   0.1             NLO.QT.32.CT.QCD              -214.967401 +-         0.215784
--------------------------------------------------------------------------------------------------------------------------------------------------------------
       4.3         4.4   0.1             ud~_epvebb~                   -214.967401 +-         0.215784       0.8929       0 [    7]      (   0)        1962542

       4.3         4.4   0.15            NLO.QT.32.CT.QCD              -190.030237 +-         0.191472
--------------------------------------------------------------------------------------------------------------------------------------------------------------
       4.3         4.4   0.15            ud~_epvebb~                   -190.030237 +-         0.191472       0.8769       0 [    7]      (   0)        1962542

       4.3         4.4   0.2             NLO.QT.32.CT.QCD              -173.268840 +-         0.175138
--------------------------------------------------------------------------------------------------------------------------------------------------------------
       4.3         4.4   0.2             ud~_epvebb~                   -173.268840 +-         0.175138       0.8645       0 [    7]      (   0)        1962542

       4.3         4.4   0.25            NLO.QT.32.CT.QCD              -160.800357 +-         0.162990
--------------------------------------------------------------------------------------------------------------------------------------------------------------
       4.3         4.4   0.25            ud~_epvebb~                   -160.800357 +-         0.162990       0.8542       0 [    7]      (   0)        1962542

       4.3         4.4   0.5             NLO.QT.32.CT.QCD              -125.037883 +-         0.128168
--------------------------------------------------------------------------------------------------------------------------------------------------------------
       4.3         4.4   0.5             ud~_epvebb~                   -125.037883 +-         0.128168       0.8182       0 [    7]      (   0)        1962542

==============================================================================================================================================================

       4.4         4.5   0.01            NLO.QT.32.CT.QCD              -338.329790 +-         0.357904
--------------------------------------------------------------------------------------------------------------------------------------------------------------
       4.4         4.5   0.01            ud~_epvebb~                   -338.329790 +-         0.357904       0.8619       0 [    7]      (   0)        1730363

       4.4         4.5   0.05            NLO.QT.32.CT.QCD              -228.745107 +-         0.243771
--------------------------------------------------------------------------------------------------------------------------------------------------------------
       4.4         4.5   0.05            ud~_epvebb~                   -228.745107 +-         0.243771       0.8865       0 [    7]      (   0)        1730363

       4.4         4.5   0.1             NLO.QT.32.CT.QCD              -188.133510 +-         0.201515
--------------------------------------------------------------------------------------------------------------------------------------------------------------
       4.4         4.5   0.1             ud~_epvebb~                   -188.133510 +-         0.201515       0.8998       0 [    7]      (   0)        1730363

       4.4         4.5   0.15            NLO.QT.32.CT.QCD              -166.214847 +-         0.178723
--------------------------------------------------------------------------------------------------------------------------------------------------------------
       4.4         4.5   0.15            ud~_epvebb~                   -166.214847 +-         0.178723       0.9084       0 [    7]      (   0)        1730363

       4.4         4.5   0.2             NLO.QT.32.CT.QCD              -151.485932 +-         0.163413
--------------------------------------------------------------------------------------------------------------------------------------------------------------
       4.4         4.5   0.2             ud~_epvebb~                   -151.485932 +-         0.163413       0.9150       0 [    7]      (   0)        1730363

       4.4         4.5   0.25            NLO.QT.32.CT.QCD              -140.531551 +-         0.152030
--------------------------------------------------------------------------------------------------------------------------------------------------------------
       4.4         4.5   0.25            ud~_epvebb~                   -140.531551 +-         0.152030       0.9204       0 [    7]      (   0)        1730363

       4.4         4.5   0.5             NLO.QT.32.CT.QCD              -109.124527 +-         0.119417
--------------------------------------------------------------------------------------------------------------------------------------------------------------
       4.4         4.5   0.5             ud~_epvebb~                   -109.124527 +-         0.119417       0.9387       0 [    7]      (   0)        1730363

==============================================================================================================================================================

       4.5         4.6   0.01            NLO.QT.32.CT.QCD              -294.023646 +-         0.333361
--------------------------------------------------------------------------------------------------------------------------------------------------------------
       4.5         4.6   0.01            ud~_epvebb~                   -294.023646 +-         0.333361       0.7291       0 [    7]      (   0)        1513671

       4.5         4.6   0.05            NLO.QT.32.CT.QCD              -198.543905 +-         0.226789
--------------------------------------------------------------------------------------------------------------------------------------------------------------
       4.5         4.6   0.05            ud~_epvebb~                   -198.543905 +-         0.226789       0.7455       0 [    7]      (   0)        1513671

       4.5         4.6   0.1             NLO.QT.32.CT.QCD              -163.176836 +-         0.187355
--------------------------------------------------------------------------------------------------------------------------------------------------------------
       4.5         4.6   0.1             ud~_epvebb~                   -163.176836 +-         0.187355       0.7568       0 [    7]      (   0)        1513671

       4.5         4.6   0.15            NLO.QT.32.CT.QCD              -144.094331 +-         0.166091
--------------------------------------------------------------------------------------------------------------------------------------------------------------
       4.5         4.6   0.15            ud~_epvebb~                   -144.094331 +-         0.166091       0.7653       0 [    7]      (   0)        1513671

       4.5         4.6   0.2             NLO.QT.32.CT.QCD              -131.273980 +-         0.151812
--------------------------------------------------------------------------------------------------------------------------------------------------------------
       4.5         4.6   0.2             ud~_epvebb~                   -131.273980 +-         0.151812       0.7725       0 [    7]      (   0)        1513671

       4.5         4.6   0.25            NLO.QT.32.CT.QCD              -121.740706 +-         0.141197
--------------------------------------------------------------------------------------------------------------------------------------------------------------
       4.5         4.6   0.25            ud~_epvebb~                   -121.740706 +-         0.141197       0.7788       0 [    7]      (   0)        1513671

       4.5         4.6   0.5             NLO.QT.32.CT.QCD              -94.4176428 +-        0.1107982
--------------------------------------------------------------------------------------------------------------------------------------------------------------
       4.5         4.6   0.5             ud~_epvebb~                   -94.4176428 +-        0.1107982       0.8040       0 [    7]      (   0)        1513671

==============================================================================================================================================================

       4.6         4.7   0.01            NLO.QT.32.CT.QCD              -253.165527 +-         0.308776
--------------------------------------------------------------------------------------------------------------------------------------------------------------
       4.6         4.7   0.01            ud~_epvebb~                   -253.165527 +-         0.308776        1.183       0 [    7]      (   0)        1315946

       4.6         4.7   0.05            NLO.QT.32.CT.QCD              -170.738202 +-         0.209821
--------------------------------------------------------------------------------------------------------------------------------------------------------------
       4.6         4.7   0.05            ud~_epvebb~                   -170.738202 +-         0.209821        1.181       0 [    7]      (   0)        1315946

       4.6         4.7   0.1             NLO.QT.32.CT.QCD              -140.221074 +-         0.173226
--------------------------------------------------------------------------------------------------------------------------------------------------------------
       4.6         4.7   0.1             ud~_epvebb~                   -140.221074 +-         0.173226        1.179       0 [    7]      (   0)        1315946

       4.6         4.7   0.15            NLO.QT.32.CT.QCD              -123.760295 +-         0.153500
--------------------------------------------------------------------------------------------------------------------------------------------------------------
       4.6         4.7   0.15            ud~_epvebb~                   -123.760295 +-         0.153500        1.176       0 [    7]      (   0)        1315946

       4.6         4.7   0.2             NLO.QT.32.CT.QCD              -112.703704 +-         0.140256
--------------------------------------------------------------------------------------------------------------------------------------------------------------
       4.6         4.7   0.2             ud~_epvebb~                   -112.703704 +-         0.140256        1.174       0 [    7]      (   0)        1315946

       4.6         4.7   0.25            NLO.QT.32.CT.QCD              -104.483409 +-         0.130414
--------------------------------------------------------------------------------------------------------------------------------------------------------------
       4.6         4.7   0.25            ud~_epvebb~                   -104.483409 +-         0.130414        1.172       0 [    7]      (   0)        1315946

       4.6         4.7   0.5             NLO.QT.32.CT.QCD              -80.9318034 +-        0.1022381
--------------------------------------------------------------------------------------------------------------------------------------------------------------
       4.6         4.7   0.5             ud~_epvebb~                   -80.9318034 +-        0.1022381        1.164       0 [    7]      (   0)        1315946

==============================================================================================================================================================

       4.7         4.8   0.01            NLO.QT.32.CT.QCD              -216.598849 +-         0.285062
--------------------------------------------------------------------------------------------------------------------------------------------------------------
       4.7         4.8   0.01            ud~_epvebb~                   -216.598849 +-         0.285062      0.08888       0 [    7]      (   0)        1135710

       4.7         4.8   0.05            NLO.QT.32.CT.QCD              -145.860163 +-         0.193418
--------------------------------------------------------------------------------------------------------------------------------------------------------------
       4.7         4.8   0.05            ud~_epvebb~                   -145.860163 +-         0.193418      0.06006       0 [    7]      (   0)        1135710

       4.7         4.8   0.1             NLO.QT.32.CT.QCD              -119.685721 +-         0.159550
--------------------------------------------------------------------------------------------------------------------------------------------------------------
       4.7         4.8   0.1             ud~_epvebb~                   -119.685721 +-         0.159550      0.04651       0 [    7]      (   0)        1135710

       4.7         4.8   0.15            NLO.QT.32.CT.QCD              -105.572298 +-         0.141302
--------------------------------------------------------------------------------------------------------------------------------------------------------------
       4.7         4.8   0.15            ud~_epvebb~                   -105.572298 +-         0.141302      0.03855       0 [    7]      (   0)        1135710

       4.7         4.8   0.2             NLO.QT.32.CT.QCD              -96.0948038 +-        0.1290546
--------------------------------------------------------------------------------------------------------------------------------------------------------------
       4.7         4.8   0.2             ud~_epvebb~                   -96.0948038 +-        0.1290546      0.03304       0 [    7]      (   0)        1135710

       4.7         4.8   0.25            NLO.QT.32.CT.QCD              -89.0499725 +-        0.1199550
--------------------------------------------------------------------------------------------------------------------------------------------------------------
       4.7         4.8   0.25            ud~_epvebb~                   -89.0499725 +-        0.1199550      0.02894       0 [    7]      (   0)        1135710

       4.7         4.8   0.5             NLO.QT.32.CT.QCD              -68.8745411 +-        0.0939189
--------------------------------------------------------------------------------------------------------------------------------------------------------------
       4.7         4.8   0.5             ud~_epvebb~                   -68.8745411 +-        0.0939189      0.01810       0 [    7]      (   0)        1135710

==============================================================================================================================================================

       4.8         4.9   0.01            NLO.QT.32.CT.QCD              -182.807371 +-         0.261185
--------------------------------------------------------------------------------------------------------------------------------------------------------------
       4.8         4.9   0.01            ud~_epvebb~                   -182.807371 +-         0.261185        2.213       0 [    7]      (   0)         971511

       4.8         4.9   0.05            NLO.QT.32.CT.QCD              -122.919242 +-         0.176967
--------------------------------------------------------------------------------------------------------------------------------------------------------------
       4.8         4.9   0.05            ud~_epvebb~                   -122.919242 +-         0.176967        2.229       0 [    7]      (   0)         971511

       4.8         4.9   0.1             NLO.QT.32.CT.QCD              -100.772618 +-         0.145864
--------------------------------------------------------------------------------------------------------------------------------------------------------------
       4.8         4.9   0.1             ud~_epvebb~                   -100.772618 +-         0.145864        2.235       0 [    7]      (   0)         971511

       4.8         4.9   0.15            NLO.QT.32.CT.QCD              -88.8352222 +-        0.1291135
--------------------------------------------------------------------------------------------------------------------------------------------------------------
       4.8         4.9   0.15            ud~_epvebb~                   -88.8352222 +-        0.1291135        2.239       0 [    7]      (   0)         971511

       4.8         4.9   0.2             NLO.QT.32.CT.QCD              -80.8210226 +-        0.1178744
--------------------------------------------------------------------------------------------------------------------------------------------------------------
       4.8         4.9   0.2             ud~_epvebb~                   -80.8210226 +-        0.1178744        2.241       0 [    7]      (   0)         971511

       4.8         4.9   0.25            NLO.QT.32.CT.QCD              -74.8651233 +-        0.1095260
--------------------------------------------------------------------------------------------------------------------------------------------------------------
       4.8         4.9   0.25            ud~_epvebb~                   -74.8651233 +-        0.1095260        2.243       0 [    7]      (   0)         971511

       4.8         4.9   0.5             NLO.QT.32.CT.QCD              -57.8154100 +-        0.0856516
--------------------------------------------------------------------------------------------------------------------------------------------------------------
       4.8         4.9   0.5             ud~_epvebb~                   -57.8154100 +-        0.0856516        2.245       0 [    7]      (   0)         971511

==============================================================================================================================================================

       4.9           5   0.01            NLO.QT.32.CT.QCD              -153.121954 +-         0.238270
--------------------------------------------------------------------------------------------------------------------------------------------------------------
       4.9           5   0.01            ud~_epvebb~                   -153.121954 +-         0.238270        1.319       0 [    7]      (   0)         825961

       4.9           5   0.05            NLO.QT.32.CT.QCD              -102.802302 +-         0.161199
--------------------------------------------------------------------------------------------------------------------------------------------------------------
       4.9           5   0.05            ud~_epvebb~                   -102.802302 +-         0.161199        1.370       0 [    7]      (   0)         825961

       4.9           5   0.1             NLO.QT.32.CT.QCD              -84.2049931 +-        0.1327562
--------------------------------------------------------------------------------------------------------------------------------------------------------------
       4.9           5   0.1             ud~_epvebb~                   -84.2049931 +-        0.1327562        1.399       0 [    7]      (   0)         825961

       4.9           5   0.15            NLO.QT.32.CT.QCD              -74.1842774 +-        0.1174448
--------------------------------------------------------------------------------------------------------------------------------------------------------------
       4.9           5   0.15            ud~_epvebb~                   -74.1842774 +-        0.1174448        1.417       0 [    7]      (   0)         825961

       4.9           5   0.2             NLO.QT.32.CT.QCD              -67.4585657 +-        0.1071751
--------------------------------------------------------------------------------------------------------------------------------------------------------------
       4.9           5   0.2             ud~_epvebb~                   -67.4585657 +-        0.1071751        1.432       0 [    7]      (   0)         825961

       4.9           5   0.25            NLO.QT.32.CT.QCD              -62.4612689 +-        0.0995489
--------------------------------------------------------------------------------------------------------------------------------------------------------------
       4.9           5   0.25            ud~_epvebb~                   -62.4612689 +-        0.0995489        1.444       0 [    7]      (   0)         825961

       4.9           5   0.5             NLO.QT.32.CT.QCD              -48.1617502 +-        0.0777520
--------------------------------------------------------------------------------------------------------------------------------------------------------------
       4.9           5   0.5             ud~_epvebb~                   -48.1617502 +-        0.0777520        1.484       0 [    7]      (   0)         825961

==============================================================================================================================================================

