           bin (y_Wbb)   qTcut           contribution/subprocess            dsigma +-            error     chi2_dof   n_run [total]   (removed)   events / bin

        -5        -4.9   0.01            NNLO.QT-CS.42.RCA.QCD         0.089902880 +-      0.007724662
--------------------------------------------------------------------------------------------------------------------------------------------------------------
        -5        -4.9   0.01            gu_epvebb~d                   0.032336233 +-      0.005768239        1.174       0 [    3]      (   0)           2485
        -5        -4.9   0.01            gd~_epvebb~u~                 0.003479771 +-      0.000881442        1.042       0 [    3]      (   0)            565
        -5        -4.9   0.01            ud~_epvebb~g                  0.054086876 +-      0.005061708       0.8866       0 [    5]      (   0)          17303

        -5        -4.9   0.05            NNLO.QT-CS.42.RCA.QCD         0.074318259 +-      0.004787211
--------------------------------------------------------------------------------------------------------------------------------------------------------------
        -5        -4.9   0.05            gu_epvebb~d                   0.037243254 +-      0.003760607      0.01601       0 [    3]      (   0)           2169
        -5        -4.9   0.05            gd~_epvebb~u~                 0.002940769 +-      0.000712450       0.8397       0 [    3]      (   0)            468
        -5        -4.9   0.05            ud~_epvebb~g                  0.034134237 +-      0.002875350        1.121       0 [    5]      (   0)          11557

        -5        -4.9   0.1             NNLO.QT-CS.42.RCA.QCD         0.067980847 +-      0.004292939
--------------------------------------------------------------------------------------------------------------------------------------------------------------
        -5        -4.9   0.1             gu_epvebb~d                   0.035482741 +-      0.003441476       0.1217       0 [    3]      (   0)           1967
        -5        -4.9   0.1             gd~_epvebb~u~                 0.003032522 +-      0.000685133       0.5250       0 [    3]      (   0)            421
        -5        -4.9   0.1             ud~_epvebb~g                  0.029465584 +-      0.002473087        1.022       0 [    5]      (   0)           8819

        -5        -4.9   0.15            NNLO.QT-CS.42.RCA.QCD         0.062528729 +-      0.003899899
--------------------------------------------------------------------------------------------------------------------------------------------------------------
        -5        -4.9   0.15            gu_epvebb~d                   0.034384871 +-      0.003197200       0.5360       0 [    3]      (   0)           1824
        -5        -4.9   0.15            gd~_epvebb~u~                 0.002995032 +-      0.000673617       0.2834       0 [    3]      (   0)            386
        -5        -4.9   0.15            ud~_epvebb~g                  0.025148826 +-      0.002129169       0.6222       0 [    5]      (   0)           7365

        -5        -4.9   0.2             NNLO.QT-CS.42.RCA.QCD         0.058247078 +-      0.003758906
--------------------------------------------------------------------------------------------------------------------------------------------------------------
        -5        -4.9   0.2             gu_epvebb~d                   0.032786476 +-      0.003127636       0.3119       0 [    3]      (   0)           1743
        -5        -4.9   0.2             gd~_epvebb~u~                 0.002729895 +-      0.000650186       0.2035       0 [    3]      (   0)            350
        -5        -4.9   0.2             ud~_epvebb~g                  0.022730707 +-      0.001981042       0.5600       0 [    5]      (   0)           6454

        -5        -4.9   0.25            NNLO.QT-CS.42.RCA.QCD         0.055784276 +-      0.003641998
--------------------------------------------------------------------------------------------------------------------------------------------------------------
        -5        -4.9   0.25            gu_epvebb~d                   0.032015994 +-      0.003070396       0.3216       0 [    3]      (   0)           1662
        -5        -4.9   0.25            gd~_epvebb~u~                 0.002760291 +-      0.000646719       0.2272       0 [    3]      (   0)            332
        -5        -4.9   0.25            ud~_epvebb~g                  0.021007992 +-      0.001848938       0.9737       0 [    5]      (   0)           5747

        -5        -4.9   0.5             NNLO.QT-CS.42.RCA.QCD         0.048414031 +-      0.003379846
--------------------------------------------------------------------------------------------------------------------------------------------------------------
        -5        -4.9   0.5             gu_epvebb~d                   0.029844751 +-      0.002910387       0.4505       0 [    3]      (   0)           1430
        -5        -4.9   0.5             gd~_epvebb~u~                 0.002357517 +-      0.000626097       0.3738       0 [    3]      (   0)            261
        -5        -4.9   0.5             ud~_epvebb~g                  0.016211763 +-      0.001600316       0.7007       0 [    5]      (   0)           3949

==============================================================================================================================================================

      -4.9        -4.8   0.01            NNLO.QT-CS.42.RCA.QCD          0.23980718 +-       0.00976181
--------------------------------------------------------------------------------------------------------------------------------------------------------------
      -4.9        -4.8   0.01            gu_epvebb~d                    0.07797789 +-       0.00698587        1.450       0 [    3]      (   0)           6163
      -4.9        -4.8   0.01            gd~_epvebb~u~                  0.01869718 +-       0.00160784        1.042       0 [    3]      (   0)           2075
      -4.9        -4.8   0.01            ud~_epvebb~g                   0.14313211 +-       0.00662611        1.212       0 [    5]      (   0)          52054

      -4.9        -4.8   0.05            NNLO.QT-CS.42.RCA.QCD          0.18913795 +-       0.00656084
--------------------------------------------------------------------------------------------------------------------------------------------------------------
      -4.9        -4.8   0.05            gu_epvebb~d                    0.07941064 +-       0.00501170        1.384       0 [    3]      (   0)           5283
      -4.9        -4.8   0.05            gd~_epvebb~u~                  0.01625851 +-       0.00129724        1.211       0 [    3]      (   0)           1682
      -4.9        -4.8   0.05            ud~_epvebb~g                   0.09346880 +-       0.00403046       0.4149       0 [    5]      (   0)          33639

      -4.9        -4.8   0.1             NNLO.QT-CS.42.RCA.QCD          0.16871944 +-       0.00587235
--------------------------------------------------------------------------------------------------------------------------------------------------------------
      -4.9        -4.8   0.1             gu_epvebb~d                    0.07869335 +-       0.00472268        1.209       0 [    3]      (   0)           4786
      -4.9        -4.8   0.1             gd~_epvebb~u~                  0.01420425 +-       0.00105680       0.5702       0 [    3]      (   0)           1498
      -4.9        -4.8   0.1             ud~_epvebb~g                   0.07582185 +-       0.00332625       0.5976       0 [    5]      (   0)          25666

      -4.9        -4.8   0.15            NNLO.QT-CS.42.RCA.QCD          0.15319861 +-       0.00553514
--------------------------------------------------------------------------------------------------------------------------------------------------------------
      -4.9        -4.8   0.15            gu_epvebb~d                    0.07335964 +-       0.00450413        1.714       0 [    3]      (   0)           4499
      -4.9        -4.8   0.15            gd~_epvebb~u~                  0.01344861 +-       0.00101536       0.4895       0 [    3]      (   0)           1395
      -4.9        -4.8   0.15            ud~_epvebb~g                   0.06639036 +-       0.00305281       0.3967       0 [    5]      (   0)          21319

      -4.9        -4.8   0.2             NNLO.QT-CS.42.RCA.QCD          0.14135446 +-       0.00520031
--------------------------------------------------------------------------------------------------------------------------------------------------------------
      -4.9        -4.8   0.2             gu_epvebb~d                    0.06942719 +-       0.00424413        1.564       0 [    3]      (   0)           4294
      -4.9        -4.8   0.2             gd~_epvebb~u~                  0.01296605 +-       0.00099603       0.4050       0 [    3]      (   0)           1318
      -4.9        -4.8   0.2             ud~_epvebb~g                   0.05896122 +-       0.00283522       0.6393       0 [    5]      (   0)          18548

      -4.9        -4.8   0.25            NNLO.QT-CS.42.RCA.QCD          0.13189352 +-       0.00496884
--------------------------------------------------------------------------------------------------------------------------------------------------------------
      -4.9        -4.8   0.25            gu_epvebb~d                    0.06741346 +-       0.00410218        1.626       0 [    3]      (   0)           4142
      -4.9        -4.8   0.25            gd~_epvebb~u~                  0.01244821 +-       0.00097439       0.6245       0 [    3]      (   0)           1265
      -4.9        -4.8   0.25            ud~_epvebb~g                   0.05203185 +-       0.00262907       0.6881       0 [    5]      (   0)          16480

      -4.9        -4.8   0.5             NNLO.QT-CS.42.RCA.QCD          0.10760669 +-       0.00447295
--------------------------------------------------------------------------------------------------------------------------------------------------------------
      -4.9        -4.8   0.5             gu_epvebb~d                    0.05923776 +-       0.00382764        1.430       0 [    3]      (   0)           3555
      -4.9        -4.8   0.5             gd~_epvebb~u~                  0.01080572 +-       0.00088727      0.07338       0 [    3]      (   0)           1086
      -4.9        -4.8   0.5             ud~_epvebb~g                   0.03756321 +-       0.00213757       0.4899       0 [    5]      (   0)          11132

==============================================================================================================================================================

      -4.8        -4.7   0.01            NNLO.QT-CS.42.RCA.QCD          0.84949102 +-       0.01526741
--------------------------------------------------------------------------------------------------------------------------------------------------------------
      -4.8        -4.7   0.01            gu_epvebb~d                    0.21561293 +-       0.01000806        1.795       0 [    3]      (   0)          12593
      -4.8        -4.7   0.01            gd~_epvebb~u~                  0.07588547 +-       0.00410931       0.1318       0 [    3]      (   0)           4755
      -4.8        -4.7   0.01            ud~_epvebb~g                   0.55799262 +-       0.01077247       0.4249       0 [    5]      (   0)         111739

      -4.8        -4.7   0.05            NNLO.QT-CS.42.RCA.QCD          0.60729245 +-       0.01053268
--------------------------------------------------------------------------------------------------------------------------------------------------------------
      -4.8        -4.7   0.05            gu_epvebb~d                    0.19796974 +-       0.00760927       0.7305       0 [    3]      (   0)          10984
      -4.8        -4.7   0.05            gd~_epvebb~u~                  0.07022529 +-       0.00311403      0.01465       0 [    3]      (   0)           3925
      -4.8        -4.7   0.05            ud~_epvebb~g                   0.33909742 +-       0.00658324       0.3441       0 [    5]      (   0)          72854

      -4.8        -4.7   0.1             NNLO.QT-CS.42.RCA.QCD          0.51215532 +-       0.00933893
--------------------------------------------------------------------------------------------------------------------------------------------------------------
      -4.8        -4.7   0.1             gu_epvebb~d                    0.18584531 +-       0.00715451       0.7839       0 [    3]      (   0)          10144
      -4.8        -4.7   0.1             gd~_epvebb~u~                  0.06631223 +-       0.00299878      0.02598       0 [    3]      (   0)           3576
      -4.8        -4.7   0.1             ud~_epvebb~g                   0.25999778 +-       0.00519960       0.3982       0 [    5]      (   0)          55918

      -4.8        -4.7   0.15            NNLO.QT-CS.42.RCA.QCD          0.45852885 +-       0.00821483
--------------------------------------------------------------------------------------------------------------------------------------------------------------
      -4.8        -4.7   0.15            gu_epvebb~d                    0.17262835 +-       0.00618943        2.254       0 [    3]      (   0)           9643
      -4.8        -4.7   0.15            gd~_epvebb~u~                  0.06268320 +-       0.00290499      0.03951       0 [    3]      (   0)           3349
      -4.8        -4.7   0.15            ud~_epvebb~g                   0.22321729 +-       0.00455362       0.3645       0 [    5]      (   0)          46481

      -4.8        -4.7   0.2             NNLO.QT-CS.42.RCA.QCD          0.42221363 +-       0.00785534
--------------------------------------------------------------------------------------------------------------------------------------------------------------
      -4.8        -4.7   0.2             gu_epvebb~d                    0.16711561 +-       0.00602334        1.664       0 [    3]      (   0)           9290
      -4.8        -4.7   0.2             gd~_epvebb~u~                  0.05995847 +-       0.00284500     0.009375       0 [    3]      (   0)           3185
      -4.8        -4.7   0.2             ud~_epvebb~g                   0.19513956 +-       0.00416312       0.2141       0 [    5]      (   0)          40319

      -4.8        -4.7   0.25            NNLO.QT-CS.42.RCA.QCD          0.39353497 +-       0.00753458
--------------------------------------------------------------------------------------------------------------------------------------------------------------
      -4.8        -4.7   0.25            gu_epvebb~d                    0.16003147 +-       0.00584226        1.351       0 [    3]      (   0)           8989
      -4.8        -4.7   0.25            gd~_epvebb~u~                  0.05751972 +-       0.00279288     0.003423       0 [    3]      (   0)           3054
      -4.8        -4.7   0.25            ud~_epvebb~g                   0.17598378 +-       0.00385197       0.1650       0 [    5]      (   0)          35869

      -4.8        -4.7   0.5             NNLO.QT-CS.42.RCA.QCD          0.31505522 +-       0.00659097
--------------------------------------------------------------------------------------------------------------------------------------------------------------
      -4.8        -4.7   0.5             gu_epvebb~d                    0.14335298 +-       0.00528210       0.8818       0 [    3]      (   0)           8039
      -4.8        -4.7   0.5             gd~_epvebb~u~                  0.04818511 +-       0.00239890     0.004147       0 [    3]      (   0)           2656
      -4.8        -4.7   0.5             ud~_epvebb~g                   0.12351713 +-       0.00312819       0.1957       0 [    5]      (   0)          23993

==============================================================================================================================================================

      -4.7        -4.6   0.01            NNLO.QT-CS.42.RCA.QCD          2.41476993 +-       0.02777210
--------------------------------------------------------------------------------------------------------------------------------------------------------------
      -4.7        -4.6   0.01            gu_epvebb~d                    0.56338417 +-       0.01723200       0.8923       0 [    3]      (   0)          21826
      -4.7        -4.6   0.01            gd~_epvebb~u~                  0.20460316 +-       0.00788511       0.9553       0 [    3]      (   0)           8352
      -4.7        -4.6   0.01            ud~_epvebb~g                   1.64678260 +-       0.02030203       0.3717       0 [    5]      (   0)         193510

      -4.7        -4.6   0.05            NNLO.QT-CS.42.RCA.QCD          1.69930262 +-       0.01913689
--------------------------------------------------------------------------------------------------------------------------------------------------------------
      -4.7        -4.6   0.05            gu_epvebb~d                    0.53628379 +-       0.01340715       0.3755       0 [    3]      (   0)          19199
      -4.7        -4.6   0.05            gd~_epvebb~u~                  0.18457024 +-       0.00612712       0.8013       0 [    3]      (   0)           6990
      -4.7        -4.6   0.05            ud~_epvebb~g                   0.97844859 +-       0.01220358        1.016       0 [    5]      (   0)         127322

      -4.7        -4.6   0.1             NNLO.QT-CS.42.RCA.QCD          1.45068948 +-       0.01716218
--------------------------------------------------------------------------------------------------------------------------------------------------------------
      -4.7        -4.6   0.1             gu_epvebb~d                    0.51212610 +-       0.01267661       0.3836       0 [    3]      (   0)          17836
      -4.7        -4.6   0.1             gd~_epvebb~u~                  0.17581582 +-       0.00586159       0.7851       0 [    3]      (   0)           6396
      -4.7        -4.6   0.1             ud~_epvebb~g                   0.76274756 +-       0.00997426       0.1734       0 [    5]      (   0)          98239

      -4.7        -4.6   0.15            NNLO.QT-CS.42.RCA.QCD          1.30574928 +-       0.01607117
--------------------------------------------------------------------------------------------------------------------------------------------------------------
      -4.7        -4.6   0.15            gu_epvebb~d                    0.49010743 +-       0.01217919       0.3388       0 [    3]      (   0)          16944
      -4.7        -4.6   0.15            gd~_epvebb~u~                  0.17061186 +-       0.00568051       0.5215       0 [    3]      (   0)           6037
      -4.7        -4.6   0.15            ud~_epvebb~g                   0.64502999 +-       0.00881372       0.2642       0 [    5]      (   0)          82354

      -4.7        -4.6   0.2             NNLO.QT-CS.42.RCA.QCD          1.20046791 +-       0.01535519
--------------------------------------------------------------------------------------------------------------------------------------------------------------
      -4.7        -4.6   0.2             gu_epvebb~d                    0.47314910 +-       0.01187763       0.4616       0 [    3]      (   0)          16318
      -4.7        -4.6   0.2             gd~_epvebb~u~                  0.16338295 +-       0.00554879       0.6403       0 [    3]      (   0)           5759
      -4.7        -4.6   0.2             ud~_epvebb~g                   0.56393587 +-       0.00799465       0.3922       0 [    5]      (   0)          71606

      -4.7        -4.6   0.25            NNLO.QT-CS.42.RCA.QCD          1.12277057 +-       0.01481277
--------------------------------------------------------------------------------------------------------------------------------------------------------------
      -4.7        -4.6   0.25            gu_epvebb~d                    0.45550083 +-       0.01155802       0.1350       0 [    3]      (   0)          15856
      -4.7        -4.6   0.25            gd~_epvebb~u~                  0.15878066 +-       0.00546289       0.7437       0 [    3]      (   0)           5562
      -4.7        -4.6   0.25            ud~_epvebb~g                   0.50848907 +-       0.00748246       0.5284       0 [    5]      (   0)          63841

      -4.7        -4.6   0.5             NNLO.QT-CS.42.RCA.QCD          0.89677372 +-       0.01307191
--------------------------------------------------------------------------------------------------------------------------------------------------------------
      -4.7        -4.6   0.5             gu_epvebb~d                    0.40391924 +-       0.01057386      0.09868       0 [    3]      (   0)          14259
      -4.7        -4.6   0.5             gd~_epvebb~u~                  0.14010331 +-       0.00504929       0.7950       0 [    3]      (   0)           4899
      -4.7        -4.6   0.5             ud~_epvebb~g                   0.35275117 +-       0.00579423       0.2914       0 [    5]      (   0)          42860

==============================================================================================================================================================

      -4.6        -4.5   0.01            NNLO.QT-CS.42.RCA.QCD          5.48938642 +-       0.04237654
--------------------------------------------------------------------------------------------------------------------------------------------------------------
      -4.6        -4.5   0.01            gu_epvebb~d                    1.36727684 +-       0.02531954       0.3444       0 [    3]      (   0)          40483
      -4.6        -4.5   0.01            gd~_epvebb~u~                  0.32814101 +-       0.01008393     0.008304       0 [    3]      (   0)          14118
      -4.6        -4.5   0.01            ud~_epvebb~g                   3.79396857 +-       0.03245006       0.4874       0 [    5]      (   0)         342045

      -4.6        -4.5   0.05            NNLO.QT-CS.42.RCA.QCD          3.87763977 +-       0.02924650
--------------------------------------------------------------------------------------------------------------------------------------------------------------
      -4.6        -4.5   0.05            gu_epvebb~d                    1.27102662 +-       0.01975598       0.5561       0 [    3]      (   0)          35356
      -4.6        -4.5   0.05            gd~_epvebb~u~                  0.31449668 +-       0.00850816      0.05123       0 [    3]      (   0)          11923
      -4.6        -4.5   0.05            ud~_epvebb~g                   2.29211647 +-       0.01981591       0.5094       0 [    5]      (   0)         226730

      -4.6        -4.5   0.1             NNLO.QT-CS.42.RCA.QCD          3.26141487 +-       0.02555892
--------------------------------------------------------------------------------------------------------------------------------------------------------------
      -4.6        -4.5   0.1             gu_epvebb~d                    1.19065973 +-       0.01812034       0.6986       0 [    3]      (   0)          32704
      -4.6        -4.5   0.1             gd~_epvebb~u~                  0.29740627 +-       0.00795699       0.1823       0 [    3]      (   0)          10952
      -4.6        -4.5   0.1             ud~_epvebb~g                   1.77334887 +-       0.01617399       0.2196       0 [    5]      (   0)         175260

      -4.6        -4.5   0.15            NNLO.QT-CS.42.RCA.QCD          2.91813497 +-       0.02360842
--------------------------------------------------------------------------------------------------------------------------------------------------------------
      -4.6        -4.5   0.15            gu_epvebb~d                    1.13451540 +-       0.01716294       0.9938       0 [    3]      (   0)          31172
      -4.6        -4.5   0.15            gd~_epvebb~u~                  0.28649655 +-       0.00770289       0.1212       0 [    3]      (   0)          10360
      -4.6        -4.5   0.15            ud~_epvebb~g                   1.49712301 +-       0.01426382       0.4914       0 [    5]      (   0)         147335

      -4.6        -4.5   0.2             NNLO.QT-CS.42.RCA.QCD          2.68155173 +-       0.02229068
--------------------------------------------------------------------------------------------------------------------------------------------------------------
      -4.6        -4.5   0.2             gu_epvebb~d                    1.08873762 +-       0.01651860       0.6601       0 [    3]      (   0)          29996
      -4.6        -4.5   0.2             gd~_epvebb~u~                  0.27602712 +-       0.00743264       0.3881       0 [    3]      (   0)           9930
      -4.6        -4.5   0.2             ud~_epvebb~g                   1.31678698 +-       0.01299101       0.4802       0 [    5]      (   0)         128521

      -4.6        -4.5   0.25            NNLO.QT-CS.42.RCA.QCD          2.50368013 +-       0.02127182
--------------------------------------------------------------------------------------------------------------------------------------------------------------
      -4.6        -4.5   0.25            gu_epvebb~d                    1.04647292 +-       0.01594497       0.2004       0 [    3]      (   0)          29077
      -4.6        -4.5   0.25            gd~_epvebb~u~                  0.26972859 +-       0.00730001       0.5355       0 [    3]      (   0)           9566
      -4.6        -4.5   0.25            ud~_epvebb~g                   1.18747862 +-       0.01203986       0.4053       0 [    5]      (   0)         114989

      -4.6        -4.5   0.5             NNLO.QT-CS.42.RCA.QCD          2.01363807 +-       0.01839926
--------------------------------------------------------------------------------------------------------------------------------------------------------------
      -4.6        -4.5   0.5             gu_epvebb~d                    0.92001948 +-       0.01420768       0.6297       0 [    3]      (   0)          26104
      -4.6        -4.5   0.5             gd~_epvebb~u~                  0.24350448 +-       0.00679225       0.2390       0 [    3]      (   0)           8535
      -4.6        -4.5   0.5             ud~_epvebb~g                   0.85011411 +-       0.00951525       0.4308       0 [    5]      (   0)          77721

==============================================================================================================================================================

      -4.5        -4.4   0.01            NNLO.QT-CS.42.RCA.QCD          10.7079713 +-        0.0584789
--------------------------------------------------------------------------------------------------------------------------------------------------------------
      -4.5        -4.4   0.01            gu_epvebb~d                     2.9757930 +-        0.0350026       0.5859       0 [    3]      (   0)          77492
      -4.5        -4.4   0.01            gd~_epvebb~u~                   0.3815137 +-        0.0111497        1.573       0 [    3]      (   0)          20069
      -4.5        -4.4   0.01            ud~_epvebb~g                    7.3506646 +-        0.0455003       0.5591       0 [    5]      (   0)         617679

      -4.5        -4.4   0.05            NNLO.QT-CS.42.RCA.QCD          7.65081894 +-       0.04047366
--------------------------------------------------------------------------------------------------------------------------------------------------------------
      -4.5        -4.4   0.05            gu_epvebb~d                    2.73995041 +-       0.02785198       0.6100       0 [    3]      (   0)          67394
      -4.5        -4.4   0.05            gd~_epvebb~u~                  0.37212693 +-       0.00940496       0.4268       0 [    3]      (   0)          17040
      -4.5        -4.4   0.05            ud~_epvebb~g                   4.53874160 +-       0.02781962        1.845       0 [    5]      (   0)         410059

      -4.5        -4.4   0.1             NNLO.QT-CS.42.RCA.QCD          6.47786392 +-       0.03542138
--------------------------------------------------------------------------------------------------------------------------------------------------------------
      -4.5        -4.4   0.1             gu_epvebb~d                    2.56602917 +-       0.02582257       0.5186       0 [    3]      (   0)          62247
      -4.5        -4.4   0.1             gd~_epvebb~u~                  0.35774701 +-       0.00880910       0.1868       0 [    3]      (   0)          15608
      -4.5        -4.4   0.1             ud~_epvebb~g                   3.55408774 +-       0.02258912       0.9815       0 [    5]      (   0)         317652

      -4.5        -4.4   0.15            NNLO.QT-CS.42.RCA.QCD          5.81956789 +-       0.03284279
--------------------------------------------------------------------------------------------------------------------------------------------------------------
      -4.5        -4.4   0.15            gu_epvebb~d                    2.44708041 +-       0.02462481       0.6401       0 [    3]      (   0)          59077
      -4.5        -4.4   0.15            gd~_epvebb~u~                  0.34513474 +-       0.00843610       0.2493       0 [    3]      (   0)          14754
      -4.5        -4.4   0.15            ud~_epvebb~g                   3.02735274 +-       0.02002747        1.470       0 [    5]      (   0)         267286

      -4.5        -4.4   0.2             NNLO.QT-CS.42.RCA.QCD          5.36538048 +-       0.03099686
--------------------------------------------------------------------------------------------------------------------------------------------------------------
      -4.5        -4.4   0.2             gu_epvebb~d                    2.35171728 +-       0.02366691       0.4310       0 [    3]      (   0)          56890
      -4.5        -4.4   0.2             gd~_epvebb~u~                  0.33617557 +-       0.00821752       0.1623       0 [    3]      (   0)          14158
      -4.5        -4.4   0.2             ud~_epvebb~g                   2.67748763 +-       0.01825253        2.155       0 [    5]      (   0)         233831

      -4.5        -4.4   0.25            NNLO.QT-CS.42.RCA.QCD          5.02361460 +-       0.02961287
--------------------------------------------------------------------------------------------------------------------------------------------------------------
      -4.5        -4.4   0.25            gu_epvebb~d                    2.28069432 +-       0.02294242       0.6123       0 [    3]      (   0)          55220
      -4.5        -4.4   0.25            gd~_epvebb~u~                  0.32915950 +-       0.00801938       0.2880       0 [    3]      (   0)          13701
      -4.5        -4.4   0.25            ud~_epvebb~g                   2.41376077 +-       0.01691913        2.658       0 [    5]      (   0)         209207

      -4.5        -4.4   0.5             NNLO.QT-CS.42.RCA.QCD          4.03903071 +-       0.02586514
--------------------------------------------------------------------------------------------------------------------------------------------------------------
      -4.5        -4.4   0.5             gu_epvebb~d                    2.02278033 +-       0.02080947        1.163       0 [    3]      (   0)          49618
      -4.5        -4.4   0.5             gd~_epvebb~u~                  0.30041965 +-       0.00742884       0.5345       0 [    3]      (   0)          12256
      -4.5        -4.4   0.5             ud~_epvebb~g                   1.71583072 +-       0.01344559        3.352       0 [    5]      (   0)         141573

==============================================================================================================================================================

      -4.4        -4.3   0.01            NNLO.QT-CS.42.RCA.QCD          18.5486496 +-        0.0768152
--------------------------------------------------------------------------------------------------------------------------------------------------------------
      -4.4        -4.3   0.01            gu_epvebb~d                     5.5332750 +-        0.0473717        1.254       0 [    3]      (   0)         141287
      -4.4        -4.3   0.01            gd~_epvebb~u~                   0.3587564 +-        0.0112543       0.3153       0 [    3]      (   0)          24696
      -4.4        -4.3   0.01            ud~_epvebb~g                   12.6566182 +-        0.0594125       0.1647       0 [    5]      (   0)        1086423

      -4.4        -4.3   0.05            NNLO.QT-CS.42.RCA.QCD          13.4893632 +-        0.0534916
--------------------------------------------------------------------------------------------------------------------------------------------------------------
      -4.4        -4.3   0.05            gu_epvebb~d                     5.1798988 +-        0.0379562        1.106       0 [    3]      (   0)         122802
      -4.4        -4.3   0.05            gd~_epvebb~u~                   0.3716466 +-        0.0091509       0.2393       0 [    3]      (   0)          21089
      -4.4        -4.3   0.05            ud~_epvebb~g                    7.9378179 +-        0.0365642       0.5642       0 [    5]      (   0)         722608

      -4.4        -4.3   0.1             NNLO.QT-CS.42.RCA.QCD          11.4802836 +-        0.0469403
--------------------------------------------------------------------------------------------------------------------------------------------------------------
      -4.4        -4.3   0.1             gu_epvebb~d                     4.8802185 +-        0.0352025        1.193       0 [    3]      (   0)         113516
      -4.4        -4.3   0.1             gd~_epvebb~u~                   0.3674322 +-        0.0085469       0.3526       0 [    3]      (   0)          19469
      -4.4        -4.3   0.1             ud~_epvebb~g                    6.2326329 +-        0.0298518       0.5806       0 [    5]      (   0)         561337

      -4.4        -4.3   0.15            NNLO.QT-CS.42.RCA.QCD          10.3801606 +-        0.0436159
--------------------------------------------------------------------------------------------------------------------------------------------------------------
      -4.4        -4.3   0.15            gu_epvebb~d                     4.6728800 +-        0.0336423        1.163       0 [    3]      (   0)         108029
      -4.4        -4.3   0.15            gd~_epvebb~u~                   0.3601782 +-        0.0082064       0.2089       0 [    3]      (   0)          18567
      -4.4        -4.3   0.15            ud~_epvebb~g                    5.3471024 +-        0.0265179       0.7504       0 [    5]      (   0)         473333

      -4.4        -4.3   0.2             NNLO.QT-CS.42.RCA.QCD          9.63509586 +-       0.04134011
--------------------------------------------------------------------------------------------------------------------------------------------------------------
      -4.4        -4.3   0.2             gu_epvebb~d                    4.50972743 +-       0.03243495        1.468       0 [    3]      (   0)         104241
      -4.4        -4.3   0.2             gd~_epvebb~u~                  0.35317391 +-       0.00796246       0.3693       0 [    3]      (   0)          17854
      -4.4        -4.3   0.2             ud~_epvebb~g                   4.77219452 +-       0.02436346       0.8151       0 [    5]      (   0)         414120

      -4.4        -4.3   0.25            NNLO.QT-CS.42.RCA.QCD          9.04432694 +-       0.03942416
--------------------------------------------------------------------------------------------------------------------------------------------------------------
      -4.4        -4.3   0.25            gu_epvebb~d                    4.35673643 +-       0.03121146        1.489       0 [    3]      (   0)         101110
      -4.4        -4.3   0.25            gd~_epvebb~u~                  0.34727046 +-       0.00780056       0.4601       0 [    3]      (   0)          17321
      -4.4        -4.3   0.25            ud~_epvebb~g                   4.34032005 +-       0.02278728       0.6287       0 [    5]      (   0)         370775

      -4.4        -4.3   0.5             NNLO.QT-CS.42.RCA.QCD          7.31400925 +-       0.03431239
--------------------------------------------------------------------------------------------------------------------------------------------------------------
      -4.4        -4.3   0.5             gu_epvebb~d                    3.87137201 +-       0.02818685        1.400       0 [    3]      (   0)          91079
      -4.4        -4.3   0.5             gd~_epvebb~u~                  0.32433780 +-       0.00726971      0.08768       0 [    3]      (   0)          15581
      -4.4        -4.3   0.5             ud~_epvebb~g                   3.11829944 +-       0.01816570       0.3546       0 [    5]      (   0)         251752

==============================================================================================================================================================

      -4.3        -4.2   0.01            NNLO.QT-CS.42.RCA.QCD          29.2939781 +-        0.0967089
--------------------------------------------------------------------------------------------------------------------------------------------------------------
      -4.3        -4.2   0.01            gu_epvebb~d                     9.1867837 +-        0.0602995      0.06509       0 [    3]      (   0)         238374
      -4.3        -4.2   0.01            gd~_epvebb~u~                   0.3489447 +-        0.0113588        1.064       0 [    3]      (   0)          28066
      -4.3        -4.2   0.01            ud~_epvebb~g                   19.7582497 +-        0.0747500        1.718       0 [    5]      (   0)        1780748

      -4.3        -4.2   0.05            NNLO.QT-CS.42.RCA.QCD          21.3575734 +-        0.0671708
--------------------------------------------------------------------------------------------------------------------------------------------------------------
      -4.3        -4.2   0.05            gu_epvebb~d                     8.5812806 +-        0.0485309       0.5342       0 [    3]      (   0)         207963
      -4.3        -4.2   0.05            gd~_epvebb~u~                   0.3808143 +-        0.0093043       0.7056       0 [    3]      (   0)          24310
      -4.3        -4.2   0.05            ud~_epvebb~g                   12.3954785 +-        0.0454984        1.215       0 [    5]      (   0)        1188220

      -4.3        -4.2   0.1             NNLO.QT-CS.42.RCA.QCD          18.3640025 +-        0.0589636
--------------------------------------------------------------------------------------------------------------------------------------------------------------
      -4.3        -4.2   0.1             gu_epvebb~d                     8.1268298 +-        0.0449034       0.3304       0 [    3]      (   0)         192895
      -4.3        -4.2   0.1             gd~_epvebb~u~                   0.3696911 +-        0.0086563       0.8753       0 [    3]      (   0)          22525
      -4.3        -4.2   0.1             ud~_epvebb~g                    9.8674817 +-        0.0372218       0.5050       0 [    5]      (   0)         923749

      -4.3        -4.2   0.15            NNLO.QT-CS.42.RCA.QCD          16.6474591 +-        0.0546256
--------------------------------------------------------------------------------------------------------------------------------------------------------------
      -4.3        -4.2   0.15            gu_epvebb~d                     7.7991317 +-        0.0427195       0.1618       0 [    3]      (   0)         183847
      -4.3        -4.2   0.15            gd~_epvebb~u~                   0.3634121 +-        0.0082691       0.7164       0 [    3]      (   0)          21531
      -4.3        -4.2   0.15            ud~_epvebb~g                    8.4849153 +-        0.0330246       0.8668       0 [    5]      (   0)         778665

      -4.3        -4.2   0.2             NNLO.QT-CS.42.RCA.QCD          15.4603922 +-        0.0516680
--------------------------------------------------------------------------------------------------------------------------------------------------------------
      -4.3        -4.2   0.2             gu_epvebb~d                     7.5384340 +-        0.0410719       0.1006       0 [    3]      (   0)         177336
      -4.3        -4.2   0.2             gd~_epvebb~u~                   0.3582840 +-        0.0080496       0.6025       0 [    3]      (   0)          20760
      -4.3        -4.2   0.2             ud~_epvebb~g                    7.5636742 +-        0.0302967       0.2560       0 [    5]      (   0)         681429

      -4.3        -4.2   0.25            NNLO.QT-CS.42.RCA.QCD          14.5710101 +-        0.0495073
--------------------------------------------------------------------------------------------------------------------------------------------------------------
      -4.3        -4.2   0.25            gu_epvebb~d                     7.3252535 +-        0.0398476      0.03684       0 [    3]      (   0)         172298
      -4.3        -4.2   0.25            gd~_epvebb~u~                   0.3535884 +-        0.0078500       0.6617       0 [    3]      (   0)          20157
      -4.3        -4.2   0.25            ud~_epvebb~g                    6.8921682 +-        0.0283112       0.4037       0 [    5]      (   0)         610182

      -4.3        -4.2   0.5             NNLO.QT-CS.42.RCA.QCD          11.9052867 +-        0.0432575
--------------------------------------------------------------------------------------------------------------------------------------------------------------
      -4.3        -4.2   0.5             gu_epvebb~d                     6.5799109 +-        0.0361006      0.05751       0 [    3]      (   0)         155865
      -4.3        -4.2   0.5             gd~_epvebb~u~                   0.3357719 +-        0.0073921       0.4333       0 [    3]      (   0)          18293
      -4.3        -4.2   0.5             ud~_epvebb~g                    4.9896039 +-        0.0226564       0.5367       0 [    5]      (   0)         413701

==============================================================================================================================================================

      -4.2        -4.1   0.01            NNLO.QT-CS.42.RCA.QCD          42.0191434 +-        0.1175065
--------------------------------------------------------------------------------------------------------------------------------------------------------------
      -4.2        -4.1   0.01            gu_epvebb~d                    13.6192474 +-        0.0739790       0.9100       0 [    3]      (   0)         372999
      -4.2        -4.1   0.01            gd~_epvebb~u~                   0.3323254 +-        0.0109184       0.3562       0 [    3]      (   0)          30835
      -4.2        -4.1   0.01            ud~_epvebb~g                   28.0675705 +-        0.0906403       0.1415       0 [    5]      (   0)        2707279

      -4.2        -4.1   0.05            NNLO.QT-CS.42.RCA.QCD          31.5590286 +-        0.0816554
--------------------------------------------------------------------------------------------------------------------------------------------------------------
      -4.2        -4.1   0.05            gu_epvebb~d                    13.0335686 +-        0.0592864       0.6761       0 [    3]      (   0)         327118
      -4.2        -4.1   0.05            gd~_epvebb~u~                   0.3493856 +-        0.0090416       0.4209       0 [    3]      (   0)          26807
      -4.2        -4.1   0.05            ud~_epvebb~g                   18.1760744 +-        0.0554164       0.2515       0 [    5]      (   0)        1815245

      -4.2        -4.1   0.1             NNLO.QT-CS.42.RCA.QCD          27.1972421 +-        0.0712826
--------------------------------------------------------------------------------------------------------------------------------------------------------------
      -4.2        -4.1   0.1             gu_epvebb~d                    12.3592239 +-        0.0544676       0.9029       0 [    3]      (   0)         304378
      -4.2        -4.1   0.1             gd~_epvebb~u~                   0.3503496 +-        0.0082060       0.1258       0 [    3]      (   0)          24991
      -4.2        -4.1   0.1             ud~_epvebb~g                   14.4876686 +-        0.0452455       0.1041       0 [    5]      (   0)        1414319

      -4.2        -4.1   0.15            NNLO.QT-CS.42.RCA.QCD          24.7760269 +-        0.0659982
--------------------------------------------------------------------------------------------------------------------------------------------------------------
      -4.2        -4.1   0.15            gu_epvebb~d                    11.9005291 +-        0.0518047       0.5000       0 [    3]      (   0)         290722
      -4.2        -4.1   0.15            gd~_epvebb~u~                   0.3509295 +-        0.0078856      0.07309       0 [    3]      (   0)          23907
      -4.2        -4.1   0.15            ud~_epvebb~g                   12.5245683 +-        0.0401229       0.1681       0 [    5]      (   0)        1192068

      -4.2        -4.1   0.2             NNLO.QT-CS.42.RCA.QCD          23.0543287 +-        0.0624878
--------------------------------------------------------------------------------------------------------------------------------------------------------------
      -4.2        -4.1   0.2             gu_epvebb~d                    11.5172037 +-        0.0499393       0.5874       0 [    3]      (   0)         280940
      -4.2        -4.1   0.2             gd~_epvebb~u~                   0.3495707 +-        0.0076460      0.04678       0 [    3]      (   0)          23072
      -4.2        -4.1   0.2             ud~_epvebb~g                   11.1875543 +-        0.0367740       0.3803       0 [    5]      (   0)        1043750

      -4.2        -4.1   0.25            NNLO.QT-CS.42.RCA.QCD          21.7738362 +-        0.0599794
--------------------------------------------------------------------------------------------------------------------------------------------------------------
      -4.2        -4.1   0.25            gu_epvebb~d                    11.2302055 +-        0.0486188       0.9066       0 [    3]      (   0)         273237
      -4.2        -4.1   0.25            gd~_epvebb~u~                   0.3447116 +-        0.0074564      0.02143       0 [    3]      (   0)          22513
      -4.2        -4.1   0.25            ud~_epvebb~g                   10.1989192 +-        0.0343241       0.4200       0 [    5]      (   0)         934678

      -4.2        -4.1   0.5             NNLO.QT-CS.42.RCA.QCD          17.8704750 +-        0.0523680
--------------------------------------------------------------------------------------------------------------------------------------------------------------
      -4.2        -4.1   0.5             gu_epvebb~d                    10.1012949 +-        0.0440154        1.156       0 [    3]      (   0)         248345
      -4.2        -4.1   0.5             gd~_epvebb~u~                   0.3292379 +-        0.0069740      0.04010       0 [    3]      (   0)          20588
      -4.2        -4.1   0.5             ud~_epvebb~g                    7.4399421 +-        0.0275029       0.6325       0 [    5]      (   0)         634671

==============================================================================================================================================================

      -4.1          -4   0.01            NNLO.QT-CS.42.RCA.QCD          56.2460717 +-        0.1381533
--------------------------------------------------------------------------------------------------------------------------------------------------------------
      -4.1          -4   0.01            gu_epvebb~d                    19.2740970 +-        0.0877236        1.784       0 [    3]      (   0)         545321
      -4.1          -4   0.01            gd~_epvebb~u~                   0.4172613 +-        0.0115807       0.9147       0 [    3]      (   0)          33655
      -4.1          -4   0.01            ud~_epvebb~g                   36.5547133 +-        0.1060980        1.112       0 [    5]      (   0)        3857663

      -4.1          -4   0.05            NNLO.QT-CS.42.RCA.QCD          43.0937674 +-        0.0960255
--------------------------------------------------------------------------------------------------------------------------------------------------------------
      -4.1          -4   0.05            gu_epvebb~d                    18.4505332 +-        0.0702803        1.394       0 [    3]      (   0)         479602
      -4.1          -4   0.05            gd~_epvebb~u~                   0.4194029 +-        0.0091275      0.02252       0 [    3]      (   0)          29360
      -4.1          -4   0.05            ud~_epvebb~g                   24.2238313 +-        0.0647939        1.138       0 [    5]      (   0)        2598061

      -4.1          -4   0.1             NNLO.QT-CS.42.RCA.QCD          37.5267642 +-        0.0839547
--------------------------------------------------------------------------------------------------------------------------------------------------------------
      -4.1          -4   0.1             gu_epvebb~d                    17.5526157 +-        0.0645974        1.533       0 [    3]      (   0)         447294
      -4.1          -4   0.1             gd~_epvebb~u~                   0.4111127 +-        0.0085655       0.1110       0 [    3]      (   0)          27296
      -4.1          -4   0.1             ud~_epvebb~g                   19.5630358 +-        0.0529357       0.3942       0 [    5]      (   0)        2026147

      -4.1          -4   0.15            NNLO.QT-CS.42.RCA.QCD          34.3141744 +-        0.0775544
--------------------------------------------------------------------------------------------------------------------------------------------------------------
      -4.1          -4   0.15            gu_epvebb~d                    16.9193745 +-        0.0612388        1.499       0 [    3]      (   0)         428174
      -4.1          -4   0.15            gd~_epvebb~u~                   0.4029630 +-        0.0082267       0.1089       0 [    3]      (   0)          26147
      -4.1          -4   0.15            ud~_epvebb~g                   16.9918368 +-        0.0468703       0.8873       0 [    5]      (   0)        1709728

      -4.1          -4   0.2             NNLO.QT-CS.42.RCA.QCD          32.0655413 +-        0.0734011
--------------------------------------------------------------------------------------------------------------------------------------------------------------
      -4.1          -4   0.2             gu_epvebb~d                    16.4089163 +-        0.0589562        1.232       0 [    3]      (   0)         414475
      -4.1          -4   0.2             gd~_epvebb~u~                   0.3968233 +-        0.0079707       0.1403       0 [    3]      (   0)          25321
      -4.1          -4   0.2             ud~_epvebb~g                   15.2598018 +-        0.0429924        1.436       0 [    5]      (   0)        1498575

      -4.1          -4   0.25            NNLO.QT-CS.42.RCA.QCD          30.3611568 +-        0.0704587
--------------------------------------------------------------------------------------------------------------------------------------------------------------
      -4.1          -4   0.25            gu_epvebb~d                    15.9855436 +-        0.0573391        1.803       0 [    3]      (   0)         403781
      -4.1          -4   0.25            gd~_epvebb~u~                   0.3906206 +-        0.0078156       0.2726       0 [    3]      (   0)          24641
      -4.1          -4   0.25            ud~_epvebb~g                   13.9849926 +-        0.0401941        1.237       0 [    5]      (   0)        1343553

      -4.1          -4   0.5             NNLO.QT-CS.42.RCA.QCD          25.1549606 +-        0.0613929
--------------------------------------------------------------------------------------------------------------------------------------------------------------
      -4.1          -4   0.5             gu_epvebb~d                    14.4505825 +-        0.0516847        2.598       0 [    3]      (   0)         368586
      -4.1          -4   0.5             gd~_epvebb~u~                   0.3683786 +-        0.0072498      0.02061       0 [    3]      (   0)          22542
      -4.1          -4   0.5             ud~_epvebb~g                   10.3359995 +-        0.0323298       0.8592       0 [    5]      (   0)         915108

==============================================================================================================================================================

        -4        -3.9   0.01            NNLO.QT-CS.42.RCA.QCD          71.1469451 +-        0.1581978
--------------------------------------------------------------------------------------------------------------------------------------------------------------
        -4        -3.9   0.01            gu_epvebb~d                    25.4782157 +-        0.0998601       0.3825       0 [    3]      (   0)         755172
        -4        -3.9   0.01            gd~_epvebb~u~                   0.5934676 +-        0.0142343       0.6648       0 [    3]      (   0)          37798
        -4        -3.9   0.01            ud~_epvebb~g                   45.0752618 +-        0.1218682       0.2223       0 [    5]      (   0)        5152912

        -4        -3.9   0.05            NNLO.QT-CS.42.RCA.QCD          55.6258997 +-        0.1100094
--------------------------------------------------------------------------------------------------------------------------------------------------------------
        -4        -3.9   0.05            gu_epvebb~d                    24.5620701 +-        0.0804485       0.3321       0 [    3]      (   0)         667376
        -4        -3.9   0.05            gd~_epvebb~u~                   0.5631944 +-        0.0110617       0.8732       0 [    3]      (   0)          32968
        -4        -3.9   0.05            ud~_epvebb~g                   30.5006352 +-        0.0742143       0.9437       0 [    5]      (   0)        3487410

        -4        -3.9   0.1             NNLO.QT-CS.42.RCA.QCD          48.8721507 +-        0.0961403
--------------------------------------------------------------------------------------------------------------------------------------------------------------
        -4        -3.9   0.1             gu_epvebb~d                    23.5027976 +-        0.0739152       0.2510       0 [    3]      (   0)         624646
        -4        -3.9   0.1             gd~_epvebb~u~                   0.5457631 +-        0.0102217        1.285       0 [    3]      (   0)          30800
        -4        -3.9   0.1             ud~_epvebb~g                   24.8235901 +-        0.0606219       0.6145       0 [    5]      (   0)        2727641

        -4        -3.9   0.15            NNLO.QT-CS.42.RCA.QCD          44.8998330 +-        0.0888836
--------------------------------------------------------------------------------------------------------------------------------------------------------------
        -4        -3.9   0.15            gu_epvebb~d                    22.6790761 +-        0.0701168       0.3123       0 [    3]      (   0)         599002
        -4        -3.9   0.15            gd~_epvebb~u~                   0.5250942 +-        0.0096823        1.476       0 [    3]      (   0)          29549
        -4        -3.9   0.15            ud~_epvebb~g                   21.6956627 +-        0.0537605       0.1356       0 [    5]      (   0)        2306366

        -4        -3.9   0.2             NNLO.QT-CS.42.RCA.QCD          42.1279568 +-        0.0842187
--------------------------------------------------------------------------------------------------------------------------------------------------------------
        -4        -3.9   0.2             gu_epvebb~d                    22.0509225 +-        0.0676521       0.2274       0 [    3]      (   0)         580561
        -4        -3.9   0.2             gd~_epvebb~u~                   0.5133298 +-        0.0093562        1.668       0 [    3]      (   0)          28538
        -4        -3.9   0.2             ud~_epvebb~g                   19.5637044 +-        0.0492793       0.5811       0 [    5]      (   0)        2022097

        -4        -3.9   0.25            NNLO.QT-CS.42.RCA.QCD          39.9805556 +-        0.0807945
--------------------------------------------------------------------------------------------------------------------------------------------------------------
        -4        -3.9   0.25            gu_epvebb~d                    21.5210224 +-        0.0657554       0.4229       0 [    3]      (   0)         566069
        -4        -3.9   0.25            gd~_epvebb~u~                   0.5013463 +-        0.0090402        1.650       0 [    3]      (   0)          27845
        -4        -3.9   0.25            ud~_epvebb~g                   17.9581869 +-        0.0460679       0.3852       0 [    5]      (   0)        1814798

        -4        -3.9   0.5             NNLO.QT-CS.42.RCA.QCD          33.4891152 +-        0.0706624
--------------------------------------------------------------------------------------------------------------------------------------------------------------
        -4        -3.9   0.5             gu_epvebb~d                    19.5802413 +-        0.0595394       0.2071       0 [    3]      (   0)         518998
        -4        -3.9   0.5             gd~_epvebb~u~                   0.4675378 +-        0.0082945        2.246       0 [    3]      (   0)          25541
        -4        -3.9   0.5             ud~_epvebb~g                   13.4413361 +-        0.0371406       0.7026       0 [    5]      (   0)        1237563

==============================================================================================================================================================

      -3.9        -3.8   0.01            NNLO.QT-CS.42.RCA.QCD          84.9078344 +-        0.1773814
--------------------------------------------------------------------------------------------------------------------------------------------------------------
      -3.9        -3.8   0.01            gu_epvebb~d                    32.0634011 +-        0.1112791       0.3179       0 [    3]      (   0)         997267
      -3.9        -3.8   0.01            gd~_epvebb~u~                   0.8950899 +-        0.0161805       0.8501       0 [    3]      (   0)          43874
      -3.9        -3.8   0.01            ud~_epvebb~g                   51.9493433 +-        0.1371836       0.3595       0 [    5]      (   0)        6524356

      -3.9        -3.8   0.05            NNLO.QT-CS.42.RCA.QCD          68.1108915 +-        0.1231417
--------------------------------------------------------------------------------------------------------------------------------------------------------------
      -3.9        -3.8   0.05            gu_epvebb~d                    31.0565857 +-        0.0895412       0.2966       0 [    3]      (   0)         884857
      -3.9        -3.8   0.05            gd~_epvebb~u~                   0.8349593 +-        0.0131761       0.4258       0 [    3]      (   0)          38365
      -3.9        -3.8   0.05            ud~_epvebb~g                   36.2193465 +-        0.0835024       0.5173       0 [    5]      (   0)        4437713

      -3.9        -3.8   0.1             NNLO.QT-CS.42.RCA.QCD          60.4851340 +-        0.1074371
--------------------------------------------------------------------------------------------------------------------------------------------------------------
      -3.9        -3.8   0.1             gu_epvebb~d                    29.8323310 +-        0.0822062       0.1989       0 [    3]      (   0)         830324
      -3.9        -3.8   0.1             gd~_epvebb~u~                   0.7871205 +-        0.0121499       0.8601       0 [    3]      (   0)          35784
      -3.9        -3.8   0.1             ud~_epvebb~g                   29.8656825 +-        0.0680973       0.5066       0 [    5]      (   0)        3480722

      -3.9        -3.8   0.15            NNLO.QT-CS.42.RCA.QCD          55.9454181 +-        0.0995156
--------------------------------------------------------------------------------------------------------------------------------------------------------------
      -3.9        -3.8   0.15            gu_epvebb~d                    28.9383357 +-        0.0782260       0.4781       0 [    3]      (   0)         797952
      -3.9        -3.8   0.15            gd~_epvebb~u~                   0.7660474 +-        0.0116459       0.5321       0 [    3]      (   0)          34309
      -3.9        -3.8   0.15            ud~_epvebb~g                   26.2410350 +-        0.0604021        1.054       0 [    5]      (   0)        2946673

      -3.9        -3.8   0.2             NNLO.QT-CS.42.RCA.QCD          52.6946546 +-        0.0941308
--------------------------------------------------------------------------------------------------------------------------------------------------------------
      -3.9        -3.8   0.2             gu_epvebb~d                    28.1621198 +-        0.0752837       0.5827       0 [    3]      (   0)         774744
      -3.9        -3.8   0.2             gd~_epvebb~u~                   0.7405154 +-        0.0111121       0.4814       0 [    3]      (   0)          33236
      -3.9        -3.8   0.2             ud~_epvebb~g                   23.7920194 +-        0.0554029        1.048       0 [    5]      (   0)        2587306

      -3.9        -3.8   0.25            NNLO.QT-CS.42.RCA.QCD          50.1624318 +-        0.0902632
--------------------------------------------------------------------------------------------------------------------------------------------------------------
      -3.9        -3.8   0.25            gu_epvebb~d                    27.5190636 +-        0.0731618       0.5803       0 [    3]      (   0)         756519
      -3.9        -3.8   0.25            gd~_epvebb~u~                   0.7202317 +-        0.0107046       0.2067       0 [    3]      (   0)          32407
      -3.9        -3.8   0.25            ud~_epvebb~g                   21.9231365 +-        0.0517707        1.230       0 [    5]      (   0)        2322230

      -3.9        -3.8   0.5             NNLO.QT-CS.42.RCA.QCD          42.3080993 +-        0.0787651
--------------------------------------------------------------------------------------------------------------------------------------------------------------
      -3.9        -3.8   0.5             gu_epvebb~d                    25.1068831 +-        0.0661213       0.2995       0 [    3]      (   0)         696084
      -3.9        -3.8   0.5             gd~_epvebb~u~                   0.6565871 +-        0.0096944      0.02143       0 [    3]      (   0)          29769
      -3.9        -3.8   0.5             ud~_epvebb~g                   16.5446290 +-        0.0416885       0.5857       0 [    5]      (   0)        1588589

==============================================================================================================================================================

      -3.8        -3.7   0.01            NNLO.QT-CS.42.RCA.QCD          97.0339512 +-        0.1955687
--------------------------------------------------------------------------------------------------------------------------------------------------------------
      -3.8        -3.7   0.01            gu_epvebb~d                    39.0795843 +-        0.1224945       0.4124       0 [    3]      (   0)        1262198
      -3.8        -3.7   0.01            gd~_epvebb~u~                   1.3398924 +-        0.0198136       0.2750       0 [    3]      (   0)          54668
      -3.8        -3.7   0.01            ud~_epvebb~g                   56.6144746 +-        0.1511609       0.2206       0 [    5]      (   0)        7971779

      -3.8        -3.7   0.05            NNLO.QT-CS.42.RCA.QCD          80.1995147 +-        0.1357793
--------------------------------------------------------------------------------------------------------------------------------------------------------------
      -3.8        -3.7   0.05            gu_epvebb~d                    38.0852017 +-        0.0986467       0.4677       0 [    3]      (   0)        1124680
      -3.8        -3.7   0.05            gd~_epvebb~u~                   1.2043037 +-        0.0162121      0.05020       0 [    3]      (   0)          47866
      -3.8        -3.7   0.05            ud~_epvebb~g                   40.9100093 +-        0.0918804       0.2468       0 [    5]      (   0)        5446675

      -3.8        -3.7   0.1             NNLO.QT-CS.42.RCA.QCD          71.9437225 +-        0.1185436
--------------------------------------------------------------------------------------------------------------------------------------------------------------
      -3.8        -3.7   0.1             gu_epvebb~d                    36.7332976 +-        0.0905920       0.9163       0 [    3]      (   0)        1057735
      -3.8        -3.7   0.1             gd~_epvebb~u~                   1.1283455 +-        0.0149384      0.08319       0 [    3]      (   0)          44558
      -3.8        -3.7   0.1             ud~_epvebb~g                   34.0820794 +-        0.0749835       0.1933       0 [    5]      (   0)        4278250

      -3.8        -3.7   0.15            NNLO.QT-CS.42.RCA.QCD          66.8886204 +-        0.1097853
--------------------------------------------------------------------------------------------------------------------------------------------------------------
      -3.8        -3.7   0.15            gu_epvebb~d                    35.6153815 +-        0.0862288       0.6254       0 [    3]      (   0)        1018249
      -3.8        -3.7   0.15            gd~_epvebb~u~                   1.0867587 +-        0.0141323       0.3998       0 [    3]      (   0)          42664
      -3.8        -3.7   0.15            ud~_epvebb~g                   30.1864803 +-        0.0664657       0.3495       0 [    5]      (   0)        3626991

      -3.8        -3.7   0.2             NNLO.QT-CS.42.RCA.QCD          63.2726654 +-        0.1040392
--------------------------------------------------------------------------------------------------------------------------------------------------------------
      -3.8        -3.7   0.2             gu_epvebb~d                    34.6928646 +-        0.0831439       0.5742       0 [    3]      (   0)         989878
      -3.8        -3.7   0.2             gd~_epvebb~u~                   1.0517714 +-        0.0136062       0.1484       0 [    3]      (   0)          41258
      -3.8        -3.7   0.2             ud~_epvebb~g                   27.5280294 +-        0.0610419       0.7423       0 [    5]      (   0)        3188201

      -3.8        -3.7   0.25            NNLO.QT-CS.42.RCA.QCD          60.4897319 +-        0.0997401
--------------------------------------------------------------------------------------------------------------------------------------------------------------
      -3.8        -3.7   0.25            gu_epvebb~d                    33.9548527 +-        0.0807406       0.7122       0 [    3]      (   0)         967396
      -3.8        -3.7   0.25            gd~_epvebb~u~                   1.0149869 +-        0.0131670      0.07458       0 [    3]      (   0)          40129
      -3.8        -3.7   0.25            ud~_epvebb~g                   25.5198923 +-        0.0570586       0.4904       0 [    5]      (   0)        2863954

      -3.8        -3.7   0.5             NNLO.QT-CS.42.RCA.QCD          51.5945138 +-        0.0872297
--------------------------------------------------------------------------------------------------------------------------------------------------------------
      -3.8        -3.7   0.5             gu_epvebb~d                    31.1715003 +-        0.0731987      0.06541       0 [    3]      (   0)         893229
      -3.8        -3.7   0.5             gd~_epvebb~u~                   0.9198541 +-        0.0117520      0.08014       0 [    3]      (   0)          36661
      -3.8        -3.7   0.5             ud~_epvebb~g                   19.5031594 +-        0.0459658       0.3283       0 [    5]      (   0)        1963072

==============================================================================================================================================================

      -3.7        -3.6   0.01            NNLO.QT-CS.42.RCA.QCD          106.638940 +-         0.211270
--------------------------------------------------------------------------------------------------------------------------------------------------------------
      -3.7        -3.6   0.01            gu_epvebb~d                     45.737842 +-         0.131158      0.04111       0 [    3]      (   0)        1541387
      -3.7        -3.6   0.01            gd~_epvebb~u~                    1.921682 +-         0.023470       0.1085       0 [    3]      (   0)          69907
      -3.7        -3.6   0.01            ud~_epvebb~g                    58.979416 +-         0.163956        1.316       0 [    5]      (   0)        9412266

      -3.7        -3.6   0.05            NNLO.QT-CS.42.RCA.QCD          90.7544457 +-        0.1463948
--------------------------------------------------------------------------------------------------------------------------------------------------------------
      -3.7        -3.6   0.05            gu_epvebb~d                    44.7044819 +-        0.1055223      0.08917       0 [    3]      (   0)        1378924
      -3.7        -3.6   0.05            gd~_epvebb~u~                   1.7185091 +-        0.0188365     0.001576       0 [    3]      (   0)          60906
      -3.7        -3.6   0.05            ud~_epvebb~g                   44.3314547 +-        0.0997078      0.08394       0 [    5]      (   0)        6454914

      -3.7        -3.6   0.1             NNLO.QT-CS.42.RCA.QCD          82.3581076 +-        0.1277430
--------------------------------------------------------------------------------------------------------------------------------------------------------------
      -3.7        -3.6   0.1             gu_epvebb~d                    43.1794246 +-        0.0969766       0.3298       0 [    3]      (   0)        1300516
      -3.7        -3.6   0.1             gd~_epvebb~u~                   1.6090243 +-        0.0170538       0.1236       0 [    3]      (   0)          56569
      -3.7        -3.6   0.1             ud~_epvebb~g                   37.5696586 +-        0.0813817       0.2756       0 [    5]      (   0)        5086790

      -3.7        -3.6   0.15            NNLO.QT-CS.42.RCA.QCD          77.0470710 +-        0.1180850
--------------------------------------------------------------------------------------------------------------------------------------------------------------
      -3.7        -3.6   0.15            gu_epvebb~d                    41.9807321 +-        0.0922441       0.1535       0 [    3]      (   0)        1253889
      -3.7        -3.6   0.15            gd~_epvebb~u~                   1.5426146 +-        0.0162269       0.1007       0 [    3]      (   0)          54111
      -3.7        -3.6   0.15            ud~_epvebb~g                   33.5237243 +-        0.0719151       0.2686       0 [    5]      (   0)        4316683

      -3.7        -3.6   0.2             NNLO.QT-CS.42.RCA.QCD          73.2352499 +-        0.1118291
--------------------------------------------------------------------------------------------------------------------------------------------------------------
      -3.7        -3.6   0.2             gu_epvebb~d                    40.9859466 +-        0.0889117      0.09261       0 [    3]      (   0)        1220350
      -3.7        -3.6   0.2             gd~_epvebb~u~                   1.4791607 +-        0.0154177       0.2279       0 [    3]      (   0)          52301
      -3.7        -3.6   0.2             ud~_epvebb~g                   30.7701426 +-        0.0660512       0.4361       0 [    5]      (   0)        3797684

      -3.7        -3.6   0.25            NNLO.QT-CS.42.RCA.QCD          70.2137863 +-        0.1072264
--------------------------------------------------------------------------------------------------------------------------------------------------------------
      -3.7        -3.6   0.25            gu_epvebb~d                    40.1424817 +-        0.0863385       0.1499       0 [    3]      (   0)        1193945
      -3.7        -3.6   0.25            gd~_epvebb~u~                   1.4390722 +-        0.0149828       0.2592       0 [    3]      (   0)          50867
      -3.7        -3.6   0.25            ud~_epvebb~g                   28.6322323 +-        0.0617953       0.7014       0 [    5]      (   0)        3415134

      -3.7        -3.6   0.5             NNLO.QT-CS.42.RCA.QCD          60.5285892 +-        0.0937766
--------------------------------------------------------------------------------------------------------------------------------------------------------------
      -3.7        -3.6   0.5             gu_epvebb~d                    37.0287461 +-        0.0782261      0.02289       0 [    3]      (   0)        1106843
      -3.7        -3.6   0.5             gd~_epvebb~u~                   1.3056370 +-        0.0135298     0.009175       0 [    3]      (   0)          46497
      -3.7        -3.6   0.5             ud~_epvebb~g                   22.1942062 +-        0.0499167        1.408       0 [    5]      (   0)        2349431

==============================================================================================================================================================

      -3.6        -3.5   0.01            NNLO.QT-CS.42.RCA.QCD          113.830604 +-         0.225431
--------------------------------------------------------------------------------------------------------------------------------------------------------------
      -3.6        -3.5   0.01            gu_epvebb~d                     52.418822 +-         0.139545        1.461       0 [    3]      (   0)        1822799
      -3.6        -3.5   0.01            gd~_epvebb~u~                    2.723576 +-         0.027731       0.4763       0 [    3]      (   0)          92719
      -3.6        -3.5   0.01            ud~_epvebb~g                    58.688207 +-         0.174864       0.6757       0 [    5]      (   0)       10824289

      -3.6        -3.5   0.05            NNLO.QT-CS.42.RCA.QCD          99.9614979 +-        0.1560995
--------------------------------------------------------------------------------------------------------------------------------------------------------------
      -3.6        -3.5   0.05            gu_epvebb~d                    51.3838012 +-        0.1123659       0.6108       0 [    3]      (   0)        1635737
      -3.6        -3.5   0.05            gd~_epvebb~u~                   2.4487426 +-        0.0225130       0.8472       0 [    3]      (   0)          80644
      -3.6        -3.5   0.05            ud~_epvebb~g                   46.1289541 +-        0.1059912       0.1440       0 [    5]      (   0)        7446130

      -3.6        -3.5   0.1             NNLO.QT-CS.42.RCA.QCD          91.8431636 +-        0.1364261
--------------------------------------------------------------------------------------------------------------------------------------------------------------
      -3.6        -3.5   0.1             gu_epvebb~d                    49.7151709 +-        0.1033470       0.2801       0 [    3]      (   0)        1545586
      -3.6        -3.5   0.1             gd~_epvebb~u~                   2.2972722 +-        0.0207341       0.2774       0 [    3]      (   0)          74919
      -3.6        -3.5   0.1             ud~_epvebb~g                   39.8307205 +-        0.0866117       0.7366       0 [    5]      (   0)        5876603

      -3.6        -3.5   0.15            NNLO.QT-CS.42.RCA.QCD          86.4860917 +-        0.1263378
--------------------------------------------------------------------------------------------------------------------------------------------------------------
      -3.6        -3.5   0.15            gu_epvebb~d                    48.3431746 +-        0.0982434       0.2522       0 [    3]      (   0)        1492428
      -3.6        -3.5   0.15            gd~_epvebb~u~                   2.2029888 +-        0.0196581       0.2342       0 [    3]      (   0)          71605
      -3.6        -3.5   0.15            ud~_epvebb~g                   35.9399283 +-        0.0769614        1.806       0 [    5]      (   0)        4993958

      -3.6        -3.5   0.2             NNLO.QT-CS.42.RCA.QCD          82.5153518 +-        0.1195495
--------------------------------------------------------------------------------------------------------------------------------------------------------------
      -3.6        -3.5   0.2             gu_epvebb~d                    47.2275919 +-        0.0946632       0.1846       0 [    3]      (   0)        1453926
      -3.6        -3.5   0.2             gd~_epvebb~u~                   2.1209605 +-        0.0188372      0.03879       0 [    3]      (   0)          69140
      -3.6        -3.5   0.2             ud~_epvebb~g                   33.1667994 +-        0.0705415        1.610       0 [    5]      (   0)        4398640

      -3.6        -3.5   0.25            NNLO.QT-CS.42.RCA.QCD          79.3024316 +-        0.1146407
--------------------------------------------------------------------------------------------------------------------------------------------------------------
      -3.6        -3.5   0.25            gu_epvebb~d                    46.2511553 +-        0.0919201       0.2023       0 [    3]      (   0)        1423652
      -3.6        -3.5   0.25            gd~_epvebb~u~                   2.0597169 +-        0.0182306       0.2264       0 [    3]      (   0)          67248
      -3.6        -3.5   0.25            ud~_epvebb~g                   30.9915594 +-        0.0660365        1.252       0 [    5]      (   0)        3958036

      -3.6        -3.5   0.5             NNLO.QT-CS.42.RCA.QCD          68.9799285 +-        0.1004534
--------------------------------------------------------------------------------------------------------------------------------------------------------------
      -3.6        -3.5   0.5             gu_epvebb~d                    42.8239745 +-        0.0834765       0.3192       0 [    3]      (   0)        1323203
      -3.6        -3.5   0.5             gd~_epvebb~u~                   1.8525947 +-        0.0164000       0.5015       0 [    3]      (   0)          61120
      -3.6        -3.5   0.5             ud~_epvebb~g                   24.3033593 +-        0.0534191        1.285       0 [    5]      (   0)        2730337

==============================================================================================================================================================

      -3.5        -3.4   0.01            NNLO.QT-CS.42.RCA.QCD          117.932937 +-         0.237336
--------------------------------------------------------------------------------------------------------------------------------------------------------------
      -3.5        -3.4   0.01            gu_epvebb~d                     58.460038 +-         0.145945       0.1214       0 [    3]      (   0)        2101286
      -3.5        -3.4   0.01            gd~_epvebb~u~                    3.785870 +-         0.032648       0.6585       0 [    3]      (   0)         124065
      -3.5        -3.4   0.01            ud~_epvebb~g                    55.687030 +-         0.184289       0.6287       0 [    5]      (   0)       12140409

      -3.5        -3.4   0.05            NNLO.QT-CS.42.RCA.QCD          107.585781 +-         0.164226
--------------------------------------------------------------------------------------------------------------------------------------------------------------
      -3.5        -3.4   0.05            gu_epvebb~d                     57.500602 +-         0.117383       0.1543       0 [    3]      (   0)        1891909
      -3.5        -3.4   0.05            gd~_epvebb~u~                    3.363530 +-         0.026484        1.833       0 [    3]      (   0)         107434
      -3.5        -3.4   0.05            ud~_epvebb~g                    46.721649 +-         0.111758       0.8318       0 [    5]      (   0)        8383303

      -3.5        -3.4   0.1             NNLO.QT-CS.42.RCA.QCD          99.9832163 +-        0.1433199
--------------------------------------------------------------------------------------------------------------------------------------------------------------
      -3.5        -3.4   0.1             gu_epvebb~d                    55.7766116 +-        0.1077971       0.1417       0 [    3]      (   0)        1791808
      -3.5        -3.4   0.1             gd~_epvebb~u~                   3.1614471 +-        0.0241829        1.381       0 [    3]      (   0)          99714
      -3.5        -3.4   0.1             ud~_epvebb~g                   41.0451577 +-        0.0912994       0.5397       0 [    5]      (   0)        6628444

      -3.5        -3.4   0.15            NNLO.QT-CS.42.RCA.QCD          94.7159821 +-        0.1325256
--------------------------------------------------------------------------------------------------------------------------------------------------------------
      -3.5        -3.4   0.15            gu_epvebb~d                    54.2855213 +-        0.1022887      0.05035       0 [    3]      (   0)        1731820
      -3.5        -3.4   0.15            gd~_epvebb~u~                   3.0370086 +-        0.0230468        1.062       0 [    3]      (   0)          95084
      -3.5        -3.4   0.15            ud~_epvebb~g                   37.3934523 +-        0.0810488       0.5547       0 [    5]      (   0)        5640221

      -3.5        -3.4   0.2             NNLO.QT-CS.42.RCA.QCD          90.7040200 +-        0.1254308
--------------------------------------------------------------------------------------------------------------------------------------------------------------
      -3.5        -3.4   0.2             gu_epvebb~d                    53.0679463 +-        0.0984945      0.05619       0 [    3]      (   0)        1688817
      -3.5        -3.4   0.2             gd~_epvebb~u~                   2.9273458 +-        0.0221393       0.8349       0 [    3]      (   0)          91806
      -3.5        -3.4   0.2             ud~_epvebb~g                   34.7087279 +-        0.0744417       0.5551       0 [    5]      (   0)        4971079

      -3.5        -3.4   0.25            NNLO.QT-CS.42.RCA.QCD          87.4651152 +-        0.1202495
--------------------------------------------------------------------------------------------------------------------------------------------------------------
      -3.5        -3.4   0.25            gu_epvebb~d                    52.0364264 +-        0.0956521       0.1531       0 [    3]      (   0)        1654939
      -3.5        -3.4   0.25            gd~_epvebb~u~                   2.8398817 +-        0.0213764        1.197       0 [    3]      (   0)          89267
      -3.5        -3.4   0.25            ud~_epvebb~g                   32.5888072 +-        0.0696682       0.7779       0 [    5]      (   0)        4475021

      -3.5        -3.4   0.5             NNLO.QT-CS.42.RCA.QCD          76.8258037 +-        0.1054257
--------------------------------------------------------------------------------------------------------------------------------------------------------------
      -3.5        -3.4   0.5             gu_epvebb~d                    48.3566746 +-        0.0870621       0.2488       0 [    3]      (   0)        1542474
      -3.5        -3.4   0.5             gd~_epvebb~u~                   2.5617731 +-        0.0192951        1.774       0 [    3]      (   0)          81216
      -3.5        -3.4   0.5             ud~_epvebb~g                   25.9073559 +-        0.0562358        1.988       0 [    5]      (   0)        3090809

==============================================================================================================================================================

      -3.4        -3.3   0.01            NNLO.QT-CS.42.RCA.QCD          119.599756 +-         0.247844
--------------------------------------------------------------------------------------------------------------------------------------------------------------
      -3.4        -3.3   0.01            gu_epvebb~d                     64.341380 +-         0.151781      0.03384       0 [    3]      (   0)        2369680
      -3.4        -3.3   0.01            gd~_epvebb~u~                    5.119369 +-         0.036857       0.4205       0 [    3]      (   0)         164267
      -3.4        -3.3   0.01            ud~_epvebb~g                    50.139007 +-         0.192433       0.5181       0 [    5]      (   0)       13327821

      -3.4        -3.3   0.05            NNLO.QT-CS.42.RCA.QCD          113.645161 +-         0.171493
--------------------------------------------------------------------------------------------------------------------------------------------------------------
      -3.4        -3.3   0.05            gu_epvebb~d                     63.568225 +-         0.122210      0.09677       0 [    3]      (   0)        2140243
      -3.4        -3.3   0.05            gd~_epvebb~u~                    4.567114 +-         0.029935       0.3735       0 [    3]      (   0)         142336
      -3.4        -3.3   0.05            ud~_epvebb~g                    45.509822 +-         0.116526        1.575       0 [    5]      (   0)        9230292

      -3.4        -3.3   0.1             NNLO.QT-CS.42.RCA.QCD          106.906738 +-         0.149801
--------------------------------------------------------------------------------------------------------------------------------------------------------------
      -3.4        -3.3   0.1             gu_epvebb~d                     61.703613 +-         0.112314       0.1165       0 [    3]      (   0)        2030984
      -3.4        -3.3   0.1             gd~_epvebb~u~                    4.286957 +-         0.027719       0.5861       0 [    3]      (   0)         131999
      -3.4        -3.3   0.1             ud~_epvebb~g                    40.916168 +-         0.095171        1.343       0 [    5]      (   0)        7310570

      -3.4        -3.3   0.15            NNLO.QT-CS.42.RCA.QCD          102.059782 +-         0.138768
--------------------------------------------------------------------------------------------------------------------------------------------------------------
      -3.4        -3.3   0.15            gu_epvebb~d                     60.250022 +-         0.106852       0.1026       0 [    3]      (   0)        1966665
      -3.4        -3.3   0.15            gd~_epvebb~u~                    4.099674 +-         0.026329       0.9113       0 [    3]      (   0)         126102
      -3.4        -3.3   0.15            ud~_epvebb~g                    37.710086 +-         0.084535        1.090       0 [    5]      (   0)        6228057

      -3.4        -3.3   0.2             NNLO.QT-CS.42.RCA.QCD          98.2198883 +-        0.1314485
--------------------------------------------------------------------------------------------------------------------------------------------------------------
      -3.4        -3.3   0.2             gu_epvebb~d                    58.9979718 +-        0.1029989       0.1848       0 [    3]      (   0)        1919712
      -3.4        -3.3   0.2             gd~_epvebb~u~                   3.9487419 +-        0.0253245       0.6827       0 [    3]      (   0)         121761
      -3.4        -3.3   0.2             ud~_epvebb~g                   35.2731746 +-        0.0776441       0.6702       0 [    5]      (   0)        5495401

      -3.4        -3.3   0.25            NNLO.QT-CS.42.RCA.QCD          95.0707067 +-        0.1261034
--------------------------------------------------------------------------------------------------------------------------------------------------------------
      -3.4        -3.3   0.25            gu_epvebb~d                    57.9460935 +-        0.1001317       0.3887       0 [    3]      (   0)        1882901
      -3.4        -3.3   0.25            gd~_epvebb~u~                   3.8212791 +-        0.0244596       0.7949       0 [    3]      (   0)         118311
      -3.4        -3.3   0.25            ud~_epvebb~g                   33.3033341 +-        0.0726460       0.5320       0 [    5]      (   0)        4950730

      -3.4        -3.3   0.5             NNLO.QT-CS.42.RCA.QCD          84.4223725 +-        0.1106642
--------------------------------------------------------------------------------------------------------------------------------------------------------------
      -3.4        -3.3   0.5             gu_epvebb~d                    54.0580001 +-        0.0911672       0.2310       0 [    3]      (   0)        1759053
      -3.4        -3.3   0.5             gd~_epvebb~u~                   3.4156040 +-        0.0219497       0.5313       0 [    3]      (   0)         107286
      -3.4        -3.3   0.5             ud~_epvebb~g                   26.9487685 +-        0.0587648       0.9757       0 [    5]      (   0)        3429760

==============================================================================================================================================================

      -3.3        -3.2   0.01            NNLO.QT-CS.42.RCA.QCD          119.050652 +-         0.257492
--------------------------------------------------------------------------------------------------------------------------------------------------------------
      -3.3        -3.2   0.01            gu_epvebb~d                     69.882986 +-         0.156585       0.4951       0 [    3]      (   0)        2616505
      -3.3        -3.2   0.01            gd~_epvebb~u~                    6.603449 +-         0.041822      0.02466       0 [    3]      (   0)         212108
      -3.3        -3.2   0.01            ud~_epvebb~g                    42.564217 +-         0.200085       0.7815       0 [    5]      (   0)       14377811

      -3.3        -3.2   0.05            NNLO.QT-CS.42.RCA.QCD          118.068460 +-         0.177769
--------------------------------------------------------------------------------------------------------------------------------------------------------------
      -3.3        -3.2   0.05            gu_epvebb~d                     68.965157 +-         0.125898        1.320       0 [    3]      (   0)        2368782
      -3.3        -3.2   0.05            gd~_epvebb~u~                    5.946351 +-         0.033933       0.1367       0 [    3]      (   0)         183990
      -3.3        -3.2   0.05            ud~_epvebb~g                    43.156952 +-         0.120830       0.7647       0 [    5]      (   0)        9985679

      -3.3        -3.2   0.1             NNLO.QT-CS.42.RCA.QCD          112.480442 +-         0.155379
--------------------------------------------------------------------------------------------------------------------------------------------------------------
      -3.3        -3.2   0.1             gu_epvebb~d                     67.003317 +-         0.115773        1.531       0 [    3]      (   0)        2251224
      -3.3        -3.2   0.1             gd~_epvebb~u~                    5.572124 +-         0.031244       0.5853       0 [    3]      (   0)         170586
      -3.3        -3.2   0.1             ud~_epvebb~g                    39.905001 +-         0.098807        1.358       0 [    5]      (   0)        7921908

      -3.3        -3.2   0.15            NNLO.QT-CS.42.RCA.QCD          108.135912 +-         0.143923
--------------------------------------------------------------------------------------------------------------------------------------------------------------
      -3.3        -3.2   0.15            gu_epvebb~d                     65.445132 +-         0.110138       0.9657       0 [    3]      (   0)        2181754
      -3.3        -3.2   0.15            gd~_epvebb~u~                    5.337431 +-         0.029723       0.5301       0 [    3]      (   0)         162809
      -3.3        -3.2   0.15            ud~_epvebb~g                    37.353348 +-         0.087749       0.8927       0 [    5]      (   0)        6752073

      -3.3        -3.2   0.2             NNLO.QT-CS.42.RCA.QCD          104.448680 +-         0.136324
--------------------------------------------------------------------------------------------------------------------------------------------------------------
      -3.3        -3.2   0.2             gu_epvebb~d                     64.111388 +-         0.106158       0.5030       0 [    3]      (   0)        2131504
      -3.3        -3.2   0.2             gd~_epvebb~u~                    5.154245 +-         0.028611       0.8651       0 [    3]      (   0)         157188
      -3.3        -3.2   0.2             ud~_epvebb~g                    35.183047 +-         0.080599       0.4516       0 [    5]      (   0)        5961373

      -3.3        -3.2   0.25            NNLO.QT-CS.42.RCA.QCD          101.428102 +-         0.130748
--------------------------------------------------------------------------------------------------------------------------------------------------------------
      -3.3        -3.2   0.25            gu_epvebb~d                     63.022420 +-         0.103152       0.7515       0 [    3]      (   0)        2091755
      -3.3        -3.2   0.25            gd~_epvebb~u~                    5.004240 +-         0.027799       0.6880       0 [    3]      (   0)         152977
      -3.3        -3.2   0.25            ud~_epvebb~g                    33.401442 +-         0.075378       0.3891       0 [    5]      (   0)        5373494

      -3.3        -3.2   0.5             NNLO.QT-CS.42.RCA.QCD          90.9803102 +-        0.1150489
--------------------------------------------------------------------------------------------------------------------------------------------------------------
      -3.3        -3.2   0.5             gu_epvebb~d                    58.9195037 +-        0.0941597        1.373       0 [    3]      (   0)        1958410
      -3.3        -3.2   0.5             gd~_epvebb~u~                   4.5308952 +-        0.0252493        1.344       0 [    3]      (   0)         139303
      -3.3        -3.2   0.5             ud~_epvebb~g                   27.5299113 +-        0.0610956       0.5903       0 [    5]      (   0)        3729112

==============================================================================================================================================================

      -3.2        -3.1   0.01            NNLO.QT-CS.42.RCA.QCD          117.153717 +-         0.264203
--------------------------------------------------------------------------------------------------------------------------------------------------------------
      -3.2        -3.1   0.01            gu_epvebb~d                     75.080529 +-         0.158960        1.764       0 [    3]      (   0)        2846786
      -3.2        -3.1   0.01            gd~_epvebb~u~                    8.397774 +-         0.046937        2.158       0 [    3]      (   0)         270690
      -3.2        -3.1   0.01            ud~_epvebb~g                    33.675414 +-         0.205747       0.3752       0 [    5]      (   0)       15250753

      -3.2        -3.1   0.05            NNLO.QT-CS.42.RCA.QCD          121.269581 +-         0.183071
--------------------------------------------------------------------------------------------------------------------------------------------------------------
      -3.2        -3.1   0.05            gu_epvebb~d                     73.835327 +-         0.128526        1.517       0 [    3]      (   0)        2584238
      -3.2        -3.1   0.05            gd~_epvebb~u~                    7.543370 +-         0.038252        1.575       0 [    3]      (   0)         234630
      -3.2        -3.1   0.05            ud~_epvebb~g                    39.890884 +-         0.124631       0.9215       0 [    5]      (   0)       10621835

      -3.2        -3.1   0.1             NNLO.QT-CS.42.RCA.QCD          117.008659 +-         0.159967
--------------------------------------------------------------------------------------------------------------------------------------------------------------
      -3.2        -3.1   0.1             gu_epvebb~d                     71.801604 +-         0.118225        1.153       0 [    3]      (   0)        2459229
      -3.2        -3.1   0.1             gd~_epvebb~u~                    7.080043 +-         0.035122       0.9941       0 [    3]      (   0)         217695
      -3.2        -3.1   0.1             ud~_epvebb~g                    38.127012 +-         0.101876       0.7794       0 [    5]      (   0)        8438509

      -3.2        -3.1   0.15            NNLO.QT-CS.42.RCA.QCD          113.142364 +-         0.148236
--------------------------------------------------------------------------------------------------------------------------------------------------------------
      -3.2        -3.1   0.15            gu_epvebb~d                     70.176245 +-         0.112457        1.050       0 [    3]      (   0)        2385675
      -3.2        -3.1   0.15            gd~_epvebb~u~                    6.758423 +-         0.033416       0.8828       0 [    3]      (   0)         207646
      -3.2        -3.1   0.15            ud~_epvebb~g                    36.207696 +-         0.090613       0.7292       0 [    5]      (   0)        7202847

      -3.2        -3.1   0.2             NNLO.QT-CS.42.RCA.QCD          109.852656 +-         0.140616
--------------------------------------------------------------------------------------------------------------------------------------------------------------
      -3.2        -3.1   0.2             gu_epvebb~d                     68.844708 +-         0.108598       0.5414       0 [    3]      (   0)        2332472
      -3.2        -3.1   0.2             gd~_epvebb~u~                    6.546317 +-         0.032200       0.8661       0 [    3]      (   0)         200639
      -3.2        -3.1   0.2             ud~_epvebb~g                    34.461631 +-         0.083321       0.8669       0 [    5]      (   0)        6363663

      -3.2        -3.1   0.25            NNLO.QT-CS.42.RCA.QCD          107.064646 +-         0.134903
--------------------------------------------------------------------------------------------------------------------------------------------------------------
      -3.2        -3.1   0.25            gu_epvebb~d                     67.694176 +-         0.105627       0.7894       0 [    3]      (   0)        2290104
      -3.2        -3.1   0.25            gd~_epvebb~u~                    6.368232 +-         0.031110       0.7952       0 [    3]      (   0)         195334
      -3.2        -3.1   0.25            ud~_epvebb~g                    33.002238 +-         0.077935       0.5958       0 [    5]      (   0)        5739540

      -3.2        -3.1   0.5             NNLO.QT-CS.42.RCA.QCD          96.9852739 +-        0.1187546
--------------------------------------------------------------------------------------------------------------------------------------------------------------
      -3.2        -3.1   0.5             gu_epvebb~d                    63.4976365 +-        0.0965505       0.8046       0 [    3]      (   0)        2148947
      -3.2        -3.1   0.5             gd~_epvebb~u~                   5.7595419 +-        0.0281935       0.3778       0 [    3]      (   0)         178231
      -3.2        -3.1   0.5             ud~_epvebb~g                   27.7280955 +-        0.0631329       0.4772       0 [    5]      (   0)        3992830

==============================================================================================================================================================

      -3.1          -3   0.01            NNLO.QT-CS.42.RCA.QCD          113.433298 +-         0.269783
--------------------------------------------------------------------------------------------------------------------------------------------------------------
      -3.1          -3   0.01            gu_epvebb~d                     79.729653 +-         0.160607       0.2198       0 [    3]      (   0)        3054558
      -3.1          -3   0.01            gd~_epvebb~u~                   10.335983 +-         0.050950       0.1646       0 [    3]      (   0)         335440
      -3.1          -3   0.01            ud~_epvebb~g                    23.367662 +-         0.210695        1.161       0 [    5]      (   0)       15953048

      -3.1          -3   0.05            NNLO.QT-CS.42.RCA.QCD          123.107731 +-         0.187016
--------------------------------------------------------------------------------------------------------------------------------------------------------------
      -3.1          -3   0.05            gu_epvebb~d                     78.294930 +-         0.130164      0.03538       0 [    3]      (   0)        2778617
      -3.1          -3   0.05            gd~_epvebb~u~                    9.294387 +-         0.041721        1.263       0 [    3]      (   0)         291372
      -3.1          -3   0.05            ud~_epvebb~g                    35.518414 +-         0.127639       0.5569       0 [    5]      (   0)       11137683

      -3.1          -3   0.1             NNLO.QT-CS.42.RCA.QCD          120.230905 +-         0.163626
--------------------------------------------------------------------------------------------------------------------------------------------------------------
      -3.1          -3   0.1             gu_epvebb~d                     76.107279 +-         0.120024      0.01892       0 [    3]      (   0)        2648501
      -3.1          -3   0.1             gd~_epvebb~u~                    8.729707 +-         0.038329        1.038       0 [    3]      (   0)         270431
      -3.1          -3   0.1             ud~_epvebb~g                    35.393920 +-         0.104396       0.4999       0 [    5]      (   0)        8862172

      -3.1          -3   0.15            NNLO.QT-CS.42.RCA.QCD          117.002244 +-         0.151696
--------------------------------------------------------------------------------------------------------------------------------------------------------------
      -3.1          -3   0.15            gu_epvebb~d                     74.442941 +-         0.114297      0.02395       0 [    3]      (   0)        2570643
      -3.1          -3   0.15            gd~_epvebb~u~                    8.359622 +-         0.036460        1.134       0 [    3]      (   0)         258316
      -3.1          -3   0.15            ud~_epvebb~g                    34.199681 +-         0.092836       0.7255       0 [    5]      (   0)        7572670

      -3.1          -3   0.2             NNLO.QT-CS.42.RCA.QCD          114.070160 +-         0.143829
--------------------------------------------------------------------------------------------------------------------------------------------------------------
      -3.1          -3   0.2             gu_epvebb~d                     73.037412 +-         0.110317      0.02181       0 [    3]      (   0)        2514565
      -3.1          -3   0.2             gd~_epvebb~u~                    8.088036 +-         0.035164        1.677       0 [    3]      (   0)         249734
      -3.1          -3   0.2             ud~_epvebb~g                    32.944712 +-         0.085325       0.9133       0 [    5]      (   0)        6695408

      -3.1          -3   0.25            NNLO.QT-CS.42.RCA.QCD          111.535821 +-         0.138118
--------------------------------------------------------------------------------------------------------------------------------------------------------------
      -3.1          -3   0.25            gu_epvebb~d                     71.849695 +-         0.107347      0.01686       0 [    3]      (   0)        2470043
      -3.1          -3   0.25            gd~_epvebb~u~                    7.863653 +-         0.034098        1.515       0 [    3]      (   0)         243135
      -3.1          -3   0.25            ud~_epvebb~g                    31.822473 +-         0.079941        1.363       0 [    5]      (   0)        6044248

      -3.1          -3   0.5             NNLO.QT-CS.42.RCA.QCD          101.877178 +-         0.121707
--------------------------------------------------------------------------------------------------------------------------------------------------------------
      -3.1          -3   0.5             gu_epvebb~d                     67.476209 +-         0.098137      0.06767       0 [    3]      (   0)        2320845
      -3.1          -3   0.5             gd~_epvebb~u~                    7.131798 +-         0.031097       0.3840       0 [    3]      (   0)         221722
      -3.1          -3   0.5             ud~_epvebb~g                    27.269171 +-         0.064920       0.5260       0 [    5]      (   0)        4215687

==============================================================================================================================================================

        -3        -2.9   0.01            NNLO.QT-CS.42.RCA.QCD          107.995326 +-         0.274732
--------------------------------------------------------------------------------------------------------------------------------------------------------------
        -3        -2.9   0.01            gu_epvebb~d                     83.697116 +-         0.162238       0.3986       0 [    3]      (   0)        3236803
        -3        -2.9   0.01            gd~_epvebb~u~                   12.590428 +-         0.055922        1.650       0 [    3]      (   0)         410093
        -3        -2.9   0.01            ud~_epvebb~g                    11.707782 +-         0.214544        1.100       0 [    5]      (   0)       16562138

        -3        -2.9   0.05            NNLO.QT-CS.42.RCA.QCD          123.559650 +-         0.190284
--------------------------------------------------------------------------------------------------------------------------------------------------------------
        -3        -2.9   0.05            gu_epvebb~d                     82.003376 +-         0.131257        1.044       0 [    3]      (   0)        2949526
        -3        -2.9   0.05            gd~_epvebb~u~                   11.319505 +-         0.045464       0.6726       0 [    3]      (   0)         356251
        -3        -2.9   0.05            ud~_epvebb~g                    30.236769 +-         0.130049       0.9096       0 [    5]      (   0)       11581155

        -3        -2.9   0.1             NNLO.QT-CS.42.RCA.QCD          122.323483 +-         0.166708
--------------------------------------------------------------------------------------------------------------------------------------------------------------
        -3        -2.9   0.1             gu_epvebb~d                     79.682424 +-         0.121088       0.9175       0 [    3]      (   0)        2815094
        -3        -2.9   0.1             gd~_epvebb~u~                   10.628916 +-         0.041980       0.8494       0 [    3]      (   0)         331357
        -3        -2.9   0.1             ud~_epvebb~g                    32.012143 +-         0.106616       0.6588       0 [    5]      (   0)        9225951

        -3        -2.9   0.15            NNLO.QT-CS.42.RCA.QCD          119.893082 +-         0.154718
--------------------------------------------------------------------------------------------------------------------------------------------------------------
        -3        -2.9   0.15            gu_epvebb~d                     77.958353 +-         0.115428       0.6162       0 [    3]      (   0)        2735072
        -3        -2.9   0.15            gd~_epvebb~u~                   10.181727 +-         0.040021       0.9413       0 [    3]      (   0)         316807
        -3        -2.9   0.15            ud~_epvebb~g                    31.753002 +-         0.094934       0.2486       0 [    5]      (   0)        7886308

        -3        -2.9   0.2             NNLO.QT-CS.42.RCA.QCD          117.459725 +-         0.146885
--------------------------------------------------------------------------------------------------------------------------------------------------------------
        -3        -2.9   0.2             gu_epvebb~d                     76.552195 +-         0.111621       0.5460       0 [    3]      (   0)        2677425
        -3        -2.9   0.2             gd~_epvebb~u~                    9.850225 +-         0.038552       0.8294       0 [    3]      (   0)         306459
        -3        -2.9   0.2             ud~_epvebb~g                    31.057305 +-         0.087349       0.1114       0 [    5]      (   0)        6976773

        -3        -2.9   0.25            NNLO.QT-CS.42.RCA.QCD          115.205674 +-         0.141126
--------------------------------------------------------------------------------------------------------------------------------------------------------------
        -3        -2.9   0.25            gu_epvebb~d                     75.348877 +-         0.108593       0.5179       0 [    3]      (   0)        2631476
        -3        -2.9   0.25            gd~_epvebb~u~                    9.588398 +-         0.037547       0.7723       0 [    3]      (   0)         298400
        -3        -2.9   0.25            ud~_epvebb~g                    30.268399 +-         0.081942       0.2448       0 [    5]      (   0)        6300380

        -3        -2.9   0.5             NNLO.QT-CS.42.RCA.QCD          106.282485 +-         0.124616
--------------------------------------------------------------------------------------------------------------------------------------------------------------
        -3        -2.9   0.5             gu_epvebb~d                     70.973198 +-         0.099460       0.9842       0 [    3]      (   0)        2477217
        -3        -2.9   0.5             gd~_epvebb~u~                    8.698797 +-         0.034230        1.567       0 [    3]      (   0)         272319
        -3        -2.9   0.5             ud~_epvebb~g                    26.610491 +-         0.066822       0.4994       0 [    5]      (   0)        4400004

==============================================================================================================================================================

      -2.9        -2.8   0.01            NNLO.QT-CS.42.RCA.QCD          102.449996 +-         0.277739
--------------------------------------------------------------------------------------------------------------------------------------------------------------
      -2.9        -2.8   0.01            gu_epvebb~d                     87.276534 +-         0.162589        2.157       0 [    3]      (   0)        3385163
      -2.9        -2.8   0.01            gd~_epvebb~u~                   14.884580 +-         0.060304       0.7812       0 [    3]      (   0)         489748
      -2.9        -2.8   0.01            ud~_epvebb~g                     0.288882 +-         0.216949       0.3156       0 [    5]      (   0)       17082794

      -2.9        -2.8   0.05            NNLO.QT-CS.42.RCA.QCD          123.459590 +-         0.192790
--------------------------------------------------------------------------------------------------------------------------------------------------------------
      -2.9        -2.8   0.05            gu_epvebb~d                     85.251149 +-         0.132160       0.2329       0 [    3]      (   0)        3091704
      -2.9        -2.8   0.05            gd~_epvebb~u~                   13.395388 +-         0.049138      0.07140       0 [    3]      (   0)         426182
      -2.9        -2.8   0.05            ud~_epvebb~g                    24.813053 +-         0.131480       0.1435       0 [    5]      (   0)       11963888

      -2.9        -2.8   0.1             NNLO.QT-CS.42.RCA.QCD          123.977358 +-         0.168975
--------------------------------------------------------------------------------------------------------------------------------------------------------------
      -2.9        -2.8   0.1             gu_epvebb~d                     82.992006 +-         0.122115       0.1441       0 [    3]      (   0)        2953972
      -2.9        -2.8   0.1             gd~_epvebb~u~                   12.588740 +-         0.045333      0.03011       0 [    3]      (   0)         396572
      -2.9        -2.8   0.1             ud~_epvebb~g                    28.396612 +-         0.107636       0.1338       0 [    5]      (   0)        9540438

      -2.9        -2.8   0.15            NNLO.QT-CS.42.RCA.QCD          122.311746 +-         0.156888
--------------------------------------------------------------------------------------------------------------------------------------------------------------
      -2.9        -2.8   0.15            gu_epvebb~d                     81.165281 +-         0.116505       0.1732       0 [    3]      (   0)        2871780
      -2.9        -2.8   0.15            gd~_epvebb~u~                   12.095266 +-         0.043169      0.02826       0 [    3]      (   0)         379503
      -2.9        -2.8   0.15            ud~_epvebb~g                    29.051199 +-         0.095795       0.2392       0 [    5]      (   0)        8164927

      -2.9        -2.8   0.2             NNLO.QT-CS.42.RCA.QCD          120.324289 +-         0.148965
--------------------------------------------------------------------------------------------------------------------------------------------------------------
      -2.9        -2.8   0.2             gu_epvebb~d                     79.737622 +-         0.112629       0.2274       0 [    3]      (   0)        2812847
      -2.9        -2.8   0.2             gd~_epvebb~u~                   11.694825 +-         0.041578      0.04037       0 [    3]      (   0)         367305
      -2.9        -2.8   0.2             ud~_epvebb~g                    28.891842 +-         0.088184       0.2841       0 [    5]      (   0)        7227921

      -2.9        -2.8   0.25            NNLO.QT-CS.42.RCA.QCD          118.255818 +-         0.143052
--------------------------------------------------------------------------------------------------------------------------------------------------------------
      -2.9        -2.8   0.25            gu_epvebb~d                     78.476301 +-         0.109588       0.1896       0 [    3]      (   0)        2765437
      -2.9        -2.8   0.25            gd~_epvebb~u~                   11.373500 +-         0.040377     0.001055       0 [    3]      (   0)         357550
      -2.9        -2.8   0.25            ud~_epvebb~g                    28.406018 +-         0.082609       0.4805       0 [    5]      (   0)        6528814

      -2.9        -2.8   0.5             NNLO.QT-CS.42.RCA.QCD          109.944561 +-         0.126442
--------------------------------------------------------------------------------------------------------------------------------------------------------------
      -2.9        -2.8   0.5             gu_epvebb~d                     74.088467 +-         0.100628      0.09303       0 [    3]      (   0)        2606840
      -2.9        -2.8   0.5             gd~_epvebb~u~                   10.305506 +-         0.036746       0.1926       0 [    3]      (   0)         326945
      -2.9        -2.8   0.5             ud~_epvebb~g                    25.550588 +-         0.067165       0.4191       0 [    5]      (   0)        4566459

==============================================================================================================================================================

      -2.8        -2.7   0.01            NNLO.QT-CS.42.RCA.QCD          95.3712729 +-        0.2805055
--------------------------------------------------------------------------------------------------------------------------------------------------------------
      -2.8        -2.7   0.01            gu_epvebb~d                    90.7590441 +-        0.1627053       0.1876       0 [    3]      (   0)        3508932
      -2.8        -2.7   0.01            gd~_epvebb~u~                  17.4692317 +-        0.0645071       0.2951       0 [    3]      (   0)         573902
      -2.8        -2.7   0.01            ud~_epvebb~g                  -12.8570029 +-        0.2192012       0.9678       0 [    5]      (   0)       17464756

      -2.8        -2.7   0.05            NNLO.QT-CS.42.RCA.QCD          122.426804 +-         0.195305
--------------------------------------------------------------------------------------------------------------------------------------------------------------
      -2.8        -2.7   0.05            gu_epvebb~d                     88.239780 +-         0.132534       0.1354       0 [    3]      (   0)        3210940
      -2.8        -2.7   0.05            gd~_epvebb~u~                   15.740296 +-         0.052745      0.08156       0 [    3]      (   0)         500132
      -2.8        -2.7   0.05            ud~_epvebb~g                    18.446729 +-         0.133405       0.4213       0 [    5]      (   0)       12250102

      -2.8        -2.7   0.1             NNLO.QT-CS.42.RCA.QCD          124.759703 +-         0.171280
--------------------------------------------------------------------------------------------------------------------------------------------------------------
      -2.8        -2.7   0.1             gu_epvebb~d                     85.890217 +-         0.122467       0.3143       0 [    3]      (   0)        3070612
      -2.8        -2.7   0.1             gd~_epvebb~u~                   14.824160 +-         0.048781       0.2202       0 [    3]      (   0)         466185
      -2.8        -2.7   0.1             ud~_epvebb~g                    24.045325 +-         0.109358       0.5199       0 [    5]      (   0)        9774838

      -2.8        -2.7   0.15            NNLO.QT-CS.42.RCA.QCD          123.809981 +-         0.159220
--------------------------------------------------------------------------------------------------------------------------------------------------------------
      -2.8        -2.7   0.15            gu_epvebb~d                     84.059421 +-         0.116973       0.2228       0 [    3]      (   0)        2988215
      -2.8        -2.7   0.15            gd~_epvebb~u~                   14.215175 +-         0.046459       0.2662       0 [    3]      (   0)         446243
      -2.8        -2.7   0.15            ud~_epvebb~g                    25.535386 +-         0.097518       0.7724       0 [    5]      (   0)        8369608

      -2.8        -2.7   0.2             NNLO.QT-CS.42.RCA.QCD          122.330080 +-         0.151343
--------------------------------------------------------------------------------------------------------------------------------------------------------------
      -2.8        -2.7   0.2             gu_epvebb~d                     82.567039 +-         0.113133       0.2860       0 [    3]      (   0)        2927774
      -2.8        -2.7   0.2             gd~_epvebb~u~                   13.786175 +-         0.044886       0.1896       0 [    3]      (   0)         432304
      -2.8        -2.7   0.2             ud~_epvebb~g                    25.976866 +-         0.089948        1.152       0 [    5]      (   0)        7411957

      -2.8        -2.7   0.25            NNLO.QT-CS.42.RCA.QCD          120.726154 +-         0.145527
--------------------------------------------------------------------------------------------------------------------------------------------------------------
      -2.8        -2.7   0.25            gu_epvebb~d                     81.335579 +-         0.110217      0.08104       0 [    3]      (   0)        2879648
      -2.8        -2.7   0.25            gd~_epvebb~u~                   13.430465 +-         0.043673       0.2506       0 [    3]      (   0)         421158
      -2.8        -2.7   0.25            ud~_epvebb~g                    25.960110 +-         0.084398        1.134       0 [    5]      (   0)        6698672

      -2.8        -2.7   0.5             NNLO.QT-CS.42.RCA.QCD          113.235752 +-         0.129015
--------------------------------------------------------------------------------------------------------------------------------------------------------------
      -2.8        -2.7   0.5             gu_epvebb~d                     76.845367 +-         0.101425       0.9950       0 [    3]      (   0)        2719043
      -2.8        -2.7   0.5             gd~_epvebb~u~                   12.239464 +-         0.039837       0.4173       0 [    3]      (   0)         386114
      -2.8        -2.7   0.5             ud~_epvebb~g                    24.150921 +-         0.069071        1.577       0 [    5]      (   0)        4693991

==============================================================================================================================================================

      -2.7        -2.6   0.01            NNLO.QT-CS.42.RCA.QCD          89.0973702 +-        0.2813804
--------------------------------------------------------------------------------------------------------------------------------------------------------------
      -2.7        -2.6   0.01            gu_epvebb~d                    93.8294319 +-        0.1616731       0.9615       0 [    3]      (   0)        3604029
      -2.7        -2.6   0.01            gd~_epvebb~u~                  20.0855515 +-        0.0679620        4.481       0 [    3]      (   0)         663868
      -2.7        -2.6   0.01            ud~_epvebb~g                  -24.8176131 +-        0.2200406       0.8885       0 [    5]      (   0)       17694250

      -2.7        -2.6   0.05            NNLO.QT-CS.42.RCA.QCD          121.745351 +-         0.196221
--------------------------------------------------------------------------------------------------------------------------------------------------------------
      -2.7        -2.6   0.05            gu_epvebb~d                     91.184669 +-         0.132605       0.2390       0 [    3]      (   0)        3302534
      -2.7        -2.6   0.05            gd~_epvebb~u~                   18.113207 +-         0.055788        4.057       0 [    3]      (   0)         579551
      -2.7        -2.6   0.05            ud~_epvebb~g                    12.447475 +-         0.133441       0.6758       0 [    5]      (   0)       12426194

      -2.7        -2.6   0.1             NNLO.QT-CS.42.RCA.QCD          125.399573 +-         0.172343
--------------------------------------------------------------------------------------------------------------------------------------------------------------
      -2.7        -2.6   0.1             gu_epvebb~d                     88.613677 +-         0.122860       0.5494       0 [    3]      (   0)        3162140
      -2.7        -2.6   0.1             gd~_epvebb~u~                   17.014580 +-         0.051472        4.328       0 [    3]      (   0)         540416
      -2.7        -2.6   0.1             ud~_epvebb~g                    19.771316 +-         0.109352       0.5507       0 [    5]      (   0)        9926698

      -2.7        -2.6   0.15            NNLO.QT-CS.42.RCA.QCD          125.165922 +-         0.160173
--------------------------------------------------------------------------------------------------------------------------------------------------------------
      -2.7        -2.6   0.15            gu_epvebb~d                     86.693243 +-         0.117446       0.4448       0 [    3]      (   0)        3078423
      -2.7        -2.6   0.15            gd~_epvebb~u~                   16.341036 +-         0.049083        3.486       0 [    3]      (   0)         517783
      -2.7        -2.6   0.15            ud~_epvebb~g                    22.131643 +-         0.097224       0.5349       0 [    5]      (   0)        8503777

      -2.7        -2.6   0.2             NNLO.QT-CS.42.RCA.QCD          124.051314 +-         0.152312
--------------------------------------------------------------------------------------------------------------------------------------------------------------
      -2.7        -2.6   0.2             gu_epvebb~d                     85.193370 +-         0.113724       0.6736       0 [    3]      (   0)        3018084
      -2.7        -2.6   0.2             gd~_epvebb~u~                   15.838502 +-         0.047465        3.434       0 [    3]      (   0)         501654
      -2.7        -2.6   0.2             ud~_epvebb~g                    23.019442 +-         0.089515       0.1046       0 [    5]      (   0)        7533796

      -2.7        -2.6   0.25            NNLO.QT-CS.42.RCA.QCD          122.712840 +-         0.146495
--------------------------------------------------------------------------------------------------------------------------------------------------------------
      -2.7        -2.6   0.25            gu_epvebb~d                     83.918202 +-         0.110833       0.3787       0 [    3]      (   0)        2969679
      -2.7        -2.6   0.25            gd~_epvebb~u~                   15.431117 +-         0.046207        3.045       0 [    3]      (   0)         489250
      -2.7        -2.6   0.25            ud~_epvebb~g                    23.363522 +-         0.083915      0.05374       0 [    5]      (   0)        6810349

      -2.7        -2.6   0.5             NNLO.QT-CS.42.RCA.QCD          116.113106 +-         0.129978
--------------------------------------------------------------------------------------------------------------------------------------------------------------
      -2.7        -2.6   0.5             gu_epvebb~d                     79.408152 +-         0.102249        1.109       0 [    3]      (   0)        2807646
      -2.7        -2.6   0.5             gd~_epvebb~u~                   14.080115 +-         0.042135        1.055       0 [    3]      (   0)         449145
      -2.7        -2.6   0.5             ud~_epvebb~g                    22.624839 +-         0.068294       0.2502       0 [    5]      (   0)        4778786

==============================================================================================================================================================

      -2.6        -2.5   0.01            NNLO.QT-CS.42.RCA.QCD          81.5913302 +-        0.2832933
--------------------------------------------------------------------------------------------------------------------------------------------------------------
      -2.6        -2.5   0.01            gu_epvebb~d                    96.3211789 +-        0.1609489       0.4396       0 [    3]      (   0)        3671457
      -2.6        -2.5   0.01            gd~_epvebb~u~                  22.9933262 +-        0.0720457       0.7659       0 [    3]      (   0)         752127
      -2.6        -2.5   0.01            ud~_epvebb~g                  -37.7231749 +-        0.2217205       0.4423       0 [    5]      (   0)       17800619

      -2.6        -2.5   0.05            NNLO.QT-CS.42.RCA.QCD          119.396730 +-         0.197866
--------------------------------------------------------------------------------------------------------------------------------------------------------------
      -2.6        -2.5   0.05            gu_epvebb~d                     93.075370 +-         0.132708        1.560       0 [    3]      (   0)        3370987
      -2.6        -2.5   0.05            gd~_epvebb~u~                   20.641813 +-         0.059352       0.6728       0 [    3]      (   0)         657437
      -2.6        -2.5   0.05            ud~_epvebb~g                     5.679547 +-         0.134228       0.7141       0 [    5]      (   0)       12518120

      -2.6        -2.5   0.1             NNLO.QT-CS.42.RCA.QCD          124.821662 +-         0.174080
--------------------------------------------------------------------------------------------------------------------------------------------------------------
      -2.6        -2.5   0.1             gu_epvebb~d                     90.403232 +-         0.123095       0.4176       0 [    3]      (   0)        3231492
      -2.6        -2.5   0.1             gd~_epvebb~u~                   19.418691 +-         0.054864       0.1706       0 [    3]      (   0)         614092
      -2.6        -2.5   0.1             ud~_epvebb~g                    14.999738 +-         0.110188       0.4596       0 [    5]      (   0)       10008512

      -2.6        -2.5   0.15            NNLO.QT-CS.42.RCA.QCD          125.470059 +-         0.162060
--------------------------------------------------------------------------------------------------------------------------------------------------------------
      -2.6        -2.5   0.15            gu_epvebb~d                     88.555922 +-         0.117789       0.5006       0 [    3]      (   0)        3148094
      -2.6        -2.5   0.15            gd~_epvebb~u~                   18.619290 +-         0.052364       0.3727       0 [    3]      (   0)         588633
      -2.6        -2.5   0.15            ud~_epvebb~g                    18.294846 +-         0.098220       0.4304       0 [    5]      (   0)        8578907

      -2.6        -2.5   0.2             NNLO.QT-CS.42.RCA.QCD          124.942763 +-         0.154141
--------------------------------------------------------------------------------------------------------------------------------------------------------------
      -2.6        -2.5   0.2             gu_epvebb~d                     87.019525 +-         0.114090       0.9158       0 [    3]      (   0)        3087333
      -2.6        -2.5   0.2             gd~_epvebb~u~                   18.035167 +-         0.050523       0.4831       0 [    3]      (   0)         570452
      -2.6        -2.5   0.2             ud~_epvebb~g                    19.888072 +-         0.090500       0.4143       0 [    5]      (   0)        7602617

      -2.6        -2.5   0.25            NNLO.QT-CS.42.RCA.QCD          123.963447 +-         0.148350
--------------------------------------------------------------------------------------------------------------------------------------------------------------
      -2.6        -2.5   0.25            gu_epvebb~d                     85.728135 +-         0.111260       0.9922       0 [    3]      (   0)        3039097
      -2.6        -2.5   0.25            gd~_epvebb~u~                   17.578744 +-         0.049208       0.4564       0 [    3]      (   0)         556534
      -2.6        -2.5   0.25            ud~_epvebb~g                    20.656569 +-         0.084898       0.6978       0 [    5]      (   0)        6875424

      -2.6        -2.5   0.5             NNLO.QT-CS.42.RCA.QCD          118.215147 +-         0.132004
--------------------------------------------------------------------------------------------------------------------------------------------------------------
      -2.6        -2.5   0.5             gu_epvebb~d                     81.192009 +-         0.102893       0.9869       0 [    3]      (   0)        2876502
      -2.6        -2.5   0.5             gd~_epvebb~u~                   16.070605 +-         0.045136       0.7845       0 [    3]      (   0)         511475
      -2.6        -2.5   0.5             ud~_epvebb~g                    20.952532 +-         0.069288       0.8411       0 [    5]      (   0)        4829864

==============================================================================================================================================================

      -2.5        -2.4   0.01            NNLO.QT-CS.42.RCA.QCD          75.3808077 +-        0.2853102
--------------------------------------------------------------------------------------------------------------------------------------------------------------
      -2.5        -2.4   0.01            gu_epvebb~d                    98.5665923 +-        0.1601350       0.8460       0 [    3]      (   0)        3712656
      -2.5        -2.4   0.01            gd~_epvebb~u~                  25.9309206 +-        0.0756264       0.1411       0 [    3]      (   0)         844254
      -2.5        -2.4   0.01            ud~_epvebb~g                  -49.1167052 +-        0.2236947       0.1161       0 [    5]      (   0)       17830542

      -2.5        -2.4   0.05            NNLO.QT-CS.42.RCA.QCD          117.840624 +-         0.201602
--------------------------------------------------------------------------------------------------------------------------------------------------------------
      -2.5        -2.4   0.05            gu_epvebb~d                     94.975470 +-         0.132665        1.385       0 [    3]      (   0)        3415539
      -2.5        -2.4   0.05            gd~_epvebb~u~                   23.239108 +-         0.062341       0.5144       0 [    3]      (   0)         739828
      -2.5        -2.4   0.05            ud~_epvebb~g                    -0.373954 +-         0.138409       0.2201       0 [    5]      (   0)       12553356

      -2.5        -2.4   0.1             NNLO.QT-CS.42.RCA.QCD          124.606987 +-         0.176689
--------------------------------------------------------------------------------------------------------------------------------------------------------------
      -2.5        -2.4   0.1             gu_epvebb~d                     92.160986 +-         0.123264        1.196       0 [    3]      (   0)        3276662
      -2.5        -2.4   0.1             gd~_epvebb~u~                   21.872694 +-         0.057767       0.3002       0 [    3]      (   0)         691803
      -2.5        -2.4   0.1             ud~_epvebb~g                    10.573307 +-         0.112641      0.04133       0 [    5]      (   0)       10043496

      -2.5        -2.4   0.15            NNLO.QT-CS.42.RCA.QCD          125.985120 +-         0.164683
--------------------------------------------------------------------------------------------------------------------------------------------------------------
      -2.5        -2.4   0.15            gu_epvebb~d                     90.218132 +-         0.118018       0.6295       0 [    3]      (   0)        3193753
      -2.5        -2.4   0.15            gd~_epvebb~u~                   21.016606 +-         0.055131       0.1849       0 [    3]      (   0)         663560
      -2.5        -2.4   0.15            ud~_epvebb~g                    14.750382 +-         0.100762       0.2580       0 [    5]      (   0)        8612732

      -2.5        -2.4   0.2             NNLO.QT-CS.42.RCA.QCD          125.815900 +-         0.155436
--------------------------------------------------------------------------------------------------------------------------------------------------------------
      -2.5        -2.4   0.2             gu_epvebb~d                     88.649536 +-         0.114345       0.6941       0 [    3]      (   0)        3133549
      -2.5        -2.4   0.2             gd~_epvebb~u~                   20.380342 +-         0.053347       0.1411       0 [    3]      (   0)         643458
      -2.5        -2.4   0.2             ud~_epvebb~g                    16.786022 +-         0.090774       0.4143       0 [    5]      (   0)        7636687

      -2.5        -2.4   0.25            NNLO.QT-CS.42.RCA.QCD          125.168303 +-         0.149659
--------------------------------------------------------------------------------------------------------------------------------------------------------------
      -2.5        -2.4   0.25            gu_epvebb~d                     87.350038 +-         0.111558       0.8790       0 [    3]      (   0)        3085113
      -2.5        -2.4   0.25            gd~_epvebb~u~                   19.874874 +-         0.051921       0.1285       0 [    3]      (   0)         627905
      -2.5        -2.4   0.25            ud~_epvebb~g                    17.943391 +-         0.085188       0.6574       0 [    5]      (   0)        6908576

      -2.5        -2.4   0.5             NNLO.QT-CS.42.RCA.QCD          120.164078 +-         0.133331
--------------------------------------------------------------------------------------------------------------------------------------------------------------
      -2.5        -2.4   0.5             gu_epvebb~d                     82.776251 +-         0.103345       0.4486       0 [    3]      (   0)        2922910
      -2.5        -2.4   0.5             gd~_epvebb~u~                   18.218595 +-         0.047732       0.2198       0 [    3]      (   0)         578097
      -2.5        -2.4   0.5             ud~_epvebb~g                    19.169232 +-         0.069418        1.136       0 [    5]      (   0)        4856974

==============================================================================================================================================================

      -2.4        -2.3   0.01            NNLO.QT-CS.42.RCA.QCD           68.246886 +-         0.284400
--------------------------------------------------------------------------------------------------------------------------------------------------------------
      -2.4        -2.3   0.01            gu_epvebb~d                    100.749060 +-         0.159510       0.5027       0 [    3]      (   0)        3726120
      -2.4        -2.3   0.01            gd~_epvebb~u~                   28.840026 +-         0.078591        1.121       0 [    3]      (   0)         934971
      -2.4        -2.3   0.01            ud~_epvebb~g                   -61.342200 +-         0.221954       0.3781       0 [    5]      (   0)       17796844

      -2.4        -2.3   0.05            NNLO.QT-CS.42.RCA.QCD          115.438723 +-         0.199786
--------------------------------------------------------------------------------------------------------------------------------------------------------------
      -2.4        -2.3   0.05            gu_epvebb~d                     96.569503 +-         0.132735       0.7350       0 [    3]      (   0)        3431933
      -2.4        -2.3   0.05            gd~_epvebb~u~                   25.808754 +-         0.065087        1.488       0 [    3]      (   0)         819968
      -2.4        -2.3   0.05            ud~_epvebb~g                    -6.939534 +-         0.134385       0.2404       0 [    5]      (   0)       12539120

      -2.4        -2.3   0.1             NNLO.QT-CS.42.RCA.QCD          123.797498 +-         0.176286
--------------------------------------------------------------------------------------------------------------------------------------------------------------
      -2.4        -2.3   0.1             gu_epvebb~d                     93.663344 +-         0.123537       0.7788       0 [    3]      (   0)        3295039
      -2.4        -2.3   0.1             gd~_epvebb~u~                   24.304458 +-         0.060338        1.254       0 [    3]      (   0)         766844
      -2.4        -2.3   0.1             ud~_epvebb~g                     5.829696 +-         0.110339       0.2910       0 [    5]      (   0)       10038618

      -2.4        -2.3   0.15            NNLO.QT-CS.42.RCA.QCD          125.971092 +-         0.164387
--------------------------------------------------------------------------------------------------------------------------------------------------------------
      -2.4        -2.3   0.15            gu_epvebb~d                     91.691894 +-         0.118418        1.159       0 [    3]      (   0)        3213006
      -2.4        -2.3   0.15            gd~_epvebb~u~                   23.348424 +-         0.057616        1.052       0 [    3]      (   0)         735963
      -2.4        -2.3   0.15            ud~_epvebb~g                    10.930774 +-         0.098390       0.5689       0 [    5]      (   0)        8612482

      -2.4        -2.3   0.2             NNLO.QT-CS.42.RCA.QCD          126.272378 +-         0.156541
--------------------------------------------------------------------------------------------------------------------------------------------------------------
      -2.4        -2.3   0.2             gu_epvebb~d                     90.087060 +-         0.114821        1.455       0 [    3]      (   0)        3153974
      -2.4        -2.3   0.2             gd~_epvebb~u~                   22.660950 +-         0.055739       0.9725       0 [    3]      (   0)         714159
      -2.4        -2.3   0.2             ud~_epvebb~g                    13.524368 +-         0.090634       0.7012       0 [    5]      (   0)        7638772

      -2.4        -2.3   0.25            NNLO.QT-CS.42.RCA.QCD          125.912799 +-         0.150843
--------------------------------------------------------------------------------------------------------------------------------------------------------------
      -2.4        -2.3   0.25            gu_epvebb~d                     88.766796 +-         0.112135        1.638       0 [    3]      (   0)        3106792
      -2.4        -2.3   0.25            gd~_epvebb~u~                   22.080473 +-         0.054260       0.4703       0 [    3]      (   0)         696968
      -2.4        -2.3   0.25            ud~_epvebb~g                    15.065531 +-         0.085060       0.7048       0 [    5]      (   0)        6914301

      -2.4        -2.3   0.5             NNLO.QT-CS.42.RCA.QCD          121.774800 +-         0.134650
--------------------------------------------------------------------------------------------------------------------------------------------------------------
      -2.4        -2.3   0.5             gu_epvebb~d                     84.191424 +-         0.104097       0.6653       0 [    3]      (   0)        2946408
      -2.4        -2.3   0.5             gd~_epvebb~u~                   20.236758 +-         0.049884       0.6257       0 [    3]      (   0)         642109
      -2.4        -2.3   0.5             ud~_epvebb~g                    17.346618 +-         0.069325       0.5610       0 [    5]      (   0)        4866497

==============================================================================================================================================================

      -2.3        -2.2   0.01            NNLO.QT-CS.42.RCA.QCD           62.739164 +-         0.284237
--------------------------------------------------------------------------------------------------------------------------------------------------------------
      -2.3        -2.2   0.01            gu_epvebb~d                    102.467661 +-         0.158359       0.5263       0 [    3]      (   0)        3725566
      -2.3        -2.2   0.01            gd~_epvebb~u~                   32.104106 +-         0.081727       0.5752       0 [    3]      (   0)        1028826
      -2.3        -2.2   0.01            ud~_epvebb~g                   -71.832604 +-         0.221436        1.053       0 [    5]      (   0)       17645397

      -2.3        -2.2   0.05            NNLO.QT-CS.42.RCA.QCD          113.998268 +-         0.201162
--------------------------------------------------------------------------------------------------------------------------------------------------------------
      -2.3        -2.2   0.05            gu_epvebb~d                     97.947929 +-         0.132370        1.059       0 [    3]      (   0)        3435337
      -2.3        -2.2   0.05            gd~_epvebb~u~                   28.793531 +-         0.068049       0.4971       0 [    3]      (   0)         903896
      -2.3        -2.2   0.05            ud~_epvebb~g                   -12.743193 +-         0.135327       0.5698       0 [    5]      (   0)       12446370

      -2.3        -2.2   0.1             NNLO.QT-CS.42.RCA.QCD          123.574531 +-         0.177848
--------------------------------------------------------------------------------------------------------------------------------------------------------------
      -2.3        -2.2   0.1             gu_epvebb~d                     94.834678 +-         0.123318        1.496       0 [    3]      (   0)        3300558
      -2.3        -2.2   0.1             gd~_epvebb~u~                   27.133881 +-         0.063246       0.1028       0 [    3]      (   0)         846408
      -2.3        -2.2   0.1             ud~_epvebb~g                     1.605972 +-         0.111456       0.9971       0 [    5]      (   0)        9968757

      -2.3        -2.2   0.15            NNLO.QT-CS.42.RCA.QCD          126.338861 +-         0.166125
--------------------------------------------------------------------------------------------------------------------------------------------------------------
      -2.3        -2.2   0.15            gu_epvebb~d                     92.820497 +-         0.118408        2.490       0 [    3]      (   0)        3220159
      -2.3        -2.2   0.15            gd~_epvebb~u~                   26.073584 +-         0.060508      0.01880       0 [    3]      (   0)         812450
      -2.3        -2.2   0.15            ud~_epvebb~g                     7.444781 +-         0.099578        1.835       0 [    5]      (   0)        8554833

      -2.3        -2.2   0.2             NNLO.QT-CS.42.RCA.QCD          126.990827 +-         0.158470
--------------------------------------------------------------------------------------------------------------------------------------------------------------
      -2.3        -2.2   0.2             gu_epvebb~d                     91.187816 +-         0.115008        1.999       0 [    3]      (   0)        3161444
      -2.3        -2.2   0.2             gd~_epvebb~u~                   25.286642 +-         0.058584      0.02282       0 [    3]      (   0)         788606
      -2.3        -2.2   0.2             ud~_epvebb~g                    10.516369 +-         0.091945        1.958       0 [    5]      (   0)        7591166

      -2.3        -2.2   0.25            NNLO.QT-CS.42.RCA.QCD          126.925911 +-         0.152813
--------------------------------------------------------------------------------------------------------------------------------------------------------------
      -2.3        -2.2   0.25            gu_epvebb~d                     89.867793 +-         0.112367        1.666       0 [    3]      (   0)        3114848
      -2.3        -2.2   0.25            gd~_epvebb~u~                   24.680517 +-         0.057158      0.01216       0 [    3]      (   0)         769761
      -2.3        -2.2   0.25            ud~_epvebb~g                    12.377602 +-         0.086363        1.717       0 [    5]      (   0)        6872003

      -2.3        -2.2   0.5             NNLO.QT-CS.42.RCA.QCD          123.393980 +-         0.136937
--------------------------------------------------------------------------------------------------------------------------------------------------------------
      -2.3        -2.2   0.5             gu_epvebb~d                     85.228785 +-         0.104584        2.474       0 [    3]      (   0)        2955411
      -2.3        -2.2   0.5             gd~_epvebb~u~                   22.657910 +-         0.052695      0.01894       0 [    3]      (   0)         710555
      -2.3        -2.2   0.5             ud~_epvebb~g                    15.507285 +-         0.070973       0.5172       0 [    5]      (   0)        4842942

==============================================================================================================================================================

      -2.2        -2.1   0.01            NNLO.QT-CS.42.RCA.QCD           57.078841 +-         0.284327
--------------------------------------------------------------------------------------------------------------------------------------------------------------
      -2.2        -2.1   0.01            gu_epvebb~d                    104.126006 +-         0.157683       0.8884       0 [    3]      (   0)        3704609
      -2.2        -2.1   0.01            gd~_epvebb~u~                   35.342994 +-         0.085108       0.2951       0 [    3]      (   0)        1116208
      -2.2        -2.1   0.01            ud~_epvebb~g                   -82.390159 +-         0.220759       0.7882       0 [    5]      (   0)       17441541

      -2.2        -2.1   0.05            NNLO.QT-CS.42.RCA.QCD          112.100463 +-         0.201752
--------------------------------------------------------------------------------------------------------------------------------------------------------------
      -2.2        -2.1   0.05            gu_epvebb~d                     99.037833 +-         0.132249       0.5531       0 [    3]      (   0)        3420413
      -2.2        -2.1   0.05            gd~_epvebb~u~                   31.522714 +-         0.070873       0.3309       0 [    3]      (   0)         980555
      -2.2        -2.1   0.05            ud~_epvebb~g                   -18.460084 +-         0.134874       0.6940       0 [    5]      (   0)       12314184

      -2.2        -2.1   0.1             NNLO.QT-CS.42.RCA.QCD          122.888660 +-         0.178524
--------------------------------------------------------------------------------------------------------------------------------------------------------------
      -2.2        -2.1   0.1             gu_epvebb~d                     95.831880 +-         0.123535       0.5699       0 [    3]      (   0)        3287945
      -2.2        -2.1   0.1             gd~_epvebb~u~                   29.681010 +-         0.065892      0.01077       0 [    3]      (   0)         919302
      -2.2        -2.1   0.1             ud~_epvebb~g                    -2.624230 +-         0.110762        1.154       0 [    5]      (   0)        9869171

      -2.2        -2.1   0.15            NNLO.QT-CS.42.RCA.QCD          126.138641 +-         0.166717
--------------------------------------------------------------------------------------------------------------------------------------------------------------
      -2.2        -2.1   0.15            gu_epvebb~d                     93.697010 +-         0.118640       0.6291       0 [    3]      (   0)        3208920
      -2.2        -2.1   0.15            gd~_epvebb~u~                   28.521223 +-         0.062987       0.1375       0 [    3]      (   0)         882910
      -2.2        -2.1   0.15            ud~_epvebb~g                     3.920408 +-         0.098750       0.4100       0 [    5]      (   0)        8473667

      -2.2        -2.1   0.2             NNLO.QT-CS.42.RCA.QCD          127.184402 +-         0.159138
--------------------------------------------------------------------------------------------------------------------------------------------------------------
      -2.2        -2.1   0.2             gu_epvebb~d                     92.093721 +-         0.115348       0.8425       0 [    3]      (   0)        3151414
      -2.2        -2.1   0.2             gd~_epvebb~u~                   27.650398 +-         0.061024      0.08777       0 [    3]      (   0)         857086
      -2.2        -2.1   0.2             ud~_epvebb~g                     7.440284 +-         0.091081       0.2513       0 [    5]      (   0)        7521960

      -2.2        -2.1   0.25            NNLO.QT-CS.42.RCA.QCD          127.367827 +-         0.153571
--------------------------------------------------------------------------------------------------------------------------------------------------------------
      -2.2        -2.1   0.25            gu_epvebb~d                     90.722346 +-         0.112817       0.8607       0 [    3]      (   0)        3105811
      -2.2        -2.1   0.25            gd~_epvebb~u~                   26.994585 +-         0.059552      0.06123       0 [    3]      (   0)         837224
      -2.2        -2.1   0.25            ud~_epvebb~g                     9.650896 +-         0.085498       0.2335       0 [    5]      (   0)        6811396

      -2.2        -2.1   0.5             NNLO.QT-CS.42.RCA.QCD          124.518611 +-         0.137537
--------------------------------------------------------------------------------------------------------------------------------------------------------------
      -2.2        -2.1   0.5             gu_epvebb~d                     86.036078 +-         0.105097       0.8049       0 [    3]      (   0)        2949746
      -2.2        -2.1   0.5             gd~_epvebb~u~                   24.765119 +-         0.054811     0.002290       0 [    3]      (   0)         773353
      -2.2        -2.1   0.5             ud~_epvebb~g                    13.717415 +-         0.069761       0.4931       0 [    5]      (   0)        4802343

==============================================================================================================================================================

      -2.1          -2   0.01            NNLO.QT-CS.42.RCA.QCD           51.928547 +-         0.285324
--------------------------------------------------------------------------------------------------------------------------------------------------------------
      -2.1          -2   0.01            gu_epvebb~d                    105.559210 +-         0.156270       0.1847       0 [    3]      (   0)        3669794
      -2.1          -2   0.01            gd~_epvebb~u~                   38.676308 +-         0.087660       0.3065       0 [    3]      (   0)        1206397
      -2.1          -2   0.01            ud~_epvebb~g                   -92.306971 +-         0.222048        1.011       0 [    5]      (   0)       17251035

      -2.1          -2   0.05            NNLO.QT-CS.42.RCA.QCD          110.715376 +-         0.203605
--------------------------------------------------------------------------------------------------------------------------------------------------------------
      -2.1          -2   0.05            gu_epvebb~d                    100.006936 +-         0.131995       0.6033       0 [    3]      (   0)        3391046
      -2.1          -2   0.05            gd~_epvebb~u~                   34.592651 +-         0.073637      0.06481       0 [    3]      (   0)        1062037
      -2.1          -2   0.05            ud~_epvebb~g                   -23.884212 +-         0.136419        1.840       0 [    5]      (   0)       12183644

      -2.1          -2   0.1             NNLO.QT-CS.42.RCA.QCD          122.551362 +-         0.179545
--------------------------------------------------------------------------------------------------------------------------------------------------------------
      -2.1          -2   0.1             gu_epvebb~d                     96.687819 +-         0.123623        1.230       0 [    3]      (   0)        3261450
      -2.1          -2   0.1             gd~_epvebb~u~                   32.537895 +-         0.068662      0.05327       0 [    3]      (   0)         995587
      -2.1          -2   0.1             ud~_epvebb~g                    -6.674353 +-         0.110632        2.638       0 [    5]      (   0)        9767741

      -2.1          -2   0.15            NNLO.QT-CS.42.RCA.QCD          126.377370 +-         0.168043
--------------------------------------------------------------------------------------------------------------------------------------------------------------
      -2.1          -2   0.15            gu_epvebb~d                     94.514961 +-         0.118941       0.7812       0 [    3]      (   0)        3184085
      -2.1          -2   0.15            gd~_epvebb~u~                   31.295693 +-         0.065812       0.5688       0 [    3]      (   0)         957187
      -2.1          -2   0.15            ud~_epvebb~g                     0.566716 +-         0.098795        3.128       0 [    5]      (   0)        8388374

      -2.1          -2   0.2             NNLO.QT-CS.42.RCA.QCD          127.717830 +-         0.160492
--------------------------------------------------------------------------------------------------------------------------------------------------------------
      -2.1          -2   0.2             gu_epvebb~d                     92.821492 +-         0.115701       0.5496       0 [    3]      (   0)        3127876
      -2.1          -2   0.2             gd~_epvebb~u~                   30.371613 +-         0.063819       0.3997       0 [    3]      (   0)         929617
      -2.1          -2   0.2             ud~_epvebb~g                     4.524725 +-         0.091093        3.184       0 [    5]      (   0)        7447315

      -2.1          -2   0.25            NNLO.QT-CS.42.RCA.QCD          128.186648 +-         0.154986
--------------------------------------------------------------------------------------------------------------------------------------------------------------
      -2.1          -2   0.25            gu_epvebb~d                     91.473756 +-         0.113190       0.7161       0 [    3]      (   0)        3083076
      -2.1          -2   0.25            gd~_epvebb~u~                   29.648573 +-         0.062325       0.5048       0 [    3]      (   0)         907993
      -2.1          -2   0.25            ud~_epvebb~g                     7.064319 +-         0.085583        3.217       0 [    5]      (   0)        6745140

      -2.1          -2   0.5             NNLO.QT-CS.42.RCA.QCD          125.960857 +-         0.139264
--------------------------------------------------------------------------------------------------------------------------------------------------------------
      -2.1          -2   0.5             gu_epvebb~d                     86.754122 +-         0.105625        1.054       0 [    3]      (   0)        2930371
      -2.1          -2   0.5             gd~_epvebb~u~                   27.217149 +-         0.057596       0.6065       0 [    3]      (   0)         839038
      -2.1          -2   0.5             ud~_epvebb~g                    11.989586 +-         0.070146        3.376       0 [    5]      (   0)        4759678

==============================================================================================================================================================

        -2        -1.9   0.01            NNLO.QT-CS.42.RCA.QCD           46.750478 +-         0.283977
--------------------------------------------------------------------------------------------------------------------------------------------------------------
        -2        -1.9   0.01            gu_epvebb~d                    106.667219 +-         0.155654       0.2778       0 [    3]      (   0)        3623390
        -2        -1.9   0.01            gd~_epvebb~u~                   41.895936 +-         0.090194      0.04337       0 [    3]      (   0)        1292520
        -2        -1.9   0.01            ud~_epvebb~g                  -101.812677 +-         0.219726       0.4795       0 [    5]      (   0)       17061100

        -2        -1.9   0.05            NNLO.QT-CS.42.RCA.QCD          108.625279 +-         0.202791
--------------------------------------------------------------------------------------------------------------------------------------------------------------
        -2        -1.9   0.05            gu_epvebb~d                    100.721664 +-         0.131621     0.007953       0 [    3]      (   0)        3352158
        -2        -1.9   0.05            gd~_epvebb~u~                   37.364806 +-         0.075997       0.2921       0 [    3]      (   0)        1138992
        -2        -1.9   0.05            ud~_epvebb~g                   -29.461191 +-         0.134255       0.1025       0 [    5]      (   0)       12050851

        -2        -1.9   0.1             NNLO.QT-CS.42.RCA.QCD          121.622174 +-         0.180392
--------------------------------------------------------------------------------------------------------------------------------------------------------------
        -2        -1.9   0.1             gu_epvebb~d                     97.303161 +-         0.123461       0.1437       0 [    3]      (   0)        3225314
        -2        -1.9   0.1             gd~_epvebb~u~                   35.177635 +-         0.070929       0.3283       0 [    3]      (   0)        1068764
        -2        -1.9   0.1             ud~_epvebb~g                   -10.858622 +-         0.110759       0.8096       0 [    5]      (   0)        9662983

        -2        -1.9   0.15            NNLO.QT-CS.42.RCA.QCD          125.928453 +-         0.169116
--------------------------------------------------------------------------------------------------------------------------------------------------------------
        -2        -1.9   0.15            gu_epvebb~d                     95.066897 +-         0.119029      0.01958       0 [    3]      (   0)        3149631
        -2        -1.9   0.15            gd~_epvebb~u~                   33.797006 +-         0.068021       0.1278       0 [    3]      (   0)        1027811
        -2        -1.9   0.15            ud~_epvebb~g                    -2.935451 +-         0.099022       0.9257       0 [    5]      (   0)        8296775

        -2        -1.9   0.2             NNLO.QT-CS.42.RCA.QCD          127.623728 +-         0.161720
--------------------------------------------------------------------------------------------------------------------------------------------------------------
        -2        -1.9   0.2             gu_epvebb~d                     93.340554 +-         0.115901      0.03147       0 [    3]      (   0)        3094546
        -2        -1.9   0.2             gd~_epvebb~u~                   32.799681 +-         0.066018       0.5170       0 [    3]      (   0)         998112
        -2        -1.9   0.2             ud~_epvebb~g                     1.483493 +-         0.091444        1.296       0 [    5]      (   0)        7366272

        -2        -1.9   0.25            NNLO.QT-CS.42.RCA.QCD          128.263383 +-         0.156165
--------------------------------------------------------------------------------------------------------------------------------------------------------------
        -2        -1.9   0.25            gu_epvebb~d                     91.919552 +-         0.113430     0.003331       0 [    3]      (   0)        3050681
        -2        -1.9   0.25            gd~_epvebb~u~                   32.023680 +-         0.064457       0.4167       0 [    3]      (   0)         975228
        -2        -1.9   0.25            ud~_epvebb~g                     4.320151 +-         0.085829       0.8433       0 [    5]      (   0)        6672891

        -2        -1.9   0.5             NNLO.QT-CS.42.RCA.QCD          126.767858 +-         0.140574
--------------------------------------------------------------------------------------------------------------------------------------------------------------
        -2        -1.9   0.5             gu_epvebb~d                     87.208199 +-         0.106078       0.1457       0 [    3]      (   0)        2900832
        -2        -1.9   0.5             gd~_epvebb~u~                   29.452075 +-         0.059681       0.8777       0 [    3]      (   0)         901785
        -2        -1.9   0.5             ud~_epvebb~g                    10.107584 +-         0.070333       0.2586       0 [    5]      (   0)        4709861

==============================================================================================================================================================

      -1.9        -1.8   0.01            NNLO.QT-CS.42.RCA.QCD           41.936331 +-         0.283731
--------------------------------------------------------------------------------------------------------------------------------------------------------------
      -1.9        -1.8   0.01            gu_epvebb~d                    107.670744 +-         0.154680       0.6990       0 [    3]      (   0)        3567961
      -1.9        -1.8   0.01            gd~_epvebb~u~                   45.370858 +-         0.092768       0.1578       0 [    3]      (   0)        1375709
      -1.9        -1.8   0.01            ud~_epvebb~g                  -111.105270 +-         0.219024        1.363       0 [    5]      (   0)       16766088

      -1.9        -1.8   0.05            NNLO.QT-CS.42.RCA.QCD          107.077427 +-         0.203343
--------------------------------------------------------------------------------------------------------------------------------------------------------------
      -1.9        -1.8   0.05            gu_epvebb~d                    101.074494 +-         0.131579       0.7787       0 [    3]      (   0)        3302743
      -1.9        -1.8   0.05            gd~_epvebb~u~                   40.385528 +-         0.078369       0.1757       0 [    3]      (   0)        1212824
      -1.9        -1.8   0.05            ud~_epvebb~g                   -34.382595 +-         0.133767        1.149       0 [    5]      (   0)       11848579

      -1.9        -1.8   0.1             NNLO.QT-CS.42.RCA.QCD          120.976139 +-         0.181076
--------------------------------------------------------------------------------------------------------------------------------------------------------------
      -1.9        -1.8   0.1             gu_epvebb~d                     97.487554 +-         0.123547        1.126       0 [    3]      (   0)        3179600
      -1.9        -1.8   0.1             gd~_epvebb~u~                   38.011402 +-         0.073328      0.05292       0 [    3]      (   0)        1138709
      -1.9        -1.8   0.1             ud~_epvebb~g                   -14.522818 +-         0.110216        1.646       0 [    5]      (   0)        9506684

      -1.9        -1.8   0.15            NNLO.QT-CS.42.RCA.QCD          125.777538 +-         0.169883
--------------------------------------------------------------------------------------------------------------------------------------------------------------
      -1.9        -1.8   0.15            gu_epvebb~d                     95.191538 +-         0.119149       0.9092       0 [    3]      (   0)        3105828
      -1.9        -1.8   0.15            gd~_epvebb~u~                   36.566006 +-         0.070419      0.04079       0 [    3]      (   0)        1095563
      -1.9        -1.8   0.15            ud~_epvebb~g                    -5.980006 +-         0.098514        1.708       0 [    5]      (   0)        8169735

      -1.9        -1.8   0.2             NNLO.QT-CS.42.RCA.QCD          127.819234 +-         0.162501
--------------------------------------------------------------------------------------------------------------------------------------------------------------
      -1.9        -1.8   0.2             gu_epvebb~d                     93.453860 +-         0.116031        1.282       0 [    3]      (   0)        3052397
      -1.9        -1.8   0.2             gd~_epvebb~u~                   35.495438 +-         0.068352      0.01175       0 [    3]      (   0)        1064662
      -1.9        -1.8   0.2             ud~_epvebb~g                    -1.130064 +-         0.090947        1.270       0 [    5]      (   0)        7255649

      -1.9        -1.8   0.25            NNLO.QT-CS.42.RCA.QCD          128.726874 +-         0.157082
--------------------------------------------------------------------------------------------------------------------------------------------------------------
      -1.9        -1.8   0.25            gu_epvebb~d                     92.039901 +-         0.113678        1.198       0 [    3]      (   0)        3009588
      -1.9        -1.8   0.25            gd~_epvebb~u~                   34.636582 +-         0.066803       0.1028       0 [    3]      (   0)        1040386
      -1.9        -1.8   0.25            ud~_epvebb~g                     2.050391 +-         0.085380        1.280       0 [    5]      (   0)        6572707

      -1.9        -1.8   0.5             NNLO.QT-CS.42.RCA.QCD          127.626189 +-         0.141749
--------------------------------------------------------------------------------------------------------------------------------------------------------------
      -1.9        -1.8   0.5             gu_epvebb~d                     87.236091 +-         0.106551       0.6920       0 [    3]      (   0)        2862651
      -1.9        -1.8   0.5             gd~_epvebb~u~                   31.882543 +-         0.061995       0.2165       0 [    3]      (   0)         963402
      -1.9        -1.8   0.5             ud~_epvebb~g                     8.507555 +-         0.069974        1.061       0 [    5]      (   0)        4643805

==============================================================================================================================================================

      -1.8        -1.7   0.01            NNLO.QT-CS.42.RCA.QCD           37.992973 +-         0.283756
--------------------------------------------------------------------------------------------------------------------------------------------------------------
      -1.8        -1.7   0.01            gu_epvebb~d                    108.608773 +-         0.153714       0.2488       0 [    3]      (   0)        3506479
      -1.8        -1.7   0.01            gd~_epvebb~u~                   48.741175 +-         0.095474       0.2080       0 [    3]      (   0)        1454323
      -1.8        -1.7   0.01            ud~_epvebb~g                  -119.356976 +-         0.218573       0.9164       0 [    5]      (   0)       16547315

      -1.8        -1.7   0.05            NNLO.QT-CS.42.RCA.QCD          105.728554 +-         0.204374
--------------------------------------------------------------------------------------------------------------------------------------------------------------
      -1.8        -1.7   0.05            gu_epvebb~d                    101.656666 +-         0.131733       0.3480       0 [    3]      (   0)        3246969
      -1.8        -1.7   0.05            gd~_epvebb~u~                   43.333124 +-         0.080988       0.2975       0 [    3]      (   0)        1283659
      -1.8        -1.7   0.05            ud~_epvebb~g                   -39.261236 +-         0.133626       0.1197       0 [    5]      (   0)       11693004

      -1.8        -1.7   0.1             NNLO.QT-CS.42.RCA.QCD          120.412022 +-         0.182160
--------------------------------------------------------------------------------------------------------------------------------------------------------------
      -1.8        -1.7   0.1             gu_epvebb~d                     97.975613 +-         0.123955       0.1447       0 [    3]      (   0)        3127205
      -1.8        -1.7   0.1             gd~_epvebb~u~                   40.761108 +-         0.075785       0.2264       0 [    3]      (   0)        1205593
      -1.8        -1.7   0.1             ud~_epvebb~g                   -18.324700 +-         0.109882       0.3485       0 [    5]      (   0)        9380228

      -1.8        -1.7   0.15            NNLO.QT-CS.42.RCA.QCD          125.615123 +-         0.171026
--------------------------------------------------------------------------------------------------------------------------------------------------------------
      -1.8        -1.7   0.15            gu_epvebb~d                     95.595911 +-         0.119584      0.05561       0 [    3]      (   0)        3055552
      -1.8        -1.7   0.15            gd~_epvebb~u~                   39.212336 +-         0.072875       0.2382       0 [    3]      (   0)        1160294
      -1.8        -1.7   0.15            ud~_epvebb~g                    -9.193124 +-         0.098177       0.5096       0 [    5]      (   0)        8061135

      -1.8        -1.7   0.2             NNLO.QT-CS.42.RCA.QCD          127.902988 +-         0.163841
--------------------------------------------------------------------------------------------------------------------------------------------------------------
      -1.8        -1.7   0.2             gu_epvebb~d                     93.814900 +-         0.116604       0.2457       0 [    3]      (   0)        3003205
      -1.8        -1.7   0.2             gd~_epvebb~u~                   38.039755 +-         0.070807       0.4597       0 [    3]      (   0)        1127861
      -1.8        -1.7   0.2             ud~_epvebb~g                    -3.951667 +-         0.090741       0.5339       0 [    5]      (   0)        7160937

      -1.8        -1.7   0.25            NNLO.QT-CS.42.RCA.QCD          129.089475 +-         0.158515
--------------------------------------------------------------------------------------------------------------------------------------------------------------
      -1.8        -1.7   0.25            gu_epvebb~d                     92.353643 +-         0.114267       0.1475       0 [    3]      (   0)        2961094
      -1.8        -1.7   0.25            gd~_epvebb~u~                   37.165496 +-         0.069313       0.3112       0 [    3]      (   0)        1102725
      -1.8        -1.7   0.25            ud~_epvebb~g                    -0.429664 +-         0.085238       0.2205       0 [    5]      (   0)        6486942

      -1.8        -1.7   0.5             NNLO.QT-CS.42.RCA.QCD          128.649446 +-         0.143493
--------------------------------------------------------------------------------------------------------------------------------------------------------------
      -1.8        -1.7   0.5             gu_epvebb~d                     87.585296 +-         0.107359      0.07827       0 [    3]      (   0)        2818230
      -1.8        -1.7   0.5             gd~_epvebb~u~                   34.234954 +-         0.064517       0.2569       0 [    3]      (   0)        1022082
      -1.8        -1.7   0.5             ud~_epvebb~g                     6.829196 +-         0.070012       0.3975       0 [    5]      (   0)        4585856

==============================================================================================================================================================

      -1.7        -1.6   0.01            NNLO.QT-CS.42.RCA.QCD           33.902267 +-         0.282472
--------------------------------------------------------------------------------------------------------------------------------------------------------------
      -1.7        -1.6   0.01            gu_epvebb~d                    109.181374 +-         0.153143       0.1460       0 [    3]      (   0)        3436663
      -1.7        -1.6   0.01            gd~_epvebb~u~                   52.142311 +-         0.097689     0.002655       0 [    3]      (   0)        1531030
      -1.7        -1.6   0.01            ud~_epvebb~g                  -127.421417 +-         0.216321        1.928       0 [    5]      (   0)       16388517

      -1.7        -1.6   0.05            NNLO.QT-CS.42.RCA.QCD          104.351087 +-         0.204886
--------------------------------------------------------------------------------------------------------------------------------------------------------------
      -1.7        -1.6   0.05            gu_epvebb~d                    101.814500 +-         0.131825      0.04919       0 [    3]      (   0)        3184827
      -1.7        -1.6   0.05            gd~_epvebb~u~                   46.324524 +-         0.083332     0.009841       0 [    3]      (   0)        1353487
      -1.7        -1.6   0.05            ud~_epvebb~g                   -43.787937 +-         0.132877        1.343       0 [    5]      (   0)       11577734

      -1.7        -1.6   0.1             NNLO.QT-CS.42.RCA.QCD          120.061863 +-         0.183458
--------------------------------------------------------------------------------------------------------------------------------------------------------------
      -1.7        -1.6   0.1             gu_epvebb~d                     97.985953 +-         0.124386     0.003917       0 [    3]      (   0)        3068136
      -1.7        -1.6   0.1             gd~_epvebb~u~                   43.582411 +-         0.078246     0.001502       0 [    3]      (   0)        1272612
      -1.7        -1.6   0.1             ud~_epvebb~g                   -21.506501 +-         0.109829        1.434       0 [    5]      (   0)        9285738

      -1.7        -1.6   0.15            NNLO.QT-CS.42.RCA.QCD          125.756715 +-         0.172524
--------------------------------------------------------------------------------------------------------------------------------------------------------------
      -1.7        -1.6   0.15            gu_epvebb~d                     95.556903 +-         0.120170      0.01632       0 [    3]      (   0)        2998153
      -1.7        -1.6   0.15            gd~_epvebb~u~                   41.934906 +-         0.075350      0.01197       0 [    3]      (   0)        1225175
      -1.7        -1.6   0.15            ud~_epvebb~g                   -11.735094 +-         0.098215        1.202       0 [    5]      (   0)        7977437

      -1.7        -1.6   0.2             NNLO.QT-CS.42.RCA.QCD          128.389354 +-         0.165413
--------------------------------------------------------------------------------------------------------------------------------------------------------------
      -1.7        -1.6   0.2             gu_epvebb~d                     93.762235 +-         0.117246       0.1373       0 [    3]      (   0)        2946785
      -1.7        -1.6   0.2             gd~_epvebb~u~                   40.752984 +-         0.073329      0.01501       0 [    3]      (   0)        1191442
      -1.7        -1.6   0.2             ud~_epvebb~g                    -6.125865 +-         0.090762        1.121       0 [    5]      (   0)        7083240

      -1.7        -1.6   0.25            NNLO.QT-CS.42.RCA.QCD          129.544813 +-         0.160158
--------------------------------------------------------------------------------------------------------------------------------------------------------------
      -1.7        -1.6   0.25            gu_epvebb~d                     92.299957 +-         0.114953       0.1967       0 [    3]      (   0)        2905898
      -1.7        -1.6   0.25            gd~_epvebb~u~                   39.776568 +-         0.071771      0.01889       0 [    3]      (   0)        1164889
      -1.7        -1.6   0.25            ud~_epvebb~g                    -2.531713 +-         0.085353       0.6739       0 [    5]      (   0)        6418009

      -1.7        -1.6   0.5             NNLO.QT-CS.42.RCA.QCD          129.579610 +-         0.145135
--------------------------------------------------------------------------------------------------------------------------------------------------------------
      -1.7        -1.6   0.5             gu_epvebb~d                     87.455833 +-         0.108004       0.3992       0 [    3]      (   0)        2766633
      -1.7        -1.6   0.5             gd~_epvebb~u~                   36.680817 +-         0.066972      0.08287       0 [    3]      (   0)        1080162
      -1.7        -1.6   0.5             ud~_epvebb~g                     5.442961 +-         0.070100       0.4012       0 [    5]      (   0)        4535511

==============================================================================================================================================================

      -1.6        -1.5   0.01            NNLO.QT-CS.42.RCA.QCD           30.031854 +-         0.282845
--------------------------------------------------------------------------------------------------------------------------------------------------------------
      -1.6        -1.5   0.01            gu_epvebb~d                    109.463512 +-         0.152196     0.008629       0 [    3]      (   0)        3366430
      -1.6        -1.5   0.01            gd~_epvebb~u~                   55.461554 +-         0.100124        1.034       0 [    3]      (   0)        1603568
      -1.6        -1.5   0.01            ud~_epvebb~g                  -134.893212 +-         0.216362        1.354       0 [    5]      (   0)       16094317

      -1.6        -1.5   0.05            NNLO.QT-CS.42.RCA.QCD          102.917105 +-         0.205895
--------------------------------------------------------------------------------------------------------------------------------------------------------------
      -1.6        -1.5   0.05            gu_epvebb~d                    101.867585 +-         0.131547       0.1546       0 [    3]      (   0)        3121211
      -1.6        -1.5   0.05            gd~_epvebb~u~                   49.134895 +-         0.085564       0.9068       0 [    3]      (   0)        1417269
      -1.6        -1.5   0.05            ud~_epvebb~g                   -48.085375 +-         0.133293       0.3079       0 [    5]      (   0)       11381699

      -1.6        -1.5   0.1             NNLO.QT-CS.42.RCA.QCD          119.448954 +-         0.184740
--------------------------------------------------------------------------------------------------------------------------------------------------------------
      -1.6        -1.5   0.1             gu_epvebb~d                     98.036896 +-         0.124417       0.1684       0 [    3]      (   0)        3008033
      -1.6        -1.5   0.1             gd~_epvebb~u~                   46.214523 +-         0.080429       0.2607       0 [    3]      (   0)        1332465
      -1.6        -1.5   0.1             ud~_epvebb~g                   -24.802465 +-         0.110364       0.4667       0 [    5]      (   0)        9134097

      -1.6        -1.5   0.15            NNLO.QT-CS.42.RCA.QCD          125.495987 +-         0.173937
--------------------------------------------------------------------------------------------------------------------------------------------------------------
      -1.6        -1.5   0.15            gu_epvebb~d                     95.622380 +-         0.120337     0.002356       0 [    3]      (   0)        2939794
      -1.6        -1.5   0.15            gd~_epvebb~u~                   44.430475 +-         0.077355      0.09713       0 [    3]      (   0)        1282977
      -1.6        -1.5   0.15            ud~_epvebb~g                   -14.556868 +-         0.098942       0.1683       0 [    5]      (   0)        7850957

      -1.6        -1.5   0.2             NNLO.QT-CS.42.RCA.QCD          128.385599 +-         0.166989
--------------------------------------------------------------------------------------------------------------------------------------------------------------
      -1.6        -1.5   0.2             gu_epvebb~d                     93.814867 +-         0.117582      0.05836       0 [    3]      (   0)        2889992
      -1.6        -1.5   0.2             gd~_epvebb~u~                   43.162409 +-         0.075336      0.03726       0 [    3]      (   0)        1247768
      -1.6        -1.5   0.2             ud~_epvebb~g                    -8.591676 +-         0.091565      0.08509       0 [    5]      (   0)        6974216

      -1.6        -1.5   0.25            NNLO.QT-CS.42.RCA.QCD          129.779729 +-         0.161723
--------------------------------------------------------------------------------------------------------------------------------------------------------------
      -1.6        -1.5   0.25            gu_epvebb~d                     92.325661 +-         0.115344       0.1919       0 [    3]      (   0)        2849916
      -1.6        -1.5   0.25            gd~_epvebb~u~                   42.123438 +-         0.073724      0.04804       0 [    3]      (   0)        1220366
      -1.6        -1.5   0.25            ud~_epvebb~g                    -4.669371 +-         0.086110       0.1627       0 [    5]      (   0)        6319160

      -1.6        -1.5   0.5             NNLO.QT-CS.42.RCA.QCD          130.297748 +-         0.146776
--------------------------------------------------------------------------------------------------------------------------------------------------------------
      -1.6        -1.5   0.5             gu_epvebb~d                     87.420210 +-         0.108602       0.2204       0 [    3]      (   0)        2713478
      -1.6        -1.5   0.5             gd~_epvebb~u~                   38.841935 +-         0.068788      0.08917       0 [    3]      (   0)        1131940
      -1.6        -1.5   0.5             ud~_epvebb~g                     4.035603 +-         0.070832       0.4137       0 [    5]      (   0)        4469089

==============================================================================================================================================================

      -1.5        -1.4   0.01            NNLO.QT-CS.42.RCA.QCD           26.643383 +-         0.283135
--------------------------------------------------------------------------------------------------------------------------------------------------------------
      -1.5        -1.4   0.01            gu_epvebb~d                    110.052906 +-         0.151301       0.7483       0 [    3]      (   0)        3292331
      -1.5        -1.4   0.01            gd~_epvebb~u~                   58.880287 +-         0.102168       0.1296       0 [    3]      (   0)        1671229
      -1.5        -1.4   0.01            ud~_epvebb~g                  -142.289810 +-         0.216415       0.6736       0 [    5]      (   0)       15900502

      -1.5        -1.4   0.05            NNLO.QT-CS.42.RCA.QCD          102.012553 +-         0.206093
--------------------------------------------------------------------------------------------------------------------------------------------------------------
      -1.5        -1.4   0.05            gu_epvebb~d                    101.951618 +-         0.131449       0.2541       0 [    3]      (   0)        3053935
      -1.5        -1.4   0.05            gd~_epvebb~u~                   52.172093 +-         0.088003      0.09194       0 [    3]      (   0)        1478653
      -1.5        -1.4   0.05            ud~_epvebb~g                   -52.111158 +-         0.132101       0.6536       0 [    5]      (   0)       11237909

      -1.5        -1.4   0.1             NNLO.QT-CS.42.RCA.QCD          119.310167 +-         0.185262
--------------------------------------------------------------------------------------------------------------------------------------------------------------
      -1.5        -1.4   0.1             gu_epvebb~d                     97.924795 +-         0.124525       0.1219       0 [    3]      (   0)        2942972
      -1.5        -1.4   0.1             gd~_epvebb~u~                   49.124136 +-         0.083031       0.1321       0 [    3]      (   0)        1391349
      -1.5        -1.4   0.1             ud~_epvebb~g                   -27.738764 +-         0.109185        1.191       0 [    5]      (   0)        9018816

      -1.5        -1.4   0.15            NNLO.QT-CS.42.RCA.QCD          125.646192 +-         0.174662
--------------------------------------------------------------------------------------------------------------------------------------------------------------
      -1.5        -1.4   0.15            gu_epvebb~d                     95.416043 +-         0.120533      0.01861       0 [    3]      (   0)        2876621
      -1.5        -1.4   0.15            gd~_epvebb~u~                   47.260198 +-         0.080120       0.1083       0 [    3]      (   0)        1340238
      -1.5        -1.4   0.15            ud~_epvebb~g                   -17.030049 +-         0.097773       0.4950       0 [    5]      (   0)        7750862

      -1.5        -1.4   0.2             NNLO.QT-CS.42.RCA.QCD          128.662420 +-         0.167758
--------------------------------------------------------------------------------------------------------------------------------------------------------------
      -1.5        -1.4   0.2             gu_epvebb~d                     93.595375 +-         0.117809       0.1087       0 [    3]      (   0)        2828431
      -1.5        -1.4   0.2             gd~_epvebb~u~                   45.883688 +-         0.078058      0.03673       0 [    3]      (   0)        1303500
      -1.5        -1.4   0.2             ud~_epvebb~g                   -10.816643 +-         0.090392       0.2820       0 [    5]      (   0)        6884029

      -1.5        -1.4   0.25            NNLO.QT-CS.42.RCA.QCD          130.305051 +-         0.162672
--------------------------------------------------------------------------------------------------------------------------------------------------------------
      -1.5        -1.4   0.25            gu_epvebb~d                     92.136434 +-         0.115691       0.1939       0 [    3]      (   0)        2789940
      -1.5        -1.4   0.25            gd~_epvebb~u~                   44.816262 +-         0.076517      0.05447       0 [    3]      (   0)        1275004
      -1.5        -1.4   0.25            ud~_epvebb~g                    -6.647645 +-         0.084988       0.2924       0 [    5]      (   0)        6238206

      -1.5        -1.4   0.5             NNLO.QT-CS.42.RCA.QCD          130.997553 +-         0.147912
--------------------------------------------------------------------------------------------------------------------------------------------------------------
      -1.5        -1.4   0.5             gu_epvebb~d                     87.123918 +-         0.109069       0.2493       0 [    3]      (   0)        2656392
      -1.5        -1.4   0.5             gd~_epvebb~u~                   41.340668 +-         0.071439     0.009911       0 [    3]      (   0)        1183904
      -1.5        -1.4   0.5             ud~_epvebb~g                     2.532968 +-         0.069845       0.2245       0 [    5]      (   0)        4410166

==============================================================================================================================================================

      -1.4        -1.3   0.01            NNLO.QT-CS.42.RCA.QCD           21.780158 +-         0.282436
--------------------------------------------------------------------------------------------------------------------------------------------------------------
      -1.4        -1.3   0.01            gu_epvebb~d                    109.616736 +-         0.150662       0.2655       0 [    3]      (   0)        3216833
      -1.4        -1.3   0.01            gd~_epvebb~u~                   61.980993 +-         0.103919      0.07823       0 [    3]      (   0)        1733997
      -1.4        -1.3   0.01            ud~_epvebb~g                  -149.817571 +-         0.215109       0.1273       0 [    5]      (   0)       15690498

      -1.4        -1.3   0.05            NNLO.QT-CS.42.RCA.QCD           99.691443 +-         0.207249
--------------------------------------------------------------------------------------------------------------------------------------------------------------
      -1.4        -1.3   0.05            gu_epvebb~d                    101.390546 +-         0.131492       0.4036       0 [    3]      (   0)        2983722
      -1.4        -1.3   0.05            gd~_epvebb~u~                   54.816214 +-         0.089987     0.004262       0 [    3]      (   0)        1534581
      -1.4        -1.3   0.05            ud~_epvebb~g                   -56.515317 +-         0.132532       0.2456       0 [    5]      (   0)       11098063

      -1.4        -1.3   0.1             NNLO.QT-CS.42.RCA.QCD          117.635759 +-         0.186476
--------------------------------------------------------------------------------------------------------------------------------------------------------------
      -1.4        -1.3   0.1             gu_epvebb~d                     97.360469 +-         0.124757       0.3921       0 [    3]      (   0)        2875970
      -1.4        -1.3   0.1             gd~_epvebb~u~                   51.525491 +-         0.084970       0.1459       0 [    3]      (   0)        1443669
      -1.4        -1.3   0.1             ud~_epvebb~g                   -31.250200 +-         0.109495       0.3124       0 [    5]      (   0)        8907956

      -1.4        -1.3   0.15            NNLO.QT-CS.42.RCA.QCD          124.641728 +-         0.175970
--------------------------------------------------------------------------------------------------------------------------------------------------------------
      -1.4        -1.3   0.15            gu_epvebb~d                     94.871758 +-         0.120981       0.4697       0 [    3]      (   0)        2811276
      -1.4        -1.3   0.15            gd~_epvebb~u~                   49.571561 +-         0.082098      0.09640       0 [    3]      (   0)        1390404
      -1.4        -1.3   0.15            ud~_epvebb~g                   -19.801592 +-         0.097922       0.2224       0 [    5]      (   0)        7657616

      -1.4        -1.3   0.2             NNLO.QT-CS.42.RCA.QCD          127.988651 +-         0.169140
--------------------------------------------------------------------------------------------------------------------------------------------------------------
      -1.4        -1.3   0.2             gu_epvebb~d                     93.034308 +-         0.118306       0.3749       0 [    3]      (   0)        2763920
      -1.4        -1.3   0.2             gd~_epvebb~u~                   48.118252 +-         0.080031       0.1666       0 [    3]      (   0)        1352557
      -1.4        -1.3   0.2             ud~_epvebb~g                   -13.163909 +-         0.090592       0.1424       0 [    5]      (   0)        6802392

      -1.4        -1.3   0.25            NNLO.QT-CS.42.RCA.QCD          129.800411 +-         0.164173
--------------------------------------------------------------------------------------------------------------------------------------------------------------
      -1.4        -1.3   0.25            gu_epvebb~d                     91.585070 +-         0.116309       0.2789       0 [    3]      (   0)        2725986
      -1.4        -1.3   0.25            gd~_epvebb~u~                   47.004398 +-         0.078480       0.2575       0 [    3]      (   0)        1323168
      -1.4        -1.3   0.25            ud~_epvebb~g                    -8.789057 +-         0.085239       0.2142       0 [    5]      (   0)        6163917

      -1.4        -1.3   0.5             NNLO.QT-CS.42.RCA.QCD          131.189546 +-         0.149615
--------------------------------------------------------------------------------------------------------------------------------------------------------------
      -1.4        -1.3   0.5             gu_epvebb~d                     86.622555 +-         0.109827       0.5115       0 [    3]      (   0)        2595778
      -1.4        -1.3   0.5             gd~_epvebb~u~                   43.364348 +-         0.073509       0.5899       0 [    3]      (   0)        1228425
      -1.4        -1.3   0.5             ud~_epvebb~g                     1.202643 +-         0.070137       0.1652       0 [    5]      (   0)        4359407

==============================================================================================================================================================

      -1.3        -1.2   0.01            NNLO.QT-CS.42.RCA.QCD           18.850740 +-         0.281939
--------------------------------------------------------------------------------------------------------------------------------------------------------------
      -1.3        -1.2   0.01            gu_epvebb~d                    110.049555 +-         0.150220       0.4268       0 [    3]      (   0)        3138714
      -1.3        -1.2   0.01            gd~_epvebb~u~                   64.884440 +-         0.105658       0.1199       0 [    3]      (   0)        1788219
      -1.3        -1.2   0.01            ud~_epvebb~g                  -156.083255 +-         0.213916       0.6304       0 [    5]      (   0)       15413738

      -1.3        -1.2   0.05            NNLO.QT-CS.42.RCA.QCD           98.704042 +-         0.207931
--------------------------------------------------------------------------------------------------------------------------------------------------------------
      -1.3        -1.2   0.05            gu_epvebb~d                    101.294545 +-         0.131913       0.1399       0 [    3]      (   0)        2914164
      -1.3        -1.2   0.05            gd~_epvebb~u~                   57.410804 +-         0.091656       0.5120       0 [    3]      (   0)        1584074
      -1.3        -1.2   0.05            ud~_epvebb~g                   -60.001307 +-         0.132036       0.7956       0 [    5]      (   0)       10904389

      -1.3        -1.2   0.1             NNLO.QT-CS.42.RCA.QCD          117.344369 +-         0.187724
--------------------------------------------------------------------------------------------------------------------------------------------------------------
      -1.3        -1.2   0.1             gu_epvebb~d                     97.145715 +-         0.125364       0.1468       0 [    3]      (   0)        2809417
      -1.3        -1.2   0.1             gd~_epvebb~u~                   54.020133 +-         0.086825       0.5538       0 [    3]      (   0)        1490987
      -1.3        -1.2   0.1             ud~_epvebb~g                   -33.821479 +-         0.109479       0.3411       0 [    5]      (   0)        8756499

      -1.3        -1.2   0.15            NNLO.QT-CS.42.RCA.QCD          124.483750 +-         0.177457
--------------------------------------------------------------------------------------------------------------------------------------------------------------
      -1.3        -1.2   0.15            gu_epvebb~d                     94.571887 +-         0.121702      0.01676       0 [    3]      (   0)        2746518
      -1.3        -1.2   0.15            gd~_epvebb~u~                   51.976315 +-         0.083986       0.6044       0 [    3]      (   0)        1436898
      -1.3        -1.2   0.15            ud~_epvebb~g                   -22.064452 +-         0.098113       0.5904       0 [    5]      (   0)        7526540

      -1.3        -1.2   0.2             NNLO.QT-CS.42.RCA.QCD          127.952603 +-         0.170683
--------------------------------------------------------------------------------------------------------------------------------------------------------------
      -1.3        -1.2   0.2             gu_epvebb~d                     92.705370 +-         0.119067      0.02866       0 [    3]      (   0)        2700281
      -1.3        -1.2   0.2             gd~_epvebb~u~                   50.467480 +-         0.081969       0.5465       0 [    3]      (   0)        1398057
      -1.3        -1.2   0.2             ud~_epvebb~g                   -15.220247 +-         0.090757       0.5651       0 [    5]      (   0)        6688254

      -1.3        -1.2   0.25            NNLO.QT-CS.42.RCA.QCD          129.895190 +-         0.165655
--------------------------------------------------------------------------------------------------------------------------------------------------------------
      -1.3        -1.2   0.25            gu_epvebb~d                     91.216946 +-         0.117064      0.06394       0 [    3]      (   0)        2663303
      -1.3        -1.2   0.25            gd~_epvebb~u~                   49.287352 +-         0.080359       0.6881       0 [    3]      (   0)        1367571
      -1.3        -1.2   0.25            ud~_epvebb~g                   -10.609109 +-         0.085323       0.9500       0 [    5]      (   0)        6062196

      -1.3        -1.2   0.5             NNLO.QT-CS.42.RCA.QCD          131.627386 +-         0.151183
--------------------------------------------------------------------------------------------------------------------------------------------------------------
      -1.3        -1.2   0.5             gu_epvebb~d                     86.226422 +-         0.110632      0.07329       0 [    3]      (   0)        2536619
      -1.3        -1.2   0.5             gd~_epvebb~u~                   45.520149 +-         0.075487        1.020       0 [    3]      (   0)        1270348
      -1.3        -1.2   0.5             ud~_epvebb~g                    -0.119185 +-         0.070133        1.012       0 [    5]      (   0)        4290796

==============================================================================================================================================================

      -1.2        -1.1   0.01            NNLO.QT-CS.42.RCA.QCD           16.036167 +-         0.282159
--------------------------------------------------------------------------------------------------------------------------------------------------------------
      -1.2        -1.1   0.01            gu_epvebb~d                    110.031386 +-         0.149926       0.3886       0 [    3]      (   0)        3061678
      -1.2        -1.1   0.01            gd~_epvebb~u~                   67.760265 +-         0.107354       0.8292       0 [    3]      (   0)        1833895
      -1.2        -1.1   0.01            ud~_epvebb~g                  -161.755484 +-         0.213567       0.1857       0 [    5]      (   0)       15274880

      -1.2        -1.1   0.05            NNLO.QT-CS.42.RCA.QCD           97.393894 +-         0.208901
--------------------------------------------------------------------------------------------------------------------------------------------------------------
      -1.2        -1.1   0.05            gu_epvebb~d                    100.991286 +-         0.132103       0.5859       0 [    3]      (   0)        2841736
      -1.2        -1.1   0.05            gd~_epvebb~u~                   59.896328 +-         0.093556        1.338       0 [    3]      (   0)        1626083
      -1.2        -1.1   0.05            ud~_epvebb~g                   -63.493720 +-         0.132044       0.5072       0 [    5]      (   0)       10799486

      -1.2        -1.1   0.1             NNLO.QT-CS.42.RCA.QCD          116.564808 +-         0.188806
--------------------------------------------------------------------------------------------------------------------------------------------------------------
      -1.2        -1.1   0.1             gu_epvebb~d                     96.770655 +-         0.125693       0.4455       0 [    3]      (   0)        2739928
      -1.2        -1.1   0.1             gd~_epvebb~u~                   56.293632 +-         0.088573        1.898       0 [    3]      (   0)        1530753
      -1.2        -1.1   0.1             ud~_epvebb~g                   -36.499479 +-         0.109562       0.1277       0 [    5]      (   0)        8668703

      -1.2        -1.1   0.15            NNLO.QT-CS.42.RCA.QCD          124.070545 +-         0.178581
--------------------------------------------------------------------------------------------------------------------------------------------------------------
      -1.2        -1.1   0.15            gu_epvebb~d                     94.174746 +-         0.122062       0.4147       0 [    3]      (   0)        2678528
      -1.2        -1.1   0.15            gd~_epvebb~u~                   54.158484 +-         0.085731        1.838       0 [    3]      (   0)        1475249
      -1.2        -1.1   0.15            ud~_epvebb~g                   -24.262685 +-         0.098195       0.2023       0 [    5]      (   0)        7450206

      -1.2        -1.1   0.2             NNLO.QT-CS.42.RCA.QCD          127.809970 +-         0.171860
--------------------------------------------------------------------------------------------------------------------------------------------------------------
      -1.2        -1.1   0.2             gu_epvebb~d                     92.293886 +-         0.119588       0.2737       0 [    3]      (   0)        2634099
      -1.2        -1.1   0.2             gd~_epvebb~u~                   52.612405 +-         0.083795        2.081       0 [    3]      (   0)        1436120
      -1.2        -1.1   0.2             ud~_epvebb~g                   -17.096321 +-         0.090625       0.2480       0 [    5]      (   0)        6619017

      -1.2        -1.1   0.25            NNLO.QT-CS.42.RCA.QCD          129.919461 +-         0.166946
--------------------------------------------------------------------------------------------------------------------------------------------------------------
      -1.2        -1.1   0.25            gu_epvebb~d                     90.790173 +-         0.117630       0.2951       0 [    3]      (   0)        2598301
      -1.2        -1.1   0.25            gd~_epvebb~u~                   51.410077 +-         0.082273        1.918       0 [    3]      (   0)        1405075
      -1.2        -1.1   0.25            ud~_epvebb~g                   -12.280789 +-         0.085236       0.5647       0 [    5]      (   0)        5998823

      -1.2        -1.1   0.5             NNLO.QT-CS.42.RCA.QCD          131.959904 +-         0.152512
--------------------------------------------------------------------------------------------------------------------------------------------------------------
      -1.2        -1.1   0.5             gu_epvebb~d                     85.790867 +-         0.111200       0.3425       0 [    3]      (   0)        2474936
      -1.2        -1.1   0.5             gd~_epvebb~u~                   47.487405 +-         0.077433        1.794       0 [    3]      (   0)        1306168
      -1.2        -1.1   0.5             ud~_epvebb~g                    -1.318368 +-         0.069990       0.3399       0 [    5]      (   0)        4245756

==============================================================================================================================================================

      -1.1          -1   0.01            NNLO.QT-CS.42.RCA.QCD           12.579381 +-         0.281687
--------------------------------------------------------------------------------------------------------------------------------------------------------------
      -1.1          -1   0.01            gu_epvebb~d                    109.727203 +-         0.149437       0.5682       0 [    3]      (   0)        2988076
      -1.1          -1   0.01            gd~_epvebb~u~                   70.681667 +-         0.109584      0.03947       0 [    3]      (   0)        1878886
      -1.1          -1   0.01            ud~_epvebb~g                  -167.829489 +-         0.212150       0.3716       0 [    5]      (   0)       15140617

      -1.1          -1   0.05            NNLO.QT-CS.42.RCA.QCD           96.089867 +-         0.209497
--------------------------------------------------------------------------------------------------------------------------------------------------------------
      -1.1          -1   0.05            gu_epvebb~d                    100.469031 +-         0.131976       0.6190       0 [    3]      (   0)        2773266
      -1.1          -1   0.05            gd~_epvebb~u~                   62.496281 +-         0.095883       0.2389       0 [    3]      (   0)        1666370
      -1.1          -1   0.05            ud~_epvebb~g                   -66.875445 +-         0.131445       0.2935       0 [    5]      (   0)       10703663

      -1.1          -1   0.1             NNLO.QT-CS.42.RCA.QCD          115.947374 +-         0.189493
--------------------------------------------------------------------------------------------------------------------------------------------------------------
      -1.1          -1   0.1             gu_epvebb~d                     96.196142 +-         0.125701       0.4752       0 [    3]      (   0)        2673096
      -1.1          -1   0.1             gd~_epvebb~u~                   58.779491 +-         0.091039       0.6542       0 [    3]      (   0)        1569431
      -1.1          -1   0.1             ud~_epvebb~g                   -39.028259 +-         0.108715       0.5689       0 [    5]      (   0)        8589590

      -1.1          -1   0.15            NNLO.QT-CS.42.RCA.QCD          123.893027 +-         0.179488
--------------------------------------------------------------------------------------------------------------------------------------------------------------
      -1.1          -1   0.15            gu_epvebb~d                     93.621497 +-         0.122185       0.7022       0 [    3]      (   0)        2613501
      -1.1          -1   0.15            gd~_epvebb~u~                   56.569091 +-         0.088251       0.8842       0 [    3]      (   0)        1513135
      -1.1          -1   0.15            ud~_epvebb~g                   -26.297561 +-         0.097460       0.7420       0 [    5]      (   0)        7381719

      -1.1          -1   0.2             NNLO.QT-CS.42.RCA.QCD          127.868961 +-         0.172878
--------------------------------------------------------------------------------------------------------------------------------------------------------------
      -1.1          -1   0.2             gu_epvebb~d                     91.710700 +-         0.119640       0.6671       0 [    3]      (   0)        2569904
      -1.1          -1   0.2             gd~_epvebb~u~                   54.958435 +-         0.086311       0.8027       0 [    3]      (   0)        1473102
      -1.1          -1   0.2             ud~_epvebb~g                   -18.800175 +-         0.090130        1.052       0 [    5]      (   0)        6556882

      -1.1          -1   0.25            NNLO.QT-CS.42.RCA.QCD          130.029263 +-         0.167968
--------------------------------------------------------------------------------------------------------------------------------------------------------------
      -1.1          -1   0.25            gu_epvebb~d                     90.181708 +-         0.117672       0.7027       0 [    3]      (   0)        2535007
      -1.1          -1   0.25            gd~_epvebb~u~                   53.690958 +-         0.084726       0.8760       0 [    3]      (   0)        1441737
      -1.1          -1   0.25            ud~_epvebb~g                   -13.843403 +-         0.084781       0.9973       0 [    5]      (   0)        5940994

      -1.1          -1   0.5             NNLO.QT-CS.42.RCA.QCD          132.250387 +-         0.153816
--------------------------------------------------------------------------------------------------------------------------------------------------------------
      -1.1          -1   0.5             gu_epvebb~d                     85.127582 +-         0.111463       0.5394       0 [    3]      (   0)        2414907
      -1.1          -1   0.5             gd~_epvebb~u~                   49.578434 +-         0.079752       0.8273       0 [    3]      (   0)        1339929
      -1.1          -1   0.5             ud~_epvebb~g                    -2.455629 +-         0.069821       0.8458       0 [    5]      (   0)        4203762

==============================================================================================================================================================

        -1        -0.9   0.01            NNLO.QT-CS.42.RCA.QCD            9.211504 +-         0.282520
--------------------------------------------------------------------------------------------------------------------------------------------------------------
        -1        -0.9   0.01            gu_epvebb~d                    109.642726 +-         0.149198        1.082       0 [    3]      (   0)        2912853
        -1        -0.9   0.01            gd~_epvebb~u~                   72.895064 +-         0.111029       0.4357       0 [    3]      (   0)        1911773
        -1        -0.9   0.01            ud~_epvebb~g                  -173.326286 +-         0.212673       0.2291       0 [    5]      (   0)       14916889

        -1        -0.9   0.05            NNLO.QT-CS.42.RCA.QCD           94.467126 +-         0.210650
--------------------------------------------------------------------------------------------------------------------------------------------------------------
        -1        -0.9   0.05            gu_epvebb~d                    100.151225 +-         0.132402        1.745       0 [    3]      (   0)        2703637
        -1        -0.9   0.05            gd~_epvebb~u~                   64.346269 +-         0.097334       0.3910       0 [    3]      (   0)        1695811
        -1        -0.9   0.05            ud~_epvebb~g                   -70.030368 +-         0.131792       0.2925       0 [    5]      (   0)       10554045

        -1        -0.9   0.1             NNLO.QT-CS.42.RCA.QCD          114.890915 +-         0.191085
--------------------------------------------------------------------------------------------------------------------------------------------------------------
        -1        -0.9   0.1             gu_epvebb~d                     95.764098 +-         0.126390        1.996       0 [    3]      (   0)        2605263
        -1        -0.9   0.1             gd~_epvebb~u~                   60.558420 +-         0.092542       0.5894       0 [    3]      (   0)        1597341
        -1        -0.9   0.1             ud~_epvebb~g                   -41.431604 +-         0.109431        1.031       0 [    5]      (   0)        8474628

        -1        -0.9   0.15            NNLO.QT-CS.42.RCA.QCD          123.034157 +-         0.181249
--------------------------------------------------------------------------------------------------------------------------------------------------------------
        -1        -0.9   0.15            gu_epvebb~d                     93.158939 +-         0.122996        2.068       0 [    3]      (   0)        2547166
        -1        -0.9   0.15            gd~_epvebb~u~                   58.273354 +-         0.089803       0.3675       0 [    3]      (   0)        1539862
        -1        -0.9   0.15            ud~_epvebb~g                   -28.398136 +-         0.098280        1.000       0 [    5]      (   0)        7285061

        -1        -0.9   0.2             NNLO.QT-CS.42.RCA.QCD          127.130132 +-         0.174771
--------------------------------------------------------------------------------------------------------------------------------------------------------------
        -1        -0.9   0.2             gu_epvebb~d                     91.236793 +-         0.120577        2.478       0 [    3]      (   0)        2504590
        -1        -0.9   0.2             gd~_epvebb~u~                   56.632924 +-         0.087828       0.4711       0 [    3]      (   0)        1498869
        -1        -0.9   0.2             ud~_epvebb~g                   -20.739586 +-         0.091062       0.9459       0 [    5]      (   0)        6472491

        -1        -0.9   0.25            NNLO.QT-CS.42.RCA.QCD          129.461809 +-         0.169937
--------------------------------------------------------------------------------------------------------------------------------------------------------------
        -1        -0.9   0.25            gu_epvebb~d                     89.684967 +-         0.118684        2.770       0 [    3]      (   0)        2470372
        -1        -0.9   0.25            gd~_epvebb~u~                   55.331540 +-         0.086290       0.5020       0 [    3]      (   0)        1467051
        -1        -0.9   0.25            ud~_epvebb~g                   -15.554699 +-         0.085713       0.6400       0 [    5]      (   0)        5864710

        -1        -0.9   0.5             NNLO.QT-CS.42.RCA.QCD          132.217149 +-         0.155840
--------------------------------------------------------------------------------------------------------------------------------------------------------------
        -1        -0.9   0.5             gu_epvebb~d                     84.596152 +-         0.112415        3.032       0 [    3]      (   0)        2353176
        -1        -0.9   0.5             gd~_epvebb~u~                   51.189390 +-         0.081570       0.7538       0 [    3]      (   0)        1364411
        -1        -0.9   0.5             ud~_epvebb~g                    -3.568394 +-         0.070678        1.185       0 [    5]      (   0)        4152493

==============================================================================================================================================================

      -0.9        -0.8   0.01            NNLO.QT-CS.42.RCA.QCD            6.666305 +-         0.282142
--------------------------------------------------------------------------------------------------------------------------------------------------------------
      -0.9        -0.8   0.01            gu_epvebb~d                    109.508383 +-         0.149623       0.3722       0 [    3]      (   0)        2845484
      -0.9        -0.8   0.01            gd~_epvebb~u~                   75.192341 +-         0.112012       0.1018       0 [    3]      (   0)        1949063
      -0.9        -0.8   0.01            ud~_epvebb~g                  -178.034418 +-         0.211354       0.5287       0 [    5]      (   0)       14829608

      -0.9        -0.8   0.05            NNLO.QT-CS.42.RCA.QCD          93.5183692 +-        0.2112890
--------------------------------------------------------------------------------------------------------------------------------------------------------------
      -0.9        -0.8   0.05            gu_epvebb~d                    99.7391041 +-        0.1331485       0.4869       0 [    3]      (   0)        2640242
      -0.9        -0.8   0.05            gd~_epvebb~u~                  66.4204509 +-        0.0985964       0.3061       0 [    3]      (   0)        1729652
      -0.9        -0.8   0.05            ud~_epvebb~g                  -72.6411858 +-        0.1311232       0.3888       0 [    5]      (   0)       10484056

      -0.9        -0.8   0.1             NNLO.QT-CS.42.RCA.QCD          114.481542 +-         0.191943
--------------------------------------------------------------------------------------------------------------------------------------------------------------
      -0.9        -0.8   0.1             gu_epvebb~d                     95.319969 +-         0.127252       0.5208       0 [    3]      (   0)        2544934
      -0.9        -0.8   0.1             gd~_epvebb~u~                   62.514036 +-         0.093867       0.7611       0 [    3]      (   0)        1629516
      -0.9        -0.8   0.1             ud~_epvebb~g                   -43.352462 +-         0.108802       0.5912       0 [    5]      (   0)        8414701

      -0.9        -0.8   0.15            NNLO.QT-CS.42.RCA.QCD          122.906522 +-         0.182083
--------------------------------------------------------------------------------------------------------------------------------------------------------------
      -0.9        -0.8   0.15            gu_epvebb~d                     92.714705 +-         0.123857       0.4964       0 [    3]      (   0)        2488019
      -0.9        -0.8   0.15            gd~_epvebb~u~                   60.168926 +-         0.091133        1.182       0 [    3]      (   0)        1571066
      -0.9        -0.8   0.15            ud~_epvebb~g                   -29.977109 +-         0.097511       0.6267       0 [    5]      (   0)        7233724

      -0.9        -0.8   0.2             NNLO.QT-CS.42.RCA.QCD          127.209932 +-         0.175611
--------------------------------------------------------------------------------------------------------------------------------------------------------------
      -0.9        -0.8   0.2             gu_epvebb~d                     90.781921 +-         0.121411       0.6886       0 [    3]      (   0)        2446487
      -0.9        -0.8   0.2             gd~_epvebb~u~                   58.481172 +-         0.089221        1.086       0 [    3]      (   0)        1529496
      -0.9        -0.8   0.2             ud~_epvebb~g                   -22.053160 +-         0.090213       0.7954       0 [    5]      (   0)        6426348

      -0.9        -0.8   0.25            NNLO.QT-CS.42.RCA.QCD          129.668605 +-         0.170756
--------------------------------------------------------------------------------------------------------------------------------------------------------------
      -0.9        -0.8   0.25            gu_epvebb~d                     89.270697 +-         0.119452       0.7738       0 [    3]      (   0)        2413314
      -0.9        -0.8   0.25            gd~_epvebb~u~                   57.148856 +-         0.087696       0.8303       0 [    3]      (   0)        1496860
      -0.9        -0.8   0.25            ud~_epvebb~g                   -16.750948 +-         0.084841       0.8980       0 [    5]      (   0)        5824663

      -0.9        -0.8   0.5             NNLO.QT-CS.42.RCA.QCD          132.570566 +-         0.156795
--------------------------------------------------------------------------------------------------------------------------------------------------------------
      -0.9        -0.8   0.5             gu_epvebb~d                     84.119709 +-         0.113302       0.8441       0 [    3]      (   0)        2298218
      -0.9        -0.8   0.5             gd~_epvebb~u~                   52.865990 +-         0.082918       0.4555       0 [    3]      (   0)        1392552
      -0.9        -0.8   0.5             ud~_epvebb~g                    -4.415133 +-         0.069799       0.5393       0 [    5]      (   0)        4122713

==============================================================================================================================================================

      -0.8        -0.7   0.01            NNLO.QT-CS.42.RCA.QCD            4.347557 +-         0.281726
--------------------------------------------------------------------------------------------------------------------------------------------------------------
      -0.8        -0.7   0.01            gu_epvebb~d                    109.218820 +-         0.149694      0.01395       0 [    3]      (   0)        2780685
      -0.8        -0.7   0.01            gd~_epvebb~u~                   77.232655 +-         0.113113        1.916       0 [    3]      (   0)        1977570
      -0.8        -0.7   0.01            ud~_epvebb~g                  -182.103917 +-         0.210159      0.04653       0 [    5]      (   0)       14787648

      -0.8        -0.7   0.05            NNLO.QT-CS.42.RCA.QCD          92.5037488 +-        0.2117651
--------------------------------------------------------------------------------------------------------------------------------------------------------------
      -0.8        -0.7   0.05            gu_epvebb~d                    99.3627955 +-        0.1333611      0.09662       0 [    3]      (   0)        2580135
      -0.8        -0.7   0.05            gd~_epvebb~u~                  68.2126958 +-        0.1004597       0.8534       0 [    3]      (   0)        1755761
      -0.8        -0.7   0.05            ud~_epvebb~g                  -75.0717426 +-        0.1302580        1.407       0 [    5]      (   0)       10452361

      -0.8        -0.7   0.1             NNLO.QT-CS.42.RCA.QCD          113.882715 +-         0.192696
--------------------------------------------------------------------------------------------------------------------------------------------------------------
      -0.8        -0.7   0.1             gu_epvebb~d                     94.960582 +-         0.127622      0.01707       0 [    3]      (   0)        2487279
      -0.8        -0.7   0.1             gd~_epvebb~u~                   64.185766 +-         0.095772        1.370       0 [    3]      (   0)        1654690
      -0.8        -0.7   0.1             ud~_epvebb~g                   -45.263634 +-         0.108038       0.8940       0 [    5]      (   0)        8387878

      -0.8        -0.7   0.15            NNLO.QT-CS.42.RCA.QCD          122.387932 +-         0.182986
--------------------------------------------------------------------------------------------------------------------------------------------------------------
      -0.8        -0.7   0.15            gu_epvebb~d                     92.235875 +-         0.124215      0.01090       0 [    3]      (   0)        2431484
      -0.8        -0.7   0.15            gd~_epvebb~u~                   61.771137 +-         0.093083        1.396       0 [    3]      (   0)        1595792
      -0.8        -0.7   0.15            ud~_epvebb~g                   -31.619080 +-         0.096904       0.5066       0 [    5]      (   0)        7209422

      -0.8        -0.7   0.2             NNLO.QT-CS.42.RCA.QCD          126.734978 +-         0.176566
--------------------------------------------------------------------------------------------------------------------------------------------------------------
      -0.8        -0.7   0.2             gu_epvebb~d                     90.272154 +-         0.121779      0.01919       0 [    3]      (   0)        2390611
      -0.8        -0.7   0.2             gd~_epvebb~u~                   60.002169 +-         0.091127        1.368       0 [    3]      (   0)        1553498
      -0.8        -0.7   0.2             ud~_epvebb~g                   -23.539345 +-         0.089673       0.5682       0 [    5]      (   0)        6404921

      -0.8        -0.7   0.25            NNLO.QT-CS.42.RCA.QCD          129.299294 +-         0.171895
--------------------------------------------------------------------------------------------------------------------------------------------------------------
      -0.8        -0.7   0.25            gu_epvebb~d                     88.747871 +-         0.119948      0.03912       0 [    3]      (   0)        2358061
      -0.8        -0.7   0.25            gd~_epvebb~u~                   58.620228 +-         0.089644       0.9604       0 [    3]      (   0)        1520344
      -0.8        -0.7   0.25            ud~_epvebb~g                   -18.068805 +-         0.084404       0.7736       0 [    5]      (   0)        5803054

      -0.8        -0.7   0.5             NNLO.QT-CS.42.RCA.QCD          132.621520 +-         0.157763
--------------------------------------------------------------------------------------------------------------------------------------------------------------
      -0.8        -0.7   0.5             gu_epvebb~d                     83.677005 +-         0.113756       0.4659       0 [    3]      (   0)        2246390
      -0.8        -0.7   0.5             gd~_epvebb~u~                   54.251064 +-         0.084486        1.597       0 [    3]      (   0)        1414297
      -0.8        -0.7   0.5             ud~_epvebb~g                    -5.306550 +-         0.069360        1.105       0 [    5]      (   0)        4106058

==============================================================================================================================================================

      -0.7        -0.6   0.01            NNLO.QT-CS.42.RCA.QCD            2.274372 +-         0.282372
--------------------------------------------------------------------------------------------------------------------------------------------------------------
      -0.7        -0.6   0.01            gu_epvebb~d                    109.112864 +-         0.149865       0.4954       0 [    3]      (   0)        2724400
      -0.7        -0.6   0.01            gd~_epvebb~u~                   79.111868 +-         0.114241       0.1250       0 [    3]      (   0)        2001849
      -0.7        -0.6   0.01            ud~_epvebb~g                  -185.950361 +-         0.210294       0.2750       0 [    5]      (   0)       14760344

      -0.7        -0.6   0.05            NNLO.QT-CS.42.RCA.QCD          91.7210493 +-        0.2130986
--------------------------------------------------------------------------------------------------------------------------------------------------------------
      -0.7        -0.6   0.05            gu_epvebb~d                    99.1258947 +-        0.1340162       0.3280       0 [    3]      (   0)        2528258
      -0.7        -0.6   0.05            gd~_epvebb~u~                  69.7697892 +-        0.1014036      0.02780       0 [    3]      (   0)        1777721
      -0.7        -0.6   0.05            ud~_epvebb~g                  -77.1746347 +-        0.1310266        1.450       0 [    5]      (   0)       10430067

      -0.7        -0.6   0.1             NNLO.QT-CS.42.RCA.QCD          113.504356 +-         0.194380
--------------------------------------------------------------------------------------------------------------------------------------------------------------
      -0.7        -0.6   0.1             gu_epvebb~d                     94.663407 +-         0.128359       0.1993       0 [    3]      (   0)        2437334
      -0.7        -0.6   0.1             gd~_epvebb~u~                   65.620157 +-         0.096763      0.02338       0 [    3]      (   0)        1675488
      -0.7        -0.6   0.1             ud~_epvebb~g                   -46.779208 +-         0.109290        1.742       0 [    5]      (   0)        8369655

      -0.7        -0.6   0.15            NNLO.QT-CS.42.RCA.QCD          122.226270 +-         0.184095
--------------------------------------------------------------------------------------------------------------------------------------------------------------
      -0.7        -0.6   0.15            gu_epvebb~d                     91.960006 +-         0.125038      0.02725       0 [    3]      (   0)        2382634
      -0.7        -0.6   0.15            gd~_epvebb~u~                   63.160494 +-         0.094095       0.1366       0 [    3]      (   0)        1615644
      -0.7        -0.6   0.15            ud~_epvebb~g                   -32.894230 +-         0.096966        1.484       0 [    5]      (   0)        7191311

      -0.7        -0.6   0.2             NNLO.QT-CS.42.RCA.QCD          126.716262 +-         0.177771
--------------------------------------------------------------------------------------------------------------------------------------------------------------
      -0.7        -0.6   0.2             gu_epvebb~d                     90.002910 +-         0.122655     0.001669       0 [    3]      (   0)        2342940
      -0.7        -0.6   0.2             gd~_epvebb~u~                   61.358189 +-         0.092138       0.2412       0 [    3]      (   0)        1573023
      -0.7        -0.6   0.2             ud~_epvebb~g                   -24.644837 +-         0.089827        2.139       0 [    5]      (   0)        6389567

      -0.7        -0.6   0.25            NNLO.QT-CS.42.RCA.QCD          129.390667 +-         0.173012
--------------------------------------------------------------------------------------------------------------------------------------------------------------
      -0.7        -0.6   0.25            gu_epvebb~d                     88.452641 +-         0.120761     0.009947       0 [    3]      (   0)        2310785
      -0.7        -0.6   0.25            gd~_epvebb~u~                   59.977018 +-         0.090676       0.3198       0 [    3]      (   0)        1539644
      -0.7        -0.6   0.25            ud~_epvebb~g                   -19.038993 +-         0.084427        1.569       0 [    5]      (   0)        5790948

      -0.7        -0.6   0.5             NNLO.QT-CS.42.RCA.QCD          132.837467 +-         0.159297
--------------------------------------------------------------------------------------------------------------------------------------------------------------
      -0.7        -0.6   0.5             gu_epvebb~d                     83.287811 +-         0.114505      0.03255       0 [    3]      (   0)        2200546
      -0.7        -0.6   0.5             gd~_epvebb~u~                   55.530470 +-         0.086028       0.4727       0 [    3]      (   0)        1432957
      -0.7        -0.6   0.5             ud~_epvebb~g                    -5.980814 +-         0.069736       0.5210       0 [    5]      (   0)        4098778

==============================================================================================================================================================

      -0.6        -0.5   0.01            NNLO.QT-CS.42.RCA.QCD            0.061634 +-         0.284713
--------------------------------------------------------------------------------------------------------------------------------------------------------------
      -0.6        -0.5   0.01            gu_epvebb~d                    108.680819 +-         0.150151       0.7360       0 [    3]      (   0)        2685298
      -0.6        -0.5   0.01            gd~_epvebb~u~                   80.800784 +-         0.115314       0.2263       0 [    3]      (   0)        2014640
      -0.6        -0.5   0.01            ud~_epvebb~g                  -189.419969 +-         0.212647       0.6177       0 [    5]      (   0)       14638750

      -0.6        -0.5   0.05            NNLO.QT-CS.42.RCA.QCD          90.7523403 +-        0.2158282
--------------------------------------------------------------------------------------------------------------------------------------------------------------
      -0.6        -0.5   0.05            gu_epvebb~d                    98.5513013 +-        0.1350406        1.563       0 [    3]      (   0)        2491575
      -0.6        -0.5   0.05            gd~_epvebb~u~                  71.3354190 +-        0.1027689       0.1251       0 [    3]      (   0)        1789171
      -0.6        -0.5   0.05            ud~_epvebb~g                  -79.1343800 +-        0.1333581       0.1946       0 [    5]      (   0)       10352650

      -0.6        -0.5   0.1             NNLO.QT-CS.42.RCA.QCD          112.782992 +-         0.196939
--------------------------------------------------------------------------------------------------------------------------------------------------------------
      -0.6        -0.5   0.1             gu_epvebb~d                     94.011422 +-         0.129512        2.044       0 [    3]      (   0)        2401025
      -0.6        -0.5   0.1             gd~_epvebb~u~                   67.103022 +-         0.098133       0.1861       0 [    3]      (   0)        1686348
      -0.6        -0.5   0.1             ud~_epvebb~g                   -48.331452 +-         0.111273       0.3388       0 [    5]      (   0)        8308400

      -0.6        -0.5   0.15            NNLO.QT-CS.42.RCA.QCD          121.703984 +-         0.187563
--------------------------------------------------------------------------------------------------------------------------------------------------------------
      -0.6        -0.5   0.15            gu_epvebb~d                     91.315307 +-         0.126108        2.139       0 [    3]      (   0)        2346667
      -0.6        -0.5   0.15            gd~_epvebb~u~                   64.579344 +-         0.095481       0.3095       0 [    3]      (   0)        1626250
      -0.6        -0.5   0.15            ud~_epvebb~g                   -34.190667 +-         0.100797       0.4848       0 [    5]      (   0)        7141299

      -0.6        -0.5   0.2             NNLO.QT-CS.42.RCA.QCD          126.372663 +-         0.181450
--------------------------------------------------------------------------------------------------------------------------------------------------------------
      -0.6        -0.5   0.2             gu_epvebb~d                     89.327696 +-         0.123842        2.208       0 [    3]      (   0)        2307025
      -0.6        -0.5   0.2             gd~_epvebb~u~                   62.785340 +-         0.093554       0.3456       0 [    3]      (   0)        1583493
      -0.6        -0.5   0.2             ud~_epvebb~g                   -25.740374 +-         0.093993       0.7027       0 [    5]      (   0)        6344796

      -0.6        -0.5   0.25            NNLO.QT-CS.42.RCA.QCD          129.035127 +-         0.176804
--------------------------------------------------------------------------------------------------------------------------------------------------------------
      -0.6        -0.5   0.25            gu_epvebb~d                     87.751249 +-         0.121900        2.605       0 [    3]      (   0)        2275461
      -0.6        -0.5   0.25            gd~_epvebb~u~                   61.366051 +-         0.092076       0.3464       0 [    3]      (   0)        1550008
      -0.6        -0.5   0.25            ud~_epvebb~g                   -20.082173 +-         0.089006       0.7310       0 [    5]      (   0)        5749387

      -0.6        -0.5   0.5             NNLO.QT-CS.42.RCA.QCD          132.553371 +-         0.160545
--------------------------------------------------------------------------------------------------------------------------------------------------------------
      -0.6        -0.5   0.5             gu_epvebb~d                     82.548090 +-         0.115522        2.463       0 [    3]      (   0)        2166222
      -0.6        -0.5   0.5             gd~_epvebb~u~                   56.802185 +-         0.087258       0.1088       0 [    3]      (   0)        1442363
      -0.6        -0.5   0.5             ud~_epvebb~g                    -6.796904 +-         0.069394        1.259       0 [    5]      (   0)        4069206

==============================================================================================================================================================

      -0.5        -0.4   0.01            NNLO.QT-CS.42.RCA.QCD           -1.844488 +-         0.283088
--------------------------------------------------------------------------------------------------------------------------------------------------------------
      -0.5        -0.4   0.01            gu_epvebb~d                    108.434435 +-         0.149885        1.752       0 [    3]      (   0)        2656677
      -0.5        -0.4   0.01            gd~_epvebb~u~                   82.235100 +-         0.116094        1.636       0 [    3]      (   0)        2020992
      -0.5        -0.4   0.01            ud~_epvebb~g                  -192.514023 +-         0.210227       0.5283       0 [    5]      (   0)       14606115

      -0.5        -0.4   0.05            NNLO.QT-CS.42.RCA.QCD          89.8023108 +-        0.2138222
--------------------------------------------------------------------------------------------------------------------------------------------------------------
      -0.5        -0.4   0.05            gu_epvebb~d                    98.2681532 +-        0.1349242        2.433       0 [    3]      (   0)        2465126
      -0.5        -0.4   0.05            gd~_epvebb~u~                  72.5329443 +-        0.1036173        1.510       0 [    3]      (   0)        1794664
      -0.5        -0.4   0.05            ud~_epvebb~g                  -80.9987868 +-        0.1295332       0.6690       0 [    5]      (   0)       10322540

      -0.5        -0.4   0.1             NNLO.QT-CS.42.RCA.QCD          112.376594 +-         0.195299
--------------------------------------------------------------------------------------------------------------------------------------------------------------
      -0.5        -0.4   0.1             gu_epvebb~d                     93.724354 +-         0.129523        3.440       0 [    3]      (   0)        2375999
      -0.5        -0.4   0.1             gd~_epvebb~u~                   68.257581 +-         0.099087        1.536       0 [    3]      (   0)        1691434
      -0.5        -0.4   0.1             ud~_epvebb~g                   -49.605341 +-         0.107458       0.4282       0 [    5]      (   0)        8282068

      -0.5        -0.4   0.15            NNLO.QT-CS.42.RCA.QCD          121.466406 +-         0.185987
--------------------------------------------------------------------------------------------------------------------------------------------------------------
      -0.5        -0.4   0.15            gu_epvebb~d                     91.037661 +-         0.126437        3.407       0 [    3]      (   0)        2322555
      -0.5        -0.4   0.15            gd~_epvebb~u~                   65.655361 +-         0.096400        1.969       0 [    3]      (   0)        1631147
      -0.5        -0.4   0.15            ud~_epvebb~g                   -35.226616 +-         0.096499      0.09566       0 [    5]      (   0)        7116162

      -0.5        -0.4   0.2             NNLO.QT-CS.42.RCA.QCD          126.235713 +-         0.179822
--------------------------------------------------------------------------------------------------------------------------------------------------------------
      -0.5        -0.4   0.2             gu_epvebb~d                     89.031446 +-         0.124123        3.277       0 [    3]      (   0)        2283323
      -0.5        -0.4   0.2             gd~_epvebb~u~                   63.796983 +-         0.094502        1.578       0 [    3]      (   0)        1588377
      -0.5        -0.4   0.2             ud~_epvebb~g                   -26.592716 +-         0.089436      0.08147       0 [    5]      (   0)        6322786

      -0.5        -0.4   0.25            NNLO.QT-CS.42.RCA.QCD          128.957913 +-         0.175130
--------------------------------------------------------------------------------------------------------------------------------------------------------------
      -0.5        -0.4   0.25            gu_epvebb~d                     87.442478 +-         0.122166        2.744       0 [    3]      (   0)        2252020
      -0.5        -0.4   0.25            gd~_epvebb~u~                   62.357914 +-         0.093020        1.467       0 [    3]      (   0)        1554976
      -0.5        -0.4   0.25            ud~_epvebb~g                   -20.842479 +-         0.084221       0.1652       0 [    5]      (   0)        5729745

      -0.5        -0.4   0.5             NNLO.QT-CS.42.RCA.QCD          132.686993 +-         0.160992
--------------------------------------------------------------------------------------------------------------------------------------------------------------
      -0.5        -0.4   0.5             gu_epvebb~d                     82.209802 +-         0.115375        3.004       0 [    3]      (   0)        2143928
      -0.5        -0.4   0.5             gd~_epvebb~u~                   57.743539 +-         0.088246        1.693       0 [    3]      (   0)        1447553
      -0.5        -0.4   0.5             ud~_epvebb~g                    -7.266348 +-         0.069425       0.4764       0 [    5]      (   0)        4055738

==============================================================================================================================================================

      -0.4        -0.3   0.01            NNLO.QT-CS.42.RCA.QCD           -2.924032 +-         0.281265
--------------------------------------------------------------------------------------------------------------------------------------------------------------
      -0.4        -0.3   0.01            gu_epvebb~d                    108.184549 +-         0.149412       0.4199       0 [    3]      (   0)        2621688
      -0.4        -0.3   0.01            gd~_epvebb~u~                   83.304785 +-         0.117221      0.03085       0 [    3]      (   0)        2033133
      -0.4        -0.3   0.01            ud~_epvebb~g                  -194.413365 +-         0.207474       0.2297       0 [    5]      (   0)       14621319

      -0.4        -0.3   0.05            NNLO.QT-CS.42.RCA.QCD          89.1479704 +-        0.2139474
--------------------------------------------------------------------------------------------------------------------------------------------------------------
      -0.4        -0.3   0.05            gu_epvebb~d                    97.8593315 +-        0.1346106       0.2174       0 [    3]      (   0)        2431540
      -0.4        -0.3   0.05            gd~_epvebb~u~                  73.4405161 +-        0.1047576       0.1395       0 [    3]      (   0)        1806323
      -0.4        -0.3   0.05            ud~_epvebb~g                  -82.1518772 +-        0.1291485       0.3835       0 [    5]      (   0)       10328818

      -0.4        -0.3   0.1             NNLO.QT-CS.42.RCA.QCD          111.818322 +-         0.195547
--------------------------------------------------------------------------------------------------------------------------------------------------------------
      -0.4        -0.3   0.1             gu_epvebb~d                     93.299865 +-         0.129191      0.03402       0 [    3]      (   0)        2343022
      -0.4        -0.3   0.1             gd~_epvebb~u~                   69.072204 +-         0.100267       0.4904       0 [    3]      (   0)        1703033
      -0.4        -0.3   0.1             ud~_epvebb~g                   -50.553748 +-         0.107214       0.1252       0 [    5]      (   0)        8283245

      -0.4        -0.3   0.15            NNLO.QT-CS.42.RCA.QCD          120.921135 +-         0.186298
--------------------------------------------------------------------------------------------------------------------------------------------------------------
      -0.4        -0.3   0.15            gu_epvebb~d                     90.556283 +-         0.126064       0.1433       0 [    3]      (   0)        2290067
      -0.4        -0.3   0.15            gd~_epvebb~u~                   66.489655 +-         0.097668       0.3060       0 [    3]      (   0)        1642549
      -0.4        -0.3   0.15            ud~_epvebb~g                   -36.124802 +-         0.096311       0.2811       0 [    5]      (   0)        7117082

      -0.4        -0.3   0.2             NNLO.QT-CS.42.RCA.QCD          125.700800 +-         0.180143
--------------------------------------------------------------------------------------------------------------------------------------------------------------
      -0.4        -0.3   0.2             gu_epvebb~d                     88.556344 +-         0.123798       0.1606       0 [    3]      (   0)        2251557
      -0.4        -0.3   0.2             gd~_epvebb~u~                   64.640228 +-         0.095730       0.2778       0 [    3]      (   0)        1599543
      -0.4        -0.3   0.2             ud~_epvebb~g                   -27.495773 +-         0.089227       0.1449       0 [    5]      (   0)        6320758

      -0.4        -0.3   0.25            NNLO.QT-CS.42.RCA.QCD          128.582129 +-         0.175497
--------------------------------------------------------------------------------------------------------------------------------------------------------------
      -0.4        -0.3   0.25            gu_epvebb~d                     86.996393 +-         0.121975       0.4697       0 [    3]      (   0)        2220693
      -0.4        -0.3   0.25            gd~_epvebb~u~                   63.186035 +-         0.094261       0.2229       0 [    3]      (   0)        1565921
      -0.4        -0.3   0.25            ud~_epvebb~g                   -21.600300 +-         0.083882       0.1421       0 [    5]      (   0)        5724831

      -0.4        -0.3   0.5             NNLO.QT-CS.42.RCA.QCD          132.554554 +-         0.161661
--------------------------------------------------------------------------------------------------------------------------------------------------------------
      -0.4        -0.3   0.5             gu_epvebb~d                     81.789333 +-         0.115430       0.1656       0 [    3]      (   0)        2114188
      -0.4        -0.3   0.5             gd~_epvebb~u~                   58.522466 +-         0.089533       0.2866       0 [    3]      (   0)        1457727
      -0.4        -0.3   0.5             ud~_epvebb~g                    -7.757245 +-         0.069239       0.1261       0 [    5]      (   0)        4048744

==============================================================================================================================================================

      -0.3        -0.2   0.01            NNLO.QT-CS.42.RCA.QCD           -3.484318 +-         0.283984
--------------------------------------------------------------------------------------------------------------------------------------------------------------
      -0.3        -0.2   0.01            gu_epvebb~d                    108.284448 +-         0.150211       0.1816       0 [    3]      (   0)        2597104
      -0.3        -0.2   0.01            gd~_epvebb~u~                   84.203623 +-         0.117790      0.03052       0 [    3]      (   0)        2040923
      -0.3        -0.2   0.01            ud~_epvebb~g                  -195.972389 +-         0.210260       0.9168       0 [    5]      (   0)       14273379

      -0.3        -0.2   0.05            NNLO.QT-CS.42.RCA.QCD          89.3696093 +-        0.2157247
--------------------------------------------------------------------------------------------------------------------------------------------------------------
      -0.3        -0.2   0.05            gu_epvebb~d                    97.8854864 +-        0.1354484       0.7555       0 [    3]      (   0)        2408869
      -0.3        -0.2   0.05            gd~_epvebb~u~                  74.3749624 +-        0.1057743       0.2985       0 [    3]      (   0)        1813619
      -0.3        -0.2   0.05            ud~_epvebb~g                  -82.8908396 +-        0.1303943       0.3980       0 [    5]      (   0)       10104256

      -0.3        -0.2   0.1             NNLO.QT-CS.42.RCA.QCD          112.108549 +-         0.197139
--------------------------------------------------------------------------------------------------------------------------------------------------------------
      -0.3        -0.2   0.1             gu_epvebb~d                     93.259292 +-         0.130092       0.5593       0 [    3]      (   0)        2320712
      -0.3        -0.2   0.1             gd~_epvebb~u~                   69.961048 +-         0.101267       0.6275       0 [    3]      (   0)        1710360
      -0.3        -0.2   0.1             ud~_epvebb~g                   -51.111790 +-         0.108096       0.4957       0 [    5]      (   0)        8115127

      -0.3        -0.2   0.15            NNLO.QT-CS.42.RCA.QCD          121.385306 +-         0.187844
--------------------------------------------------------------------------------------------------------------------------------------------------------------
      -0.3        -0.2   0.15            gu_epvebb~d                     90.540005 +-         0.126967       0.6540       0 [    3]      (   0)        2268172
      -0.3        -0.2   0.15            gd~_epvebb~u~                   67.326976 +-         0.098677       0.7919       0 [    3]      (   0)        1650059
      -0.3        -0.2   0.15            ud~_epvebb~g                   -36.481675 +-         0.097096       0.5971       0 [    5]      (   0)        6980150

      -0.3        -0.2   0.2             NNLO.QT-CS.42.RCA.QCD          126.192695 +-         0.181623
--------------------------------------------------------------------------------------------------------------------------------------------------------------
      -0.3        -0.2   0.2             gu_epvebb~d                     88.520769 +-         0.124623       0.8113       0 [    3]      (   0)        2229574
      -0.3        -0.2   0.2             gd~_epvebb~u~                   65.438852 +-         0.096769       0.6356       0 [    3]      (   0)        1606891
      -0.3        -0.2   0.2             ud~_epvebb~g                   -27.766926 +-         0.089955       0.5924       0 [    5]      (   0)        6202370

      -0.3        -0.2   0.25            NNLO.QT-CS.42.RCA.QCD          129.046564 +-         0.177027
--------------------------------------------------------------------------------------------------------------------------------------------------------------
      -0.3        -0.2   0.25            gu_epvebb~d                     86.926527 +-         0.122833       0.8848       0 [    3]      (   0)        2198725
      -0.3        -0.2   0.25            gd~_epvebb~u~                   63.979728 +-         0.095351       0.4874       0 [    3]      (   0)        1573378
      -0.3        -0.2   0.25            ud~_epvebb~g                   -21.859692 +-         0.084612       0.5026       0 [    5]      (   0)        5622815

      -0.3        -0.2   0.5             NNLO.QT-CS.42.RCA.QCD          133.002012 +-         0.162792
--------------------------------------------------------------------------------------------------------------------------------------------------------------
      -0.3        -0.2   0.5             gu_epvebb~d                     81.693976 +-         0.116195        1.379       0 [    3]      (   0)        2092545
      -0.3        -0.2   0.5             gd~_epvebb~u~                   59.263832 +-         0.090533       0.5361       0 [    3]      (   0)        1465098
      -0.3        -0.2   0.5             ud~_epvebb~g                    -7.955796 +-         0.069311       0.4278       0 [    5]      (   0)        3982974

==============================================================================================================================================================

      -0.2        -0.1   0.01            NNLO.QT-CS.42.RCA.QCD           -5.334370 +-         0.283148
--------------------------------------------------------------------------------------------------------------------------------------------------------------
      -0.2        -0.1   0.01            gu_epvebb~d                    107.733014 +-         0.150139        2.098       0 [    3]      (   0)        2569941
      -0.2        -0.1   0.01            gd~_epvebb~u~                   84.886689 +-         0.118064       0.3321       0 [    3]      (   0)        2050233
      -0.2        -0.1   0.01            ud~_epvebb~g                  -197.954073 +-         0.209027       0.8849       0 [    5]      (   0)       14224243

      -0.2        -0.1   0.05            NNLO.QT-CS.42.RCA.QCD          88.2998611 +-        0.2160833
--------------------------------------------------------------------------------------------------------------------------------------------------------------
      -0.2        -0.1   0.05            gu_epvebb~d                    97.4401397 +-        0.1358654        2.550       0 [    3]      (   0)        2383694
      -0.2        -0.1   0.05            gd~_epvebb~u~                  74.7970142 +-        0.1057953      0.08057       0 [    3]      (   0)        1821981
      -0.2        -0.1   0.05            ud~_epvebb~g                  -83.9372928 +-        0.1305371       0.9487       0 [    5]      (   0)       10063872

      -0.2        -0.1   0.1             NNLO.QT-CS.42.RCA.QCD          111.389341 +-         0.197591
--------------------------------------------------------------------------------------------------------------------------------------------------------------
      -0.2        -0.1   0.1             gu_epvebb~d                     92.844105 +-         0.130592        2.126       0 [    3]      (   0)        2296641
      -0.2        -0.1   0.1             gd~_epvebb~u~                   70.412200 +-         0.101430       0.2270       0 [    3]      (   0)        1718459
      -0.2        -0.1   0.1             ud~_epvebb~g                   -51.866963 +-         0.108166        1.219       0 [    5]      (   0)        8079746

      -0.2        -0.1   0.15            NNLO.QT-CS.42.RCA.QCD          120.726734 +-         0.188371
--------------------------------------------------------------------------------------------------------------------------------------------------------------
      -0.2        -0.1   0.15            gu_epvebb~d                     90.093989 +-         0.127505        1.651       0 [    3]      (   0)        2244750
      -0.2        -0.1   0.15            gd~_epvebb~u~                   67.796564 +-         0.098903       0.2877       0 [    3]      (   0)        1657617
      -0.2        -0.1   0.15            ud~_epvebb~g                   -37.163820 +-         0.097182        1.017       0 [    5]      (   0)        6947707

      -0.2        -0.1   0.2             NNLO.QT-CS.42.RCA.QCD          125.655148 +-         0.182208
--------------------------------------------------------------------------------------------------------------------------------------------------------------
      -0.2        -0.1   0.2             gu_epvebb~d                     88.101377 +-         0.125310        1.552       0 [    3]      (   0)        2206582
      -0.2        -0.1   0.2             gd~_epvebb~u~                   65.901343 +-         0.097012       0.3886       0 [    3]      (   0)        1614392
      -0.2        -0.1   0.2             ud~_epvebb~g                   -28.347572 +-         0.089920       0.3803       0 [    5]      (   0)        6173080

      -0.2        -0.1   0.25            NNLO.QT-CS.42.RCA.QCD          128.556499 +-         0.177592
--------------------------------------------------------------------------------------------------------------------------------------------------------------
      -0.2        -0.1   0.25            gu_epvebb~d                     86.535667 +-         0.123471        1.820       0 [    3]      (   0)        2176165
      -0.2        -0.1   0.25            gd~_epvebb~u~                   64.425534 +-         0.095556       0.4830       0 [    3]      (   0)        1580829
      -0.2        -0.1   0.25            ud~_epvebb~g                   -22.404702 +-         0.084635       0.2597       0 [    5]      (   0)        5596120

      -0.2        -0.1   0.5             NNLO.QT-CS.42.RCA.QCD          132.755706 +-         0.163854
--------------------------------------------------------------------------------------------------------------------------------------------------------------
      -0.2        -0.1   0.5             gu_epvebb~d                     81.425614 +-         0.117346        2.237       0 [    3]      (   0)        2071615
      -0.2        -0.1   0.5             gd~_epvebb~u~                   59.638768 +-         0.090784       0.5755       0 [    3]      (   0)        1471605
      -0.2        -0.1   0.5             ud~_epvebb~g                    -8.308677 +-         0.069542      0.08266       0 [    5]      (   0)        3964024

==============================================================================================================================================================

      -0.1           0   0.01            NNLO.QT-CS.42.RCA.QCD           -5.442976 +-         0.283898
--------------------------------------------------------------------------------------------------------------------------------------------------------------
      -0.1           0   0.01            gu_epvebb~d                    107.844070 +-         0.150069       0.6467       0 [    3]      (   0)        2558509
      -0.1           0   0.01            gd~_epvebb~u~                   85.021154 +-         0.118716       0.1583       0 [    3]      (   0)        2047023
      -0.1           0   0.01            ud~_epvebb~g                  -198.308200 +-         0.209723       0.2991       0 [    5]      (   0)       14297900

      -0.1           0   0.05            NNLO.QT-CS.42.RCA.QCD          88.2594431 +-        0.2159761
--------------------------------------------------------------------------------------------------------------------------------------------------------------
      -0.1           0   0.05            gu_epvebb~d                    97.4830470 +-        0.1356430       0.6155       0 [    3]      (   0)        2373230
      -0.1           0   0.05            gd~_epvebb~u~                  75.0113016 +-        0.1064895      0.08158       0 [    3]      (   0)        1820248
      -0.1           0   0.05            ud~_epvebb~g                  -84.2349054 +-        0.1300255       0.2317       0 [    5]      (   0)       10108277

      -0.1           0   0.1             NNLO.QT-CS.42.RCA.QCD          111.347246 +-         0.197769
--------------------------------------------------------------------------------------------------------------------------------------------------------------
      -0.1           0   0.1             gu_epvebb~d                     92.896547 +-         0.130369       0.7507       0 [    3]      (   0)        2286750
      -0.1           0   0.1             gd~_epvebb~u~                   70.544781 +-         0.102052       0.1972       0 [    3]      (   0)        1716629
      -0.1           0   0.1             ud~_epvebb~g                   -52.094082 +-         0.108176       0.4118       0 [    5]      (   0)        8113644

      -0.1           0   0.15            NNLO.QT-CS.42.RCA.QCD          120.745257 +-         0.188293
--------------------------------------------------------------------------------------------------------------------------------------------------------------
      -0.1           0   0.15            gu_epvebb~d                     90.176583 +-         0.127214       0.5755       0 [    3]      (   0)        2234949
      -0.1           0   0.15            gd~_epvebb~u~                   67.932677 +-         0.099461       0.4593       0 [    3]      (   0)        1656287
      -0.1           0   0.15            ud~_epvebb~g                   -37.364002 +-         0.096842       0.2479       0 [    5]      (   0)        6977534

      -0.1           0   0.2             NNLO.QT-CS.42.RCA.QCD          125.633638 +-         0.181842
--------------------------------------------------------------------------------------------------------------------------------------------------------------
      -0.1           0   0.2             gu_epvebb~d                     88.120795 +-         0.124589       0.8101       0 [    3]      (   0)        2196909
      -0.1           0   0.2             gd~_epvebb~u~                   66.041892 +-         0.097541       0.3690       0 [    3]      (   0)        1613344
      -0.1           0   0.2             ud~_epvebb~g                   -28.529049 +-         0.089608       0.3486       0 [    5]      (   0)        6198460

      -0.1           0   0.25            NNLO.QT-CS.42.RCA.QCD          128.546147 +-         0.177240
--------------------------------------------------------------------------------------------------------------------------------------------------------------
      -0.1           0   0.25            gu_epvebb~d                     86.503319 +-         0.122727       0.6490       0 [    3]      (   0)        2166403
      -0.1           0   0.25            gd~_epvebb~u~                   64.551586 +-         0.096050       0.3083       0 [    3]      (   0)        1579558
      -0.1           0   0.25            ud~_epvebb~g                   -22.508757 +-         0.084417       0.2702       0 [    5]      (   0)        5617262

      -0.1           0   0.5             NNLO.QT-CS.42.RCA.QCD          132.735728 +-         0.163353
--------------------------------------------------------------------------------------------------------------------------------------------------------------
      -0.1           0   0.5             gu_epvebb~d                     81.327983 +-         0.116376       0.8140       0 [    3]      (   0)        2062187
      -0.1           0   0.5             gd~_epvebb~u~                   59.779961 +-         0.091046       0.2516       0 [    3]      (   0)        1470959
      -0.1           0   0.5             ud~_epvebb~g                    -8.372217 +-         0.069654        1.205       0 [    5]      (   0)        3977955

==============================================================================================================================================================

         0         0.1   0.01            NNLO.QT-CS.42.RCA.QCD           -5.442976 +-         0.283898
--------------------------------------------------------------------------------------------------------------------------------------------------------------
         0         0.1   0.01            gu_epvebb~d                    107.844070 +-         0.150069       0.6467       0 [    3]      (   0)        2558509
         0         0.1   0.01            gd~_epvebb~u~                   85.021154 +-         0.118716       0.1583       0 [    3]      (   0)        2047023
         0         0.1   0.01            ud~_epvebb~g                  -198.308200 +-         0.209723       0.2991       0 [    5]      (   0)       14297900

         0         0.1   0.05            NNLO.QT-CS.42.RCA.QCD          88.2594431 +-        0.2159761
--------------------------------------------------------------------------------------------------------------------------------------------------------------
         0         0.1   0.05            gu_epvebb~d                    97.4830470 +-        0.1356430       0.6155       0 [    3]      (   0)        2373230
         0         0.1   0.05            gd~_epvebb~u~                  75.0113016 +-        0.1064895      0.08158       0 [    3]      (   0)        1820248
         0         0.1   0.05            ud~_epvebb~g                  -84.2349054 +-        0.1300255       0.2317       0 [    5]      (   0)       10108277

         0         0.1   0.1             NNLO.QT-CS.42.RCA.QCD          111.347246 +-         0.197769
--------------------------------------------------------------------------------------------------------------------------------------------------------------
         0         0.1   0.1             gu_epvebb~d                     92.896547 +-         0.130369       0.7507       0 [    3]      (   0)        2286750
         0         0.1   0.1             gd~_epvebb~u~                   70.544781 +-         0.102052       0.1972       0 [    3]      (   0)        1716629
         0         0.1   0.1             ud~_epvebb~g                   -52.094082 +-         0.108176       0.4118       0 [    5]      (   0)        8113644

         0         0.1   0.15            NNLO.QT-CS.42.RCA.QCD          120.745257 +-         0.188293
--------------------------------------------------------------------------------------------------------------------------------------------------------------
         0         0.1   0.15            gu_epvebb~d                     90.176583 +-         0.127214       0.5755       0 [    3]      (   0)        2234949
         0         0.1   0.15            gd~_epvebb~u~                   67.932677 +-         0.099461       0.4593       0 [    3]      (   0)        1656287
         0         0.1   0.15            ud~_epvebb~g                   -37.364002 +-         0.096842       0.2479       0 [    5]      (   0)        6977534

         0         0.1   0.2             NNLO.QT-CS.42.RCA.QCD          125.633638 +-         0.181842
--------------------------------------------------------------------------------------------------------------------------------------------------------------
         0         0.1   0.2             gu_epvebb~d                     88.120795 +-         0.124589       0.8101       0 [    3]      (   0)        2196909
         0         0.1   0.2             gd~_epvebb~u~                   66.041892 +-         0.097541       0.3690       0 [    3]      (   0)        1613344
         0         0.1   0.2             ud~_epvebb~g                   -28.529049 +-         0.089608       0.3486       0 [    5]      (   0)        6198460

         0         0.1   0.25            NNLO.QT-CS.42.RCA.QCD          128.546147 +-         0.177240
--------------------------------------------------------------------------------------------------------------------------------------------------------------
         0         0.1   0.25            gu_epvebb~d                     86.503319 +-         0.122727       0.6490       0 [    3]      (   0)        2166403
         0         0.1   0.25            gd~_epvebb~u~                   64.551586 +-         0.096050       0.3083       0 [    3]      (   0)        1579558
         0         0.1   0.25            ud~_epvebb~g                   -22.508757 +-         0.084417       0.2702       0 [    5]      (   0)        5617262

         0         0.1   0.5             NNLO.QT-CS.42.RCA.QCD          132.735728 +-         0.163353
--------------------------------------------------------------------------------------------------------------------------------------------------------------
         0         0.1   0.5             gu_epvebb~d                     81.327983 +-         0.116376       0.8140       0 [    3]      (   0)        2062187
         0         0.1   0.5             gd~_epvebb~u~                   59.779961 +-         0.091046       0.2516       0 [    3]      (   0)        1470959
         0         0.1   0.5             ud~_epvebb~g                    -8.372217 +-         0.069654        1.205       0 [    5]      (   0)        3977955

==============================================================================================================================================================

       0.1         0.2   0.01            NNLO.QT-CS.42.RCA.QCD           -5.334370 +-         0.283148
--------------------------------------------------------------------------------------------------------------------------------------------------------------
       0.1         0.2   0.01            gu_epvebb~d                    107.733014 +-         0.150139        2.098       0 [    3]      (   0)        2569941
       0.1         0.2   0.01            gd~_epvebb~u~                   84.886689 +-         0.118064       0.3321       0 [    3]      (   0)        2050233
       0.1         0.2   0.01            ud~_epvebb~g                  -197.954073 +-         0.209027       0.8849       0 [    5]      (   0)       14224243

       0.1         0.2   0.05            NNLO.QT-CS.42.RCA.QCD          88.2998611 +-        0.2160833
--------------------------------------------------------------------------------------------------------------------------------------------------------------
       0.1         0.2   0.05            gu_epvebb~d                    97.4401397 +-        0.1358654        2.550       0 [    3]      (   0)        2383694
       0.1         0.2   0.05            gd~_epvebb~u~                  74.7970142 +-        0.1057953      0.08057       0 [    3]      (   0)        1821981
       0.1         0.2   0.05            ud~_epvebb~g                  -83.9372928 +-        0.1305371       0.9487       0 [    5]      (   0)       10063872

       0.1         0.2   0.1             NNLO.QT-CS.42.RCA.QCD          111.389341 +-         0.197591
--------------------------------------------------------------------------------------------------------------------------------------------------------------
       0.1         0.2   0.1             gu_epvebb~d                     92.844105 +-         0.130592        2.126       0 [    3]      (   0)        2296641
       0.1         0.2   0.1             gd~_epvebb~u~                   70.412200 +-         0.101430       0.2270       0 [    3]      (   0)        1718459
       0.1         0.2   0.1             ud~_epvebb~g                   -51.866963 +-         0.108166        1.219       0 [    5]      (   0)        8079746

       0.1         0.2   0.15            NNLO.QT-CS.42.RCA.QCD          120.726734 +-         0.188371
--------------------------------------------------------------------------------------------------------------------------------------------------------------
       0.1         0.2   0.15            gu_epvebb~d                     90.093989 +-         0.127505        1.651       0 [    3]      (   0)        2244750
       0.1         0.2   0.15            gd~_epvebb~u~                   67.796564 +-         0.098903       0.2877       0 [    3]      (   0)        1657617
       0.1         0.2   0.15            ud~_epvebb~g                   -37.163820 +-         0.097182        1.017       0 [    5]      (   0)        6947707

       0.1         0.2   0.2             NNLO.QT-CS.42.RCA.QCD          125.655148 +-         0.182208
--------------------------------------------------------------------------------------------------------------------------------------------------------------
       0.1         0.2   0.2             gu_epvebb~d                     88.101377 +-         0.125310        1.552       0 [    3]      (   0)        2206582
       0.1         0.2   0.2             gd~_epvebb~u~                   65.901343 +-         0.097012       0.3886       0 [    3]      (   0)        1614392
       0.1         0.2   0.2             ud~_epvebb~g                   -28.347572 +-         0.089920       0.3803       0 [    5]      (   0)        6173080

       0.1         0.2   0.25            NNLO.QT-CS.42.RCA.QCD          128.556499 +-         0.177592
--------------------------------------------------------------------------------------------------------------------------------------------------------------
       0.1         0.2   0.25            gu_epvebb~d                     86.535667 +-         0.123471        1.820       0 [    3]      (   0)        2176165
       0.1         0.2   0.25            gd~_epvebb~u~                   64.425534 +-         0.095556       0.4830       0 [    3]      (   0)        1580829
       0.1         0.2   0.25            ud~_epvebb~g                   -22.404702 +-         0.084635       0.2597       0 [    5]      (   0)        5596120

       0.1         0.2   0.5             NNLO.QT-CS.42.RCA.QCD          132.755706 +-         0.163854
--------------------------------------------------------------------------------------------------------------------------------------------------------------
       0.1         0.2   0.5             gu_epvebb~d                     81.425614 +-         0.117346        2.237       0 [    3]      (   0)        2071615
       0.1         0.2   0.5             gd~_epvebb~u~                   59.638768 +-         0.090784       0.5755       0 [    3]      (   0)        1471605
       0.1         0.2   0.5             ud~_epvebb~g                    -8.308677 +-         0.069542      0.08266       0 [    5]      (   0)        3964024

==============================================================================================================================================================

       0.2         0.3   0.01            NNLO.QT-CS.42.RCA.QCD           -3.484318 +-         0.283984
--------------------------------------------------------------------------------------------------------------------------------------------------------------
       0.2         0.3   0.01            gu_epvebb~d                    108.284448 +-         0.150211       0.1816       0 [    3]      (   0)        2597104
       0.2         0.3   0.01            gd~_epvebb~u~                   84.203623 +-         0.117790      0.03052       0 [    3]      (   0)        2040923
       0.2         0.3   0.01            ud~_epvebb~g                  -195.972389 +-         0.210260       0.9168       0 [    5]      (   0)       14273379

       0.2         0.3   0.05            NNLO.QT-CS.42.RCA.QCD          89.3696093 +-        0.2157247
--------------------------------------------------------------------------------------------------------------------------------------------------------------
       0.2         0.3   0.05            gu_epvebb~d                    97.8854864 +-        0.1354484       0.7555       0 [    3]      (   0)        2408869
       0.2         0.3   0.05            gd~_epvebb~u~                  74.3749624 +-        0.1057743       0.2985       0 [    3]      (   0)        1813619
       0.2         0.3   0.05            ud~_epvebb~g                  -82.8908396 +-        0.1303943       0.3980       0 [    5]      (   0)       10104256

       0.2         0.3   0.1             NNLO.QT-CS.42.RCA.QCD          112.108549 +-         0.197139
--------------------------------------------------------------------------------------------------------------------------------------------------------------
       0.2         0.3   0.1             gu_epvebb~d                     93.259292 +-         0.130092       0.5593       0 [    3]      (   0)        2320712
       0.2         0.3   0.1             gd~_epvebb~u~                   69.961048 +-         0.101267       0.6275       0 [    3]      (   0)        1710360
       0.2         0.3   0.1             ud~_epvebb~g                   -51.111790 +-         0.108096       0.4957       0 [    5]      (   0)        8115127

       0.2         0.3   0.15            NNLO.QT-CS.42.RCA.QCD          121.385306 +-         0.187844
--------------------------------------------------------------------------------------------------------------------------------------------------------------
       0.2         0.3   0.15            gu_epvebb~d                     90.540005 +-         0.126967       0.6540       0 [    3]      (   0)        2268172
       0.2         0.3   0.15            gd~_epvebb~u~                   67.326976 +-         0.098677       0.7919       0 [    3]      (   0)        1650059
       0.2         0.3   0.15            ud~_epvebb~g                   -36.481675 +-         0.097096       0.5971       0 [    5]      (   0)        6980150

       0.2         0.3   0.2             NNLO.QT-CS.42.RCA.QCD          126.192695 +-         0.181623
--------------------------------------------------------------------------------------------------------------------------------------------------------------
       0.2         0.3   0.2             gu_epvebb~d                     88.520769 +-         0.124623       0.8113       0 [    3]      (   0)        2229574
       0.2         0.3   0.2             gd~_epvebb~u~                   65.438852 +-         0.096769       0.6356       0 [    3]      (   0)        1606891
       0.2         0.3   0.2             ud~_epvebb~g                   -27.766926 +-         0.089955       0.5924       0 [    5]      (   0)        6202370

       0.2         0.3   0.25            NNLO.QT-CS.42.RCA.QCD          129.046564 +-         0.177027
--------------------------------------------------------------------------------------------------------------------------------------------------------------
       0.2         0.3   0.25            gu_epvebb~d                     86.926527 +-         0.122833       0.8848       0 [    3]      (   0)        2198725
       0.2         0.3   0.25            gd~_epvebb~u~                   63.979728 +-         0.095351       0.4874       0 [    3]      (   0)        1573378
       0.2         0.3   0.25            ud~_epvebb~g                   -21.859692 +-         0.084612       0.5026       0 [    5]      (   0)        5622815

       0.2         0.3   0.5             NNLO.QT-CS.42.RCA.QCD          133.002012 +-         0.162792
--------------------------------------------------------------------------------------------------------------------------------------------------------------
       0.2         0.3   0.5             gu_epvebb~d                     81.693976 +-         0.116195        1.379       0 [    3]      (   0)        2092545
       0.2         0.3   0.5             gd~_epvebb~u~                   59.263832 +-         0.090533       0.5361       0 [    3]      (   0)        1465098
       0.2         0.3   0.5             ud~_epvebb~g                    -7.955796 +-         0.069311       0.4278       0 [    5]      (   0)        3982974

==============================================================================================================================================================

       0.3         0.4   0.01            NNLO.QT-CS.42.RCA.QCD           -2.924032 +-         0.281265
--------------------------------------------------------------------------------------------------------------------------------------------------------------
       0.3         0.4   0.01            gu_epvebb~d                    108.184549 +-         0.149412       0.4199       0 [    3]      (   0)        2621688
       0.3         0.4   0.01            gd~_epvebb~u~                   83.304785 +-         0.117221      0.03085       0 [    3]      (   0)        2033133
       0.3         0.4   0.01            ud~_epvebb~g                  -194.413365 +-         0.207474       0.2297       0 [    5]      (   0)       14621319

       0.3         0.4   0.05            NNLO.QT-CS.42.RCA.QCD          89.1479704 +-        0.2139474
--------------------------------------------------------------------------------------------------------------------------------------------------------------
       0.3         0.4   0.05            gu_epvebb~d                    97.8593315 +-        0.1346106       0.2174       0 [    3]      (   0)        2431540
       0.3         0.4   0.05            gd~_epvebb~u~                  73.4405161 +-        0.1047576       0.1395       0 [    3]      (   0)        1806323
       0.3         0.4   0.05            ud~_epvebb~g                  -82.1518772 +-        0.1291485       0.3835       0 [    5]      (   0)       10328818

       0.3         0.4   0.1             NNLO.QT-CS.42.RCA.QCD          111.818322 +-         0.195547
--------------------------------------------------------------------------------------------------------------------------------------------------------------
       0.3         0.4   0.1             gu_epvebb~d                     93.299865 +-         0.129191      0.03402       0 [    3]      (   0)        2343022
       0.3         0.4   0.1             gd~_epvebb~u~                   69.072204 +-         0.100267       0.4904       0 [    3]      (   0)        1703033
       0.3         0.4   0.1             ud~_epvebb~g                   -50.553748 +-         0.107214       0.1252       0 [    5]      (   0)        8283245

       0.3         0.4   0.15            NNLO.QT-CS.42.RCA.QCD          120.921135 +-         0.186298
--------------------------------------------------------------------------------------------------------------------------------------------------------------
       0.3         0.4   0.15            gu_epvebb~d                     90.556283 +-         0.126064       0.1433       0 [    3]      (   0)        2290067
       0.3         0.4   0.15            gd~_epvebb~u~                   66.489655 +-         0.097668       0.3060       0 [    3]      (   0)        1642549
       0.3         0.4   0.15            ud~_epvebb~g                   -36.124802 +-         0.096311       0.2811       0 [    5]      (   0)        7117082

       0.3         0.4   0.2             NNLO.QT-CS.42.RCA.QCD          125.700800 +-         0.180143
--------------------------------------------------------------------------------------------------------------------------------------------------------------
       0.3         0.4   0.2             gu_epvebb~d                     88.556344 +-         0.123798       0.1606       0 [    3]      (   0)        2251557
       0.3         0.4   0.2             gd~_epvebb~u~                   64.640228 +-         0.095730       0.2778       0 [    3]      (   0)        1599543
       0.3         0.4   0.2             ud~_epvebb~g                   -27.495773 +-         0.089227       0.1449       0 [    5]      (   0)        6320758

       0.3         0.4   0.25            NNLO.QT-CS.42.RCA.QCD          128.582129 +-         0.175497
--------------------------------------------------------------------------------------------------------------------------------------------------------------
       0.3         0.4   0.25            gu_epvebb~d                     86.996393 +-         0.121975       0.4697       0 [    3]      (   0)        2220693
       0.3         0.4   0.25            gd~_epvebb~u~                   63.186035 +-         0.094261       0.2229       0 [    3]      (   0)        1565921
       0.3         0.4   0.25            ud~_epvebb~g                   -21.600300 +-         0.083882       0.1421       0 [    5]      (   0)        5724831

       0.3         0.4   0.5             NNLO.QT-CS.42.RCA.QCD          132.554554 +-         0.161661
--------------------------------------------------------------------------------------------------------------------------------------------------------------
       0.3         0.4   0.5             gu_epvebb~d                     81.789333 +-         0.115430       0.1656       0 [    3]      (   0)        2114188
       0.3         0.4   0.5             gd~_epvebb~u~                   58.522466 +-         0.089533       0.2866       0 [    3]      (   0)        1457727
       0.3         0.4   0.5             ud~_epvebb~g                    -7.757245 +-         0.069239       0.1261       0 [    5]      (   0)        4048744

==============================================================================================================================================================

       0.4         0.5   0.01            NNLO.QT-CS.42.RCA.QCD           -1.844488 +-         0.283088
--------------------------------------------------------------------------------------------------------------------------------------------------------------
       0.4         0.5   0.01            gu_epvebb~d                    108.434435 +-         0.149885        1.752       0 [    3]      (   0)        2656677
       0.4         0.5   0.01            gd~_epvebb~u~                   82.235100 +-         0.116094        1.636       0 [    3]      (   0)        2020992
       0.4         0.5   0.01            ud~_epvebb~g                  -192.514023 +-         0.210227       0.5283       0 [    5]      (   0)       14606115

       0.4         0.5   0.05            NNLO.QT-CS.42.RCA.QCD          89.8023108 +-        0.2138222
--------------------------------------------------------------------------------------------------------------------------------------------------------------
       0.4         0.5   0.05            gu_epvebb~d                    98.2681532 +-        0.1349242        2.433       0 [    3]      (   0)        2465126
       0.4         0.5   0.05            gd~_epvebb~u~                  72.5329443 +-        0.1036173        1.510       0 [    3]      (   0)        1794664
       0.4         0.5   0.05            ud~_epvebb~g                  -80.9987868 +-        0.1295332       0.6690       0 [    5]      (   0)       10322540

       0.4         0.5   0.1             NNLO.QT-CS.42.RCA.QCD          112.376594 +-         0.195299
--------------------------------------------------------------------------------------------------------------------------------------------------------------
       0.4         0.5   0.1             gu_epvebb~d                     93.724354 +-         0.129523        3.440       0 [    3]      (   0)        2375999
       0.4         0.5   0.1             gd~_epvebb~u~                   68.257581 +-         0.099087        1.536       0 [    3]      (   0)        1691434
       0.4         0.5   0.1             ud~_epvebb~g                   -49.605341 +-         0.107458       0.4282       0 [    5]      (   0)        8282068

       0.4         0.5   0.15            NNLO.QT-CS.42.RCA.QCD          121.466406 +-         0.185987
--------------------------------------------------------------------------------------------------------------------------------------------------------------
       0.4         0.5   0.15            gu_epvebb~d                     91.037661 +-         0.126437        3.407       0 [    3]      (   0)        2322555
       0.4         0.5   0.15            gd~_epvebb~u~                   65.655361 +-         0.096400        1.969       0 [    3]      (   0)        1631147
       0.4         0.5   0.15            ud~_epvebb~g                   -35.226616 +-         0.096499      0.09566       0 [    5]      (   0)        7116162

       0.4         0.5   0.2             NNLO.QT-CS.42.RCA.QCD          126.235713 +-         0.179822
--------------------------------------------------------------------------------------------------------------------------------------------------------------
       0.4         0.5   0.2             gu_epvebb~d                     89.031446 +-         0.124123        3.277       0 [    3]      (   0)        2283323
       0.4         0.5   0.2             gd~_epvebb~u~                   63.796983 +-         0.094502        1.578       0 [    3]      (   0)        1588377
       0.4         0.5   0.2             ud~_epvebb~g                   -26.592716 +-         0.089436      0.08147       0 [    5]      (   0)        6322786

       0.4         0.5   0.25            NNLO.QT-CS.42.RCA.QCD          128.957913 +-         0.175130
--------------------------------------------------------------------------------------------------------------------------------------------------------------
       0.4         0.5   0.25            gu_epvebb~d                     87.442478 +-         0.122166        2.744       0 [    3]      (   0)        2252020
       0.4         0.5   0.25            gd~_epvebb~u~                   62.357914 +-         0.093020        1.467       0 [    3]      (   0)        1554976
       0.4         0.5   0.25            ud~_epvebb~g                   -20.842479 +-         0.084221       0.1652       0 [    5]      (   0)        5729745

       0.4         0.5   0.5             NNLO.QT-CS.42.RCA.QCD          132.686993 +-         0.160992
--------------------------------------------------------------------------------------------------------------------------------------------------------------
       0.4         0.5   0.5             gu_epvebb~d                     82.209802 +-         0.115375        3.004       0 [    3]      (   0)        2143928
       0.4         0.5   0.5             gd~_epvebb~u~                   57.743539 +-         0.088246        1.693       0 [    3]      (   0)        1447553
       0.4         0.5   0.5             ud~_epvebb~g                    -7.266348 +-         0.069425       0.4764       0 [    5]      (   0)        4055738

==============================================================================================================================================================

       0.5         0.6   0.01            NNLO.QT-CS.42.RCA.QCD            0.061634 +-         0.284713
--------------------------------------------------------------------------------------------------------------------------------------------------------------
       0.5         0.6   0.01            gu_epvebb~d                    108.680819 +-         0.150151       0.7360       0 [    3]      (   0)        2685298
       0.5         0.6   0.01            gd~_epvebb~u~                   80.800784 +-         0.115314       0.2263       0 [    3]      (   0)        2014640
       0.5         0.6   0.01            ud~_epvebb~g                  -189.419969 +-         0.212647       0.6177       0 [    5]      (   0)       14638750

       0.5         0.6   0.05            NNLO.QT-CS.42.RCA.QCD          90.7523403 +-        0.2158282
--------------------------------------------------------------------------------------------------------------------------------------------------------------
       0.5         0.6   0.05            gu_epvebb~d                    98.5513013 +-        0.1350406        1.563       0 [    3]      (   0)        2491575
       0.5         0.6   0.05            gd~_epvebb~u~                  71.3354190 +-        0.1027689       0.1251       0 [    3]      (   0)        1789171
       0.5         0.6   0.05            ud~_epvebb~g                  -79.1343800 +-        0.1333581       0.1946       0 [    5]      (   0)       10352650

       0.5         0.6   0.1             NNLO.QT-CS.42.RCA.QCD          112.782992 +-         0.196939
--------------------------------------------------------------------------------------------------------------------------------------------------------------
       0.5         0.6   0.1             gu_epvebb~d                     94.011422 +-         0.129512        2.044       0 [    3]      (   0)        2401025
       0.5         0.6   0.1             gd~_epvebb~u~                   67.103022 +-         0.098133       0.1861       0 [    3]      (   0)        1686348
       0.5         0.6   0.1             ud~_epvebb~g                   -48.331452 +-         0.111273       0.3388       0 [    5]      (   0)        8308400

       0.5         0.6   0.15            NNLO.QT-CS.42.RCA.QCD          121.703984 +-         0.187563
--------------------------------------------------------------------------------------------------------------------------------------------------------------
       0.5         0.6   0.15            gu_epvebb~d                     91.315307 +-         0.126108        2.139       0 [    3]      (   0)        2346667
       0.5         0.6   0.15            gd~_epvebb~u~                   64.579344 +-         0.095481       0.3095       0 [    3]      (   0)        1626250
       0.5         0.6   0.15            ud~_epvebb~g                   -34.190667 +-         0.100797       0.4848       0 [    5]      (   0)        7141299

       0.5         0.6   0.2             NNLO.QT-CS.42.RCA.QCD          126.372663 +-         0.181450
--------------------------------------------------------------------------------------------------------------------------------------------------------------
       0.5         0.6   0.2             gu_epvebb~d                     89.327696 +-         0.123842        2.208       0 [    3]      (   0)        2307025
       0.5         0.6   0.2             gd~_epvebb~u~                   62.785340 +-         0.093554       0.3456       0 [    3]      (   0)        1583493
       0.5         0.6   0.2             ud~_epvebb~g                   -25.740374 +-         0.093993       0.7027       0 [    5]      (   0)        6344796

       0.5         0.6   0.25            NNLO.QT-CS.42.RCA.QCD          129.035127 +-         0.176804
--------------------------------------------------------------------------------------------------------------------------------------------------------------
       0.5         0.6   0.25            gu_epvebb~d                     87.751249 +-         0.121900        2.605       0 [    3]      (   0)        2275461
       0.5         0.6   0.25            gd~_epvebb~u~                   61.366051 +-         0.092076       0.3464       0 [    3]      (   0)        1550008
       0.5         0.6   0.25            ud~_epvebb~g                   -20.082173 +-         0.089006       0.7310       0 [    5]      (   0)        5749387

       0.5         0.6   0.5             NNLO.QT-CS.42.RCA.QCD          132.553371 +-         0.160545
--------------------------------------------------------------------------------------------------------------------------------------------------------------
       0.5         0.6   0.5             gu_epvebb~d                     82.548090 +-         0.115522        2.463       0 [    3]      (   0)        2166222
       0.5         0.6   0.5             gd~_epvebb~u~                   56.802185 +-         0.087258       0.1088       0 [    3]      (   0)        1442363
       0.5         0.6   0.5             ud~_epvebb~g                    -6.796904 +-         0.069394        1.259       0 [    5]      (   0)        4069206

==============================================================================================================================================================

       0.6         0.7   0.01            NNLO.QT-CS.42.RCA.QCD            2.274372 +-         0.282372
--------------------------------------------------------------------------------------------------------------------------------------------------------------
       0.6         0.7   0.01            gu_epvebb~d                    109.112864 +-         0.149865       0.4954       0 [    3]      (   0)        2724400
       0.6         0.7   0.01            gd~_epvebb~u~                   79.111868 +-         0.114241       0.1250       0 [    3]      (   0)        2001849
       0.6         0.7   0.01            ud~_epvebb~g                  -185.950361 +-         0.210294       0.2750       0 [    5]      (   0)       14760344

       0.6         0.7   0.05            NNLO.QT-CS.42.RCA.QCD          91.7210493 +-        0.2130986
--------------------------------------------------------------------------------------------------------------------------------------------------------------
       0.6         0.7   0.05            gu_epvebb~d                    99.1258947 +-        0.1340162       0.3280       0 [    3]      (   0)        2528258
       0.6         0.7   0.05            gd~_epvebb~u~                  69.7697892 +-        0.1014036      0.02780       0 [    3]      (   0)        1777721
       0.6         0.7   0.05            ud~_epvebb~g                  -77.1746347 +-        0.1310266        1.450       0 [    5]      (   0)       10430067

       0.6         0.7   0.1             NNLO.QT-CS.42.RCA.QCD          113.504356 +-         0.194380
--------------------------------------------------------------------------------------------------------------------------------------------------------------
       0.6         0.7   0.1             gu_epvebb~d                     94.663407 +-         0.128359       0.1993       0 [    3]      (   0)        2437334
       0.6         0.7   0.1             gd~_epvebb~u~                   65.620157 +-         0.096763      0.02338       0 [    3]      (   0)        1675488
       0.6         0.7   0.1             ud~_epvebb~g                   -46.779208 +-         0.109290        1.742       0 [    5]      (   0)        8369655

       0.6         0.7   0.15            NNLO.QT-CS.42.RCA.QCD          122.226270 +-         0.184095
--------------------------------------------------------------------------------------------------------------------------------------------------------------
       0.6         0.7   0.15            gu_epvebb~d                     91.960006 +-         0.125038      0.02725       0 [    3]      (   0)        2382634
       0.6         0.7   0.15            gd~_epvebb~u~                   63.160494 +-         0.094095       0.1366       0 [    3]      (   0)        1615644
       0.6         0.7   0.15            ud~_epvebb~g                   -32.894230 +-         0.096966        1.484       0 [    5]      (   0)        7191311

       0.6         0.7   0.2             NNLO.QT-CS.42.RCA.QCD          126.716262 +-         0.177771
--------------------------------------------------------------------------------------------------------------------------------------------------------------
       0.6         0.7   0.2             gu_epvebb~d                     90.002910 +-         0.122655     0.001669       0 [    3]      (   0)        2342940
       0.6         0.7   0.2             gd~_epvebb~u~                   61.358189 +-         0.092138       0.2412       0 [    3]      (   0)        1573023
       0.6         0.7   0.2             ud~_epvebb~g                   -24.644837 +-         0.089827        2.139       0 [    5]      (   0)        6389567

       0.6         0.7   0.25            NNLO.QT-CS.42.RCA.QCD          129.390667 +-         0.173012
--------------------------------------------------------------------------------------------------------------------------------------------------------------
       0.6         0.7   0.25            gu_epvebb~d                     88.452641 +-         0.120761     0.009947       0 [    3]      (   0)        2310785
       0.6         0.7   0.25            gd~_epvebb~u~                   59.977018 +-         0.090676       0.3198       0 [    3]      (   0)        1539644
       0.6         0.7   0.25            ud~_epvebb~g                   -19.038993 +-         0.084427        1.569       0 [    5]      (   0)        5790948

       0.6         0.7   0.5             NNLO.QT-CS.42.RCA.QCD          132.837467 +-         0.159297
--------------------------------------------------------------------------------------------------------------------------------------------------------------
       0.6         0.7   0.5             gu_epvebb~d                     83.287811 +-         0.114505      0.03255       0 [    3]      (   0)        2200546
       0.6         0.7   0.5             gd~_epvebb~u~                   55.530470 +-         0.086028       0.4727       0 [    3]      (   0)        1432957
       0.6         0.7   0.5             ud~_epvebb~g                    -5.980814 +-         0.069736       0.5210       0 [    5]      (   0)        4098778

==============================================================================================================================================================

       0.7         0.8   0.01            NNLO.QT-CS.42.RCA.QCD            4.347557 +-         0.281726
--------------------------------------------------------------------------------------------------------------------------------------------------------------
       0.7         0.8   0.01            gu_epvebb~d                    109.218820 +-         0.149694      0.01395       0 [    3]      (   0)        2780685
       0.7         0.8   0.01            gd~_epvebb~u~                   77.232655 +-         0.113113        1.916       0 [    3]      (   0)        1977570
       0.7         0.8   0.01            ud~_epvebb~g                  -182.103917 +-         0.210159      0.04653       0 [    5]      (   0)       14787648

       0.7         0.8   0.05            NNLO.QT-CS.42.RCA.QCD          92.5037488 +-        0.2117651
--------------------------------------------------------------------------------------------------------------------------------------------------------------
       0.7         0.8   0.05            gu_epvebb~d                    99.3627955 +-        0.1333611      0.09662       0 [    3]      (   0)        2580135
       0.7         0.8   0.05            gd~_epvebb~u~                  68.2126958 +-        0.1004597       0.8534       0 [    3]      (   0)        1755761
       0.7         0.8   0.05            ud~_epvebb~g                  -75.0717426 +-        0.1302580        1.407       0 [    5]      (   0)       10452361

       0.7         0.8   0.1             NNLO.QT-CS.42.RCA.QCD          113.882715 +-         0.192696
--------------------------------------------------------------------------------------------------------------------------------------------------------------
       0.7         0.8   0.1             gu_epvebb~d                     94.960582 +-         0.127622      0.01707       0 [    3]      (   0)        2487279
       0.7         0.8   0.1             gd~_epvebb~u~                   64.185766 +-         0.095772        1.370       0 [    3]      (   0)        1654690
       0.7         0.8   0.1             ud~_epvebb~g                   -45.263634 +-         0.108038       0.8940       0 [    5]      (   0)        8387878

       0.7         0.8   0.15            NNLO.QT-CS.42.RCA.QCD          122.387932 +-         0.182986
--------------------------------------------------------------------------------------------------------------------------------------------------------------
       0.7         0.8   0.15            gu_epvebb~d                     92.235875 +-         0.124215      0.01090       0 [    3]      (   0)        2431484
       0.7         0.8   0.15            gd~_epvebb~u~                   61.771137 +-         0.093083        1.396       0 [    3]      (   0)        1595792
       0.7         0.8   0.15            ud~_epvebb~g                   -31.619080 +-         0.096904       0.5066       0 [    5]      (   0)        7209422

       0.7         0.8   0.2             NNLO.QT-CS.42.RCA.QCD          126.734978 +-         0.176566
--------------------------------------------------------------------------------------------------------------------------------------------------------------
       0.7         0.8   0.2             gu_epvebb~d                     90.272154 +-         0.121779      0.01919       0 [    3]      (   0)        2390611
       0.7         0.8   0.2             gd~_epvebb~u~                   60.002169 +-         0.091127        1.368       0 [    3]      (   0)        1553498
       0.7         0.8   0.2             ud~_epvebb~g                   -23.539345 +-         0.089673       0.5682       0 [    5]      (   0)        6404921

       0.7         0.8   0.25            NNLO.QT-CS.42.RCA.QCD          129.299294 +-         0.171895
--------------------------------------------------------------------------------------------------------------------------------------------------------------
       0.7         0.8   0.25            gu_epvebb~d                     88.747871 +-         0.119948      0.03912       0 [    3]      (   0)        2358061
       0.7         0.8   0.25            gd~_epvebb~u~                   58.620228 +-         0.089644       0.9604       0 [    3]      (   0)        1520344
       0.7         0.8   0.25            ud~_epvebb~g                   -18.068805 +-         0.084404       0.7736       0 [    5]      (   0)        5803054

       0.7         0.8   0.5             NNLO.QT-CS.42.RCA.QCD          132.621520 +-         0.157763
--------------------------------------------------------------------------------------------------------------------------------------------------------------
       0.7         0.8   0.5             gu_epvebb~d                     83.677005 +-         0.113756       0.4659       0 [    3]      (   0)        2246390
       0.7         0.8   0.5             gd~_epvebb~u~                   54.251064 +-         0.084486        1.597       0 [    3]      (   0)        1414297
       0.7         0.8   0.5             ud~_epvebb~g                    -5.306550 +-         0.069360        1.105       0 [    5]      (   0)        4106058

==============================================================================================================================================================

       0.8         0.9   0.01            NNLO.QT-CS.42.RCA.QCD            6.666305 +-         0.282142
--------------------------------------------------------------------------------------------------------------------------------------------------------------
       0.8         0.9   0.01            gu_epvebb~d                    109.508383 +-         0.149623       0.3722       0 [    3]      (   0)        2845484
       0.8         0.9   0.01            gd~_epvebb~u~                   75.192341 +-         0.112012       0.1018       0 [    3]      (   0)        1949063
       0.8         0.9   0.01            ud~_epvebb~g                  -178.034418 +-         0.211354       0.5287       0 [    5]      (   0)       14829608

       0.8         0.9   0.05            NNLO.QT-CS.42.RCA.QCD          93.5183692 +-        0.2112890
--------------------------------------------------------------------------------------------------------------------------------------------------------------
       0.8         0.9   0.05            gu_epvebb~d                    99.7391041 +-        0.1331485       0.4869       0 [    3]      (   0)        2640242
       0.8         0.9   0.05            gd~_epvebb~u~                  66.4204509 +-        0.0985964       0.3061       0 [    3]      (   0)        1729652
       0.8         0.9   0.05            ud~_epvebb~g                  -72.6411858 +-        0.1311232       0.3888       0 [    5]      (   0)       10484056

       0.8         0.9   0.1             NNLO.QT-CS.42.RCA.QCD          114.481542 +-         0.191943
--------------------------------------------------------------------------------------------------------------------------------------------------------------
       0.8         0.9   0.1             gu_epvebb~d                     95.319969 +-         0.127252       0.5208       0 [    3]      (   0)        2544934
       0.8         0.9   0.1             gd~_epvebb~u~                   62.514036 +-         0.093867       0.7611       0 [    3]      (   0)        1629516
       0.8         0.9   0.1             ud~_epvebb~g                   -43.352462 +-         0.108802       0.5912       0 [    5]      (   0)        8414701

       0.8         0.9   0.15            NNLO.QT-CS.42.RCA.QCD          122.906522 +-         0.182083
--------------------------------------------------------------------------------------------------------------------------------------------------------------
       0.8         0.9   0.15            gu_epvebb~d                     92.714705 +-         0.123857       0.4964       0 [    3]      (   0)        2488019
       0.8         0.9   0.15            gd~_epvebb~u~                   60.168926 +-         0.091133        1.182       0 [    3]      (   0)        1571066
       0.8         0.9   0.15            ud~_epvebb~g                   -29.977109 +-         0.097511       0.6267       0 [    5]      (   0)        7233724

       0.8         0.9   0.2             NNLO.QT-CS.42.RCA.QCD          127.209932 +-         0.175611
--------------------------------------------------------------------------------------------------------------------------------------------------------------
       0.8         0.9   0.2             gu_epvebb~d                     90.781921 +-         0.121411       0.6886       0 [    3]      (   0)        2446487
       0.8         0.9   0.2             gd~_epvebb~u~                   58.481172 +-         0.089221        1.086       0 [    3]      (   0)        1529496
       0.8         0.9   0.2             ud~_epvebb~g                   -22.053160 +-         0.090213       0.7954       0 [    5]      (   0)        6426348

       0.8         0.9   0.25            NNLO.QT-CS.42.RCA.QCD          129.668605 +-         0.170756
--------------------------------------------------------------------------------------------------------------------------------------------------------------
       0.8         0.9   0.25            gu_epvebb~d                     89.270697 +-         0.119452       0.7738       0 [    3]      (   0)        2413314
       0.8         0.9   0.25            gd~_epvebb~u~                   57.148856 +-         0.087696       0.8303       0 [    3]      (   0)        1496860
       0.8         0.9   0.25            ud~_epvebb~g                   -16.750948 +-         0.084841       0.8980       0 [    5]      (   0)        5824663

       0.8         0.9   0.5             NNLO.QT-CS.42.RCA.QCD          132.570566 +-         0.156795
--------------------------------------------------------------------------------------------------------------------------------------------------------------
       0.8         0.9   0.5             gu_epvebb~d                     84.119709 +-         0.113302       0.8441       0 [    3]      (   0)        2298218
       0.8         0.9   0.5             gd~_epvebb~u~                   52.865990 +-         0.082918       0.4555       0 [    3]      (   0)        1392552
       0.8         0.9   0.5             ud~_epvebb~g                    -4.415133 +-         0.069799       0.5393       0 [    5]      (   0)        4122713

==============================================================================================================================================================

       0.9           1   0.01            NNLO.QT-CS.42.RCA.QCD            9.211504 +-         0.282520
--------------------------------------------------------------------------------------------------------------------------------------------------------------
       0.9           1   0.01            gu_epvebb~d                    109.642726 +-         0.149198        1.082       0 [    3]      (   0)        2912853
       0.9           1   0.01            gd~_epvebb~u~                   72.895064 +-         0.111029       0.4357       0 [    3]      (   0)        1911773
       0.9           1   0.01            ud~_epvebb~g                  -173.326286 +-         0.212673       0.2291       0 [    5]      (   0)       14916889

       0.9           1   0.05            NNLO.QT-CS.42.RCA.QCD           94.467126 +-         0.210650
--------------------------------------------------------------------------------------------------------------------------------------------------------------
       0.9           1   0.05            gu_epvebb~d                    100.151225 +-         0.132402        1.745       0 [    3]      (   0)        2703637
       0.9           1   0.05            gd~_epvebb~u~                   64.346269 +-         0.097334       0.3910       0 [    3]      (   0)        1695811
       0.9           1   0.05            ud~_epvebb~g                   -70.030368 +-         0.131792       0.2925       0 [    5]      (   0)       10554045

       0.9           1   0.1             NNLO.QT-CS.42.RCA.QCD          114.890915 +-         0.191085
--------------------------------------------------------------------------------------------------------------------------------------------------------------
       0.9           1   0.1             gu_epvebb~d                     95.764098 +-         0.126390        1.996       0 [    3]      (   0)        2605263
       0.9           1   0.1             gd~_epvebb~u~                   60.558420 +-         0.092542       0.5894       0 [    3]      (   0)        1597341
       0.9           1   0.1             ud~_epvebb~g                   -41.431604 +-         0.109431        1.031       0 [    5]      (   0)        8474628

       0.9           1   0.15            NNLO.QT-CS.42.RCA.QCD          123.034157 +-         0.181249
--------------------------------------------------------------------------------------------------------------------------------------------------------------
       0.9           1   0.15            gu_epvebb~d                     93.158939 +-         0.122996        2.068       0 [    3]      (   0)        2547166
       0.9           1   0.15            gd~_epvebb~u~                   58.273354 +-         0.089803       0.3675       0 [    3]      (   0)        1539862
       0.9           1   0.15            ud~_epvebb~g                   -28.398136 +-         0.098280        1.000       0 [    5]      (   0)        7285061

       0.9           1   0.2             NNLO.QT-CS.42.RCA.QCD          127.130132 +-         0.174771
--------------------------------------------------------------------------------------------------------------------------------------------------------------
       0.9           1   0.2             gu_epvebb~d                     91.236793 +-         0.120577        2.478       0 [    3]      (   0)        2504590
       0.9           1   0.2             gd~_epvebb~u~                   56.632924 +-         0.087828       0.4711       0 [    3]      (   0)        1498869
       0.9           1   0.2             ud~_epvebb~g                   -20.739586 +-         0.091062       0.9459       0 [    5]      (   0)        6472491

       0.9           1   0.25            NNLO.QT-CS.42.RCA.QCD          129.461809 +-         0.169937
--------------------------------------------------------------------------------------------------------------------------------------------------------------
       0.9           1   0.25            gu_epvebb~d                     89.684967 +-         0.118684        2.770       0 [    3]      (   0)        2470372
       0.9           1   0.25            gd~_epvebb~u~                   55.331540 +-         0.086290       0.5020       0 [    3]      (   0)        1467051
       0.9           1   0.25            ud~_epvebb~g                   -15.554699 +-         0.085713       0.6400       0 [    5]      (   0)        5864710

       0.9           1   0.5             NNLO.QT-CS.42.RCA.QCD          132.217149 +-         0.155840
--------------------------------------------------------------------------------------------------------------------------------------------------------------
       0.9           1   0.5             gu_epvebb~d                     84.596152 +-         0.112415        3.032       0 [    3]      (   0)        2353176
       0.9           1   0.5             gd~_epvebb~u~                   51.189390 +-         0.081570       0.7538       0 [    3]      (   0)        1364411
       0.9           1   0.5             ud~_epvebb~g                    -3.568394 +-         0.070678        1.185       0 [    5]      (   0)        4152493

==============================================================================================================================================================

         1         1.1   0.01            NNLO.QT-CS.42.RCA.QCD           12.579381 +-         0.281687
--------------------------------------------------------------------------------------------------------------------------------------------------------------
         1         1.1   0.01            gu_epvebb~d                    109.727203 +-         0.149437       0.5682       0 [    3]      (   0)        2988076
         1         1.1   0.01            gd~_epvebb~u~                   70.681667 +-         0.109584      0.03947       0 [    3]      (   0)        1878886
         1         1.1   0.01            ud~_epvebb~g                  -167.829489 +-         0.212150       0.3716       0 [    5]      (   0)       15140617

         1         1.1   0.05            NNLO.QT-CS.42.RCA.QCD           96.089867 +-         0.209497
--------------------------------------------------------------------------------------------------------------------------------------------------------------
         1         1.1   0.05            gu_epvebb~d                    100.469031 +-         0.131976       0.6190       0 [    3]      (   0)        2773266
         1         1.1   0.05            gd~_epvebb~u~                   62.496281 +-         0.095883       0.2389       0 [    3]      (   0)        1666370
         1         1.1   0.05            ud~_epvebb~g                   -66.875445 +-         0.131445       0.2935       0 [    5]      (   0)       10703663

         1         1.1   0.1             NNLO.QT-CS.42.RCA.QCD          115.947374 +-         0.189493
--------------------------------------------------------------------------------------------------------------------------------------------------------------
         1         1.1   0.1             gu_epvebb~d                     96.196142 +-         0.125701       0.4752       0 [    3]      (   0)        2673096
         1         1.1   0.1             gd~_epvebb~u~                   58.779491 +-         0.091039       0.6542       0 [    3]      (   0)        1569431
         1         1.1   0.1             ud~_epvebb~g                   -39.028259 +-         0.108715       0.5689       0 [    5]      (   0)        8589590

         1         1.1   0.15            NNLO.QT-CS.42.RCA.QCD          123.893027 +-         0.179488
--------------------------------------------------------------------------------------------------------------------------------------------------------------
         1         1.1   0.15            gu_epvebb~d                     93.621497 +-         0.122185       0.7022       0 [    3]      (   0)        2613501
         1         1.1   0.15            gd~_epvebb~u~                   56.569091 +-         0.088251       0.8842       0 [    3]      (   0)        1513135
         1         1.1   0.15            ud~_epvebb~g                   -26.297561 +-         0.097460       0.7420       0 [    5]      (   0)        7381719

         1         1.1   0.2             NNLO.QT-CS.42.RCA.QCD          127.868961 +-         0.172878
--------------------------------------------------------------------------------------------------------------------------------------------------------------
         1         1.1   0.2             gu_epvebb~d                     91.710700 +-         0.119640       0.6671       0 [    3]      (   0)        2569904
         1         1.1   0.2             gd~_epvebb~u~                   54.958435 +-         0.086311       0.8027       0 [    3]      (   0)        1473102
         1         1.1   0.2             ud~_epvebb~g                   -18.800175 +-         0.090130        1.052       0 [    5]      (   0)        6556882

         1         1.1   0.25            NNLO.QT-CS.42.RCA.QCD          130.029263 +-         0.167968
--------------------------------------------------------------------------------------------------------------------------------------------------------------
         1         1.1   0.25            gu_epvebb~d                     90.181708 +-         0.117672       0.7027       0 [    3]      (   0)        2535007
         1         1.1   0.25            gd~_epvebb~u~                   53.690958 +-         0.084726       0.8760       0 [    3]      (   0)        1441737
         1         1.1   0.25            ud~_epvebb~g                   -13.843403 +-         0.084781       0.9973       0 [    5]      (   0)        5940994

         1         1.1   0.5             NNLO.QT-CS.42.RCA.QCD          132.250387 +-         0.153816
--------------------------------------------------------------------------------------------------------------------------------------------------------------
         1         1.1   0.5             gu_epvebb~d                     85.127582 +-         0.111463       0.5394       0 [    3]      (   0)        2414907
         1         1.1   0.5             gd~_epvebb~u~                   49.578434 +-         0.079752       0.8273       0 [    3]      (   0)        1339929
         1         1.1   0.5             ud~_epvebb~g                    -2.455629 +-         0.069821       0.8458       0 [    5]      (   0)        4203762

==============================================================================================================================================================

       1.1         1.2   0.01            NNLO.QT-CS.42.RCA.QCD           16.036167 +-         0.282159
--------------------------------------------------------------------------------------------------------------------------------------------------------------
       1.1         1.2   0.01            gu_epvebb~d                    110.031386 +-         0.149926       0.3886       0 [    3]      (   0)        3061678
       1.1         1.2   0.01            gd~_epvebb~u~                   67.760265 +-         0.107354       0.8292       0 [    3]      (   0)        1833895
       1.1         1.2   0.01            ud~_epvebb~g                  -161.755484 +-         0.213567       0.1857       0 [    5]      (   0)       15274880

       1.1         1.2   0.05            NNLO.QT-CS.42.RCA.QCD           97.393894 +-         0.208901
--------------------------------------------------------------------------------------------------------------------------------------------------------------
       1.1         1.2   0.05            gu_epvebb~d                    100.991286 +-         0.132103       0.5859       0 [    3]      (   0)        2841736
       1.1         1.2   0.05            gd~_epvebb~u~                   59.896328 +-         0.093556        1.338       0 [    3]      (   0)        1626083
       1.1         1.2   0.05            ud~_epvebb~g                   -63.493720 +-         0.132044       0.5072       0 [    5]      (   0)       10799486

       1.1         1.2   0.1             NNLO.QT-CS.42.RCA.QCD          116.564808 +-         0.188806
--------------------------------------------------------------------------------------------------------------------------------------------------------------
       1.1         1.2   0.1             gu_epvebb~d                     96.770655 +-         0.125693       0.4455       0 [    3]      (   0)        2739928
       1.1         1.2   0.1             gd~_epvebb~u~                   56.293632 +-         0.088573        1.898       0 [    3]      (   0)        1530753
       1.1         1.2   0.1             ud~_epvebb~g                   -36.499479 +-         0.109562       0.1277       0 [    5]      (   0)        8668703

       1.1         1.2   0.15            NNLO.QT-CS.42.RCA.QCD          124.070545 +-         0.178581
--------------------------------------------------------------------------------------------------------------------------------------------------------------
       1.1         1.2   0.15            gu_epvebb~d                     94.174746 +-         0.122062       0.4147       0 [    3]      (   0)        2678528
       1.1         1.2   0.15            gd~_epvebb~u~                   54.158484 +-         0.085731        1.838       0 [    3]      (   0)        1475249
       1.1         1.2   0.15            ud~_epvebb~g                   -24.262685 +-         0.098195       0.2023       0 [    5]      (   0)        7450206

       1.1         1.2   0.2             NNLO.QT-CS.42.RCA.QCD          127.809970 +-         0.171860
--------------------------------------------------------------------------------------------------------------------------------------------------------------
       1.1         1.2   0.2             gu_epvebb~d                     92.293886 +-         0.119588       0.2737       0 [    3]      (   0)        2634099
       1.1         1.2   0.2             gd~_epvebb~u~                   52.612405 +-         0.083795        2.081       0 [    3]      (   0)        1436120
       1.1         1.2   0.2             ud~_epvebb~g                   -17.096321 +-         0.090625       0.2480       0 [    5]      (   0)        6619017

       1.1         1.2   0.25            NNLO.QT-CS.42.RCA.QCD          129.919461 +-         0.166946
--------------------------------------------------------------------------------------------------------------------------------------------------------------
       1.1         1.2   0.25            gu_epvebb~d                     90.790173 +-         0.117630       0.2951       0 [    3]      (   0)        2598301
       1.1         1.2   0.25            gd~_epvebb~u~                   51.410077 +-         0.082273        1.918       0 [    3]      (   0)        1405075
       1.1         1.2   0.25            ud~_epvebb~g                   -12.280789 +-         0.085236       0.5647       0 [    5]      (   0)        5998823

       1.1         1.2   0.5             NNLO.QT-CS.42.RCA.QCD          131.959904 +-         0.152512
--------------------------------------------------------------------------------------------------------------------------------------------------------------
       1.1         1.2   0.5             gu_epvebb~d                     85.790867 +-         0.111200       0.3425       0 [    3]      (   0)        2474936
       1.1         1.2   0.5             gd~_epvebb~u~                   47.487405 +-         0.077433        1.794       0 [    3]      (   0)        1306168
       1.1         1.2   0.5             ud~_epvebb~g                    -1.318368 +-         0.069990       0.3399       0 [    5]      (   0)        4245756

==============================================================================================================================================================

       1.2         1.3   0.01            NNLO.QT-CS.42.RCA.QCD           18.850740 +-         0.281939
--------------------------------------------------------------------------------------------------------------------------------------------------------------
       1.2         1.3   0.01            gu_epvebb~d                    110.049555 +-         0.150220       0.4268       0 [    3]      (   0)        3138714
       1.2         1.3   0.01            gd~_epvebb~u~                   64.884440 +-         0.105658       0.1199       0 [    3]      (   0)        1788219
       1.2         1.3   0.01            ud~_epvebb~g                  -156.083255 +-         0.213916       0.6304       0 [    5]      (   0)       15413738

       1.2         1.3   0.05            NNLO.QT-CS.42.RCA.QCD           98.704042 +-         0.207931
--------------------------------------------------------------------------------------------------------------------------------------------------------------
       1.2         1.3   0.05            gu_epvebb~d                    101.294545 +-         0.131913       0.1399       0 [    3]      (   0)        2914164
       1.2         1.3   0.05            gd~_epvebb~u~                   57.410804 +-         0.091656       0.5120       0 [    3]      (   0)        1584074
       1.2         1.3   0.05            ud~_epvebb~g                   -60.001307 +-         0.132036       0.7956       0 [    5]      (   0)       10904389

       1.2         1.3   0.1             NNLO.QT-CS.42.RCA.QCD          117.344369 +-         0.187724
--------------------------------------------------------------------------------------------------------------------------------------------------------------
       1.2         1.3   0.1             gu_epvebb~d                     97.145715 +-         0.125364       0.1468       0 [    3]      (   0)        2809417
       1.2         1.3   0.1             gd~_epvebb~u~                   54.020133 +-         0.086825       0.5538       0 [    3]      (   0)        1490987
       1.2         1.3   0.1             ud~_epvebb~g                   -33.821479 +-         0.109479       0.3411       0 [    5]      (   0)        8756499

       1.2         1.3   0.15            NNLO.QT-CS.42.RCA.QCD          124.483750 +-         0.177457
--------------------------------------------------------------------------------------------------------------------------------------------------------------
       1.2         1.3   0.15            gu_epvebb~d                     94.571887 +-         0.121702      0.01676       0 [    3]      (   0)        2746518
       1.2         1.3   0.15            gd~_epvebb~u~                   51.976315 +-         0.083986       0.6044       0 [    3]      (   0)        1436898
       1.2         1.3   0.15            ud~_epvebb~g                   -22.064452 +-         0.098113       0.5904       0 [    5]      (   0)        7526540

       1.2         1.3   0.2             NNLO.QT-CS.42.RCA.QCD          127.952603 +-         0.170683
--------------------------------------------------------------------------------------------------------------------------------------------------------------
       1.2         1.3   0.2             gu_epvebb~d                     92.705370 +-         0.119067      0.02866       0 [    3]      (   0)        2700281
       1.2         1.3   0.2             gd~_epvebb~u~                   50.467480 +-         0.081969       0.5465       0 [    3]      (   0)        1398057
       1.2         1.3   0.2             ud~_epvebb~g                   -15.220247 +-         0.090757       0.5651       0 [    5]      (   0)        6688254

       1.2         1.3   0.25            NNLO.QT-CS.42.RCA.QCD          129.895190 +-         0.165655
--------------------------------------------------------------------------------------------------------------------------------------------------------------
       1.2         1.3   0.25            gu_epvebb~d                     91.216946 +-         0.117064      0.06394       0 [    3]      (   0)        2663303
       1.2         1.3   0.25            gd~_epvebb~u~                   49.287352 +-         0.080359       0.6881       0 [    3]      (   0)        1367571
       1.2         1.3   0.25            ud~_epvebb~g                   -10.609109 +-         0.085323       0.9500       0 [    5]      (   0)        6062196

       1.2         1.3   0.5             NNLO.QT-CS.42.RCA.QCD          131.627386 +-         0.151183
--------------------------------------------------------------------------------------------------------------------------------------------------------------
       1.2         1.3   0.5             gu_epvebb~d                     86.226422 +-         0.110632      0.07329       0 [    3]      (   0)        2536619
       1.2         1.3   0.5             gd~_epvebb~u~                   45.520149 +-         0.075487        1.020       0 [    3]      (   0)        1270348
       1.2         1.3   0.5             ud~_epvebb~g                    -0.119185 +-         0.070133        1.012       0 [    5]      (   0)        4290796

==============================================================================================================================================================

       1.3         1.4   0.01            NNLO.QT-CS.42.RCA.QCD           21.780158 +-         0.282436
--------------------------------------------------------------------------------------------------------------------------------------------------------------
       1.3         1.4   0.01            gu_epvebb~d                    109.616736 +-         0.150662       0.2655       0 [    3]      (   0)        3216833
       1.3         1.4   0.01            gd~_epvebb~u~                   61.980993 +-         0.103919      0.07823       0 [    3]      (   0)        1733997
       1.3         1.4   0.01            ud~_epvebb~g                  -149.817571 +-         0.215109       0.1273       0 [    5]      (   0)       15690498

       1.3         1.4   0.05            NNLO.QT-CS.42.RCA.QCD           99.691443 +-         0.207249
--------------------------------------------------------------------------------------------------------------------------------------------------------------
       1.3         1.4   0.05            gu_epvebb~d                    101.390546 +-         0.131492       0.4036       0 [    3]      (   0)        2983722
       1.3         1.4   0.05            gd~_epvebb~u~                   54.816214 +-         0.089987     0.004262       0 [    3]      (   0)        1534581
       1.3         1.4   0.05            ud~_epvebb~g                   -56.515317 +-         0.132532       0.2456       0 [    5]      (   0)       11098063

       1.3         1.4   0.1             NNLO.QT-CS.42.RCA.QCD          117.635759 +-         0.186476
--------------------------------------------------------------------------------------------------------------------------------------------------------------
       1.3         1.4   0.1             gu_epvebb~d                     97.360469 +-         0.124757       0.3921       0 [    3]      (   0)        2875970
       1.3         1.4   0.1             gd~_epvebb~u~                   51.525491 +-         0.084970       0.1459       0 [    3]      (   0)        1443669
       1.3         1.4   0.1             ud~_epvebb~g                   -31.250200 +-         0.109495       0.3124       0 [    5]      (   0)        8907956

       1.3         1.4   0.15            NNLO.QT-CS.42.RCA.QCD          124.641728 +-         0.175970
--------------------------------------------------------------------------------------------------------------------------------------------------------------
       1.3         1.4   0.15            gu_epvebb~d                     94.871758 +-         0.120981       0.4697       0 [    3]      (   0)        2811276
       1.3         1.4   0.15            gd~_epvebb~u~                   49.571561 +-         0.082098      0.09640       0 [    3]      (   0)        1390404
       1.3         1.4   0.15            ud~_epvebb~g                   -19.801592 +-         0.097922       0.2224       0 [    5]      (   0)        7657616

       1.3         1.4   0.2             NNLO.QT-CS.42.RCA.QCD          127.988651 +-         0.169140
--------------------------------------------------------------------------------------------------------------------------------------------------------------
       1.3         1.4   0.2             gu_epvebb~d                     93.034308 +-         0.118306       0.3749       0 [    3]      (   0)        2763920
       1.3         1.4   0.2             gd~_epvebb~u~                   48.118252 +-         0.080031       0.1666       0 [    3]      (   0)        1352557
       1.3         1.4   0.2             ud~_epvebb~g                   -13.163909 +-         0.090592       0.1424       0 [    5]      (   0)        6802392

       1.3         1.4   0.25            NNLO.QT-CS.42.RCA.QCD          129.800411 +-         0.164173
--------------------------------------------------------------------------------------------------------------------------------------------------------------
       1.3         1.4   0.25            gu_epvebb~d                     91.585070 +-         0.116309       0.2789       0 [    3]      (   0)        2725986
       1.3         1.4   0.25            gd~_epvebb~u~                   47.004398 +-         0.078480       0.2575       0 [    3]      (   0)        1323168
       1.3         1.4   0.25            ud~_epvebb~g                    -8.789057 +-         0.085239       0.2142       0 [    5]      (   0)        6163917

       1.3         1.4   0.5             NNLO.QT-CS.42.RCA.QCD          131.189546 +-         0.149615
--------------------------------------------------------------------------------------------------------------------------------------------------------------
       1.3         1.4   0.5             gu_epvebb~d                     86.622555 +-         0.109827       0.5115       0 [    3]      (   0)        2595778
       1.3         1.4   0.5             gd~_epvebb~u~                   43.364348 +-         0.073509       0.5899       0 [    3]      (   0)        1228425
       1.3         1.4   0.5             ud~_epvebb~g                     1.202643 +-         0.070137       0.1652       0 [    5]      (   0)        4359407

==============================================================================================================================================================

       1.4         1.5   0.01            NNLO.QT-CS.42.RCA.QCD           26.643383 +-         0.283135
--------------------------------------------------------------------------------------------------------------------------------------------------------------
       1.4         1.5   0.01            gu_epvebb~d                    110.052906 +-         0.151301       0.7483       0 [    3]      (   0)        3292331
       1.4         1.5   0.01            gd~_epvebb~u~                   58.880287 +-         0.102168       0.1296       0 [    3]      (   0)        1671229
       1.4         1.5   0.01            ud~_epvebb~g                  -142.289810 +-         0.216415       0.6736       0 [    5]      (   0)       15900502

       1.4         1.5   0.05            NNLO.QT-CS.42.RCA.QCD          102.012553 +-         0.206093
--------------------------------------------------------------------------------------------------------------------------------------------------------------
       1.4         1.5   0.05            gu_epvebb~d                    101.951618 +-         0.131449       0.2541       0 [    3]      (   0)        3053935
       1.4         1.5   0.05            gd~_epvebb~u~                   52.172093 +-         0.088003      0.09194       0 [    3]      (   0)        1478653
       1.4         1.5   0.05            ud~_epvebb~g                   -52.111158 +-         0.132101       0.6536       0 [    5]      (   0)       11237909

       1.4         1.5   0.1             NNLO.QT-CS.42.RCA.QCD          119.310167 +-         0.185262
--------------------------------------------------------------------------------------------------------------------------------------------------------------
       1.4         1.5   0.1             gu_epvebb~d                     97.924795 +-         0.124525       0.1219       0 [    3]      (   0)        2942972
       1.4         1.5   0.1             gd~_epvebb~u~                   49.124136 +-         0.083031       0.1321       0 [    3]      (   0)        1391349
       1.4         1.5   0.1             ud~_epvebb~g                   -27.738764 +-         0.109185        1.191       0 [    5]      (   0)        9018816

       1.4         1.5   0.15            NNLO.QT-CS.42.RCA.QCD          125.646192 +-         0.174662
--------------------------------------------------------------------------------------------------------------------------------------------------------------
       1.4         1.5   0.15            gu_epvebb~d                     95.416043 +-         0.120533      0.01861       0 [    3]      (   0)        2876621
       1.4         1.5   0.15            gd~_epvebb~u~                   47.260198 +-         0.080120       0.1083       0 [    3]      (   0)        1340238
       1.4         1.5   0.15            ud~_epvebb~g                   -17.030049 +-         0.097773       0.4950       0 [    5]      (   0)        7750862

       1.4         1.5   0.2             NNLO.QT-CS.42.RCA.QCD          128.662420 +-         0.167758
--------------------------------------------------------------------------------------------------------------------------------------------------------------
       1.4         1.5   0.2             gu_epvebb~d                     93.595375 +-         0.117809       0.1087       0 [    3]      (   0)        2828431
       1.4         1.5   0.2             gd~_epvebb~u~                   45.883688 +-         0.078058      0.03673       0 [    3]      (   0)        1303500
       1.4         1.5   0.2             ud~_epvebb~g                   -10.816643 +-         0.090392       0.2820       0 [    5]      (   0)        6884029

       1.4         1.5   0.25            NNLO.QT-CS.42.RCA.QCD          130.305051 +-         0.162672
--------------------------------------------------------------------------------------------------------------------------------------------------------------
       1.4         1.5   0.25            gu_epvebb~d                     92.136434 +-         0.115691       0.1939       0 [    3]      (   0)        2789940
       1.4         1.5   0.25            gd~_epvebb~u~                   44.816262 +-         0.076517      0.05447       0 [    3]      (   0)        1275004
       1.4         1.5   0.25            ud~_epvebb~g                    -6.647645 +-         0.084988       0.2924       0 [    5]      (   0)        6238206

       1.4         1.5   0.5             NNLO.QT-CS.42.RCA.QCD          130.997553 +-         0.147912
--------------------------------------------------------------------------------------------------------------------------------------------------------------
       1.4         1.5   0.5             gu_epvebb~d                     87.123918 +-         0.109069       0.2493       0 [    3]      (   0)        2656392
       1.4         1.5   0.5             gd~_epvebb~u~                   41.340668 +-         0.071439     0.009911       0 [    3]      (   0)        1183904
       1.4         1.5   0.5             ud~_epvebb~g                     2.532968 +-         0.069845       0.2245       0 [    5]      (   0)        4410166

==============================================================================================================================================================

       1.5         1.6   0.01            NNLO.QT-CS.42.RCA.QCD           30.031854 +-         0.282845
--------------------------------------------------------------------------------------------------------------------------------------------------------------
       1.5         1.6   0.01            gu_epvebb~d                    109.463512 +-         0.152196     0.008629       0 [    3]      (   0)        3366430
       1.5         1.6   0.01            gd~_epvebb~u~                   55.461554 +-         0.100124        1.034       0 [    3]      (   0)        1603568
       1.5         1.6   0.01            ud~_epvebb~g                  -134.893212 +-         0.216362        1.354       0 [    5]      (   0)       16094317

       1.5         1.6   0.05            NNLO.QT-CS.42.RCA.QCD          102.917105 +-         0.205895
--------------------------------------------------------------------------------------------------------------------------------------------------------------
       1.5         1.6   0.05            gu_epvebb~d                    101.867585 +-         0.131547       0.1546       0 [    3]      (   0)        3121211
       1.5         1.6   0.05            gd~_epvebb~u~                   49.134895 +-         0.085564       0.9068       0 [    3]      (   0)        1417269
       1.5         1.6   0.05            ud~_epvebb~g                   -48.085375 +-         0.133293       0.3079       0 [    5]      (   0)       11381699

       1.5         1.6   0.1             NNLO.QT-CS.42.RCA.QCD          119.448954 +-         0.184740
--------------------------------------------------------------------------------------------------------------------------------------------------------------
       1.5         1.6   0.1             gu_epvebb~d                     98.036896 +-         0.124417       0.1684       0 [    3]      (   0)        3008033
       1.5         1.6   0.1             gd~_epvebb~u~                   46.214523 +-         0.080429       0.2607       0 [    3]      (   0)        1332465
       1.5         1.6   0.1             ud~_epvebb~g                   -24.802465 +-         0.110364       0.4667       0 [    5]      (   0)        9134097

       1.5         1.6   0.15            NNLO.QT-CS.42.RCA.QCD          125.495987 +-         0.173937
--------------------------------------------------------------------------------------------------------------------------------------------------------------
       1.5         1.6   0.15            gu_epvebb~d                     95.622380 +-         0.120337     0.002356       0 [    3]      (   0)        2939794
       1.5         1.6   0.15            gd~_epvebb~u~                   44.430475 +-         0.077355      0.09713       0 [    3]      (   0)        1282977
       1.5         1.6   0.15            ud~_epvebb~g                   -14.556868 +-         0.098942       0.1683       0 [    5]      (   0)        7850957

       1.5         1.6   0.2             NNLO.QT-CS.42.RCA.QCD          128.385599 +-         0.166989
--------------------------------------------------------------------------------------------------------------------------------------------------------------
       1.5         1.6   0.2             gu_epvebb~d                     93.814867 +-         0.117582      0.05836       0 [    3]      (   0)        2889992
       1.5         1.6   0.2             gd~_epvebb~u~                   43.162409 +-         0.075336      0.03726       0 [    3]      (   0)        1247768
       1.5         1.6   0.2             ud~_epvebb~g                    -8.591676 +-         0.091565      0.08509       0 [    5]      (   0)        6974216

       1.5         1.6   0.25            NNLO.QT-CS.42.RCA.QCD          129.779729 +-         0.161723
--------------------------------------------------------------------------------------------------------------------------------------------------------------
       1.5         1.6   0.25            gu_epvebb~d                     92.325661 +-         0.115344       0.1919       0 [    3]      (   0)        2849916
       1.5         1.6   0.25            gd~_epvebb~u~                   42.123438 +-         0.073724      0.04804       0 [    3]      (   0)        1220366
       1.5         1.6   0.25            ud~_epvebb~g                    -4.669371 +-         0.086110       0.1627       0 [    5]      (   0)        6319160

       1.5         1.6   0.5             NNLO.QT-CS.42.RCA.QCD          130.297748 +-         0.146776
--------------------------------------------------------------------------------------------------------------------------------------------------------------
       1.5         1.6   0.5             gu_epvebb~d                     87.420210 +-         0.108602       0.2204       0 [    3]      (   0)        2713478
       1.5         1.6   0.5             gd~_epvebb~u~                   38.841935 +-         0.068788      0.08917       0 [    3]      (   0)        1131940
       1.5         1.6   0.5             ud~_epvebb~g                     4.035603 +-         0.070832       0.4137       0 [    5]      (   0)        4469089

==============================================================================================================================================================

       1.6         1.7   0.01            NNLO.QT-CS.42.RCA.QCD           33.902267 +-         0.282472
--------------------------------------------------------------------------------------------------------------------------------------------------------------
       1.6         1.7   0.01            gu_epvebb~d                    109.181374 +-         0.153143       0.1460       0 [    3]      (   0)        3436663
       1.6         1.7   0.01            gd~_epvebb~u~                   52.142311 +-         0.097689     0.002655       0 [    3]      (   0)        1531030
       1.6         1.7   0.01            ud~_epvebb~g                  -127.421417 +-         0.216321        1.928       0 [    5]      (   0)       16388517

       1.6         1.7   0.05            NNLO.QT-CS.42.RCA.QCD          104.351087 +-         0.204886
--------------------------------------------------------------------------------------------------------------------------------------------------------------
       1.6         1.7   0.05            gu_epvebb~d                    101.814500 +-         0.131825      0.04919       0 [    3]      (   0)        3184827
       1.6         1.7   0.05            gd~_epvebb~u~                   46.324524 +-         0.083332     0.009841       0 [    3]      (   0)        1353487
       1.6         1.7   0.05            ud~_epvebb~g                   -43.787937 +-         0.132877        1.343       0 [    5]      (   0)       11577734

       1.6         1.7   0.1             NNLO.QT-CS.42.RCA.QCD          120.061863 +-         0.183458
--------------------------------------------------------------------------------------------------------------------------------------------------------------
       1.6         1.7   0.1             gu_epvebb~d                     97.985953 +-         0.124386     0.003917       0 [    3]      (   0)        3068136
       1.6         1.7   0.1             gd~_epvebb~u~                   43.582411 +-         0.078246     0.001502       0 [    3]      (   0)        1272612
       1.6         1.7   0.1             ud~_epvebb~g                   -21.506501 +-         0.109829        1.434       0 [    5]      (   0)        9285738

       1.6         1.7   0.15            NNLO.QT-CS.42.RCA.QCD          125.756715 +-         0.172524
--------------------------------------------------------------------------------------------------------------------------------------------------------------
       1.6         1.7   0.15            gu_epvebb~d                     95.556903 +-         0.120170      0.01632       0 [    3]      (   0)        2998153
       1.6         1.7   0.15            gd~_epvebb~u~                   41.934906 +-         0.075350      0.01197       0 [    3]      (   0)        1225175
       1.6         1.7   0.15            ud~_epvebb~g                   -11.735094 +-         0.098215        1.202       0 [    5]      (   0)        7977437

       1.6         1.7   0.2             NNLO.QT-CS.42.RCA.QCD          128.389354 +-         0.165413
--------------------------------------------------------------------------------------------------------------------------------------------------------------
       1.6         1.7   0.2             gu_epvebb~d                     93.762235 +-         0.117246       0.1373       0 [    3]      (   0)        2946785
       1.6         1.7   0.2             gd~_epvebb~u~                   40.752984 +-         0.073329      0.01501       0 [    3]      (   0)        1191442
       1.6         1.7   0.2             ud~_epvebb~g                    -6.125865 +-         0.090762        1.121       0 [    5]      (   0)        7083240

       1.6         1.7   0.25            NNLO.QT-CS.42.RCA.QCD          129.544813 +-         0.160158
--------------------------------------------------------------------------------------------------------------------------------------------------------------
       1.6         1.7   0.25            gu_epvebb~d                     92.299957 +-         0.114953       0.1967       0 [    3]      (   0)        2905898
       1.6         1.7   0.25            gd~_epvebb~u~                   39.776568 +-         0.071771      0.01889       0 [    3]      (   0)        1164889
       1.6         1.7   0.25            ud~_epvebb~g                    -2.531713 +-         0.085353       0.6739       0 [    5]      (   0)        6418009

       1.6         1.7   0.5             NNLO.QT-CS.42.RCA.QCD          129.579610 +-         0.145135
--------------------------------------------------------------------------------------------------------------------------------------------------------------
       1.6         1.7   0.5             gu_epvebb~d                     87.455833 +-         0.108004       0.3992       0 [    3]      (   0)        2766633
       1.6         1.7   0.5             gd~_epvebb~u~                   36.680817 +-         0.066972      0.08287       0 [    3]      (   0)        1080162
       1.6         1.7   0.5             ud~_epvebb~g                     5.442961 +-         0.070100       0.4012       0 [    5]      (   0)        4535511

==============================================================================================================================================================

       1.7         1.8   0.01            NNLO.QT-CS.42.RCA.QCD           37.992973 +-         0.283756
--------------------------------------------------------------------------------------------------------------------------------------------------------------
       1.7         1.8   0.01            gu_epvebb~d                    108.608773 +-         0.153714       0.2488       0 [    3]      (   0)        3506479
       1.7         1.8   0.01            gd~_epvebb~u~                   48.741175 +-         0.095474       0.2080       0 [    3]      (   0)        1454323
       1.7         1.8   0.01            ud~_epvebb~g                  -119.356976 +-         0.218573       0.9164       0 [    5]      (   0)       16547315

       1.7         1.8   0.05            NNLO.QT-CS.42.RCA.QCD          105.728554 +-         0.204374
--------------------------------------------------------------------------------------------------------------------------------------------------------------
       1.7         1.8   0.05            gu_epvebb~d                    101.656666 +-         0.131733       0.3480       0 [    3]      (   0)        3246969
       1.7         1.8   0.05            gd~_epvebb~u~                   43.333124 +-         0.080988       0.2975       0 [    3]      (   0)        1283659
       1.7         1.8   0.05            ud~_epvebb~g                   -39.261236 +-         0.133626       0.1197       0 [    5]      (   0)       11693004

       1.7         1.8   0.1             NNLO.QT-CS.42.RCA.QCD          120.412022 +-         0.182160
--------------------------------------------------------------------------------------------------------------------------------------------------------------
       1.7         1.8   0.1             gu_epvebb~d                     97.975613 +-         0.123955       0.1447       0 [    3]      (   0)        3127205
       1.7         1.8   0.1             gd~_epvebb~u~                   40.761108 +-         0.075785       0.2264       0 [    3]      (   0)        1205593
       1.7         1.8   0.1             ud~_epvebb~g                   -18.324700 +-         0.109882       0.3485       0 [    5]      (   0)        9380228

       1.7         1.8   0.15            NNLO.QT-CS.42.RCA.QCD          125.615123 +-         0.171026
--------------------------------------------------------------------------------------------------------------------------------------------------------------
       1.7         1.8   0.15            gu_epvebb~d                     95.595911 +-         0.119584      0.05561       0 [    3]      (   0)        3055552
       1.7         1.8   0.15            gd~_epvebb~u~                   39.212336 +-         0.072875       0.2382       0 [    3]      (   0)        1160294
       1.7         1.8   0.15            ud~_epvebb~g                    -9.193124 +-         0.098177       0.5096       0 [    5]      (   0)        8061135

       1.7         1.8   0.2             NNLO.QT-CS.42.RCA.QCD          127.902988 +-         0.163841
--------------------------------------------------------------------------------------------------------------------------------------------------------------
       1.7         1.8   0.2             gu_epvebb~d                     93.814900 +-         0.116604       0.2457       0 [    3]      (   0)        3003205
       1.7         1.8   0.2             gd~_epvebb~u~                   38.039755 +-         0.070807       0.4597       0 [    3]      (   0)        1127861
       1.7         1.8   0.2             ud~_epvebb~g                    -3.951667 +-         0.090741       0.5339       0 [    5]      (   0)        7160937

       1.7         1.8   0.25            NNLO.QT-CS.42.RCA.QCD          129.089475 +-         0.158515
--------------------------------------------------------------------------------------------------------------------------------------------------------------
       1.7         1.8   0.25            gu_epvebb~d                     92.353643 +-         0.114267       0.1475       0 [    3]      (   0)        2961094
       1.7         1.8   0.25            gd~_epvebb~u~                   37.165496 +-         0.069313       0.3112       0 [    3]      (   0)        1102725
       1.7         1.8   0.25            ud~_epvebb~g                    -0.429664 +-         0.085238       0.2205       0 [    5]      (   0)        6486942

       1.7         1.8   0.5             NNLO.QT-CS.42.RCA.QCD          128.649446 +-         0.143493
--------------------------------------------------------------------------------------------------------------------------------------------------------------
       1.7         1.8   0.5             gu_epvebb~d                     87.585296 +-         0.107359      0.07827       0 [    3]      (   0)        2818230
       1.7         1.8   0.5             gd~_epvebb~u~                   34.234954 +-         0.064517       0.2569       0 [    3]      (   0)        1022082
       1.7         1.8   0.5             ud~_epvebb~g                     6.829196 +-         0.070012       0.3975       0 [    5]      (   0)        4585856

==============================================================================================================================================================

       1.8         1.9   0.01            NNLO.QT-CS.42.RCA.QCD           41.936331 +-         0.283731
--------------------------------------------------------------------------------------------------------------------------------------------------------------
       1.8         1.9   0.01            gu_epvebb~d                    107.670744 +-         0.154680       0.6990       0 [    3]      (   0)        3567961
       1.8         1.9   0.01            gd~_epvebb~u~                   45.370858 +-         0.092768       0.1578       0 [    3]      (   0)        1375709
       1.8         1.9   0.01            ud~_epvebb~g                  -111.105270 +-         0.219024        1.363       0 [    5]      (   0)       16766088

       1.8         1.9   0.05            NNLO.QT-CS.42.RCA.QCD          107.077427 +-         0.203343
--------------------------------------------------------------------------------------------------------------------------------------------------------------
       1.8         1.9   0.05            gu_epvebb~d                    101.074494 +-         0.131579       0.7787       0 [    3]      (   0)        3302743
       1.8         1.9   0.05            gd~_epvebb~u~                   40.385528 +-         0.078369       0.1757       0 [    3]      (   0)        1212824
       1.8         1.9   0.05            ud~_epvebb~g                   -34.382595 +-         0.133767        1.149       0 [    5]      (   0)       11848579

       1.8         1.9   0.1             NNLO.QT-CS.42.RCA.QCD          120.976139 +-         0.181076
--------------------------------------------------------------------------------------------------------------------------------------------------------------
       1.8         1.9   0.1             gu_epvebb~d                     97.487554 +-         0.123547        1.126       0 [    3]      (   0)        3179600
       1.8         1.9   0.1             gd~_epvebb~u~                   38.011402 +-         0.073328      0.05292       0 [    3]      (   0)        1138709
       1.8         1.9   0.1             ud~_epvebb~g                   -14.522818 +-         0.110216        1.646       0 [    5]      (   0)        9506684

       1.8         1.9   0.15            NNLO.QT-CS.42.RCA.QCD          125.777538 +-         0.169883
--------------------------------------------------------------------------------------------------------------------------------------------------------------
       1.8         1.9   0.15            gu_epvebb~d                     95.191538 +-         0.119149       0.9092       0 [    3]      (   0)        3105828
       1.8         1.9   0.15            gd~_epvebb~u~                   36.566006 +-         0.070419      0.04079       0 [    3]      (   0)        1095563
       1.8         1.9   0.15            ud~_epvebb~g                    -5.980006 +-         0.098514        1.708       0 [    5]      (   0)        8169735

       1.8         1.9   0.2             NNLO.QT-CS.42.RCA.QCD          127.819234 +-         0.162501
--------------------------------------------------------------------------------------------------------------------------------------------------------------
       1.8         1.9   0.2             gu_epvebb~d                     93.453860 +-         0.116031        1.282       0 [    3]      (   0)        3052397
       1.8         1.9   0.2             gd~_epvebb~u~                   35.495438 +-         0.068352      0.01175       0 [    3]      (   0)        1064662
       1.8         1.9   0.2             ud~_epvebb~g                    -1.130064 +-         0.090947        1.270       0 [    5]      (   0)        7255649

       1.8         1.9   0.25            NNLO.QT-CS.42.RCA.QCD          128.726874 +-         0.157082
--------------------------------------------------------------------------------------------------------------------------------------------------------------
       1.8         1.9   0.25            gu_epvebb~d                     92.039901 +-         0.113678        1.198       0 [    3]      (   0)        3009588
       1.8         1.9   0.25            gd~_epvebb~u~                   34.636582 +-         0.066803       0.1028       0 [    3]      (   0)        1040386
       1.8         1.9   0.25            ud~_epvebb~g                     2.050391 +-         0.085380        1.280       0 [    5]      (   0)        6572707

       1.8         1.9   0.5             NNLO.QT-CS.42.RCA.QCD          127.626189 +-         0.141749
--------------------------------------------------------------------------------------------------------------------------------------------------------------
       1.8         1.9   0.5             gu_epvebb~d                     87.236091 +-         0.106551       0.6920       0 [    3]      (   0)        2862651
       1.8         1.9   0.5             gd~_epvebb~u~                   31.882543 +-         0.061995       0.2165       0 [    3]      (   0)         963402
       1.8         1.9   0.5             ud~_epvebb~g                     8.507555 +-         0.069974        1.061       0 [    5]      (   0)        4643805

==============================================================================================================================================================

       1.9           2   0.01            NNLO.QT-CS.42.RCA.QCD           46.750478 +-         0.283977
--------------------------------------------------------------------------------------------------------------------------------------------------------------
       1.9           2   0.01            gu_epvebb~d                    106.667219 +-         0.155654       0.2778       0 [    3]      (   0)        3623390
       1.9           2   0.01            gd~_epvebb~u~                   41.895936 +-         0.090194      0.04337       0 [    3]      (   0)        1292520
       1.9           2   0.01            ud~_epvebb~g                  -101.812677 +-         0.219726       0.4795       0 [    5]      (   0)       17061100

       1.9           2   0.05            NNLO.QT-CS.42.RCA.QCD          108.625279 +-         0.202791
--------------------------------------------------------------------------------------------------------------------------------------------------------------
       1.9           2   0.05            gu_epvebb~d                    100.721664 +-         0.131621     0.007953       0 [    3]      (   0)        3352158
       1.9           2   0.05            gd~_epvebb~u~                   37.364806 +-         0.075997       0.2921       0 [    3]      (   0)        1138992
       1.9           2   0.05            ud~_epvebb~g                   -29.461191 +-         0.134255       0.1025       0 [    5]      (   0)       12050851

       1.9           2   0.1             NNLO.QT-CS.42.RCA.QCD          121.622174 +-         0.180392
--------------------------------------------------------------------------------------------------------------------------------------------------------------
       1.9           2   0.1             gu_epvebb~d                     97.303161 +-         0.123461       0.1437       0 [    3]      (   0)        3225314
       1.9           2   0.1             gd~_epvebb~u~                   35.177635 +-         0.070929       0.3283       0 [    3]      (   0)        1068764
       1.9           2   0.1             ud~_epvebb~g                   -10.858622 +-         0.110759       0.8096       0 [    5]      (   0)        9662983

       1.9           2   0.15            NNLO.QT-CS.42.RCA.QCD          125.928453 +-         0.169116
--------------------------------------------------------------------------------------------------------------------------------------------------------------
       1.9           2   0.15            gu_epvebb~d                     95.066897 +-         0.119029      0.01958       0 [    3]      (   0)        3149631
       1.9           2   0.15            gd~_epvebb~u~                   33.797006 +-         0.068021       0.1278       0 [    3]      (   0)        1027811
       1.9           2   0.15            ud~_epvebb~g                    -2.935451 +-         0.099022       0.9257       0 [    5]      (   0)        8296775

       1.9           2   0.2             NNLO.QT-CS.42.RCA.QCD          127.623728 +-         0.161720
--------------------------------------------------------------------------------------------------------------------------------------------------------------
       1.9           2   0.2             gu_epvebb~d                     93.340554 +-         0.115901      0.03147       0 [    3]      (   0)        3094546
       1.9           2   0.2             gd~_epvebb~u~                   32.799681 +-         0.066018       0.5170       0 [    3]      (   0)         998112
       1.9           2   0.2             ud~_epvebb~g                     1.483493 +-         0.091444        1.296       0 [    5]      (   0)        7366272

       1.9           2   0.25            NNLO.QT-CS.42.RCA.QCD          128.263383 +-         0.156165
--------------------------------------------------------------------------------------------------------------------------------------------------------------
       1.9           2   0.25            gu_epvebb~d                     91.919552 +-         0.113430     0.003331       0 [    3]      (   0)        3050681
       1.9           2   0.25            gd~_epvebb~u~                   32.023680 +-         0.064457       0.4167       0 [    3]      (   0)         975228
       1.9           2   0.25            ud~_epvebb~g                     4.320151 +-         0.085829       0.8433       0 [    5]      (   0)        6672891

       1.9           2   0.5             NNLO.QT-CS.42.RCA.QCD          126.767858 +-         0.140574
--------------------------------------------------------------------------------------------------------------------------------------------------------------
       1.9           2   0.5             gu_epvebb~d                     87.208199 +-         0.106078       0.1457       0 [    3]      (   0)        2900832
       1.9           2   0.5             gd~_epvebb~u~                   29.452075 +-         0.059681       0.8777       0 [    3]      (   0)         901785
       1.9           2   0.5             ud~_epvebb~g                    10.107584 +-         0.070333       0.2586       0 [    5]      (   0)        4709861

==============================================================================================================================================================

         2         2.1   0.01            NNLO.QT-CS.42.RCA.QCD           51.928547 +-         0.285324
--------------------------------------------------------------------------------------------------------------------------------------------------------------
         2         2.1   0.01            gu_epvebb~d                    105.559210 +-         0.156270       0.1847       0 [    3]      (   0)        3669794
         2         2.1   0.01            gd~_epvebb~u~                   38.676308 +-         0.087660       0.3065       0 [    3]      (   0)        1206397
         2         2.1   0.01            ud~_epvebb~g                   -92.306971 +-         0.222048        1.011       0 [    5]      (   0)       17251035

         2         2.1   0.05            NNLO.QT-CS.42.RCA.QCD          110.715376 +-         0.203605
--------------------------------------------------------------------------------------------------------------------------------------------------------------
         2         2.1   0.05            gu_epvebb~d                    100.006936 +-         0.131995       0.6033       0 [    3]      (   0)        3391046
         2         2.1   0.05            gd~_epvebb~u~                   34.592651 +-         0.073637      0.06481       0 [    3]      (   0)        1062037
         2         2.1   0.05            ud~_epvebb~g                   -23.884212 +-         0.136419        1.840       0 [    5]      (   0)       12183644

         2         2.1   0.1             NNLO.QT-CS.42.RCA.QCD          122.551362 +-         0.179545
--------------------------------------------------------------------------------------------------------------------------------------------------------------
         2         2.1   0.1             gu_epvebb~d                     96.687819 +-         0.123623        1.230       0 [    3]      (   0)        3261450
         2         2.1   0.1             gd~_epvebb~u~                   32.537895 +-         0.068662      0.05327       0 [    3]      (   0)         995587
         2         2.1   0.1             ud~_epvebb~g                    -6.674353 +-         0.110632        2.638       0 [    5]      (   0)        9767741

         2         2.1   0.15            NNLO.QT-CS.42.RCA.QCD          126.377370 +-         0.168043
--------------------------------------------------------------------------------------------------------------------------------------------------------------
         2         2.1   0.15            gu_epvebb~d                     94.514961 +-         0.118941       0.7812       0 [    3]      (   0)        3184085
         2         2.1   0.15            gd~_epvebb~u~                   31.295693 +-         0.065812       0.5688       0 [    3]      (   0)         957187
         2         2.1   0.15            ud~_epvebb~g                     0.566716 +-         0.098795        3.128       0 [    5]      (   0)        8388374

         2         2.1   0.2             NNLO.QT-CS.42.RCA.QCD          127.717830 +-         0.160492
--------------------------------------------------------------------------------------------------------------------------------------------------------------
         2         2.1   0.2             gu_epvebb~d                     92.821492 +-         0.115701       0.5496       0 [    3]      (   0)        3127876
         2         2.1   0.2             gd~_epvebb~u~                   30.371613 +-         0.063819       0.3997       0 [    3]      (   0)         929617
         2         2.1   0.2             ud~_epvebb~g                     4.524725 +-         0.091093        3.184       0 [    5]      (   0)        7447315

         2         2.1   0.25            NNLO.QT-CS.42.RCA.QCD          128.186648 +-         0.154986
--------------------------------------------------------------------------------------------------------------------------------------------------------------
         2         2.1   0.25            gu_epvebb~d                     91.473756 +-         0.113190       0.7161       0 [    3]      (   0)        3083076
         2         2.1   0.25            gd~_epvebb~u~                   29.648573 +-         0.062325       0.5048       0 [    3]      (   0)         907993
         2         2.1   0.25            ud~_epvebb~g                     7.064319 +-         0.085583        3.217       0 [    5]      (   0)        6745140

         2         2.1   0.5             NNLO.QT-CS.42.RCA.QCD          125.960857 +-         0.139264
--------------------------------------------------------------------------------------------------------------------------------------------------------------
         2         2.1   0.5             gu_epvebb~d                     86.754122 +-         0.105625        1.054       0 [    3]      (   0)        2930371
         2         2.1   0.5             gd~_epvebb~u~                   27.217149 +-         0.057596       0.6065       0 [    3]      (   0)         839038
         2         2.1   0.5             ud~_epvebb~g                    11.989586 +-         0.070146        3.376       0 [    5]      (   0)        4759678

==============================================================================================================================================================

       2.1         2.2   0.01            NNLO.QT-CS.42.RCA.QCD           57.078841 +-         0.284327
--------------------------------------------------------------------------------------------------------------------------------------------------------------
       2.1         2.2   0.01            gu_epvebb~d                    104.126006 +-         0.157683       0.8884       0 [    3]      (   0)        3704609
       2.1         2.2   0.01            gd~_epvebb~u~                   35.342994 +-         0.085108       0.2951       0 [    3]      (   0)        1116208
       2.1         2.2   0.01            ud~_epvebb~g                   -82.390159 +-         0.220759       0.7882       0 [    5]      (   0)       17441541

       2.1         2.2   0.05            NNLO.QT-CS.42.RCA.QCD          112.100463 +-         0.201752
--------------------------------------------------------------------------------------------------------------------------------------------------------------
       2.1         2.2   0.05            gu_epvebb~d                     99.037833 +-         0.132249       0.5531       0 [    3]      (   0)        3420413
       2.1         2.2   0.05            gd~_epvebb~u~                   31.522714 +-         0.070873       0.3309       0 [    3]      (   0)         980555
       2.1         2.2   0.05            ud~_epvebb~g                   -18.460084 +-         0.134874       0.6940       0 [    5]      (   0)       12314184

       2.1         2.2   0.1             NNLO.QT-CS.42.RCA.QCD          122.888660 +-         0.178524
--------------------------------------------------------------------------------------------------------------------------------------------------------------
       2.1         2.2   0.1             gu_epvebb~d                     95.831880 +-         0.123535       0.5699       0 [    3]      (   0)        3287945
       2.1         2.2   0.1             gd~_epvebb~u~                   29.681010 +-         0.065892      0.01077       0 [    3]      (   0)         919302
       2.1         2.2   0.1             ud~_epvebb~g                    -2.624230 +-         0.110762        1.154       0 [    5]      (   0)        9869171

       2.1         2.2   0.15            NNLO.QT-CS.42.RCA.QCD          126.138641 +-         0.166717
--------------------------------------------------------------------------------------------------------------------------------------------------------------
       2.1         2.2   0.15            gu_epvebb~d                     93.697010 +-         0.118640       0.6291       0 [    3]      (   0)        3208920
       2.1         2.2   0.15            gd~_epvebb~u~                   28.521223 +-         0.062987       0.1375       0 [    3]      (   0)         882910
       2.1         2.2   0.15            ud~_epvebb~g                     3.920408 +-         0.098750       0.4100       0 [    5]      (   0)        8473667

       2.1         2.2   0.2             NNLO.QT-CS.42.RCA.QCD          127.184402 +-         0.159138
--------------------------------------------------------------------------------------------------------------------------------------------------------------
       2.1         2.2   0.2             gu_epvebb~d                     92.093721 +-         0.115348       0.8425       0 [    3]      (   0)        3151414
       2.1         2.2   0.2             gd~_epvebb~u~                   27.650398 +-         0.061024      0.08777       0 [    3]      (   0)         857086
       2.1         2.2   0.2             ud~_epvebb~g                     7.440284 +-         0.091081       0.2513       0 [    5]      (   0)        7521960

       2.1         2.2   0.25            NNLO.QT-CS.42.RCA.QCD          127.367827 +-         0.153571
--------------------------------------------------------------------------------------------------------------------------------------------------------------
       2.1         2.2   0.25            gu_epvebb~d                     90.722346 +-         0.112817       0.8607       0 [    3]      (   0)        3105811
       2.1         2.2   0.25            gd~_epvebb~u~                   26.994585 +-         0.059552      0.06123       0 [    3]      (   0)         837224
       2.1         2.2   0.25            ud~_epvebb~g                     9.650896 +-         0.085498       0.2335       0 [    5]      (   0)        6811396

       2.1         2.2   0.5             NNLO.QT-CS.42.RCA.QCD          124.518611 +-         0.137537
--------------------------------------------------------------------------------------------------------------------------------------------------------------
       2.1         2.2   0.5             gu_epvebb~d                     86.036078 +-         0.105097       0.8049       0 [    3]      (   0)        2949746
       2.1         2.2   0.5             gd~_epvebb~u~                   24.765119 +-         0.054811     0.002290       0 [    3]      (   0)         773353
       2.1         2.2   0.5             ud~_epvebb~g                    13.717415 +-         0.069761       0.4931       0 [    5]      (   0)        4802343

==============================================================================================================================================================

       2.2         2.3   0.01            NNLO.QT-CS.42.RCA.QCD           62.739164 +-         0.284237
--------------------------------------------------------------------------------------------------------------------------------------------------------------
       2.2         2.3   0.01            gu_epvebb~d                    102.467661 +-         0.158359       0.5263       0 [    3]      (   0)        3725566
       2.2         2.3   0.01            gd~_epvebb~u~                   32.104106 +-         0.081727       0.5752       0 [    3]      (   0)        1028826
       2.2         2.3   0.01            ud~_epvebb~g                   -71.832604 +-         0.221436        1.053       0 [    5]      (   0)       17645397

       2.2         2.3   0.05            NNLO.QT-CS.42.RCA.QCD          113.998268 +-         0.201162
--------------------------------------------------------------------------------------------------------------------------------------------------------------
       2.2         2.3   0.05            gu_epvebb~d                     97.947929 +-         0.132370        1.059       0 [    3]      (   0)        3435337
       2.2         2.3   0.05            gd~_epvebb~u~                   28.793531 +-         0.068049       0.4971       0 [    3]      (   0)         903896
       2.2         2.3   0.05            ud~_epvebb~g                   -12.743193 +-         0.135327       0.5698       0 [    5]      (   0)       12446370

       2.2         2.3   0.1             NNLO.QT-CS.42.RCA.QCD          123.574531 +-         0.177848
--------------------------------------------------------------------------------------------------------------------------------------------------------------
       2.2         2.3   0.1             gu_epvebb~d                     94.834678 +-         0.123318        1.496       0 [    3]      (   0)        3300558
       2.2         2.3   0.1             gd~_epvebb~u~                   27.133881 +-         0.063246       0.1028       0 [    3]      (   0)         846408
       2.2         2.3   0.1             ud~_epvebb~g                     1.605972 +-         0.111456       0.9971       0 [    5]      (   0)        9968757

       2.2         2.3   0.15            NNLO.QT-CS.42.RCA.QCD          126.338861 +-         0.166125
--------------------------------------------------------------------------------------------------------------------------------------------------------------
       2.2         2.3   0.15            gu_epvebb~d                     92.820497 +-         0.118408        2.490       0 [    3]      (   0)        3220159
       2.2         2.3   0.15            gd~_epvebb~u~                   26.073584 +-         0.060508      0.01880       0 [    3]      (   0)         812450
       2.2         2.3   0.15            ud~_epvebb~g                     7.444781 +-         0.099578        1.835       0 [    5]      (   0)        8554833

       2.2         2.3   0.2             NNLO.QT-CS.42.RCA.QCD          126.990827 +-         0.158470
--------------------------------------------------------------------------------------------------------------------------------------------------------------
       2.2         2.3   0.2             gu_epvebb~d                     91.187816 +-         0.115008        1.999       0 [    3]      (   0)        3161444
       2.2         2.3   0.2             gd~_epvebb~u~                   25.286642 +-         0.058584      0.02282       0 [    3]      (   0)         788606
       2.2         2.3   0.2             ud~_epvebb~g                    10.516369 +-         0.091945        1.958       0 [    5]      (   0)        7591166

       2.2         2.3   0.25            NNLO.QT-CS.42.RCA.QCD          126.925911 +-         0.152813
--------------------------------------------------------------------------------------------------------------------------------------------------------------
       2.2         2.3   0.25            gu_epvebb~d                     89.867793 +-         0.112367        1.666       0 [    3]      (   0)        3114848
       2.2         2.3   0.25            gd~_epvebb~u~                   24.680517 +-         0.057158      0.01216       0 [    3]      (   0)         769761
       2.2         2.3   0.25            ud~_epvebb~g                    12.377602 +-         0.086363        1.717       0 [    5]      (   0)        6872003

       2.2         2.3   0.5             NNLO.QT-CS.42.RCA.QCD          123.393980 +-         0.136937
--------------------------------------------------------------------------------------------------------------------------------------------------------------
       2.2         2.3   0.5             gu_epvebb~d                     85.228785 +-         0.104584        2.474       0 [    3]      (   0)        2955411
       2.2         2.3   0.5             gd~_epvebb~u~                   22.657910 +-         0.052695      0.01894       0 [    3]      (   0)         710555
       2.2         2.3   0.5             ud~_epvebb~g                    15.507285 +-         0.070973       0.5172       0 [    5]      (   0)        4842942

==============================================================================================================================================================

       2.3         2.4   0.01            NNLO.QT-CS.42.RCA.QCD           68.246886 +-         0.284400
--------------------------------------------------------------------------------------------------------------------------------------------------------------
       2.3         2.4   0.01            gu_epvebb~d                    100.749060 +-         0.159510       0.5027       0 [    3]      (   0)        3726120
       2.3         2.4   0.01            gd~_epvebb~u~                   28.840026 +-         0.078591        1.121       0 [    3]      (   0)         934971
       2.3         2.4   0.01            ud~_epvebb~g                   -61.342200 +-         0.221954       0.3781       0 [    5]      (   0)       17796844

       2.3         2.4   0.05            NNLO.QT-CS.42.RCA.QCD          115.438723 +-         0.199786
--------------------------------------------------------------------------------------------------------------------------------------------------------------
       2.3         2.4   0.05            gu_epvebb~d                     96.569503 +-         0.132735       0.7350       0 [    3]      (   0)        3431933
       2.3         2.4   0.05            gd~_epvebb~u~                   25.808754 +-         0.065087        1.488       0 [    3]      (   0)         819968
       2.3         2.4   0.05            ud~_epvebb~g                    -6.939534 +-         0.134385       0.2404       0 [    5]      (   0)       12539120

       2.3         2.4   0.1             NNLO.QT-CS.42.RCA.QCD          123.797498 +-         0.176286
--------------------------------------------------------------------------------------------------------------------------------------------------------------
       2.3         2.4   0.1             gu_epvebb~d                     93.663344 +-         0.123537       0.7788       0 [    3]      (   0)        3295039
       2.3         2.4   0.1             gd~_epvebb~u~                   24.304458 +-         0.060338        1.254       0 [    3]      (   0)         766844
       2.3         2.4   0.1             ud~_epvebb~g                     5.829696 +-         0.110339       0.2910       0 [    5]      (   0)       10038618

       2.3         2.4   0.15            NNLO.QT-CS.42.RCA.QCD          125.971092 +-         0.164387
--------------------------------------------------------------------------------------------------------------------------------------------------------------
       2.3         2.4   0.15            gu_epvebb~d                     91.691894 +-         0.118418        1.159       0 [    3]      (   0)        3213006
       2.3         2.4   0.15            gd~_epvebb~u~                   23.348424 +-         0.057616        1.052       0 [    3]      (   0)         735963
       2.3         2.4   0.15            ud~_epvebb~g                    10.930774 +-         0.098390       0.5689       0 [    5]      (   0)        8612482

       2.3         2.4   0.2             NNLO.QT-CS.42.RCA.QCD          126.272378 +-         0.156541
--------------------------------------------------------------------------------------------------------------------------------------------------------------
       2.3         2.4   0.2             gu_epvebb~d                     90.087060 +-         0.114821        1.455       0 [    3]      (   0)        3153974
       2.3         2.4   0.2             gd~_epvebb~u~                   22.660950 +-         0.055739       0.9725       0 [    3]      (   0)         714159
       2.3         2.4   0.2             ud~_epvebb~g                    13.524368 +-         0.090634       0.7012       0 [    5]      (   0)        7638772

       2.3         2.4   0.25            NNLO.QT-CS.42.RCA.QCD          125.912799 +-         0.150843
--------------------------------------------------------------------------------------------------------------------------------------------------------------
       2.3         2.4   0.25            gu_epvebb~d                     88.766796 +-         0.112135        1.638       0 [    3]      (   0)        3106792
       2.3         2.4   0.25            gd~_epvebb~u~                   22.080473 +-         0.054260       0.4703       0 [    3]      (   0)         696968
       2.3         2.4   0.25            ud~_epvebb~g                    15.065531 +-         0.085060       0.7048       0 [    5]      (   0)        6914301

       2.3         2.4   0.5             NNLO.QT-CS.42.RCA.QCD          121.774800 +-         0.134650
--------------------------------------------------------------------------------------------------------------------------------------------------------------
       2.3         2.4   0.5             gu_epvebb~d                     84.191424 +-         0.104097       0.6653       0 [    3]      (   0)        2946408
       2.3         2.4   0.5             gd~_epvebb~u~                   20.236758 +-         0.049884       0.6257       0 [    3]      (   0)         642109
       2.3         2.4   0.5             ud~_epvebb~g                    17.346618 +-         0.069325       0.5610       0 [    5]      (   0)        4866497

==============================================================================================================================================================

       2.4         2.5   0.01            NNLO.QT-CS.42.RCA.QCD          75.3808077 +-        0.2853102
--------------------------------------------------------------------------------------------------------------------------------------------------------------
       2.4         2.5   0.01            gu_epvebb~d                    98.5665923 +-        0.1601350       0.8460       0 [    3]      (   0)        3712656
       2.4         2.5   0.01            gd~_epvebb~u~                  25.9309206 +-        0.0756264       0.1411       0 [    3]      (   0)         844254
       2.4         2.5   0.01            ud~_epvebb~g                  -49.1167052 +-        0.2236947       0.1161       0 [    5]      (   0)       17830542

       2.4         2.5   0.05            NNLO.QT-CS.42.RCA.QCD          117.840624 +-         0.201602
--------------------------------------------------------------------------------------------------------------------------------------------------------------
       2.4         2.5   0.05            gu_epvebb~d                     94.975470 +-         0.132665        1.385       0 [    3]      (   0)        3415539
       2.4         2.5   0.05            gd~_epvebb~u~                   23.239108 +-         0.062341       0.5144       0 [    3]      (   0)         739828
       2.4         2.5   0.05            ud~_epvebb~g                    -0.373954 +-         0.138409       0.2201       0 [    5]      (   0)       12553356

       2.4         2.5   0.1             NNLO.QT-CS.42.RCA.QCD          124.606987 +-         0.176689
--------------------------------------------------------------------------------------------------------------------------------------------------------------
       2.4         2.5   0.1             gu_epvebb~d                     92.160986 +-         0.123264        1.196       0 [    3]      (   0)        3276662
       2.4         2.5   0.1             gd~_epvebb~u~                   21.872694 +-         0.057767       0.3002       0 [    3]      (   0)         691803
       2.4         2.5   0.1             ud~_epvebb~g                    10.573307 +-         0.112641      0.04133       0 [    5]      (   0)       10043496

       2.4         2.5   0.15            NNLO.QT-CS.42.RCA.QCD          125.985120 +-         0.164683
--------------------------------------------------------------------------------------------------------------------------------------------------------------
       2.4         2.5   0.15            gu_epvebb~d                     90.218132 +-         0.118018       0.6295       0 [    3]      (   0)        3193753
       2.4         2.5   0.15            gd~_epvebb~u~                   21.016606 +-         0.055131       0.1849       0 [    3]      (   0)         663560
       2.4         2.5   0.15            ud~_epvebb~g                    14.750382 +-         0.100762       0.2580       0 [    5]      (   0)        8612732

       2.4         2.5   0.2             NNLO.QT-CS.42.RCA.QCD          125.815900 +-         0.155436
--------------------------------------------------------------------------------------------------------------------------------------------------------------
       2.4         2.5   0.2             gu_epvebb~d                     88.649536 +-         0.114345       0.6941       0 [    3]      (   0)        3133549
       2.4         2.5   0.2             gd~_epvebb~u~                   20.380342 +-         0.053347       0.1411       0 [    3]      (   0)         643458
       2.4         2.5   0.2             ud~_epvebb~g                    16.786022 +-         0.090774       0.4143       0 [    5]      (   0)        7636687

       2.4         2.5   0.25            NNLO.QT-CS.42.RCA.QCD          125.168303 +-         0.149659
--------------------------------------------------------------------------------------------------------------------------------------------------------------
       2.4         2.5   0.25            gu_epvebb~d                     87.350038 +-         0.111558       0.8790       0 [    3]      (   0)        3085113
       2.4         2.5   0.25            gd~_epvebb~u~                   19.874874 +-         0.051921       0.1285       0 [    3]      (   0)         627905
       2.4         2.5   0.25            ud~_epvebb~g                    17.943391 +-         0.085188       0.6574       0 [    5]      (   0)        6908576

       2.4         2.5   0.5             NNLO.QT-CS.42.RCA.QCD          120.164078 +-         0.133331
--------------------------------------------------------------------------------------------------------------------------------------------------------------
       2.4         2.5   0.5             gu_epvebb~d                     82.776251 +-         0.103345       0.4486       0 [    3]      (   0)        2922910
       2.4         2.5   0.5             gd~_epvebb~u~                   18.218595 +-         0.047732       0.2198       0 [    3]      (   0)         578097
       2.4         2.5   0.5             ud~_epvebb~g                    19.169232 +-         0.069418        1.136       0 [    5]      (   0)        4856974

==============================================================================================================================================================

       2.5         2.6   0.01            NNLO.QT-CS.42.RCA.QCD          81.5913302 +-        0.2832933
--------------------------------------------------------------------------------------------------------------------------------------------------------------
       2.5         2.6   0.01            gu_epvebb~d                    96.3211789 +-        0.1609489       0.4396       0 [    3]      (   0)        3671457
       2.5         2.6   0.01            gd~_epvebb~u~                  22.9933262 +-        0.0720457       0.7659       0 [    3]      (   0)         752127
       2.5         2.6   0.01            ud~_epvebb~g                  -37.7231749 +-        0.2217205       0.4423       0 [    5]      (   0)       17800619

       2.5         2.6   0.05            NNLO.QT-CS.42.RCA.QCD          119.396730 +-         0.197866
--------------------------------------------------------------------------------------------------------------------------------------------------------------
       2.5         2.6   0.05            gu_epvebb~d                     93.075370 +-         0.132708        1.560       0 [    3]      (   0)        3370987
       2.5         2.6   0.05            gd~_epvebb~u~                   20.641813 +-         0.059352       0.6728       0 [    3]      (   0)         657437
       2.5         2.6   0.05            ud~_epvebb~g                     5.679547 +-         0.134228       0.7141       0 [    5]      (   0)       12518120

       2.5         2.6   0.1             NNLO.QT-CS.42.RCA.QCD          124.821662 +-         0.174080
--------------------------------------------------------------------------------------------------------------------------------------------------------------
       2.5         2.6   0.1             gu_epvebb~d                     90.403232 +-         0.123095       0.4176       0 [    3]      (   0)        3231492
       2.5         2.6   0.1             gd~_epvebb~u~                   19.418691 +-         0.054864       0.1706       0 [    3]      (   0)         614092
       2.5         2.6   0.1             ud~_epvebb~g                    14.999738 +-         0.110188       0.4596       0 [    5]      (   0)       10008512

       2.5         2.6   0.15            NNLO.QT-CS.42.RCA.QCD          125.470059 +-         0.162060
--------------------------------------------------------------------------------------------------------------------------------------------------------------
       2.5         2.6   0.15            gu_epvebb~d                     88.555922 +-         0.117789       0.5006       0 [    3]      (   0)        3148094
       2.5         2.6   0.15            gd~_epvebb~u~                   18.619290 +-         0.052364       0.3727       0 [    3]      (   0)         588633
       2.5         2.6   0.15            ud~_epvebb~g                    18.294846 +-         0.098220       0.4304       0 [    5]      (   0)        8578907

       2.5         2.6   0.2             NNLO.QT-CS.42.RCA.QCD          124.942763 +-         0.154141
--------------------------------------------------------------------------------------------------------------------------------------------------------------
       2.5         2.6   0.2             gu_epvebb~d                     87.019525 +-         0.114090       0.9158       0 [    3]      (   0)        3087333
       2.5         2.6   0.2             gd~_epvebb~u~                   18.035167 +-         0.050523       0.4831       0 [    3]      (   0)         570452
       2.5         2.6   0.2             ud~_epvebb~g                    19.888072 +-         0.090500       0.4143       0 [    5]      (   0)        7602617

       2.5         2.6   0.25            NNLO.QT-CS.42.RCA.QCD          123.963447 +-         0.148350
--------------------------------------------------------------------------------------------------------------------------------------------------------------
       2.5         2.6   0.25            gu_epvebb~d                     85.728135 +-         0.111260       0.9922       0 [    3]      (   0)        3039097
       2.5         2.6   0.25            gd~_epvebb~u~                   17.578744 +-         0.049208       0.4564       0 [    3]      (   0)         556534
       2.5         2.6   0.25            ud~_epvebb~g                    20.656569 +-         0.084898       0.6978       0 [    5]      (   0)        6875424

       2.5         2.6   0.5             NNLO.QT-CS.42.RCA.QCD          118.215147 +-         0.132004
--------------------------------------------------------------------------------------------------------------------------------------------------------------
       2.5         2.6   0.5             gu_epvebb~d                     81.192009 +-         0.102893       0.9869       0 [    3]      (   0)        2876502
       2.5         2.6   0.5             gd~_epvebb~u~                   16.070605 +-         0.045136       0.7845       0 [    3]      (   0)         511475
       2.5         2.6   0.5             ud~_epvebb~g                    20.952532 +-         0.069288       0.8411       0 [    5]      (   0)        4829864

==============================================================================================================================================================

       2.6         2.7   0.01            NNLO.QT-CS.42.RCA.QCD          89.0973702 +-        0.2813804
--------------------------------------------------------------------------------------------------------------------------------------------------------------
       2.6         2.7   0.01            gu_epvebb~d                    93.8294319 +-        0.1616731       0.9615       0 [    3]      (   0)        3604029
       2.6         2.7   0.01            gd~_epvebb~u~                  20.0855515 +-        0.0679620        4.481       0 [    3]      (   0)         663868
       2.6         2.7   0.01            ud~_epvebb~g                  -24.8176131 +-        0.2200406       0.8885       0 [    5]      (   0)       17694250

       2.6         2.7   0.05            NNLO.QT-CS.42.RCA.QCD          121.745351 +-         0.196221
--------------------------------------------------------------------------------------------------------------------------------------------------------------
       2.6         2.7   0.05            gu_epvebb~d                     91.184669 +-         0.132605       0.2390       0 [    3]      (   0)        3302534
       2.6         2.7   0.05            gd~_epvebb~u~                   18.113207 +-         0.055788        4.057       0 [    3]      (   0)         579551
       2.6         2.7   0.05            ud~_epvebb~g                    12.447475 +-         0.133441       0.6758       0 [    5]      (   0)       12426194

       2.6         2.7   0.1             NNLO.QT-CS.42.RCA.QCD          125.399573 +-         0.172343
--------------------------------------------------------------------------------------------------------------------------------------------------------------
       2.6         2.7   0.1             gu_epvebb~d                     88.613677 +-         0.122860       0.5494       0 [    3]      (   0)        3162140
       2.6         2.7   0.1             gd~_epvebb~u~                   17.014580 +-         0.051472        4.328       0 [    3]      (   0)         540416
       2.6         2.7   0.1             ud~_epvebb~g                    19.771316 +-         0.109352       0.5507       0 [    5]      (   0)        9926698

       2.6         2.7   0.15            NNLO.QT-CS.42.RCA.QCD          125.165922 +-         0.160173
--------------------------------------------------------------------------------------------------------------------------------------------------------------
       2.6         2.7   0.15            gu_epvebb~d                     86.693243 +-         0.117446       0.4448       0 [    3]      (   0)        3078423
       2.6         2.7   0.15            gd~_epvebb~u~                   16.341036 +-         0.049083        3.486       0 [    3]      (   0)         517783
       2.6         2.7   0.15            ud~_epvebb~g                    22.131643 +-         0.097224       0.5349       0 [    5]      (   0)        8503777

       2.6         2.7   0.2             NNLO.QT-CS.42.RCA.QCD          124.051314 +-         0.152312
--------------------------------------------------------------------------------------------------------------------------------------------------------------
       2.6         2.7   0.2             gu_epvebb~d                     85.193370 +-         0.113724       0.6736       0 [    3]      (   0)        3018084
       2.6         2.7   0.2             gd~_epvebb~u~                   15.838502 +-         0.047465        3.434       0 [    3]      (   0)         501654
       2.6         2.7   0.2             ud~_epvebb~g                    23.019442 +-         0.089515       0.1046       0 [    5]      (   0)        7533796

       2.6         2.7   0.25            NNLO.QT-CS.42.RCA.QCD          122.712840 +-         0.146495
--------------------------------------------------------------------------------------------------------------------------------------------------------------
       2.6         2.7   0.25            gu_epvebb~d                     83.918202 +-         0.110833       0.3787       0 [    3]      (   0)        2969679
       2.6         2.7   0.25            gd~_epvebb~u~                   15.431117 +-         0.046207        3.045       0 [    3]      (   0)         489250
       2.6         2.7   0.25            ud~_epvebb~g                    23.363522 +-         0.083915      0.05374       0 [    5]      (   0)        6810349

       2.6         2.7   0.5             NNLO.QT-CS.42.RCA.QCD          116.113106 +-         0.129978
--------------------------------------------------------------------------------------------------------------------------------------------------------------
       2.6         2.7   0.5             gu_epvebb~d                     79.408152 +-         0.102249        1.109       0 [    3]      (   0)        2807646
       2.6         2.7   0.5             gd~_epvebb~u~                   14.080115 +-         0.042135        1.055       0 [    3]      (   0)         449145
       2.6         2.7   0.5             ud~_epvebb~g                    22.624839 +-         0.068294       0.2502       0 [    5]      (   0)        4778786

==============================================================================================================================================================

       2.7         2.8   0.01            NNLO.QT-CS.42.RCA.QCD          95.3712729 +-        0.2805055
--------------------------------------------------------------------------------------------------------------------------------------------------------------
       2.7         2.8   0.01            gu_epvebb~d                    90.7590441 +-        0.1627053       0.1876       0 [    3]      (   0)        3508932
       2.7         2.8   0.01            gd~_epvebb~u~                  17.4692317 +-        0.0645071       0.2951       0 [    3]      (   0)         573902
       2.7         2.8   0.01            ud~_epvebb~g                  -12.8570029 +-        0.2192012       0.9678       0 [    5]      (   0)       17464756

       2.7         2.8   0.05            NNLO.QT-CS.42.RCA.QCD          122.426804 +-         0.195305
--------------------------------------------------------------------------------------------------------------------------------------------------------------
       2.7         2.8   0.05            gu_epvebb~d                     88.239780 +-         0.132534       0.1354       0 [    3]      (   0)        3210940
       2.7         2.8   0.05            gd~_epvebb~u~                   15.740296 +-         0.052745      0.08156       0 [    3]      (   0)         500132
       2.7         2.8   0.05            ud~_epvebb~g                    18.446729 +-         0.133405       0.4213       0 [    5]      (   0)       12250102

       2.7         2.8   0.1             NNLO.QT-CS.42.RCA.QCD          124.759703 +-         0.171280
--------------------------------------------------------------------------------------------------------------------------------------------------------------
       2.7         2.8   0.1             gu_epvebb~d                     85.890217 +-         0.122467       0.3143       0 [    3]      (   0)        3070612
       2.7         2.8   0.1             gd~_epvebb~u~                   14.824160 +-         0.048781       0.2202       0 [    3]      (   0)         466185
       2.7         2.8   0.1             ud~_epvebb~g                    24.045325 +-         0.109358       0.5199       0 [    5]      (   0)        9774838

       2.7         2.8   0.15            NNLO.QT-CS.42.RCA.QCD          123.809981 +-         0.159220
--------------------------------------------------------------------------------------------------------------------------------------------------------------
       2.7         2.8   0.15            gu_epvebb~d                     84.059421 +-         0.116973       0.2228       0 [    3]      (   0)        2988215
       2.7         2.8   0.15            gd~_epvebb~u~                   14.215175 +-         0.046459       0.2662       0 [    3]      (   0)         446243
       2.7         2.8   0.15            ud~_epvebb~g                    25.535386 +-         0.097518       0.7724       0 [    5]      (   0)        8369608

       2.7         2.8   0.2             NNLO.QT-CS.42.RCA.QCD          122.330080 +-         0.151343
--------------------------------------------------------------------------------------------------------------------------------------------------------------
       2.7         2.8   0.2             gu_epvebb~d                     82.567039 +-         0.113133       0.2860       0 [    3]      (   0)        2927774
       2.7         2.8   0.2             gd~_epvebb~u~                   13.786175 +-         0.044886       0.1896       0 [    3]      (   0)         432304
       2.7         2.8   0.2             ud~_epvebb~g                    25.976866 +-         0.089948        1.152       0 [    5]      (   0)        7411957

       2.7         2.8   0.25            NNLO.QT-CS.42.RCA.QCD          120.726154 +-         0.145527
--------------------------------------------------------------------------------------------------------------------------------------------------------------
       2.7         2.8   0.25            gu_epvebb~d                     81.335579 +-         0.110217      0.08104       0 [    3]      (   0)        2879648
       2.7         2.8   0.25            gd~_epvebb~u~                   13.430465 +-         0.043673       0.2506       0 [    3]      (   0)         421158
       2.7         2.8   0.25            ud~_epvebb~g                    25.960110 +-         0.084398        1.134       0 [    5]      (   0)        6698672

       2.7         2.8   0.5             NNLO.QT-CS.42.RCA.QCD          113.235752 +-         0.129015
--------------------------------------------------------------------------------------------------------------------------------------------------------------
       2.7         2.8   0.5             gu_epvebb~d                     76.845367 +-         0.101425       0.9950       0 [    3]      (   0)        2719043
       2.7         2.8   0.5             gd~_epvebb~u~                   12.239464 +-         0.039837       0.4173       0 [    3]      (   0)         386114
       2.7         2.8   0.5             ud~_epvebb~g                    24.150921 +-         0.069071        1.577       0 [    5]      (   0)        4693991

==============================================================================================================================================================

       2.8         2.9   0.01            NNLO.QT-CS.42.RCA.QCD          102.449996 +-         0.277739
--------------------------------------------------------------------------------------------------------------------------------------------------------------
       2.8         2.9   0.01            gu_epvebb~d                     87.276534 +-         0.162589        2.157       0 [    3]      (   0)        3385163
       2.8         2.9   0.01            gd~_epvebb~u~                   14.884580 +-         0.060304       0.7812       0 [    3]      (   0)         489748
       2.8         2.9   0.01            ud~_epvebb~g                     0.288882 +-         0.216949       0.3156       0 [    5]      (   0)       17082794

       2.8         2.9   0.05            NNLO.QT-CS.42.RCA.QCD          123.459590 +-         0.192790
--------------------------------------------------------------------------------------------------------------------------------------------------------------
       2.8         2.9   0.05            gu_epvebb~d                     85.251149 +-         0.132160       0.2329       0 [    3]      (   0)        3091704
       2.8         2.9   0.05            gd~_epvebb~u~                   13.395388 +-         0.049138      0.07140       0 [    3]      (   0)         426182
       2.8         2.9   0.05            ud~_epvebb~g                    24.813053 +-         0.131480       0.1435       0 [    5]      (   0)       11963888

       2.8         2.9   0.1             NNLO.QT-CS.42.RCA.QCD          123.977358 +-         0.168975
--------------------------------------------------------------------------------------------------------------------------------------------------------------
       2.8         2.9   0.1             gu_epvebb~d                     82.992006 +-         0.122115       0.1441       0 [    3]      (   0)        2953972
       2.8         2.9   0.1             gd~_epvebb~u~                   12.588740 +-         0.045333      0.03011       0 [    3]      (   0)         396572
       2.8         2.9   0.1             ud~_epvebb~g                    28.396612 +-         0.107636       0.1338       0 [    5]      (   0)        9540438

       2.8         2.9   0.15            NNLO.QT-CS.42.RCA.QCD          122.311746 +-         0.156888
--------------------------------------------------------------------------------------------------------------------------------------------------------------
       2.8         2.9   0.15            gu_epvebb~d                     81.165281 +-         0.116505       0.1732       0 [    3]      (   0)        2871780
       2.8         2.9   0.15            gd~_epvebb~u~                   12.095266 +-         0.043169      0.02826       0 [    3]      (   0)         379503
       2.8         2.9   0.15            ud~_epvebb~g                    29.051199 +-         0.095795       0.2392       0 [    5]      (   0)        8164927

       2.8         2.9   0.2             NNLO.QT-CS.42.RCA.QCD          120.324289 +-         0.148965
--------------------------------------------------------------------------------------------------------------------------------------------------------------
       2.8         2.9   0.2             gu_epvebb~d                     79.737622 +-         0.112629       0.2274       0 [    3]      (   0)        2812847
       2.8         2.9   0.2             gd~_epvebb~u~                   11.694825 +-         0.041578      0.04037       0 [    3]      (   0)         367305
       2.8         2.9   0.2             ud~_epvebb~g                    28.891842 +-         0.088184       0.2841       0 [    5]      (   0)        7227921

       2.8         2.9   0.25            NNLO.QT-CS.42.RCA.QCD          118.255818 +-         0.143052
--------------------------------------------------------------------------------------------------------------------------------------------------------------
       2.8         2.9   0.25            gu_epvebb~d                     78.476301 +-         0.109588       0.1896       0 [    3]      (   0)        2765437
       2.8         2.9   0.25            gd~_epvebb~u~                   11.373500 +-         0.040377     0.001055       0 [    3]      (   0)         357550
       2.8         2.9   0.25            ud~_epvebb~g                    28.406018 +-         0.082609       0.4805       0 [    5]      (   0)        6528814

       2.8         2.9   0.5             NNLO.QT-CS.42.RCA.QCD          109.944561 +-         0.126442
--------------------------------------------------------------------------------------------------------------------------------------------------------------
       2.8         2.9   0.5             gu_epvebb~d                     74.088467 +-         0.100628      0.09303       0 [    3]      (   0)        2606840
       2.8         2.9   0.5             gd~_epvebb~u~                   10.305506 +-         0.036746       0.1926       0 [    3]      (   0)         326945
       2.8         2.9   0.5             ud~_epvebb~g                    25.550588 +-         0.067165       0.4191       0 [    5]      (   0)        4566459

==============================================================================================================================================================

       2.9           3   0.01            NNLO.QT-CS.42.RCA.QCD          107.995326 +-         0.274732
--------------------------------------------------------------------------------------------------------------------------------------------------------------
       2.9           3   0.01            gu_epvebb~d                     83.697116 +-         0.162238       0.3986       0 [    3]      (   0)        3236803
       2.9           3   0.01            gd~_epvebb~u~                   12.590428 +-         0.055922        1.650       0 [    3]      (   0)         410093
       2.9           3   0.01            ud~_epvebb~g                    11.707782 +-         0.214544        1.100       0 [    5]      (   0)       16562138

       2.9           3   0.05            NNLO.QT-CS.42.RCA.QCD          123.559650 +-         0.190284
--------------------------------------------------------------------------------------------------------------------------------------------------------------
       2.9           3   0.05            gu_epvebb~d                     82.003376 +-         0.131257        1.044       0 [    3]      (   0)        2949526
       2.9           3   0.05            gd~_epvebb~u~                   11.319505 +-         0.045464       0.6726       0 [    3]      (   0)         356251
       2.9           3   0.05            ud~_epvebb~g                    30.236769 +-         0.130049       0.9096       0 [    5]      (   0)       11581155

       2.9           3   0.1             NNLO.QT-CS.42.RCA.QCD          122.323483 +-         0.166708
--------------------------------------------------------------------------------------------------------------------------------------------------------------
       2.9           3   0.1             gu_epvebb~d                     79.682424 +-         0.121088       0.9175       0 [    3]      (   0)        2815094
       2.9           3   0.1             gd~_epvebb~u~                   10.628916 +-         0.041980       0.8494       0 [    3]      (   0)         331357
       2.9           3   0.1             ud~_epvebb~g                    32.012143 +-         0.106616       0.6588       0 [    5]      (   0)        9225951

       2.9           3   0.15            NNLO.QT-CS.42.RCA.QCD          119.893082 +-         0.154718
--------------------------------------------------------------------------------------------------------------------------------------------------------------
       2.9           3   0.15            gu_epvebb~d                     77.958353 +-         0.115428       0.6162       0 [    3]      (   0)        2735072
       2.9           3   0.15            gd~_epvebb~u~                   10.181727 +-         0.040021       0.9413       0 [    3]      (   0)         316807
       2.9           3   0.15            ud~_epvebb~g                    31.753002 +-         0.094934       0.2486       0 [    5]      (   0)        7886308

       2.9           3   0.2             NNLO.QT-CS.42.RCA.QCD          117.459725 +-         0.146885
--------------------------------------------------------------------------------------------------------------------------------------------------------------
       2.9           3   0.2             gu_epvebb~d                     76.552195 +-         0.111621       0.5460       0 [    3]      (   0)        2677425
       2.9           3   0.2             gd~_epvebb~u~                    9.850225 +-         0.038552       0.8294       0 [    3]      (   0)         306459
       2.9           3   0.2             ud~_epvebb~g                    31.057305 +-         0.087349       0.1114       0 [    5]      (   0)        6976773

       2.9           3   0.25            NNLO.QT-CS.42.RCA.QCD          115.205674 +-         0.141126
--------------------------------------------------------------------------------------------------------------------------------------------------------------
       2.9           3   0.25            gu_epvebb~d                     75.348877 +-         0.108593       0.5179       0 [    3]      (   0)        2631476
       2.9           3   0.25            gd~_epvebb~u~                    9.588398 +-         0.037547       0.7723       0 [    3]      (   0)         298400
       2.9           3   0.25            ud~_epvebb~g                    30.268399 +-         0.081942       0.2448       0 [    5]      (   0)        6300380

       2.9           3   0.5             NNLO.QT-CS.42.RCA.QCD          106.282485 +-         0.124616
--------------------------------------------------------------------------------------------------------------------------------------------------------------
       2.9           3   0.5             gu_epvebb~d                     70.973198 +-         0.099460       0.9842       0 [    3]      (   0)        2477217
       2.9           3   0.5             gd~_epvebb~u~                    8.698797 +-         0.034230        1.567       0 [    3]      (   0)         272319
       2.9           3   0.5             ud~_epvebb~g                    26.610491 +-         0.066822       0.4994       0 [    5]      (   0)        4400004

==============================================================================================================================================================

         3         3.1   0.01            NNLO.QT-CS.42.RCA.QCD          113.433298 +-         0.269783
--------------------------------------------------------------------------------------------------------------------------------------------------------------
         3         3.1   0.01            gu_epvebb~d                     79.729653 +-         0.160607       0.2198       0 [    3]      (   0)        3054558
         3         3.1   0.01            gd~_epvebb~u~                   10.335983 +-         0.050950       0.1646       0 [    3]      (   0)         335440
         3         3.1   0.01            ud~_epvebb~g                    23.367662 +-         0.210695        1.161       0 [    5]      (   0)       15953048

         3         3.1   0.05            NNLO.QT-CS.42.RCA.QCD          123.107731 +-         0.187016
--------------------------------------------------------------------------------------------------------------------------------------------------------------
         3         3.1   0.05            gu_epvebb~d                     78.294930 +-         0.130164      0.03538       0 [    3]      (   0)        2778617
         3         3.1   0.05            gd~_epvebb~u~                    9.294387 +-         0.041721        1.263       0 [    3]      (   0)         291372
         3         3.1   0.05            ud~_epvebb~g                    35.518414 +-         0.127639       0.5569       0 [    5]      (   0)       11137683

         3         3.1   0.1             NNLO.QT-CS.42.RCA.QCD          120.230905 +-         0.163626
--------------------------------------------------------------------------------------------------------------------------------------------------------------
         3         3.1   0.1             gu_epvebb~d                     76.107279 +-         0.120024      0.01892       0 [    3]      (   0)        2648501
         3         3.1   0.1             gd~_epvebb~u~                    8.729707 +-         0.038329        1.038       0 [    3]      (   0)         270431
         3         3.1   0.1             ud~_epvebb~g                    35.393920 +-         0.104396       0.4999       0 [    5]      (   0)        8862172

         3         3.1   0.15            NNLO.QT-CS.42.RCA.QCD          117.002244 +-         0.151696
--------------------------------------------------------------------------------------------------------------------------------------------------------------
         3         3.1   0.15            gu_epvebb~d                     74.442941 +-         0.114297      0.02395       0 [    3]      (   0)        2570643
         3         3.1   0.15            gd~_epvebb~u~                    8.359622 +-         0.036460        1.134       0 [    3]      (   0)         258316
         3         3.1   0.15            ud~_epvebb~g                    34.199681 +-         0.092836       0.7255       0 [    5]      (   0)        7572670

         3         3.1   0.2             NNLO.QT-CS.42.RCA.QCD          114.070160 +-         0.143829
--------------------------------------------------------------------------------------------------------------------------------------------------------------
         3         3.1   0.2             gu_epvebb~d                     73.037412 +-         0.110317      0.02181       0 [    3]      (   0)        2514565
         3         3.1   0.2             gd~_epvebb~u~                    8.088036 +-         0.035164        1.677       0 [    3]      (   0)         249734
         3         3.1   0.2             ud~_epvebb~g                    32.944712 +-         0.085325       0.9133       0 [    5]      (   0)        6695408

         3         3.1   0.25            NNLO.QT-CS.42.RCA.QCD          111.535821 +-         0.138118
--------------------------------------------------------------------------------------------------------------------------------------------------------------
         3         3.1   0.25            gu_epvebb~d                     71.849695 +-         0.107347      0.01686       0 [    3]      (   0)        2470043
         3         3.1   0.25            gd~_epvebb~u~                    7.863653 +-         0.034098        1.515       0 [    3]      (   0)         243135
         3         3.1   0.25            ud~_epvebb~g                    31.822473 +-         0.079941        1.363       0 [    5]      (   0)        6044248

         3         3.1   0.5             NNLO.QT-CS.42.RCA.QCD          101.877178 +-         0.121707
--------------------------------------------------------------------------------------------------------------------------------------------------------------
         3         3.1   0.5             gu_epvebb~d                     67.476209 +-         0.098137      0.06767       0 [    3]      (   0)        2320845
         3         3.1   0.5             gd~_epvebb~u~                    7.131798 +-         0.031097       0.3840       0 [    3]      (   0)         221722
         3         3.1   0.5             ud~_epvebb~g                    27.269171 +-         0.064920       0.5260       0 [    5]      (   0)        4215687

==============================================================================================================================================================

       3.1         3.2   0.01            NNLO.QT-CS.42.RCA.QCD          117.153717 +-         0.264203
--------------------------------------------------------------------------------------------------------------------------------------------------------------
       3.1         3.2   0.01            gu_epvebb~d                     75.080529 +-         0.158960        1.764       0 [    3]      (   0)        2846786
       3.1         3.2   0.01            gd~_epvebb~u~                    8.397774 +-         0.046937        2.158       0 [    3]      (   0)         270690
       3.1         3.2   0.01            ud~_epvebb~g                    33.675414 +-         0.205747       0.3752       0 [    5]      (   0)       15250753

       3.1         3.2   0.05            NNLO.QT-CS.42.RCA.QCD          121.269581 +-         0.183071
--------------------------------------------------------------------------------------------------------------------------------------------------------------
       3.1         3.2   0.05            gu_epvebb~d                     73.835327 +-         0.128526        1.517       0 [    3]      (   0)        2584238
       3.1         3.2   0.05            gd~_epvebb~u~                    7.543370 +-         0.038252        1.575       0 [    3]      (   0)         234630
       3.1         3.2   0.05            ud~_epvebb~g                    39.890884 +-         0.124631       0.9215       0 [    5]      (   0)       10621835

       3.1         3.2   0.1             NNLO.QT-CS.42.RCA.QCD          117.008659 +-         0.159967
--------------------------------------------------------------------------------------------------------------------------------------------------------------
       3.1         3.2   0.1             gu_epvebb~d                     71.801604 +-         0.118225        1.153       0 [    3]      (   0)        2459229
       3.1         3.2   0.1             gd~_epvebb~u~                    7.080043 +-         0.035122       0.9941       0 [    3]      (   0)         217695
       3.1         3.2   0.1             ud~_epvebb~g                    38.127012 +-         0.101876       0.7794       0 [    5]      (   0)        8438509

       3.1         3.2   0.15            NNLO.QT-CS.42.RCA.QCD          113.142364 +-         0.148236
--------------------------------------------------------------------------------------------------------------------------------------------------------------
       3.1         3.2   0.15            gu_epvebb~d                     70.176245 +-         0.112457        1.050       0 [    3]      (   0)        2385675
       3.1         3.2   0.15            gd~_epvebb~u~                    6.758423 +-         0.033416       0.8828       0 [    3]      (   0)         207646
       3.1         3.2   0.15            ud~_epvebb~g                    36.207696 +-         0.090613       0.7292       0 [    5]      (   0)        7202847

       3.1         3.2   0.2             NNLO.QT-CS.42.RCA.QCD          109.852656 +-         0.140616
--------------------------------------------------------------------------------------------------------------------------------------------------------------
       3.1         3.2   0.2             gu_epvebb~d                     68.844708 +-         0.108598       0.5414       0 [    3]      (   0)        2332472
       3.1         3.2   0.2             gd~_epvebb~u~                    6.546317 +-         0.032200       0.8661       0 [    3]      (   0)         200639
       3.1         3.2   0.2             ud~_epvebb~g                    34.461631 +-         0.083321       0.8669       0 [    5]      (   0)        6363663

       3.1         3.2   0.25            NNLO.QT-CS.42.RCA.QCD          107.064646 +-         0.134903
--------------------------------------------------------------------------------------------------------------------------------------------------------------
       3.1         3.2   0.25            gu_epvebb~d                     67.694176 +-         0.105627       0.7894       0 [    3]      (   0)        2290104
       3.1         3.2   0.25            gd~_epvebb~u~                    6.368232 +-         0.031110       0.7952       0 [    3]      (   0)         195334
       3.1         3.2   0.25            ud~_epvebb~g                    33.002238 +-         0.077935       0.5958       0 [    5]      (   0)        5739540

       3.1         3.2   0.5             NNLO.QT-CS.42.RCA.QCD          96.9852739 +-        0.1187546
--------------------------------------------------------------------------------------------------------------------------------------------------------------
       3.1         3.2   0.5             gu_epvebb~d                    63.4976365 +-        0.0965505       0.8046       0 [    3]      (   0)        2148947
       3.1         3.2   0.5             gd~_epvebb~u~                   5.7595419 +-        0.0281935       0.3778       0 [    3]      (   0)         178231
       3.1         3.2   0.5             ud~_epvebb~g                   27.7280955 +-        0.0631329       0.4772       0 [    5]      (   0)        3992830

==============================================================================================================================================================

       3.2         3.3   0.01            NNLO.QT-CS.42.RCA.QCD          119.050652 +-         0.257492
--------------------------------------------------------------------------------------------------------------------------------------------------------------
       3.2         3.3   0.01            gu_epvebb~d                     69.882986 +-         0.156585       0.4951       0 [    3]      (   0)        2616505
       3.2         3.3   0.01            gd~_epvebb~u~                    6.603449 +-         0.041822      0.02466       0 [    3]      (   0)         212108
       3.2         3.3   0.01            ud~_epvebb~g                    42.564217 +-         0.200085       0.7815       0 [    5]      (   0)       14377811

       3.2         3.3   0.05            NNLO.QT-CS.42.RCA.QCD          118.068460 +-         0.177769
--------------------------------------------------------------------------------------------------------------------------------------------------------------
       3.2         3.3   0.05            gu_epvebb~d                     68.965157 +-         0.125898        1.320       0 [    3]      (   0)        2368782
       3.2         3.3   0.05            gd~_epvebb~u~                    5.946351 +-         0.033933       0.1367       0 [    3]      (   0)         183990
       3.2         3.3   0.05            ud~_epvebb~g                    43.156952 +-         0.120830       0.7647       0 [    5]      (   0)        9985679

       3.2         3.3   0.1             NNLO.QT-CS.42.RCA.QCD          112.480442 +-         0.155379
--------------------------------------------------------------------------------------------------------------------------------------------------------------
       3.2         3.3   0.1             gu_epvebb~d                     67.003317 +-         0.115773        1.531       0 [    3]      (   0)        2251224
       3.2         3.3   0.1             gd~_epvebb~u~                    5.572124 +-         0.031244       0.5853       0 [    3]      (   0)         170586
       3.2         3.3   0.1             ud~_epvebb~g                    39.905001 +-         0.098807        1.358       0 [    5]      (   0)        7921908

       3.2         3.3   0.15            NNLO.QT-CS.42.RCA.QCD          108.135912 +-         0.143923
--------------------------------------------------------------------------------------------------------------------------------------------------------------
       3.2         3.3   0.15            gu_epvebb~d                     65.445132 +-         0.110138       0.9657       0 [    3]      (   0)        2181754
       3.2         3.3   0.15            gd~_epvebb~u~                    5.337431 +-         0.029723       0.5301       0 [    3]      (   0)         162809
       3.2         3.3   0.15            ud~_epvebb~g                    37.353348 +-         0.087749       0.8927       0 [    5]      (   0)        6752073

       3.2         3.3   0.2             NNLO.QT-CS.42.RCA.QCD          104.448680 +-         0.136324
--------------------------------------------------------------------------------------------------------------------------------------------------------------
       3.2         3.3   0.2             gu_epvebb~d                     64.111388 +-         0.106158       0.5030       0 [    3]      (   0)        2131504
       3.2         3.3   0.2             gd~_epvebb~u~                    5.154245 +-         0.028611       0.8651       0 [    3]      (   0)         157188
       3.2         3.3   0.2             ud~_epvebb~g                    35.183047 +-         0.080599       0.4516       0 [    5]      (   0)        5961373

       3.2         3.3   0.25            NNLO.QT-CS.42.RCA.QCD          101.428102 +-         0.130748
--------------------------------------------------------------------------------------------------------------------------------------------------------------
       3.2         3.3   0.25            gu_epvebb~d                     63.022420 +-         0.103152       0.7515       0 [    3]      (   0)        2091755
       3.2         3.3   0.25            gd~_epvebb~u~                    5.004240 +-         0.027799       0.6880       0 [    3]      (   0)         152977
       3.2         3.3   0.25            ud~_epvebb~g                    33.401442 +-         0.075378       0.3891       0 [    5]      (   0)        5373494

       3.2         3.3   0.5             NNLO.QT-CS.42.RCA.QCD          90.9803102 +-        0.1150489
--------------------------------------------------------------------------------------------------------------------------------------------------------------
       3.2         3.3   0.5             gu_epvebb~d                    58.9195037 +-        0.0941597        1.373       0 [    3]      (   0)        1958410
       3.2         3.3   0.5             gd~_epvebb~u~                   4.5308952 +-        0.0252493        1.344       0 [    3]      (   0)         139303
       3.2         3.3   0.5             ud~_epvebb~g                   27.5299113 +-        0.0610956       0.5903       0 [    5]      (   0)        3729112

==============================================================================================================================================================

       3.3         3.4   0.01            NNLO.QT-CS.42.RCA.QCD          119.599756 +-         0.247844
--------------------------------------------------------------------------------------------------------------------------------------------------------------
       3.3         3.4   0.01            gu_epvebb~d                     64.341380 +-         0.151781      0.03384       0 [    3]      (   0)        2369680
       3.3         3.4   0.01            gd~_epvebb~u~                    5.119369 +-         0.036857       0.4205       0 [    3]      (   0)         164267
       3.3         3.4   0.01            ud~_epvebb~g                    50.139007 +-         0.192433       0.5181       0 [    5]      (   0)       13327821

       3.3         3.4   0.05            NNLO.QT-CS.42.RCA.QCD          113.645161 +-         0.171493
--------------------------------------------------------------------------------------------------------------------------------------------------------------
       3.3         3.4   0.05            gu_epvebb~d                     63.568225 +-         0.122210      0.09677       0 [    3]      (   0)        2140243
       3.3         3.4   0.05            gd~_epvebb~u~                    4.567114 +-         0.029935       0.3735       0 [    3]      (   0)         142336
       3.3         3.4   0.05            ud~_epvebb~g                    45.509822 +-         0.116526        1.575       0 [    5]      (   0)        9230292

       3.3         3.4   0.1             NNLO.QT-CS.42.RCA.QCD          106.906738 +-         0.149801
--------------------------------------------------------------------------------------------------------------------------------------------------------------
       3.3         3.4   0.1             gu_epvebb~d                     61.703613 +-         0.112314       0.1165       0 [    3]      (   0)        2030984
       3.3         3.4   0.1             gd~_epvebb~u~                    4.286957 +-         0.027719       0.5861       0 [    3]      (   0)         131999
       3.3         3.4   0.1             ud~_epvebb~g                    40.916168 +-         0.095171        1.343       0 [    5]      (   0)        7310570

       3.3         3.4   0.15            NNLO.QT-CS.42.RCA.QCD          102.059782 +-         0.138768
--------------------------------------------------------------------------------------------------------------------------------------------------------------
       3.3         3.4   0.15            gu_epvebb~d                     60.250022 +-         0.106852       0.1026       0 [    3]      (   0)        1966665
       3.3         3.4   0.15            gd~_epvebb~u~                    4.099674 +-         0.026329       0.9113       0 [    3]      (   0)         126102
       3.3         3.4   0.15            ud~_epvebb~g                    37.710086 +-         0.084535        1.090       0 [    5]      (   0)        6228057

       3.3         3.4   0.2             NNLO.QT-CS.42.RCA.QCD          98.2198883 +-        0.1314485
--------------------------------------------------------------------------------------------------------------------------------------------------------------
       3.3         3.4   0.2             gu_epvebb~d                    58.9979718 +-        0.1029989       0.1848       0 [    3]      (   0)        1919712
       3.3         3.4   0.2             gd~_epvebb~u~                   3.9487419 +-        0.0253245       0.6827       0 [    3]      (   0)         121761
       3.3         3.4   0.2             ud~_epvebb~g                   35.2731746 +-        0.0776441       0.6702       0 [    5]      (   0)        5495401

       3.3         3.4   0.25            NNLO.QT-CS.42.RCA.QCD          95.0707067 +-        0.1261034
--------------------------------------------------------------------------------------------------------------------------------------------------------------
       3.3         3.4   0.25            gu_epvebb~d                    57.9460935 +-        0.1001317       0.3887       0 [    3]      (   0)        1882901
       3.3         3.4   0.25            gd~_epvebb~u~                   3.8212791 +-        0.0244596       0.7949       0 [    3]      (   0)         118311
       3.3         3.4   0.25            ud~_epvebb~g                   33.3033341 +-        0.0726460       0.5320       0 [    5]      (   0)        4950730

       3.3         3.4   0.5             NNLO.QT-CS.42.RCA.QCD          84.4223725 +-        0.1106642
--------------------------------------------------------------------------------------------------------------------------------------------------------------
       3.3         3.4   0.5             gu_epvebb~d                    54.0580001 +-        0.0911672       0.2310       0 [    3]      (   0)        1759053
       3.3         3.4   0.5             gd~_epvebb~u~                   3.4156040 +-        0.0219497       0.5313       0 [    3]      (   0)         107286
       3.3         3.4   0.5             ud~_epvebb~g                   26.9487685 +-        0.0587648       0.9757       0 [    5]      (   0)        3429760

==============================================================================================================================================================

       3.4         3.5   0.01            NNLO.QT-CS.42.RCA.QCD          117.932937 +-         0.237336
--------------------------------------------------------------------------------------------------------------------------------------------------------------
       3.4         3.5   0.01            gu_epvebb~d                     58.460038 +-         0.145945       0.1214       0 [    3]      (   0)        2101286
       3.4         3.5   0.01            gd~_epvebb~u~                    3.785870 +-         0.032648       0.6585       0 [    3]      (   0)         124065
       3.4         3.5   0.01            ud~_epvebb~g                    55.687030 +-         0.184289       0.6287       0 [    5]      (   0)       12140409

       3.4         3.5   0.05            NNLO.QT-CS.42.RCA.QCD          107.585781 +-         0.164226
--------------------------------------------------------------------------------------------------------------------------------------------------------------
       3.4         3.5   0.05            gu_epvebb~d                     57.500602 +-         0.117383       0.1543       0 [    3]      (   0)        1891909
       3.4         3.5   0.05            gd~_epvebb~u~                    3.363530 +-         0.026484        1.833       0 [    3]      (   0)         107434
       3.4         3.5   0.05            ud~_epvebb~g                    46.721649 +-         0.111758       0.8318       0 [    5]      (   0)        8383303

       3.4         3.5   0.1             NNLO.QT-CS.42.RCA.QCD          99.9832163 +-        0.1433199
--------------------------------------------------------------------------------------------------------------------------------------------------------------
       3.4         3.5   0.1             gu_epvebb~d                    55.7766116 +-        0.1077971       0.1417       0 [    3]      (   0)        1791808
       3.4         3.5   0.1             gd~_epvebb~u~                   3.1614471 +-        0.0241829        1.381       0 [    3]      (   0)          99714
       3.4         3.5   0.1             ud~_epvebb~g                   41.0451577 +-        0.0912994       0.5397       0 [    5]      (   0)        6628444

       3.4         3.5   0.15            NNLO.QT-CS.42.RCA.QCD          94.7159821 +-        0.1325256
--------------------------------------------------------------------------------------------------------------------------------------------------------------
       3.4         3.5   0.15            gu_epvebb~d                    54.2855213 +-        0.1022887      0.05035       0 [    3]      (   0)        1731820
       3.4         3.5   0.15            gd~_epvebb~u~                   3.0370086 +-        0.0230468        1.062       0 [    3]      (   0)          95084
       3.4         3.5   0.15            ud~_epvebb~g                   37.3934523 +-        0.0810488       0.5547       0 [    5]      (   0)        5640221

       3.4         3.5   0.2             NNLO.QT-CS.42.RCA.QCD          90.7040200 +-        0.1254308
--------------------------------------------------------------------------------------------------------------------------------------------------------------
       3.4         3.5   0.2             gu_epvebb~d                    53.0679463 +-        0.0984945      0.05619       0 [    3]      (   0)        1688817
       3.4         3.5   0.2             gd~_epvebb~u~                   2.9273458 +-        0.0221393       0.8349       0 [    3]      (   0)          91806
       3.4         3.5   0.2             ud~_epvebb~g                   34.7087279 +-        0.0744417       0.5551       0 [    5]      (   0)        4971079

       3.4         3.5   0.25            NNLO.QT-CS.42.RCA.QCD          87.4651152 +-        0.1202495
--------------------------------------------------------------------------------------------------------------------------------------------------------------
       3.4         3.5   0.25            gu_epvebb~d                    52.0364264 +-        0.0956521       0.1531       0 [    3]      (   0)        1654939
       3.4         3.5   0.25            gd~_epvebb~u~                   2.8398817 +-        0.0213764        1.197       0 [    3]      (   0)          89267
       3.4         3.5   0.25            ud~_epvebb~g                   32.5888072 +-        0.0696682       0.7779       0 [    5]      (   0)        4475021

       3.4         3.5   0.5             NNLO.QT-CS.42.RCA.QCD          76.8258037 +-        0.1054257
--------------------------------------------------------------------------------------------------------------------------------------------------------------
       3.4         3.5   0.5             gu_epvebb~d                    48.3566746 +-        0.0870621       0.2488       0 [    3]      (   0)        1542474
       3.4         3.5   0.5             gd~_epvebb~u~                   2.5617731 +-        0.0192951        1.774       0 [    3]      (   0)          81216
       3.4         3.5   0.5             ud~_epvebb~g                   25.9073559 +-        0.0562358        1.988       0 [    5]      (   0)        3090809

==============================================================================================================================================================

       3.5         3.6   0.01            NNLO.QT-CS.42.RCA.QCD          113.830604 +-         0.225431
--------------------------------------------------------------------------------------------------------------------------------------------------------------
       3.5         3.6   0.01            gu_epvebb~d                     52.418822 +-         0.139545        1.461       0 [    3]      (   0)        1822799
       3.5         3.6   0.01            gd~_epvebb~u~                    2.723576 +-         0.027731       0.4763       0 [    3]      (   0)          92719
       3.5         3.6   0.01            ud~_epvebb~g                    58.688207 +-         0.174864       0.6757       0 [    5]      (   0)       10824289

       3.5         3.6   0.05            NNLO.QT-CS.42.RCA.QCD          99.9614979 +-        0.1560995
--------------------------------------------------------------------------------------------------------------------------------------------------------------
       3.5         3.6   0.05            gu_epvebb~d                    51.3838012 +-        0.1123659       0.6108       0 [    3]      (   0)        1635737
       3.5         3.6   0.05            gd~_epvebb~u~                   2.4487426 +-        0.0225130       0.8472       0 [    3]      (   0)          80644
       3.5         3.6   0.05            ud~_epvebb~g                   46.1289541 +-        0.1059912       0.1440       0 [    5]      (   0)        7446130

       3.5         3.6   0.1             NNLO.QT-CS.42.RCA.QCD          91.8431636 +-        0.1364261
--------------------------------------------------------------------------------------------------------------------------------------------------------------
       3.5         3.6   0.1             gu_epvebb~d                    49.7151709 +-        0.1033470       0.2801       0 [    3]      (   0)        1545586
       3.5         3.6   0.1             gd~_epvebb~u~                   2.2972722 +-        0.0207341       0.2774       0 [    3]      (   0)          74919
       3.5         3.6   0.1             ud~_epvebb~g                   39.8307205 +-        0.0866117       0.7366       0 [    5]      (   0)        5876603

       3.5         3.6   0.15            NNLO.QT-CS.42.RCA.QCD          86.4860917 +-        0.1263378
--------------------------------------------------------------------------------------------------------------------------------------------------------------
       3.5         3.6   0.15            gu_epvebb~d                    48.3431746 +-        0.0982434       0.2522       0 [    3]      (   0)        1492428
       3.5         3.6   0.15            gd~_epvebb~u~                   2.2029888 +-        0.0196581       0.2342       0 [    3]      (   0)          71605
       3.5         3.6   0.15            ud~_epvebb~g                   35.9399283 +-        0.0769614        1.806       0 [    5]      (   0)        4993958

       3.5         3.6   0.2             NNLO.QT-CS.42.RCA.QCD          82.5153518 +-        0.1195495
--------------------------------------------------------------------------------------------------------------------------------------------------------------
       3.5         3.6   0.2             gu_epvebb~d                    47.2275919 +-        0.0946632       0.1846       0 [    3]      (   0)        1453926
       3.5         3.6   0.2             gd~_epvebb~u~                   2.1209605 +-        0.0188372      0.03879       0 [    3]      (   0)          69140
       3.5         3.6   0.2             ud~_epvebb~g                   33.1667994 +-        0.0705415        1.610       0 [    5]      (   0)        4398640

       3.5         3.6   0.25            NNLO.QT-CS.42.RCA.QCD          79.3024316 +-        0.1146407
--------------------------------------------------------------------------------------------------------------------------------------------------------------
       3.5         3.6   0.25            gu_epvebb~d                    46.2511553 +-        0.0919201       0.2023       0 [    3]      (   0)        1423652
       3.5         3.6   0.25            gd~_epvebb~u~                   2.0597169 +-        0.0182306       0.2264       0 [    3]      (   0)          67248
       3.5         3.6   0.25            ud~_epvebb~g                   30.9915594 +-        0.0660365        1.252       0 [    5]      (   0)        3958036

       3.5         3.6   0.5             NNLO.QT-CS.42.RCA.QCD          68.9799285 +-        0.1004534
--------------------------------------------------------------------------------------------------------------------------------------------------------------
       3.5         3.6   0.5             gu_epvebb~d                    42.8239745 +-        0.0834765       0.3192       0 [    3]      (   0)        1323203
       3.5         3.6   0.5             gd~_epvebb~u~                   1.8525947 +-        0.0164000       0.5015       0 [    3]      (   0)          61120
       3.5         3.6   0.5             ud~_epvebb~g                   24.3033593 +-        0.0534191        1.285       0 [    5]      (   0)        2730337

==============================================================================================================================================================

       3.6         3.7   0.01            NNLO.QT-CS.42.RCA.QCD          106.638940 +-         0.211270
--------------------------------------------------------------------------------------------------------------------------------------------------------------
       3.6         3.7   0.01            gu_epvebb~d                     45.737842 +-         0.131158      0.04111       0 [    3]      (   0)        1541387
       3.6         3.7   0.01            gd~_epvebb~u~                    1.921682 +-         0.023470       0.1085       0 [    3]      (   0)          69907
       3.6         3.7   0.01            ud~_epvebb~g                    58.979416 +-         0.163956        1.316       0 [    5]      (   0)        9412266

       3.6         3.7   0.05            NNLO.QT-CS.42.RCA.QCD          90.7544457 +-        0.1463948
--------------------------------------------------------------------------------------------------------------------------------------------------------------
       3.6         3.7   0.05            gu_epvebb~d                    44.7044819 +-        0.1055223      0.08917       0 [    3]      (   0)        1378924
       3.6         3.7   0.05            gd~_epvebb~u~                   1.7185091 +-        0.0188365     0.001576       0 [    3]      (   0)          60906
       3.6         3.7   0.05            ud~_epvebb~g                   44.3314547 +-        0.0997078      0.08394       0 [    5]      (   0)        6454914

       3.6         3.7   0.1             NNLO.QT-CS.42.RCA.QCD          82.3581076 +-        0.1277430
--------------------------------------------------------------------------------------------------------------------------------------------------------------
       3.6         3.7   0.1             gu_epvebb~d                    43.1794246 +-        0.0969766       0.3298       0 [    3]      (   0)        1300516
       3.6         3.7   0.1             gd~_epvebb~u~                   1.6090243 +-        0.0170538       0.1236       0 [    3]      (   0)          56569
       3.6         3.7   0.1             ud~_epvebb~g                   37.5696586 +-        0.0813817       0.2756       0 [    5]      (   0)        5086790

       3.6         3.7   0.15            NNLO.QT-CS.42.RCA.QCD          77.0470710 +-        0.1180850
--------------------------------------------------------------------------------------------------------------------------------------------------------------
       3.6         3.7   0.15            gu_epvebb~d                    41.9807321 +-        0.0922441       0.1535       0 [    3]      (   0)        1253889
       3.6         3.7   0.15            gd~_epvebb~u~                   1.5426146 +-        0.0162269       0.1007       0 [    3]      (   0)          54111
       3.6         3.7   0.15            ud~_epvebb~g                   33.5237243 +-        0.0719151       0.2686       0 [    5]      (   0)        4316683

       3.6         3.7   0.2             NNLO.QT-CS.42.RCA.QCD          73.2352499 +-        0.1118291
--------------------------------------------------------------------------------------------------------------------------------------------------------------
       3.6         3.7   0.2             gu_epvebb~d                    40.9859466 +-        0.0889117      0.09261       0 [    3]      (   0)        1220350
       3.6         3.7   0.2             gd~_epvebb~u~                   1.4791607 +-        0.0154177       0.2279       0 [    3]      (   0)          52301
       3.6         3.7   0.2             ud~_epvebb~g                   30.7701426 +-        0.0660512       0.4361       0 [    5]      (   0)        3797684

       3.6         3.7   0.25            NNLO.QT-CS.42.RCA.QCD          70.2137863 +-        0.1072264
--------------------------------------------------------------------------------------------------------------------------------------------------------------
       3.6         3.7   0.25            gu_epvebb~d                    40.1424817 +-        0.0863385       0.1499       0 [    3]      (   0)        1193945
       3.6         3.7   0.25            gd~_epvebb~u~                   1.4390722 +-        0.0149828       0.2592       0 [    3]      (   0)          50867
       3.6         3.7   0.25            ud~_epvebb~g                   28.6322323 +-        0.0617953       0.7014       0 [    5]      (   0)        3415134

       3.6         3.7   0.5             NNLO.QT-CS.42.RCA.QCD          60.5285892 +-        0.0937766
--------------------------------------------------------------------------------------------------------------------------------------------------------------
       3.6         3.7   0.5             gu_epvebb~d                    37.0287461 +-        0.0782261      0.02289       0 [    3]      (   0)        1106843
       3.6         3.7   0.5             gd~_epvebb~u~                   1.3056370 +-        0.0135298     0.009175       0 [    3]      (   0)          46497
       3.6         3.7   0.5             ud~_epvebb~g                   22.1942062 +-        0.0499167        1.408       0 [    5]      (   0)        2349431

==============================================================================================================================================================

       3.7         3.8   0.01            NNLO.QT-CS.42.RCA.QCD          97.0339512 +-        0.1955687
--------------------------------------------------------------------------------------------------------------------------------------------------------------
       3.7         3.8   0.01            gu_epvebb~d                    39.0795843 +-        0.1224945       0.4124       0 [    3]      (   0)        1262198
       3.7         3.8   0.01            gd~_epvebb~u~                   1.3398924 +-        0.0198136       0.2750       0 [    3]      (   0)          54668
       3.7         3.8   0.01            ud~_epvebb~g                   56.6144746 +-        0.1511609       0.2206       0 [    5]      (   0)        7971779

       3.7         3.8   0.05            NNLO.QT-CS.42.RCA.QCD          80.1995147 +-        0.1357793
--------------------------------------------------------------------------------------------------------------------------------------------------------------
       3.7         3.8   0.05            gu_epvebb~d                    38.0852017 +-        0.0986467       0.4677       0 [    3]      (   0)        1124680
       3.7         3.8   0.05            gd~_epvebb~u~                   1.2043037 +-        0.0162121      0.05020       0 [    3]      (   0)          47866
       3.7         3.8   0.05            ud~_epvebb~g                   40.9100093 +-        0.0918804       0.2468       0 [    5]      (   0)        5446675

       3.7         3.8   0.1             NNLO.QT-CS.42.RCA.QCD          71.9437225 +-        0.1185436
--------------------------------------------------------------------------------------------------------------------------------------------------------------
       3.7         3.8   0.1             gu_epvebb~d                    36.7332976 +-        0.0905920       0.9163       0 [    3]      (   0)        1057735
       3.7         3.8   0.1             gd~_epvebb~u~                   1.1283455 +-        0.0149384      0.08319       0 [    3]      (   0)          44558
       3.7         3.8   0.1             ud~_epvebb~g                   34.0820794 +-        0.0749835       0.1933       0 [    5]      (   0)        4278250

       3.7         3.8   0.15            NNLO.QT-CS.42.RCA.QCD          66.8886204 +-        0.1097853
--------------------------------------------------------------------------------------------------------------------------------------------------------------
       3.7         3.8   0.15            gu_epvebb~d                    35.6153815 +-        0.0862288       0.6254       0 [    3]      (   0)        1018249
       3.7         3.8   0.15            gd~_epvebb~u~                   1.0867587 +-        0.0141323       0.3998       0 [    3]      (   0)          42664
       3.7         3.8   0.15            ud~_epvebb~g                   30.1864803 +-        0.0664657       0.3495       0 [    5]      (   0)        3626991

       3.7         3.8   0.2             NNLO.QT-CS.42.RCA.QCD          63.2726654 +-        0.1040392
--------------------------------------------------------------------------------------------------------------------------------------------------------------
       3.7         3.8   0.2             gu_epvebb~d                    34.6928646 +-        0.0831439       0.5742       0 [    3]      (   0)         989878
       3.7         3.8   0.2             gd~_epvebb~u~                   1.0517714 +-        0.0136062       0.1484       0 [    3]      (   0)          41258
       3.7         3.8   0.2             ud~_epvebb~g                   27.5280294 +-        0.0610419       0.7423       0 [    5]      (   0)        3188201

       3.7         3.8   0.25            NNLO.QT-CS.42.RCA.QCD          60.4897319 +-        0.0997401
--------------------------------------------------------------------------------------------------------------------------------------------------------------
       3.7         3.8   0.25            gu_epvebb~d                    33.9548527 +-        0.0807406       0.7122       0 [    3]      (   0)         967396
       3.7         3.8   0.25            gd~_epvebb~u~                   1.0149869 +-        0.0131670      0.07458       0 [    3]      (   0)          40129
       3.7         3.8   0.25            ud~_epvebb~g                   25.5198923 +-        0.0570586       0.4904       0 [    5]      (   0)        2863954

       3.7         3.8   0.5             NNLO.QT-CS.42.RCA.QCD          51.5945138 +-        0.0872297
--------------------------------------------------------------------------------------------------------------------------------------------------------------
       3.7         3.8   0.5             gu_epvebb~d                    31.1715003 +-        0.0731987      0.06541       0 [    3]      (   0)         893229
       3.7         3.8   0.5             gd~_epvebb~u~                   0.9198541 +-        0.0117520      0.08014       0 [    3]      (   0)          36661
       3.7         3.8   0.5             ud~_epvebb~g                   19.5031594 +-        0.0459658       0.3283       0 [    5]      (   0)        1963072

==============================================================================================================================================================

       3.8         3.9   0.01            NNLO.QT-CS.42.RCA.QCD          84.9078344 +-        0.1773814
--------------------------------------------------------------------------------------------------------------------------------------------------------------
       3.8         3.9   0.01            gu_epvebb~d                    32.0634011 +-        0.1112791       0.3179       0 [    3]      (   0)         997267
       3.8         3.9   0.01            gd~_epvebb~u~                   0.8950899 +-        0.0161805       0.8501       0 [    3]      (   0)          43874
       3.8         3.9   0.01            ud~_epvebb~g                   51.9493433 +-        0.1371836       0.3595       0 [    5]      (   0)        6524356

       3.8         3.9   0.05            NNLO.QT-CS.42.RCA.QCD          68.1108915 +-        0.1231417
--------------------------------------------------------------------------------------------------------------------------------------------------------------
       3.8         3.9   0.05            gu_epvebb~d                    31.0565857 +-        0.0895412       0.2966       0 [    3]      (   0)         884857
       3.8         3.9   0.05            gd~_epvebb~u~                   0.8349593 +-        0.0131761       0.4258       0 [    3]      (   0)          38365
       3.8         3.9   0.05            ud~_epvebb~g                   36.2193465 +-        0.0835024       0.5173       0 [    5]      (   0)        4437713

       3.8         3.9   0.1             NNLO.QT-CS.42.RCA.QCD          60.4851340 +-        0.1074371
--------------------------------------------------------------------------------------------------------------------------------------------------------------
       3.8         3.9   0.1             gu_epvebb~d                    29.8323310 +-        0.0822062       0.1989       0 [    3]      (   0)         830324
       3.8         3.9   0.1             gd~_epvebb~u~                   0.7871205 +-        0.0121499       0.8601       0 [    3]      (   0)          35784
       3.8         3.9   0.1             ud~_epvebb~g                   29.8656825 +-        0.0680973       0.5066       0 [    5]      (   0)        3480722

       3.8         3.9   0.15            NNLO.QT-CS.42.RCA.QCD          55.9454181 +-        0.0995156
--------------------------------------------------------------------------------------------------------------------------------------------------------------
       3.8         3.9   0.15            gu_epvebb~d                    28.9383357 +-        0.0782260       0.4781       0 [    3]      (   0)         797952
       3.8         3.9   0.15            gd~_epvebb~u~                   0.7660474 +-        0.0116459       0.5321       0 [    3]      (   0)          34309
       3.8         3.9   0.15            ud~_epvebb~g                   26.2410350 +-        0.0604021        1.054       0 [    5]      (   0)        2946673

       3.8         3.9   0.2             NNLO.QT-CS.42.RCA.QCD          52.6946546 +-        0.0941308
--------------------------------------------------------------------------------------------------------------------------------------------------------------
       3.8         3.9   0.2             gu_epvebb~d                    28.1621198 +-        0.0752837       0.5827       0 [    3]      (   0)         774744
       3.8         3.9   0.2             gd~_epvebb~u~                   0.7405154 +-        0.0111121       0.4814       0 [    3]      (   0)          33236
       3.8         3.9   0.2             ud~_epvebb~g                   23.7920194 +-        0.0554029        1.048       0 [    5]      (   0)        2587306

       3.8         3.9   0.25            NNLO.QT-CS.42.RCA.QCD          50.1624318 +-        0.0902632
--------------------------------------------------------------------------------------------------------------------------------------------------------------
       3.8         3.9   0.25            gu_epvebb~d                    27.5190636 +-        0.0731618       0.5803       0 [    3]      (   0)         756519
       3.8         3.9   0.25            gd~_epvebb~u~                   0.7202317 +-        0.0107046       0.2067       0 [    3]      (   0)          32407
       3.8         3.9   0.25            ud~_epvebb~g                   21.9231365 +-        0.0517707        1.230       0 [    5]      (   0)        2322230

       3.8         3.9   0.5             NNLO.QT-CS.42.RCA.QCD          42.3080993 +-        0.0787651
--------------------------------------------------------------------------------------------------------------------------------------------------------------
       3.8         3.9   0.5             gu_epvebb~d                    25.1068831 +-        0.0661213       0.2995       0 [    3]      (   0)         696084
       3.8         3.9   0.5             gd~_epvebb~u~                   0.6565871 +-        0.0096944      0.02143       0 [    3]      (   0)          29769
       3.8         3.9   0.5             ud~_epvebb~g                   16.5446290 +-        0.0416885       0.5857       0 [    5]      (   0)        1588589

==============================================================================================================================================================

       3.9           4   0.01            NNLO.QT-CS.42.RCA.QCD          71.1469451 +-        0.1581978
--------------------------------------------------------------------------------------------------------------------------------------------------------------
       3.9           4   0.01            gu_epvebb~d                    25.4782157 +-        0.0998601       0.3825       0 [    3]      (   0)         755172
       3.9           4   0.01            gd~_epvebb~u~                   0.5934676 +-        0.0142343       0.6648       0 [    3]      (   0)          37798
       3.9           4   0.01            ud~_epvebb~g                   45.0752618 +-        0.1218682       0.2223       0 [    5]      (   0)        5152912

       3.9           4   0.05            NNLO.QT-CS.42.RCA.QCD          55.6258997 +-        0.1100094
--------------------------------------------------------------------------------------------------------------------------------------------------------------
       3.9           4   0.05            gu_epvebb~d                    24.5620701 +-        0.0804485       0.3321       0 [    3]      (   0)         667376
       3.9           4   0.05            gd~_epvebb~u~                   0.5631944 +-        0.0110617       0.8732       0 [    3]      (   0)          32968
       3.9           4   0.05            ud~_epvebb~g                   30.5006352 +-        0.0742143       0.9437       0 [    5]      (   0)        3487410

       3.9           4   0.1             NNLO.QT-CS.42.RCA.QCD          48.8721507 +-        0.0961403
--------------------------------------------------------------------------------------------------------------------------------------------------------------
       3.9           4   0.1             gu_epvebb~d                    23.5027976 +-        0.0739152       0.2510       0 [    3]      (   0)         624646
       3.9           4   0.1             gd~_epvebb~u~                   0.5457631 +-        0.0102217        1.285       0 [    3]      (   0)          30800
       3.9           4   0.1             ud~_epvebb~g                   24.8235901 +-        0.0606219       0.6145       0 [    5]      (   0)        2727641

       3.9           4   0.15            NNLO.QT-CS.42.RCA.QCD          44.8998330 +-        0.0888836
--------------------------------------------------------------------------------------------------------------------------------------------------------------
       3.9           4   0.15            gu_epvebb~d                    22.6790761 +-        0.0701168       0.3123       0 [    3]      (   0)         599002
       3.9           4   0.15            gd~_epvebb~u~                   0.5250942 +-        0.0096823        1.476       0 [    3]      (   0)          29549
       3.9           4   0.15            ud~_epvebb~g                   21.6956627 +-        0.0537605       0.1356       0 [    5]      (   0)        2306366

       3.9           4   0.2             NNLO.QT-CS.42.RCA.QCD          42.1279568 +-        0.0842187
--------------------------------------------------------------------------------------------------------------------------------------------------------------
       3.9           4   0.2             gu_epvebb~d                    22.0509225 +-        0.0676521       0.2274       0 [    3]      (   0)         580561
       3.9           4   0.2             gd~_epvebb~u~                   0.5133298 +-        0.0093562        1.668       0 [    3]      (   0)          28538
       3.9           4   0.2             ud~_epvebb~g                   19.5637044 +-        0.0492793       0.5811       0 [    5]      (   0)        2022097

       3.9           4   0.25            NNLO.QT-CS.42.RCA.QCD          39.9805556 +-        0.0807945
--------------------------------------------------------------------------------------------------------------------------------------------------------------
       3.9           4   0.25            gu_epvebb~d                    21.5210224 +-        0.0657554       0.4229       0 [    3]      (   0)         566069
       3.9           4   0.25            gd~_epvebb~u~                   0.5013463 +-        0.0090402        1.650       0 [    3]      (   0)          27845
       3.9           4   0.25            ud~_epvebb~g                   17.9581869 +-        0.0460679       0.3852       0 [    5]      (   0)        1814798

       3.9           4   0.5             NNLO.QT-CS.42.RCA.QCD          33.4891152 +-        0.0706624
--------------------------------------------------------------------------------------------------------------------------------------------------------------
       3.9           4   0.5             gu_epvebb~d                    19.5802413 +-        0.0595394       0.2071       0 [    3]      (   0)         518998
       3.9           4   0.5             gd~_epvebb~u~                   0.4675378 +-        0.0082945        2.246       0 [    3]      (   0)          25541
       3.9           4   0.5             ud~_epvebb~g                   13.4413361 +-        0.0371406       0.7026       0 [    5]      (   0)        1237563

==============================================================================================================================================================

         4         4.1   0.01            NNLO.QT-CS.42.RCA.QCD          56.2460717 +-        0.1381533
--------------------------------------------------------------------------------------------------------------------------------------------------------------
         4         4.1   0.01            gu_epvebb~d                    19.2740970 +-        0.0877236        1.784       0 [    3]      (   0)         545321
         4         4.1   0.01            gd~_epvebb~u~                   0.4172613 +-        0.0115807       0.9147       0 [    3]      (   0)          33655
         4         4.1   0.01            ud~_epvebb~g                   36.5547133 +-        0.1060980        1.112       0 [    5]      (   0)        3857663

         4         4.1   0.05            NNLO.QT-CS.42.RCA.QCD          43.0937674 +-        0.0960255
--------------------------------------------------------------------------------------------------------------------------------------------------------------
         4         4.1   0.05            gu_epvebb~d                    18.4505332 +-        0.0702803        1.394       0 [    3]      (   0)         479602
         4         4.1   0.05            gd~_epvebb~u~                   0.4194029 +-        0.0091275      0.02252       0 [    3]      (   0)          29360
         4         4.1   0.05            ud~_epvebb~g                   24.2238313 +-        0.0647939        1.138       0 [    5]      (   0)        2598061

         4         4.1   0.1             NNLO.QT-CS.42.RCA.QCD          37.5267642 +-        0.0839547
--------------------------------------------------------------------------------------------------------------------------------------------------------------
         4         4.1   0.1             gu_epvebb~d                    17.5526157 +-        0.0645974        1.533       0 [    3]      (   0)         447294
         4         4.1   0.1             gd~_epvebb~u~                   0.4111127 +-        0.0085655       0.1110       0 [    3]      (   0)          27296
         4         4.1   0.1             ud~_epvebb~g                   19.5630358 +-        0.0529357       0.3942       0 [    5]      (   0)        2026147

         4         4.1   0.15            NNLO.QT-CS.42.RCA.QCD          34.3141744 +-        0.0775544
--------------------------------------------------------------------------------------------------------------------------------------------------------------
         4         4.1   0.15            gu_epvebb~d                    16.9193745 +-        0.0612388        1.499       0 [    3]      (   0)         428174
         4         4.1   0.15            gd~_epvebb~u~                   0.4029630 +-        0.0082267       0.1089       0 [    3]      (   0)          26147
         4         4.1   0.15            ud~_epvebb~g                   16.9918368 +-        0.0468703       0.8873       0 [    5]      (   0)        1709728

         4         4.1   0.2             NNLO.QT-CS.42.RCA.QCD          32.0655413 +-        0.0734011
--------------------------------------------------------------------------------------------------------------------------------------------------------------
         4         4.1   0.2             gu_epvebb~d                    16.4089163 +-        0.0589562        1.232       0 [    3]      (   0)         414475
         4         4.1   0.2             gd~_epvebb~u~                   0.3968233 +-        0.0079707       0.1403       0 [    3]      (   0)          25321
         4         4.1   0.2             ud~_epvebb~g                   15.2598018 +-        0.0429924        1.436       0 [    5]      (   0)        1498575

         4         4.1   0.25            NNLO.QT-CS.42.RCA.QCD          30.3611568 +-        0.0704587
--------------------------------------------------------------------------------------------------------------------------------------------------------------
         4         4.1   0.25            gu_epvebb~d                    15.9855436 +-        0.0573391        1.803       0 [    3]      (   0)         403781
         4         4.1   0.25            gd~_epvebb~u~                   0.3906206 +-        0.0078156       0.2726       0 [    3]      (   0)          24641
         4         4.1   0.25            ud~_epvebb~g                   13.9849926 +-        0.0401941        1.237       0 [    5]      (   0)        1343553

         4         4.1   0.5             NNLO.QT-CS.42.RCA.QCD          25.1549606 +-        0.0613929
--------------------------------------------------------------------------------------------------------------------------------------------------------------
         4         4.1   0.5             gu_epvebb~d                    14.4505825 +-        0.0516847        2.598       0 [    3]      (   0)         368586
         4         4.1   0.5             gd~_epvebb~u~                   0.3683786 +-        0.0072498      0.02061       0 [    3]      (   0)          22542
         4         4.1   0.5             ud~_epvebb~g                   10.3359995 +-        0.0323298       0.8592       0 [    5]      (   0)         915108

==============================================================================================================================================================

       4.1         4.2   0.01            NNLO.QT-CS.42.RCA.QCD          42.0191434 +-        0.1175065
--------------------------------------------------------------------------------------------------------------------------------------------------------------
       4.1         4.2   0.01            gu_epvebb~d                    13.6192474 +-        0.0739790       0.9100       0 [    3]      (   0)         372999
       4.1         4.2   0.01            gd~_epvebb~u~                   0.3323254 +-        0.0109184       0.3562       0 [    3]      (   0)          30835
       4.1         4.2   0.01            ud~_epvebb~g                   28.0675705 +-        0.0906403       0.1415       0 [    5]      (   0)        2707279

       4.1         4.2   0.05            NNLO.QT-CS.42.RCA.QCD          31.5590286 +-        0.0816554
--------------------------------------------------------------------------------------------------------------------------------------------------------------
       4.1         4.2   0.05            gu_epvebb~d                    13.0335686 +-        0.0592864       0.6761       0 [    3]      (   0)         327118
       4.1         4.2   0.05            gd~_epvebb~u~                   0.3493856 +-        0.0090416       0.4209       0 [    3]      (   0)          26807
       4.1         4.2   0.05            ud~_epvebb~g                   18.1760744 +-        0.0554164       0.2515       0 [    5]      (   0)        1815245

       4.1         4.2   0.1             NNLO.QT-CS.42.RCA.QCD          27.1972421 +-        0.0712826
--------------------------------------------------------------------------------------------------------------------------------------------------------------
       4.1         4.2   0.1             gu_epvebb~d                    12.3592239 +-        0.0544676       0.9029       0 [    3]      (   0)         304378
       4.1         4.2   0.1             gd~_epvebb~u~                   0.3503496 +-        0.0082060       0.1258       0 [    3]      (   0)          24991
       4.1         4.2   0.1             ud~_epvebb~g                   14.4876686 +-        0.0452455       0.1041       0 [    5]      (   0)        1414319

       4.1         4.2   0.15            NNLO.QT-CS.42.RCA.QCD          24.7760269 +-        0.0659982
--------------------------------------------------------------------------------------------------------------------------------------------------------------
       4.1         4.2   0.15            gu_epvebb~d                    11.9005291 +-        0.0518047       0.5000       0 [    3]      (   0)         290722
       4.1         4.2   0.15            gd~_epvebb~u~                   0.3509295 +-        0.0078856      0.07309       0 [    3]      (   0)          23907
       4.1         4.2   0.15            ud~_epvebb~g                   12.5245683 +-        0.0401229       0.1681       0 [    5]      (   0)        1192068

       4.1         4.2   0.2             NNLO.QT-CS.42.RCA.QCD          23.0543287 +-        0.0624878
--------------------------------------------------------------------------------------------------------------------------------------------------------------
       4.1         4.2   0.2             gu_epvebb~d                    11.5172037 +-        0.0499393       0.5874       0 [    3]      (   0)         280940
       4.1         4.2   0.2             gd~_epvebb~u~                   0.3495707 +-        0.0076460      0.04678       0 [    3]      (   0)          23072
       4.1         4.2   0.2             ud~_epvebb~g                   11.1875543 +-        0.0367740       0.3803       0 [    5]      (   0)        1043750

       4.1         4.2   0.25            NNLO.QT-CS.42.RCA.QCD          21.7738362 +-        0.0599794
--------------------------------------------------------------------------------------------------------------------------------------------------------------
       4.1         4.2   0.25            gu_epvebb~d                    11.2302055 +-        0.0486188       0.9066       0 [    3]      (   0)         273237
       4.1         4.2   0.25            gd~_epvebb~u~                   0.3447116 +-        0.0074564      0.02143       0 [    3]      (   0)          22513
       4.1         4.2   0.25            ud~_epvebb~g                   10.1989192 +-        0.0343241       0.4200       0 [    5]      (   0)         934678

       4.1         4.2   0.5             NNLO.QT-CS.42.RCA.QCD          17.8704750 +-        0.0523680
--------------------------------------------------------------------------------------------------------------------------------------------------------------
       4.1         4.2   0.5             gu_epvebb~d                    10.1012949 +-        0.0440154        1.156       0 [    3]      (   0)         248345
       4.1         4.2   0.5             gd~_epvebb~u~                   0.3292379 +-        0.0069740      0.04010       0 [    3]      (   0)          20588
       4.1         4.2   0.5             ud~_epvebb~g                    7.4399421 +-        0.0275029       0.6325       0 [    5]      (   0)         634671

==============================================================================================================================================================

       4.2         4.3   0.01            NNLO.QT-CS.42.RCA.QCD          29.2939781 +-        0.0967089
--------------------------------------------------------------------------------------------------------------------------------------------------------------
       4.2         4.3   0.01            gu_epvebb~d                     9.1867837 +-        0.0602995      0.06509       0 [    3]      (   0)         238374
       4.2         4.3   0.01            gd~_epvebb~u~                   0.3489447 +-        0.0113588        1.064       0 [    3]      (   0)          28066
       4.2         4.3   0.01            ud~_epvebb~g                   19.7582497 +-        0.0747500        1.718       0 [    5]      (   0)        1780748

       4.2         4.3   0.05            NNLO.QT-CS.42.RCA.QCD          21.3575734 +-        0.0671708
--------------------------------------------------------------------------------------------------------------------------------------------------------------
       4.2         4.3   0.05            gu_epvebb~d                     8.5812806 +-        0.0485309       0.5342       0 [    3]      (   0)         207963
       4.2         4.3   0.05            gd~_epvebb~u~                   0.3808143 +-        0.0093043       0.7056       0 [    3]      (   0)          24310
       4.2         4.3   0.05            ud~_epvebb~g                   12.3954785 +-        0.0454984        1.215       0 [    5]      (   0)        1188220

       4.2         4.3   0.1             NNLO.QT-CS.42.RCA.QCD          18.3640025 +-        0.0589636
--------------------------------------------------------------------------------------------------------------------------------------------------------------
       4.2         4.3   0.1             gu_epvebb~d                     8.1268298 +-        0.0449034       0.3304       0 [    3]      (   0)         192895
       4.2         4.3   0.1             gd~_epvebb~u~                   0.3696911 +-        0.0086563       0.8753       0 [    3]      (   0)          22525
       4.2         4.3   0.1             ud~_epvebb~g                    9.8674817 +-        0.0372218       0.5050       0 [    5]      (   0)         923749

       4.2         4.3   0.15            NNLO.QT-CS.42.RCA.QCD          16.6474591 +-        0.0546256
--------------------------------------------------------------------------------------------------------------------------------------------------------------
       4.2         4.3   0.15            gu_epvebb~d                     7.7991317 +-        0.0427195       0.1618       0 [    3]      (   0)         183847
       4.2         4.3   0.15            gd~_epvebb~u~                   0.3634121 +-        0.0082691       0.7164       0 [    3]      (   0)          21531
       4.2         4.3   0.15            ud~_epvebb~g                    8.4849153 +-        0.0330246       0.8668       0 [    5]      (   0)         778665

       4.2         4.3   0.2             NNLO.QT-CS.42.RCA.QCD          15.4603922 +-        0.0516680
--------------------------------------------------------------------------------------------------------------------------------------------------------------
       4.2         4.3   0.2             gu_epvebb~d                     7.5384340 +-        0.0410719       0.1006       0 [    3]      (   0)         177336
       4.2         4.3   0.2             gd~_epvebb~u~                   0.3582840 +-        0.0080496       0.6025       0 [    3]      (   0)          20760
       4.2         4.3   0.2             ud~_epvebb~g                    7.5636742 +-        0.0302967       0.2560       0 [    5]      (   0)         681429

       4.2         4.3   0.25            NNLO.QT-CS.42.RCA.QCD          14.5710101 +-        0.0495073
--------------------------------------------------------------------------------------------------------------------------------------------------------------
       4.2         4.3   0.25            gu_epvebb~d                     7.3252535 +-        0.0398476      0.03684       0 [    3]      (   0)         172298
       4.2         4.3   0.25            gd~_epvebb~u~                   0.3535884 +-        0.0078500       0.6617       0 [    3]      (   0)          20157
       4.2         4.3   0.25            ud~_epvebb~g                    6.8921682 +-        0.0283112       0.4037       0 [    5]      (   0)         610182

       4.2         4.3   0.5             NNLO.QT-CS.42.RCA.QCD          11.9052867 +-        0.0432575
--------------------------------------------------------------------------------------------------------------------------------------------------------------
       4.2         4.3   0.5             gu_epvebb~d                     6.5799109 +-        0.0361006      0.05751       0 [    3]      (   0)         155865
       4.2         4.3   0.5             gd~_epvebb~u~                   0.3357719 +-        0.0073921       0.4333       0 [    3]      (   0)          18293
       4.2         4.3   0.5             ud~_epvebb~g                    4.9896039 +-        0.0226564       0.5367       0 [    5]      (   0)         413701

==============================================================================================================================================================

       4.3         4.4   0.01            NNLO.QT-CS.42.RCA.QCD          18.5486496 +-        0.0768152
--------------------------------------------------------------------------------------------------------------------------------------------------------------
       4.3         4.4   0.01            gu_epvebb~d                     5.5332750 +-        0.0473717        1.254       0 [    3]      (   0)         141287
       4.3         4.4   0.01            gd~_epvebb~u~                   0.3587564 +-        0.0112543       0.3153       0 [    3]      (   0)          24696
       4.3         4.4   0.01            ud~_epvebb~g                   12.6566182 +-        0.0594125       0.1647       0 [    5]      (   0)        1086423

       4.3         4.4   0.05            NNLO.QT-CS.42.RCA.QCD          13.4893632 +-        0.0534916
--------------------------------------------------------------------------------------------------------------------------------------------------------------
       4.3         4.4   0.05            gu_epvebb~d                     5.1798988 +-        0.0379562        1.106       0 [    3]      (   0)         122802
       4.3         4.4   0.05            gd~_epvebb~u~                   0.3716466 +-        0.0091509       0.2393       0 [    3]      (   0)          21089
       4.3         4.4   0.05            ud~_epvebb~g                    7.9378179 +-        0.0365642       0.5642       0 [    5]      (   0)         722608

       4.3         4.4   0.1             NNLO.QT-CS.42.RCA.QCD          11.4802836 +-        0.0469403
--------------------------------------------------------------------------------------------------------------------------------------------------------------
       4.3         4.4   0.1             gu_epvebb~d                     4.8802185 +-        0.0352025        1.193       0 [    3]      (   0)         113516
       4.3         4.4   0.1             gd~_epvebb~u~                   0.3674322 +-        0.0085469       0.3526       0 [    3]      (   0)          19469
       4.3         4.4   0.1             ud~_epvebb~g                    6.2326329 +-        0.0298518       0.5806       0 [    5]      (   0)         561337

       4.3         4.4   0.15            NNLO.QT-CS.42.RCA.QCD          10.3801606 +-        0.0436159
--------------------------------------------------------------------------------------------------------------------------------------------------------------
       4.3         4.4   0.15            gu_epvebb~d                     4.6728800 +-        0.0336423        1.163       0 [    3]      (   0)         108029
       4.3         4.4   0.15            gd~_epvebb~u~                   0.3601782 +-        0.0082064       0.2089       0 [    3]      (   0)          18567
       4.3         4.4   0.15            ud~_epvebb~g                    5.3471024 +-        0.0265179       0.7504       0 [    5]      (   0)         473333

       4.3         4.4   0.2             NNLO.QT-CS.42.RCA.QCD          9.63509586 +-       0.04134011
--------------------------------------------------------------------------------------------------------------------------------------------------------------
       4.3         4.4   0.2             gu_epvebb~d                    4.50972743 +-       0.03243495        1.468       0 [    3]      (   0)         104241
       4.3         4.4   0.2             gd~_epvebb~u~                  0.35317391 +-       0.00796246       0.3693       0 [    3]      (   0)          17854
       4.3         4.4   0.2             ud~_epvebb~g                   4.77219452 +-       0.02436346       0.8151       0 [    5]      (   0)         414120

       4.3         4.4   0.25            NNLO.QT-CS.42.RCA.QCD          9.04432694 +-       0.03942416
--------------------------------------------------------------------------------------------------------------------------------------------------------------
       4.3         4.4   0.25            gu_epvebb~d                    4.35673643 +-       0.03121146        1.489       0 [    3]      (   0)         101110
       4.3         4.4   0.25            gd~_epvebb~u~                  0.34727046 +-       0.00780056       0.4601       0 [    3]      (   0)          17321
       4.3         4.4   0.25            ud~_epvebb~g                   4.34032005 +-       0.02278728       0.6287       0 [    5]      (   0)         370775

       4.3         4.4   0.5             NNLO.QT-CS.42.RCA.QCD          7.31400925 +-       0.03431239
--------------------------------------------------------------------------------------------------------------------------------------------------------------
       4.3         4.4   0.5             gu_epvebb~d                    3.87137201 +-       0.02818685        1.400       0 [    3]      (   0)          91079
       4.3         4.4   0.5             gd~_epvebb~u~                  0.32433780 +-       0.00726971      0.08768       0 [    3]      (   0)          15581
       4.3         4.4   0.5             ud~_epvebb~g                   3.11829944 +-       0.01816570       0.3546       0 [    5]      (   0)         251752

==============================================================================================================================================================

       4.4         4.5   0.01            NNLO.QT-CS.42.RCA.QCD          10.7079713 +-        0.0584789
--------------------------------------------------------------------------------------------------------------------------------------------------------------
       4.4         4.5   0.01            gu_epvebb~d                     2.9757930 +-        0.0350026       0.5859       0 [    3]      (   0)          77492
       4.4         4.5   0.01            gd~_epvebb~u~                   0.3815137 +-        0.0111497        1.573       0 [    3]      (   0)          20069
       4.4         4.5   0.01            ud~_epvebb~g                    7.3506646 +-        0.0455003       0.5591       0 [    5]      (   0)         617679

       4.4         4.5   0.05            NNLO.QT-CS.42.RCA.QCD          7.65081894 +-       0.04047366
--------------------------------------------------------------------------------------------------------------------------------------------------------------
       4.4         4.5   0.05            gu_epvebb~d                    2.73995041 +-       0.02785198       0.6100       0 [    3]      (   0)          67394
       4.4         4.5   0.05            gd~_epvebb~u~                  0.37212693 +-       0.00940496       0.4268       0 [    3]      (   0)          17040
       4.4         4.5   0.05            ud~_epvebb~g                   4.53874160 +-       0.02781962        1.845       0 [    5]      (   0)         410059

       4.4         4.5   0.1             NNLO.QT-CS.42.RCA.QCD          6.47786392 +-       0.03542138
--------------------------------------------------------------------------------------------------------------------------------------------------------------
       4.4         4.5   0.1             gu_epvebb~d                    2.56602917 +-       0.02582257       0.5186       0 [    3]      (   0)          62247
       4.4         4.5   0.1             gd~_epvebb~u~                  0.35774701 +-       0.00880910       0.1868       0 [    3]      (   0)          15608
       4.4         4.5   0.1             ud~_epvebb~g                   3.55408774 +-       0.02258912       0.9815       0 [    5]      (   0)         317652

       4.4         4.5   0.15            NNLO.QT-CS.42.RCA.QCD          5.81956789 +-       0.03284279
--------------------------------------------------------------------------------------------------------------------------------------------------------------
       4.4         4.5   0.15            gu_epvebb~d                    2.44708041 +-       0.02462481       0.6401       0 [    3]      (   0)          59077
       4.4         4.5   0.15            gd~_epvebb~u~                  0.34513474 +-       0.00843610       0.2493       0 [    3]      (   0)          14754
       4.4         4.5   0.15            ud~_epvebb~g                   3.02735274 +-       0.02002747        1.470       0 [    5]      (   0)         267286

       4.4         4.5   0.2             NNLO.QT-CS.42.RCA.QCD          5.36538048 +-       0.03099686
--------------------------------------------------------------------------------------------------------------------------------------------------------------
       4.4         4.5   0.2             gu_epvebb~d                    2.35171728 +-       0.02366691       0.4310       0 [    3]      (   0)          56890
       4.4         4.5   0.2             gd~_epvebb~u~                  0.33617557 +-       0.00821752       0.1623       0 [    3]      (   0)          14158
       4.4         4.5   0.2             ud~_epvebb~g                   2.67748763 +-       0.01825253        2.155       0 [    5]      (   0)         233831

       4.4         4.5   0.25            NNLO.QT-CS.42.RCA.QCD          5.02361460 +-       0.02961287
--------------------------------------------------------------------------------------------------------------------------------------------------------------
       4.4         4.5   0.25            gu_epvebb~d                    2.28069432 +-       0.02294242       0.6123       0 [    3]      (   0)          55220
       4.4         4.5   0.25            gd~_epvebb~u~                  0.32915950 +-       0.00801938       0.2880       0 [    3]      (   0)          13701
       4.4         4.5   0.25            ud~_epvebb~g                   2.41376077 +-       0.01691913        2.658       0 [    5]      (   0)         209207

       4.4         4.5   0.5             NNLO.QT-CS.42.RCA.QCD          4.03903071 +-       0.02586514
--------------------------------------------------------------------------------------------------------------------------------------------------------------
       4.4         4.5   0.5             gu_epvebb~d                    2.02278033 +-       0.02080947        1.163       0 [    3]      (   0)          49618
       4.4         4.5   0.5             gd~_epvebb~u~                  0.30041965 +-       0.00742884       0.5345       0 [    3]      (   0)          12256
       4.4         4.5   0.5             ud~_epvebb~g                   1.71583072 +-       0.01344559        3.352       0 [    5]      (   0)         141573

==============================================================================================================================================================

       4.5         4.6   0.01            NNLO.QT-CS.42.RCA.QCD          5.48938642 +-       0.04237654
--------------------------------------------------------------------------------------------------------------------------------------------------------------
       4.5         4.6   0.01            gu_epvebb~d                    1.36727684 +-       0.02531954       0.3444       0 [    3]      (   0)          40483
       4.5         4.6   0.01            gd~_epvebb~u~                  0.32814101 +-       0.01008393     0.008304       0 [    3]      (   0)          14118
       4.5         4.6   0.01            ud~_epvebb~g                   3.79396857 +-       0.03245006       0.4874       0 [    5]      (   0)         342045

       4.5         4.6   0.05            NNLO.QT-CS.42.RCA.QCD          3.87763977 +-       0.02924650
--------------------------------------------------------------------------------------------------------------------------------------------------------------
       4.5         4.6   0.05            gu_epvebb~d                    1.27102662 +-       0.01975598       0.5561       0 [    3]      (   0)          35356
       4.5         4.6   0.05            gd~_epvebb~u~                  0.31449668 +-       0.00850816      0.05123       0 [    3]      (   0)          11923
       4.5         4.6   0.05            ud~_epvebb~g                   2.29211647 +-       0.01981591       0.5094       0 [    5]      (   0)         226730

       4.5         4.6   0.1             NNLO.QT-CS.42.RCA.QCD          3.26141487 +-       0.02555892
--------------------------------------------------------------------------------------------------------------------------------------------------------------
       4.5         4.6   0.1             gu_epvebb~d                    1.19065973 +-       0.01812034       0.6986       0 [    3]      (   0)          32704
       4.5         4.6   0.1             gd~_epvebb~u~                  0.29740627 +-       0.00795699       0.1823       0 [    3]      (   0)          10952
       4.5         4.6   0.1             ud~_epvebb~g                   1.77334887 +-       0.01617399       0.2196       0 [    5]      (   0)         175260

       4.5         4.6   0.15            NNLO.QT-CS.42.RCA.QCD          2.91813497 +-       0.02360842
--------------------------------------------------------------------------------------------------------------------------------------------------------------
       4.5         4.6   0.15            gu_epvebb~d                    1.13451540 +-       0.01716294       0.9938       0 [    3]      (   0)          31172
       4.5         4.6   0.15            gd~_epvebb~u~                  0.28649655 +-       0.00770289       0.1212       0 [    3]      (   0)          10360
       4.5         4.6   0.15            ud~_epvebb~g                   1.49712301 +-       0.01426382       0.4914       0 [    5]      (   0)         147335

       4.5         4.6   0.2             NNLO.QT-CS.42.RCA.QCD          2.68155173 +-       0.02229068
--------------------------------------------------------------------------------------------------------------------------------------------------------------
       4.5         4.6   0.2             gu_epvebb~d                    1.08873762 +-       0.01651860       0.6601       0 [    3]      (   0)          29996
       4.5         4.6   0.2             gd~_epvebb~u~                  0.27602712 +-       0.00743264       0.3881       0 [    3]      (   0)           9930
       4.5         4.6   0.2             ud~_epvebb~g                   1.31678698 +-       0.01299101       0.4802       0 [    5]      (   0)         128521

       4.5         4.6   0.25            NNLO.QT-CS.42.RCA.QCD          2.50368013 +-       0.02127182
--------------------------------------------------------------------------------------------------------------------------------------------------------------
       4.5         4.6   0.25            gu_epvebb~d                    1.04647292 +-       0.01594497       0.2004       0 [    3]      (   0)          29077
       4.5         4.6   0.25            gd~_epvebb~u~                  0.26972859 +-       0.00730001       0.5355       0 [    3]      (   0)           9566
       4.5         4.6   0.25            ud~_epvebb~g                   1.18747862 +-       0.01203986       0.4053       0 [    5]      (   0)         114989

       4.5         4.6   0.5             NNLO.QT-CS.42.RCA.QCD          2.01363807 +-       0.01839926
--------------------------------------------------------------------------------------------------------------------------------------------------------------
       4.5         4.6   0.5             gu_epvebb~d                    0.92001948 +-       0.01420768       0.6297       0 [    3]      (   0)          26104
       4.5         4.6   0.5             gd~_epvebb~u~                  0.24350448 +-       0.00679225       0.2390       0 [    3]      (   0)           8535
       4.5         4.6   0.5             ud~_epvebb~g                   0.85011411 +-       0.00951525       0.4308       0 [    5]      (   0)          77721

==============================================================================================================================================================

       4.6         4.7   0.01            NNLO.QT-CS.42.RCA.QCD          2.41476993 +-       0.02777210
--------------------------------------------------------------------------------------------------------------------------------------------------------------
       4.6         4.7   0.01            gu_epvebb~d                    0.56338417 +-       0.01723200       0.8923       0 [    3]      (   0)          21826
       4.6         4.7   0.01            gd~_epvebb~u~                  0.20460316 +-       0.00788511       0.9553       0 [    3]      (   0)           8352
       4.6         4.7   0.01            ud~_epvebb~g                   1.64678260 +-       0.02030203       0.3717       0 [    5]      (   0)         193510

       4.6         4.7   0.05            NNLO.QT-CS.42.RCA.QCD          1.69930262 +-       0.01913689
--------------------------------------------------------------------------------------------------------------------------------------------------------------
       4.6         4.7   0.05            gu_epvebb~d                    0.53628379 +-       0.01340715       0.3755       0 [    3]      (   0)          19199
       4.6         4.7   0.05            gd~_epvebb~u~                  0.18457024 +-       0.00612712       0.8013       0 [    3]      (   0)           6990
       4.6         4.7   0.05            ud~_epvebb~g                   0.97844859 +-       0.01220358        1.016       0 [    5]      (   0)         127322

       4.6         4.7   0.1             NNLO.QT-CS.42.RCA.QCD          1.45068948 +-       0.01716218
--------------------------------------------------------------------------------------------------------------------------------------------------------------
       4.6         4.7   0.1             gu_epvebb~d                    0.51212610 +-       0.01267661       0.3836       0 [    3]      (   0)          17836
       4.6         4.7   0.1             gd~_epvebb~u~                  0.17581582 +-       0.00586159       0.7851       0 [    3]      (   0)           6396
       4.6         4.7   0.1             ud~_epvebb~g                   0.76274756 +-       0.00997426       0.1734       0 [    5]      (   0)          98239

       4.6         4.7   0.15            NNLO.QT-CS.42.RCA.QCD          1.30574928 +-       0.01607117
--------------------------------------------------------------------------------------------------------------------------------------------------------------
       4.6         4.7   0.15            gu_epvebb~d                    0.49010743 +-       0.01217919       0.3388       0 [    3]      (   0)          16944
       4.6         4.7   0.15            gd~_epvebb~u~                  0.17061186 +-       0.00568051       0.5215       0 [    3]      (   0)           6037
       4.6         4.7   0.15            ud~_epvebb~g                   0.64502999 +-       0.00881372       0.2642       0 [    5]      (   0)          82354

       4.6         4.7   0.2             NNLO.QT-CS.42.RCA.QCD          1.20046791 +-       0.01535519
--------------------------------------------------------------------------------------------------------------------------------------------------------------
       4.6         4.7   0.2             gu_epvebb~d                    0.47314910 +-       0.01187763       0.4616       0 [    3]      (   0)          16318
       4.6         4.7   0.2             gd~_epvebb~u~                  0.16338295 +-       0.00554879       0.6403       0 [    3]      (   0)           5759
       4.6         4.7   0.2             ud~_epvebb~g                   0.56393587 +-       0.00799465       0.3922       0 [    5]      (   0)          71606

       4.6         4.7   0.25            NNLO.QT-CS.42.RCA.QCD          1.12277057 +-       0.01481277
--------------------------------------------------------------------------------------------------------------------------------------------------------------
       4.6         4.7   0.25            gu_epvebb~d                    0.45550083 +-       0.01155802       0.1350       0 [    3]      (   0)          15856
       4.6         4.7   0.25            gd~_epvebb~u~                  0.15878066 +-       0.00546289       0.7437       0 [    3]      (   0)           5562
       4.6         4.7   0.25            ud~_epvebb~g                   0.50848907 +-       0.00748246       0.5284       0 [    5]      (   0)          63841

       4.6         4.7   0.5             NNLO.QT-CS.42.RCA.QCD          0.89677372 +-       0.01307191
--------------------------------------------------------------------------------------------------------------------------------------------------------------
       4.6         4.7   0.5             gu_epvebb~d                    0.40391924 +-       0.01057386      0.09868       0 [    3]      (   0)          14259
       4.6         4.7   0.5             gd~_epvebb~u~                  0.14010331 +-       0.00504929       0.7950       0 [    3]      (   0)           4899
       4.6         4.7   0.5             ud~_epvebb~g                   0.35275117 +-       0.00579423       0.2914       0 [    5]      (   0)          42860

==============================================================================================================================================================

       4.7         4.8   0.01            NNLO.QT-CS.42.RCA.QCD          0.84949102 +-       0.01526741
--------------------------------------------------------------------------------------------------------------------------------------------------------------
       4.7         4.8   0.01            gu_epvebb~d                    0.21561293 +-       0.01000806        1.795       0 [    3]      (   0)          12593
       4.7         4.8   0.01            gd~_epvebb~u~                  0.07588547 +-       0.00410931       0.1318       0 [    3]      (   0)           4755
       4.7         4.8   0.01            ud~_epvebb~g                   0.55799262 +-       0.01077247       0.4249       0 [    5]      (   0)         111739

       4.7         4.8   0.05            NNLO.QT-CS.42.RCA.QCD          0.60729245 +-       0.01053268
--------------------------------------------------------------------------------------------------------------------------------------------------------------
       4.7         4.8   0.05            gu_epvebb~d                    0.19796974 +-       0.00760927       0.7305       0 [    3]      (   0)          10984
       4.7         4.8   0.05            gd~_epvebb~u~                  0.07022529 +-       0.00311403      0.01465       0 [    3]      (   0)           3925
       4.7         4.8   0.05            ud~_epvebb~g                   0.33909742 +-       0.00658324       0.3441       0 [    5]      (   0)          72854

       4.7         4.8   0.1             NNLO.QT-CS.42.RCA.QCD          0.51215532 +-       0.00933893
--------------------------------------------------------------------------------------------------------------------------------------------------------------
       4.7         4.8   0.1             gu_epvebb~d                    0.18584531 +-       0.00715451       0.7839       0 [    3]      (   0)          10144
       4.7         4.8   0.1             gd~_epvebb~u~                  0.06631223 +-       0.00299878      0.02598       0 [    3]      (   0)           3576
       4.7         4.8   0.1             ud~_epvebb~g                   0.25999778 +-       0.00519960       0.3982       0 [    5]      (   0)          55918

       4.7         4.8   0.15            NNLO.QT-CS.42.RCA.QCD          0.45852885 +-       0.00821483
--------------------------------------------------------------------------------------------------------------------------------------------------------------
       4.7         4.8   0.15            gu_epvebb~d                    0.17262835 +-       0.00618943        2.254       0 [    3]      (   0)           9643
       4.7         4.8   0.15            gd~_epvebb~u~                  0.06268320 +-       0.00290499      0.03951       0 [    3]      (   0)           3349
       4.7         4.8   0.15            ud~_epvebb~g                   0.22321729 +-       0.00455362       0.3645       0 [    5]      (   0)          46481

       4.7         4.8   0.2             NNLO.QT-CS.42.RCA.QCD          0.42221363 +-       0.00785534
--------------------------------------------------------------------------------------------------------------------------------------------------------------
       4.7         4.8   0.2             gu_epvebb~d                    0.16711561 +-       0.00602334        1.664       0 [    3]      (   0)           9290
       4.7         4.8   0.2             gd~_epvebb~u~                  0.05995847 +-       0.00284500     0.009375       0 [    3]      (   0)           3185
       4.7         4.8   0.2             ud~_epvebb~g                   0.19513956 +-       0.00416312       0.2141       0 [    5]      (   0)          40319

       4.7         4.8   0.25            NNLO.QT-CS.42.RCA.QCD          0.39353497 +-       0.00753458
--------------------------------------------------------------------------------------------------------------------------------------------------------------
       4.7         4.8   0.25            gu_epvebb~d                    0.16003147 +-       0.00584226        1.351       0 [    3]      (   0)           8989
       4.7         4.8   0.25            gd~_epvebb~u~                  0.05751972 +-       0.00279288     0.003423       0 [    3]      (   0)           3054
       4.7         4.8   0.25            ud~_epvebb~g                   0.17598378 +-       0.00385197       0.1650       0 [    5]      (   0)          35869

       4.7         4.8   0.5             NNLO.QT-CS.42.RCA.QCD          0.31505522 +-       0.00659097
--------------------------------------------------------------------------------------------------------------------------------------------------------------
       4.7         4.8   0.5             gu_epvebb~d                    0.14335298 +-       0.00528210       0.8818       0 [    3]      (   0)           8039
       4.7         4.8   0.5             gd~_epvebb~u~                  0.04818511 +-       0.00239890     0.004147       0 [    3]      (   0)           2656
       4.7         4.8   0.5             ud~_epvebb~g                   0.12351713 +-       0.00312819       0.1957       0 [    5]      (   0)          23993

==============================================================================================================================================================

       4.8         4.9   0.01            NNLO.QT-CS.42.RCA.QCD          0.23980718 +-       0.00976181
--------------------------------------------------------------------------------------------------------------------------------------------------------------
       4.8         4.9   0.01            gu_epvebb~d                    0.07797789 +-       0.00698587        1.450       0 [    3]      (   0)           6163
       4.8         4.9   0.01            gd~_epvebb~u~                  0.01869718 +-       0.00160784        1.042       0 [    3]      (   0)           2075
       4.8         4.9   0.01            ud~_epvebb~g                   0.14313211 +-       0.00662611        1.212       0 [    5]      (   0)          52054

       4.8         4.9   0.05            NNLO.QT-CS.42.RCA.QCD          0.18913795 +-       0.00656084
--------------------------------------------------------------------------------------------------------------------------------------------------------------
       4.8         4.9   0.05            gu_epvebb~d                    0.07941064 +-       0.00501170        1.384       0 [    3]      (   0)           5283
       4.8         4.9   0.05            gd~_epvebb~u~                  0.01625851 +-       0.00129724        1.211       0 [    3]      (   0)           1682
       4.8         4.9   0.05            ud~_epvebb~g                   0.09346880 +-       0.00403046       0.4149       0 [    5]      (   0)          33639

       4.8         4.9   0.1             NNLO.QT-CS.42.RCA.QCD          0.16871944 +-       0.00587235
--------------------------------------------------------------------------------------------------------------------------------------------------------------
       4.8         4.9   0.1             gu_epvebb~d                    0.07869335 +-       0.00472268        1.209       0 [    3]      (   0)           4786
       4.8         4.9   0.1             gd~_epvebb~u~                  0.01420425 +-       0.00105680       0.5702       0 [    3]      (   0)           1498
       4.8         4.9   0.1             ud~_epvebb~g                   0.07582185 +-       0.00332625       0.5976       0 [    5]      (   0)          25666

       4.8         4.9   0.15            NNLO.QT-CS.42.RCA.QCD          0.15319861 +-       0.00553514
--------------------------------------------------------------------------------------------------------------------------------------------------------------
       4.8         4.9   0.15            gu_epvebb~d                    0.07335964 +-       0.00450413        1.714       0 [    3]      (   0)           4499
       4.8         4.9   0.15            gd~_epvebb~u~                  0.01344861 +-       0.00101536       0.4895       0 [    3]      (   0)           1395
       4.8         4.9   0.15            ud~_epvebb~g                   0.06639036 +-       0.00305281       0.3967       0 [    5]      (   0)          21319

       4.8         4.9   0.2             NNLO.QT-CS.42.RCA.QCD          0.14135446 +-       0.00520031
--------------------------------------------------------------------------------------------------------------------------------------------------------------
       4.8         4.9   0.2             gu_epvebb~d                    0.06942719 +-       0.00424413        1.564       0 [    3]      (   0)           4294
       4.8         4.9   0.2             gd~_epvebb~u~                  0.01296605 +-       0.00099603       0.4050       0 [    3]      (   0)           1318
       4.8         4.9   0.2             ud~_epvebb~g                   0.05896122 +-       0.00283522       0.6393       0 [    5]      (   0)          18548

       4.8         4.9   0.25            NNLO.QT-CS.42.RCA.QCD          0.13189352 +-       0.00496884
--------------------------------------------------------------------------------------------------------------------------------------------------------------
       4.8         4.9   0.25            gu_epvebb~d                    0.06741346 +-       0.00410218        1.626       0 [    3]      (   0)           4142
       4.8         4.9   0.25            gd~_epvebb~u~                  0.01244821 +-       0.00097439       0.6245       0 [    3]      (   0)           1265
       4.8         4.9   0.25            ud~_epvebb~g                   0.05203185 +-       0.00262907       0.6881       0 [    5]      (   0)          16480

       4.8         4.9   0.5             NNLO.QT-CS.42.RCA.QCD          0.10760669 +-       0.00447295
--------------------------------------------------------------------------------------------------------------------------------------------------------------
       4.8         4.9   0.5             gu_epvebb~d                    0.05923776 +-       0.00382764        1.430       0 [    3]      (   0)           3555
       4.8         4.9   0.5             gd~_epvebb~u~                  0.01080572 +-       0.00088727      0.07338       0 [    3]      (   0)           1086
       4.8         4.9   0.5             ud~_epvebb~g                   0.03756321 +-       0.00213757       0.4899       0 [    5]      (   0)          11132

==============================================================================================================================================================

       4.9           5   0.01            NNLO.QT-CS.42.RCA.QCD         0.089902880 +-      0.007724662
--------------------------------------------------------------------------------------------------------------------------------------------------------------
       4.9           5   0.01            gu_epvebb~d                   0.032336233 +-      0.005768239        1.174       0 [    3]      (   0)           2485
       4.9           5   0.01            gd~_epvebb~u~                 0.003479771 +-      0.000881442        1.042       0 [    3]      (   0)            565
       4.9           5   0.01            ud~_epvebb~g                  0.054086876 +-      0.005061708       0.8866       0 [    5]      (   0)          17303

       4.9           5   0.05            NNLO.QT-CS.42.RCA.QCD         0.074318259 +-      0.004787211
--------------------------------------------------------------------------------------------------------------------------------------------------------------
       4.9           5   0.05            gu_epvebb~d                   0.037243254 +-      0.003760607      0.01601       0 [    3]      (   0)           2169
       4.9           5   0.05            gd~_epvebb~u~                 0.002940769 +-      0.000712450       0.8397       0 [    3]      (   0)            468
       4.9           5   0.05            ud~_epvebb~g                  0.034134237 +-      0.002875350        1.121       0 [    5]      (   0)          11557

       4.9           5   0.1             NNLO.QT-CS.42.RCA.QCD         0.067980847 +-      0.004292939
--------------------------------------------------------------------------------------------------------------------------------------------------------------
       4.9           5   0.1             gu_epvebb~d                   0.035482741 +-      0.003441476       0.1217       0 [    3]      (   0)           1967
       4.9           5   0.1             gd~_epvebb~u~                 0.003032522 +-      0.000685133       0.5250       0 [    3]      (   0)            421
       4.9           5   0.1             ud~_epvebb~g                  0.029465584 +-      0.002473087        1.022       0 [    5]      (   0)           8819

       4.9           5   0.15            NNLO.QT-CS.42.RCA.QCD         0.062528729 +-      0.003899899
--------------------------------------------------------------------------------------------------------------------------------------------------------------
       4.9           5   0.15            gu_epvebb~d                   0.034384871 +-      0.003197200       0.5360       0 [    3]      (   0)           1824
       4.9           5   0.15            gd~_epvebb~u~                 0.002995032 +-      0.000673617       0.2834       0 [    3]      (   0)            386
       4.9           5   0.15            ud~_epvebb~g                  0.025148826 +-      0.002129169       0.6222       0 [    5]      (   0)           7365

       4.9           5   0.2             NNLO.QT-CS.42.RCA.QCD         0.058247078 +-      0.003758906
--------------------------------------------------------------------------------------------------------------------------------------------------------------
       4.9           5   0.2             gu_epvebb~d                   0.032786476 +-      0.003127636       0.3119       0 [    3]      (   0)           1743
       4.9           5   0.2             gd~_epvebb~u~                 0.002729895 +-      0.000650186       0.2035       0 [    3]      (   0)            350
       4.9           5   0.2             ud~_epvebb~g                  0.022730707 +-      0.001981042       0.5600       0 [    5]      (   0)           6454

       4.9           5   0.25            NNLO.QT-CS.42.RCA.QCD         0.055784276 +-      0.003641998
--------------------------------------------------------------------------------------------------------------------------------------------------------------
       4.9           5   0.25            gu_epvebb~d                   0.032015994 +-      0.003070396       0.3216       0 [    3]      (   0)           1662
       4.9           5   0.25            gd~_epvebb~u~                 0.002760291 +-      0.000646719       0.2272       0 [    3]      (   0)            332
       4.9           5   0.25            ud~_epvebb~g                  0.021007992 +-      0.001848938       0.9737       0 [    5]      (   0)           5747

       4.9           5   0.5             NNLO.QT-CS.42.RCA.QCD         0.048414031 +-      0.003379846
--------------------------------------------------------------------------------------------------------------------------------------------------------------
       4.9           5   0.5             gu_epvebb~d                   0.029844751 +-      0.002910387       0.4505       0 [    3]      (   0)           1430
       4.9           5   0.5             gd~_epvebb~u~                 0.002357517 +-      0.000626097       0.3738       0 [    3]      (   0)            261
       4.9           5   0.5             ud~_epvebb~g                  0.016211763 +-      0.001600316       0.7007       0 [    5]      (   0)           3949

==============================================================================================================================================================

