           bin (pT_lp)   qTcut           contribution/subprocess            dsigma +-            error     chi2_dof   n_run [total]   (removed)   events / bin

         0           5   0.01            NLO.QT.32.CT.QCD              -1270.62665 +-          0.99814
--------------------------------------------------------------------------------------------------------------------------------------------------------------
         0           5   0.01            ud~_epvebb~                   -1270.62665 +-          0.99814       0.3989       0 [    7]      (   0)        5051661

         0           5   0.05            NLO.QT.32.CT.QCD              -871.587674 +-         0.688118
--------------------------------------------------------------------------------------------------------------------------------------------------------------
         0           5   0.05            ud~_epvebb~                   -871.587674 +-         0.688118       0.3785       0 [    7]      (   0)        5051661

         0           5   0.1             NLO.QT.32.CT.QCD              -722.824669 +-         0.572617
--------------------------------------------------------------------------------------------------------------------------------------------------------------
         0           5   0.1             ud~_epvebb~                   -722.824669 +-         0.572617       0.3677       0 [    7]      (   0)        5051661

         0           5   0.15            NLO.QT.32.CT.QCD              -642.249418 +-         0.510079
--------------------------------------------------------------------------------------------------------------------------------------------------------------
         0           5   0.15            ud~_epvebb~                   -642.249418 +-         0.510079       0.3607       0 [    7]      (   0)        5051661

         0           5   0.2             NLO.QT.32.CT.QCD              -587.965797 +-         0.467957
--------------------------------------------------------------------------------------------------------------------------------------------------------------
         0           5   0.2             ud~_epvebb~                   -587.965797 +-         0.467957       0.3554       0 [    7]      (   0)        5051661

         0           5   0.25            NLO.QT.32.CT.QCD              -547.509615 +-         0.436570
--------------------------------------------------------------------------------------------------------------------------------------------------------------
         0           5   0.25            ud~_epvebb~                   -547.509615 +-         0.436570       0.3510       0 [    7]      (   0)        5051661

         0           5   0.5             NLO.QT.32.CT.QCD              -431.032637 +-         0.346228
--------------------------------------------------------------------------------------------------------------------------------------------------------------
         0           5   0.5             ud~_epvebb~                   -431.032637 +-         0.346228       0.3364       0 [    7]      (   0)        5051661

==============================================================================================================================================================

         5          10   0.01            NLO.QT.32.CT.QCD              -3847.77980 +-          1.75630
--------------------------------------------------------------------------------------------------------------------------------------------------------------
         5          10   0.01            ud~_epvebb~                   -3847.77980 +-          1.75630        1.788       0 [    7]      (   0)       11758252

         5          10   0.05            NLO.QT.32.CT.QCD              -2640.13963 +-          1.21090
--------------------------------------------------------------------------------------------------------------------------------------------------------------
         5          10   0.05            ud~_epvebb~                   -2640.13963 +-          1.21090        1.800       0 [    7]      (   0)       11758252

         5          10   0.1             NLO.QT.32.CT.QCD              -2189.87299 +-          1.00771
--------------------------------------------------------------------------------------------------------------------------------------------------------------
         5          10   0.1             ud~_epvebb~                   -2189.87299 +-          1.00771        1.806       0 [    7]      (   0)       11758252

         5          10   0.15            NLO.QT.32.CT.QCD              -1945.97524 +-          0.89769
--------------------------------------------------------------------------------------------------------------------------------------------------------------
         5          10   0.15            ud~_epvebb~                   -1945.97524 +-          0.89769        1.809       0 [    7]      (   0)       11758252

         5          10   0.2             NLO.QT.32.CT.QCD              -1781.65260 +-          0.82359
--------------------------------------------------------------------------------------------------------------------------------------------------------------
         5          10   0.2             ud~_epvebb~                   -1781.65260 +-          0.82359        1.811       0 [    7]      (   0)       11758252

         5          10   0.25            NLO.QT.32.CT.QCD              -1659.18206 +-          0.76837
--------------------------------------------------------------------------------------------------------------------------------------------------------------
         5          10   0.25            ud~_epvebb~                   -1659.18206 +-          0.76837        1.812       0 [    7]      (   0)       11758252

         5          10   0.5             NLO.QT.32.CT.QCD              -1306.54872 +-          0.60945
--------------------------------------------------------------------------------------------------------------------------------------------------------------
         5          10   0.5             ud~_epvebb~                   -1306.54872 +-          0.60945        1.816       0 [    7]      (   0)       11758252

==============================================================================================================================================================

        10          15   0.01            NLO.QT.32.CT.QCD              -6541.24171 +-          2.30660
--------------------------------------------------------------------------------------------------------------------------------------------------------------
        10          15   0.01            ud~_epvebb~                   -6541.24171 +-          2.30660       0.2412       0 [    7]      (   0)       17923593

        10          15   0.05            NLO.QT.32.CT.QCD              -4490.20974 +-          1.59088
--------------------------------------------------------------------------------------------------------------------------------------------------------------
        10          15   0.05            ud~_epvebb~                   -4490.20974 +-          1.59088       0.2417       0 [    7]      (   0)       17923593

        10          15   0.1             NLO.QT.32.CT.QCD              -3725.34339 +-          1.32421
--------------------------------------------------------------------------------------------------------------------------------------------------------------
        10          15   0.1             ud~_epvebb~                   -3725.34339 +-          1.32421       0.2424       0 [    7]      (   0)       17923593

        10          15   0.15            NLO.QT.32.CT.QCD              -3310.98921 +-          1.17981
--------------------------------------------------------------------------------------------------------------------------------------------------------------
        10          15   0.15            ud~_epvebb~                   -3310.98921 +-          1.17981       0.2431       0 [    7]      (   0)       17923593

        10          15   0.2             NLO.QT.32.CT.QCD              -3031.80178 +-          1.08254
--------------------------------------------------------------------------------------------------------------------------------------------------------------
        10          15   0.2             ud~_epvebb~                   -3031.80178 +-          1.08254       0.2437       0 [    7]      (   0)       17923593

        10          15   0.25            NLO.QT.32.CT.QCD              -2823.70853 +-          1.01006
--------------------------------------------------------------------------------------------------------------------------------------------------------------
        10          15   0.25            ud~_epvebb~                   -2823.70853 +-          1.01006       0.2442       0 [    7]      (   0)       17923593

        10          15   0.5             NLO.QT.32.CT.QCD              -2224.46151 +-          0.80143
--------------------------------------------------------------------------------------------------------------------------------------------------------------
        10          15   0.5             ud~_epvebb~                   -2224.46151 +-          0.80143       0.2466       0 [    7]      (   0)       17923593

==============================================================================================================================================================

        15          20   0.01            NLO.QT.32.CT.QCD              -9440.02576 +-          2.76929
--------------------------------------------------------------------------------------------------------------------------------------------------------------
        15          20   0.01            ud~_epvebb~                   -9440.02576 +-          2.76929       0.6900       0 [    7]      (   0)       24448595

        15          20   0.05            NLO.QT.32.CT.QCD              -6482.05835 +-          1.91077
--------------------------------------------------------------------------------------------------------------------------------------------------------------
        15          20   0.05            ud~_epvebb~                   -6482.05835 +-          1.91077       0.6693       0 [    7]      (   0)       24448595

        15          20   0.1             NLO.QT.32.CT.QCD              -5378.83496 +-          1.59085
--------------------------------------------------------------------------------------------------------------------------------------------------------------
        15          20   0.1             ud~_epvebb~                   -5378.83496 +-          1.59085       0.6577       0 [    7]      (   0)       24448595

        15          20   0.15            NLO.QT.32.CT.QCD              -4781.13461 +-          1.41760
--------------------------------------------------------------------------------------------------------------------------------------------------------------
        15          20   0.15            ud~_epvebb~                   -4781.13461 +-          1.41760       0.6499       0 [    7]      (   0)       24448595

        15          20   0.2             NLO.QT.32.CT.QCD              -4378.38793 +-          1.30089
--------------------------------------------------------------------------------------------------------------------------------------------------------------
        15          20   0.2             ud~_epvebb~                   -4378.38793 +-          1.30089       0.6438       0 [    7]      (   0)       24448595

        15          20   0.25            NLO.QT.32.CT.QCD              -4078.18585 +-          1.21392
--------------------------------------------------------------------------------------------------------------------------------------------------------------
        15          20   0.25            ud~_epvebb~                   -4078.18585 +-          1.21392       0.6387       0 [    7]      (   0)       24448595

        15          20   0.5             NLO.QT.32.CT.QCD              -3213.61396 +-          0.96353
--------------------------------------------------------------------------------------------------------------------------------------------------------------
        15          20   0.5             ud~_epvebb~                   -3213.61396 +-          0.96353       0.6206       0 [    7]      (   0)       24448595

==============================================================================================================================================================

        20          25   0.01            NLO.QT.32.CT.QCD              -12562.8730 +-           3.1539
--------------------------------------------------------------------------------------------------------------------------------------------------------------
        20          25   0.01            ud~_epvebb~                   -12562.8730 +-           3.1539       0.3957       0 [    7]      (   0)       31599244

        20          25   0.05            NLO.QT.32.CT.QCD              -8624.58302 +-          2.17624
--------------------------------------------------------------------------------------------------------------------------------------------------------------
        20          25   0.05            ud~_epvebb~                   -8624.58302 +-          2.17624       0.3842       0 [    7]      (   0)       31599244

        20          25   0.1             NLO.QT.32.CT.QCD              -7155.86289 +-          1.81191
--------------------------------------------------------------------------------------------------------------------------------------------------------------
        20          25   0.1             ud~_epvebb~                   -7155.86289 +-          1.81191       0.3790       0 [    7]      (   0)       31599244

        20          25   0.15            NLO.QT.32.CT.QCD              -6360.18725 +-          1.61461
--------------------------------------------------------------------------------------------------------------------------------------------------------------
        20          25   0.15            ud~_epvebb~                   -6360.18725 +-          1.61461       0.3761       0 [    7]      (   0)       31599244

        20          25   0.2             NLO.QT.32.CT.QCD              -5824.05987 +-          1.48170
--------------------------------------------------------------------------------------------------------------------------------------------------------------
        20          25   0.2             ud~_epvebb~                   -5824.05987 +-          1.48170       0.3741       0 [    7]      (   0)       31599244

        20          25   0.25            NLO.QT.32.CT.QCD              -5424.44983 +-          1.38266
--------------------------------------------------------------------------------------------------------------------------------------------------------------
        20          25   0.25            ud~_epvebb~                   -5424.44983 +-          1.38266       0.3726       0 [    7]      (   0)       31599244

        20          25   0.5             NLO.QT.32.CT.QCD              -4273.65754 +-          1.09753
--------------------------------------------------------------------------------------------------------------------------------------------------------------
        20          25   0.5             ud~_epvebb~                   -4273.65754 +-          1.09753       0.3688       0 [    7]      (   0)       31599244

==============================================================================================================================================================

        25          30   0.01            NLO.QT.32.CT.QCD              -15837.7346 +-           3.4435
--------------------------------------------------------------------------------------------------------------------------------------------------------------
        25          30   0.01            ud~_epvebb~                   -15837.7346 +-           3.4435       0.2535       0 [    7]      (   0)       39356406

        25          30   0.05            NLO.QT.32.CT.QCD              -10860.0152 +-           2.3747
--------------------------------------------------------------------------------------------------------------------------------------------------------------
        25          30   0.05            ud~_epvebb~                   -10860.0152 +-           2.3747       0.2473       0 [    7]      (   0)       39356406

        25          30   0.1             NLO.QT.32.CT.QCD              -9004.58822 +-          1.97655
--------------------------------------------------------------------------------------------------------------------------------------------------------------
        25          30   0.1             ud~_epvebb~                   -9004.58822 +-          1.97655       0.2445       0 [    7]      (   0)       39356406

        25          30   0.15            NLO.QT.32.CT.QCD              -7999.71521 +-          1.76098
--------------------------------------------------------------------------------------------------------------------------------------------------------------
        25          30   0.15            ud~_epvebb~                   -7999.71521 +-          1.76098       0.2428       0 [    7]      (   0)       39356406

        25          30   0.2             NLO.QT.32.CT.QCD              -7322.77541 +-          1.61578
--------------------------------------------------------------------------------------------------------------------------------------------------------------
        25          30   0.2             ud~_epvebb~                   -7322.77541 +-          1.61578       0.2417       0 [    7]      (   0)       39356406

        25          30   0.25            NLO.QT.32.CT.QCD              -6818.29618 +-          1.50759
--------------------------------------------------------------------------------------------------------------------------------------------------------------
        25          30   0.25            ud~_epvebb~                   -6818.29618 +-          1.50759       0.2408       0 [    7]      (   0)       39356406

        25          30   0.5             NLO.QT.32.CT.QCD              -5366.00905 +-          1.19619
--------------------------------------------------------------------------------------------------------------------------------------------------------------
        25          30   0.5             ud~_epvebb~                   -5366.00905 +-          1.19619       0.2386       0 [    7]      (   0)       39356406

==============================================================================================================================================================

        30          35   0.01            NLO.QT.32.CT.QCD              -18686.7131 +-           3.5853
--------------------------------------------------------------------------------------------------------------------------------------------------------------
        30          35   0.01            ud~_epvebb~                   -18686.7131 +-           3.5853        1.211       0 [    7]      (   0)       46332824

        30          35   0.05            NLO.QT.32.CT.QCD              -12780.7081 +-           2.4696
--------------------------------------------------------------------------------------------------------------------------------------------------------------
        30          35   0.05            ud~_epvebb~                   -12780.7081 +-           2.4696        1.243       0 [    7]      (   0)       46332824

        30          35   0.1             NLO.QT.32.CT.QCD              -10581.6500 +-           2.0542
--------------------------------------------------------------------------------------------------------------------------------------------------------------
        30          35   0.1             ud~_epvebb~                   -10581.6500 +-           2.0542        1.262       0 [    7]      (   0)       46332824

        30          35   0.15            NLO.QT.32.CT.QCD              -9391.43998 +-          1.82939
--------------------------------------------------------------------------------------------------------------------------------------------------------------
        30          35   0.15            ud~_epvebb~                   -9391.43998 +-          1.82939        1.274       0 [    7]      (   0)       46332824

        30          35   0.2             NLO.QT.32.CT.QCD              -8590.01829 +-          1.67802
--------------------------------------------------------------------------------------------------------------------------------------------------------------
        30          35   0.2             ud~_epvebb~                   -8590.01829 +-          1.67802        1.284       0 [    7]      (   0)       46332824

        30          35   0.25            NLO.QT.32.CT.QCD              -7992.99457 +-          1.56525
--------------------------------------------------------------------------------------------------------------------------------------------------------------
        30          35   0.25            ud~_epvebb~                   -7992.99457 +-          1.56525        1.292       0 [    7]      (   0)       46332824

        30          35   0.5             NLO.QT.32.CT.QCD              -6275.58925 +-          1.24083
--------------------------------------------------------------------------------------------------------------------------------------------------------------
        30          35   0.5             ud~_epvebb~                   -6275.58925 +-          1.24083        1.321       0 [    7]      (   0)       46332824

==============================================================================================================================================================

        35          40   0.01            NLO.QT.32.CT.QCD              -18873.1267 +-           3.4689
--------------------------------------------------------------------------------------------------------------------------------------------------------------
        35          40   0.01            ud~_epvebb~                   -18873.1267 +-           3.4689       0.9678       0 [    7]      (   0)       46197432

        35          40   0.05            NLO.QT.32.CT.QCD              -12874.8151 +-           2.3877
--------------------------------------------------------------------------------------------------------------------------------------------------------------
        35          40   0.05            ud~_epvebb~                   -12874.8151 +-           2.3877       0.9521       0 [    7]      (   0)       46197432

        35          40   0.1             NLO.QT.32.CT.QCD              -10643.7959 +-           1.9854
--------------------------------------------------------------------------------------------------------------------------------------------------------------
        35          40   0.1             ud~_epvebb~                   -10643.7959 +-           1.9854       0.9425       0 [    7]      (   0)       46197432

        35          40   0.15            NLO.QT.32.CT.QCD              -9437.06488 +-          1.76772
--------------------------------------------------------------------------------------------------------------------------------------------------------------
        35          40   0.15            ud~_epvebb~                   -9437.06488 +-          1.76772       0.9358       0 [    7]      (   0)       46197432

        35          40   0.2             NLO.QT.32.CT.QCD              -8624.89500 +-          1.62117
--------------------------------------------------------------------------------------------------------------------------------------------------------------
        35          40   0.2             ud~_epvebb~                   -8624.89500 +-          1.62117       0.9303       0 [    7]      (   0)       46197432

        35          40   0.25            NLO.QT.32.CT.QCD              -8020.09091 +-          1.51201
--------------------------------------------------------------------------------------------------------------------------------------------------------------
        35          40   0.25            ud~_epvebb~                   -8020.09091 +-          1.51201       0.9257       0 [    7]      (   0)       46197432

        35          40   0.5             NLO.QT.32.CT.QCD              -6281.61871 +-          1.19806
--------------------------------------------------------------------------------------------------------------------------------------------------------------
        35          40   0.5             ud~_epvebb~                   -6281.61871 +-          1.19806       0.9084       0 [    7]      (   0)       46197432

==============================================================================================================================================================

        40          45   0.01            NLO.QT.32.CT.QCD              -13634.7736 +-           2.9148
--------------------------------------------------------------------------------------------------------------------------------------------------------------
        40          45   0.01            ud~_epvebb~                   -13634.7736 +-           2.9148       0.6786       0 [    7]      (   0)       32200016

        40          45   0.05            NLO.QT.32.CT.QCD              -9336.33746 +-          2.01357
--------------------------------------------------------------------------------------------------------------------------------------------------------------
        40          45   0.05            ud~_epvebb~                   -9336.33746 +-          2.01357       0.7039       0 [    7]      (   0)       32200016

        40          45   0.1             NLO.QT.32.CT.QCD              -7735.06084 +-          1.67752
--------------------------------------------------------------------------------------------------------------------------------------------------------------
        40          45   0.1             ud~_epvebb~                   -7735.06084 +-          1.67752       0.7181       0 [    7]      (   0)       32200016

        40          45   0.15            NLO.QT.32.CT.QCD              -6868.13839 +-          1.49549
--------------------------------------------------------------------------------------------------------------------------------------------------------------
        40          45   0.15            ud~_epvebb~                   -6868.13839 +-          1.49549       0.7276       0 [    7]      (   0)       32200016

        40          45   0.2             NLO.QT.32.CT.QCD              -6284.27806 +-          1.37284
--------------------------------------------------------------------------------------------------------------------------------------------------------------
        40          45   0.2             ud~_epvebb~                   -6284.27806 +-          1.37284       0.7350       0 [    7]      (   0)       32200016

        40          45   0.25            NLO.QT.32.CT.QCD              -5849.25407 +-          1.28142
--------------------------------------------------------------------------------------------------------------------------------------------------------------
        40          45   0.25            ud~_epvebb~                   -5849.25407 +-          1.28142       0.7412       0 [    7]      (   0)       32200016

        40          45   0.5             NLO.QT.32.CT.QCD              -4597.43065 +-          1.01813
--------------------------------------------------------------------------------------------------------------------------------------------------------------
        40          45   0.5             ud~_epvebb~                   -4597.43065 +-          1.01813       0.7630       0 [    7]      (   0)       32200016

==============================================================================================================================================================

        45          50   0.01            NLO.QT.32.CT.QCD              -7848.70851 +-          2.24045
--------------------------------------------------------------------------------------------------------------------------------------------------------------
        45          50   0.01            ud~_epvebb~                   -7848.70851 +-          2.24045       0.5865       0 [    7]      (   0)       18185050

        45          50   0.05            NLO.QT.32.CT.QCD              -5421.70980 +-          1.55813
--------------------------------------------------------------------------------------------------------------------------------------------------------------
        45          50   0.05            ud~_epvebb~                   -5421.70980 +-          1.55813       0.5707       0 [    7]      (   0)       18185050

        45          50   0.1             NLO.QT.32.CT.QCD              -4514.16706 +-          1.30278
--------------------------------------------------------------------------------------------------------------------------------------------------------------
        45          50   0.1             ud~_epvebb~                   -4514.16706 +-          1.30278       0.5618       0 [    7]      (   0)       18185050

        45          50   0.15            NLO.QT.32.CT.QCD              -4021.72356 +-          1.16416
--------------------------------------------------------------------------------------------------------------------------------------------------------------
        45          50   0.15            ud~_epvebb~                   -4021.72356 +-          1.16416       0.5558       0 [    7]      (   0)       18185050

        45          50   0.2             NLO.QT.32.CT.QCD              -3689.53529 +-          1.07060
--------------------------------------------------------------------------------------------------------------------------------------------------------------
        45          50   0.2             ud~_epvebb~                   -3689.53529 +-          1.07060       0.5511       0 [    7]      (   0)       18185050

        45          50   0.25            NLO.QT.32.CT.QCD              -3441.70593 +-          1.00079
--------------------------------------------------------------------------------------------------------------------------------------------------------------
        45          50   0.25            ud~_epvebb~                   -3441.70593 +-          1.00079       0.5472       0 [    7]      (   0)       18185050

        45          50   0.5             NLO.QT.32.CT.QCD              -2726.68689 +-          0.79920
--------------------------------------------------------------------------------------------------------------------------------------------------------------
        45          50   0.5             ud~_epvebb~                   -2726.68689 +-          0.79920       0.5334       0 [    7]      (   0)       18185050

==============================================================================================================================================================

        50          55   0.01            NLO.QT.32.CT.QCD              -4574.03781 +-          1.74260
--------------------------------------------------------------------------------------------------------------------------------------------------------------
        50          55   0.01            ud~_epvebb~                   -4574.03781 +-          1.74260       0.6782       0 [    7]      (   0)       10459162

        50          55   0.05            NLO.QT.32.CT.QCD              -3181.85804 +-          1.21826
--------------------------------------------------------------------------------------------------------------------------------------------------------------
        50          55   0.05            ud~_epvebb~                   -3181.85804 +-          1.21826       0.6876       0 [    7]      (   0)       10459162

        50          55   0.1             NLO.QT.32.CT.QCD              -2659.63364 +-          1.02148
--------------------------------------------------------------------------------------------------------------------------------------------------------------
        50          55   0.1             ud~_epvebb~                   -2659.63364 +-          1.02148       0.6933       0 [    7]      (   0)       10459162

        50          55   0.15            NLO.QT.32.CT.QCD              -2375.74196 +-          0.91447
--------------------------------------------------------------------------------------------------------------------------------------------------------------
        50          55   0.15            ud~_epvebb~                   -2375.74196 +-          0.91447       0.6974       0 [    7]      (   0)       10459162

        50          55   0.2             NLO.QT.32.CT.QCD              -2183.98270 +-          0.84216
--------------------------------------------------------------------------------------------------------------------------------------------------------------
        50          55   0.2             ud~_epvebb~                   -2183.98270 +-          0.84216       0.7006       0 [    7]      (   0)       10459162

        50          55   0.25            NLO.QT.32.CT.QCD              -2040.76778 +-          0.78815
--------------------------------------------------------------------------------------------------------------------------------------------------------------
        50          55   0.25            ud~_epvebb~                   -2040.76778 +-          0.78815       0.7034       0 [    7]      (   0)       10459162

        50          55   0.5             NLO.QT.32.CT.QCD              -1626.68984 +-          0.63190
--------------------------------------------------------------------------------------------------------------------------------------------------------------
        50          55   0.5             ud~_epvebb~                   -1626.68984 +-          0.63190       0.7139       0 [    7]      (   0)       10459162

==============================================================================================================================================================

        55          60   0.01            NLO.QT.32.CT.QCD              -2835.38389 +-          1.38837
--------------------------------------------------------------------------------------------------------------------------------------------------------------
        55          60   0.01            ud~_epvebb~                   -2835.38389 +-          1.38837        2.253       0 [    7]      (   0)        6464165

        55          60   0.05            NLO.QT.32.CT.QCD              -1982.13045 +-          0.97423
--------------------------------------------------------------------------------------------------------------------------------------------------------------
        55          60   0.05            ud~_epvebb~                   -1982.13045 +-          0.97423        2.247       0 [    7]      (   0)        6464165

        55          60   0.1             NLO.QT.32.CT.QCD              -1661.33465 +-          0.81850
--------------------------------------------------------------------------------------------------------------------------------------------------------------
        55          60   0.1             ud~_epvebb~                   -1661.33465 +-          0.81850        2.243       0 [    7]      (   0)        6464165

        55          60   0.15            NLO.QT.32.CT.QCD              -1486.70983 +-          0.73371
--------------------------------------------------------------------------------------------------------------------------------------------------------------
        55          60   0.15            ud~_epvebb~                   -1486.70983 +-          0.73371        2.240       0 [    7]      (   0)        6464165

        55          60   0.2             NLO.QT.32.CT.QCD              -1368.64406 +-          0.67637
--------------------------------------------------------------------------------------------------------------------------------------------------------------
        55          60   0.2             ud~_epvebb~                   -1368.64406 +-          0.67637        2.238       0 [    7]      (   0)        6464165

        55          60   0.25            NLO.QT.32.CT.QCD              -1280.39932 +-          0.63351
--------------------------------------------------------------------------------------------------------------------------------------------------------------
        55          60   0.25            ud~_epvebb~                   -1280.39932 +-          0.63351        2.235       0 [    7]      (   0)        6464165

        55          60   0.5             NLO.QT.32.CT.QCD              -1024.86574 +-          0.50936
--------------------------------------------------------------------------------------------------------------------------------------------------------------
        55          60   0.5             ud~_epvebb~                   -1024.86574 +-          0.50936        2.226       0 [    7]      (   0)        6464165

==============================================================================================================================================================

        60          65   0.01            NLO.QT.32.CT.QCD              -1857.21182 +-          1.13112
--------------------------------------------------------------------------------------------------------------------------------------------------------------
        60          65   0.01            ud~_epvebb~                   -1857.21182 +-          1.13112       0.9457       0 [    7]      (   0)        4265169

        60          65   0.05            NLO.QT.32.CT.QCD              -1303.06337 +-          0.79587
--------------------------------------------------------------------------------------------------------------------------------------------------------------
        60          65   0.05            ud~_epvebb~                   -1303.06337 +-          0.79587       0.9424       0 [    7]      (   0)        4265169

        60          65   0.1             NLO.QT.32.CT.QCD              -1094.36207 +-          0.66963
--------------------------------------------------------------------------------------------------------------------------------------------------------------
        60          65   0.1             ud~_epvebb~                   -1094.36207 +-          0.66963       0.9404       0 [    7]      (   0)        4265169

        60          65   0.15            NLO.QT.32.CT.QCD              -980.640879 +-         0.600833
--------------------------------------------------------------------------------------------------------------------------------------------------------------
        60          65   0.15            ud~_epvebb~                   -980.640879 +-         0.600833       0.9390       0 [    7]      (   0)        4265169

        60          65   0.2             NLO.QT.32.CT.QCD              -903.697461 +-         0.554286
--------------------------------------------------------------------------------------------------------------------------------------------------------------
        60          65   0.2             ud~_epvebb~                   -903.697461 +-         0.554286       0.9379       0 [    7]      (   0)        4265169

        60          65   0.25            NLO.QT.32.CT.QCD              -846.155253 +-         0.519473
--------------------------------------------------------------------------------------------------------------------------------------------------------------
        60          65   0.25            ud~_epvebb~                   -846.155253 +-         0.519473       0.9370       0 [    7]      (   0)        4265169

        60          65   0.5             NLO.QT.32.CT.QCD              -679.336491 +-         0.418535
--------------------------------------------------------------------------------------------------------------------------------------------------------------
        60          65   0.5             ud~_epvebb~                   -679.336491 +-         0.418535       0.9335       0 [    7]      (   0)        4265169

==============================================================================================================================================================

        65          70   0.01            NLO.QT.32.CT.QCD              -1273.01483 +-          0.94088
--------------------------------------------------------------------------------------------------------------------------------------------------------------
        65          70   0.01            ud~_epvebb~                   -1273.01483 +-          0.94088       0.6214       0 [    7]      (   0)        2970886

        65          70   0.05            NLO.QT.32.CT.QCD              -895.675513 +-         0.663102
--------------------------------------------------------------------------------------------------------------------------------------------------------------
        65          70   0.05            ud~_epvebb~                   -895.675513 +-         0.663102       0.6340       0 [    7]      (   0)        2970886

        65          70   0.1             NLO.QT.32.CT.QCD              -753.372506 +-         0.558408
--------------------------------------------------------------------------------------------------------------------------------------------------------------
        65          70   0.1             ud~_epvebb~                   -753.372506 +-         0.558408       0.6412       0 [    7]      (   0)        2970886

        65          70   0.15            NLO.QT.32.CT.QCD              -675.770774 +-         0.501332
--------------------------------------------------------------------------------------------------------------------------------------------------------------
        65          70   0.15            ud~_epvebb~                   -675.770774 +-         0.501332       0.6462       0 [    7]      (   0)        2970886

        65          70   0.2             NLO.QT.32.CT.QCD              -623.236395 +-         0.462699
--------------------------------------------------------------------------------------------------------------------------------------------------------------
        65          70   0.2             ud~_epvebb~                   -623.236395 +-         0.462699       0.6501       0 [    7]      (   0)        2970886

        65          70   0.25            NLO.QT.32.CT.QCD              -583.930960 +-         0.433799
--------------------------------------------------------------------------------------------------------------------------------------------------------------
        65          70   0.25            ud~_epvebb~                   -583.930960 +-         0.433799       0.6534       0 [    7]      (   0)        2970886

        65          70   0.5             NLO.QT.32.CT.QCD              -469.880437 +-         0.349954
--------------------------------------------------------------------------------------------------------------------------------------------------------------
        65          70   0.5             ud~_epvebb~                   -469.880437 +-         0.349954       0.6652       0 [    7]      (   0)        2970886

==============================================================================================================================================================

        70          75   0.01            NLO.QT.32.CT.QCD              -902.318732 +-         0.792231
--------------------------------------------------------------------------------------------------------------------------------------------------------------
        70          75   0.01            ud~_epvebb~                   -902.318732 +-         0.792231        1.328       0 [    7]      (   0)        2154707

        70          75   0.05            NLO.QT.32.CT.QCD              -636.307251 +-         0.559330
--------------------------------------------------------------------------------------------------------------------------------------------------------------
        70          75   0.05            ud~_epvebb~                   -636.307251 +-         0.559330        1.337       0 [    7]      (   0)        2154707

        70          75   0.1             NLO.QT.32.CT.QCD              -535.877038 +-         0.471468
--------------------------------------------------------------------------------------------------------------------------------------------------------------
        70          75   0.1             ud~_epvebb~                   -535.877038 +-         0.471468        1.342       0 [    7]      (   0)        2154707

        70          75   0.15            NLO.QT.32.CT.QCD              -481.074184 +-         0.423541
--------------------------------------------------------------------------------------------------------------------------------------------------------------
        70          75   0.15            ud~_epvebb~                   -481.074184 +-         0.423541        1.345       0 [    7]      (   0)        2154707

        70          75   0.2             NLO.QT.32.CT.QCD              -443.957011 +-         0.391088
--------------------------------------------------------------------------------------------------------------------------------------------------------------
        70          75   0.2             ud~_epvebb~                   -443.957011 +-         0.391088        1.347       0 [    7]      (   0)        2154707

        70          75   0.25            NLO.QT.32.CT.QCD              -416.176286 +-         0.366803
--------------------------------------------------------------------------------------------------------------------------------------------------------------
        70          75   0.25            ud~_epvebb~                   -416.176286 +-         0.366803        1.349       0 [    7]      (   0)        2154707

        70          75   0.5             NLO.QT.32.CT.QCD              -335.507422 +-         0.296306
--------------------------------------------------------------------------------------------------------------------------------------------------------------
        70          75   0.5             ud~_epvebb~                   -335.507422 +-         0.296306        1.355       0 [    7]      (   0)        2154707

==============================================================================================================================================================

        75          80   0.01            NLO.QT.32.CT.QCD              -658.896378 +-         0.676108
--------------------------------------------------------------------------------------------------------------------------------------------------------------
        75          80   0.01            ud~_epvebb~                   -658.896378 +-         0.676108       0.4390       0 [    7]      (   0)        1613669

        75          80   0.05            NLO.QT.32.CT.QCD              -465.512137 +-         0.477901
--------------------------------------------------------------------------------------------------------------------------------------------------------------
        75          80   0.05            ud~_epvebb~                   -465.512137 +-         0.477901       0.4394       0 [    7]      (   0)        1613669

        75          80   0.1             NLO.QT.32.CT.QCD              -392.434849 +-         0.403081
--------------------------------------------------------------------------------------------------------------------------------------------------------------
        75          80   0.1             ud~_epvebb~                   -392.434849 +-         0.403081       0.4395       0 [    7]      (   0)        1613669

        75          80   0.15            NLO.QT.32.CT.QCD              -352.536688 +-         0.362255
--------------------------------------------------------------------------------------------------------------------------------------------------------------
        75          80   0.15            ud~_epvebb~                   -352.536688 +-         0.362255       0.4396       0 [    7]      (   0)        1613669

        75          80   0.2             NLO.QT.32.CT.QCD              -325.504037 +-         0.334604
--------------------------------------------------------------------------------------------------------------------------------------------------------------
        75          80   0.2             ud~_epvebb~                   -325.504037 +-         0.334604       0.4396       0 [    7]      (   0)        1613669

        75          80   0.25            NLO.QT.32.CT.QCD              -305.265061 +-         0.313908
--------------------------------------------------------------------------------------------------------------------------------------------------------------
        75          80   0.25            ud~_epvebb~                   -305.265061 +-         0.313908       0.4396       0 [    7]      (   0)        1613669

        75          80   0.5             NLO.QT.32.CT.QCD              -246.460412 +-         0.253804
--------------------------------------------------------------------------------------------------------------------------------------------------------------
        75          80   0.5             ud~_epvebb~                   -246.460412 +-         0.253804       0.4396       0 [    7]      (   0)        1613669

==============================================================================================================================================================

        80          85   0.01            NLO.QT.32.CT.QCD              -491.764724 +-         0.582638
--------------------------------------------------------------------------------------------------------------------------------------------------------------
        80          85   0.01            ud~_epvebb~                   -491.764724 +-         0.582638        1.844       0 [    7]      (   0)        1241874

        80          85   0.05            NLO.QT.32.CT.QCD              -347.990968 +-         0.412156
--------------------------------------------------------------------------------------------------------------------------------------------------------------
        80          85   0.05            ud~_epvebb~                   -347.990968 +-         0.412156        1.851       0 [    7]      (   0)        1241874

        80          85   0.1             NLO.QT.32.CT.QCD              -293.617481 +-         0.347780
--------------------------------------------------------------------------------------------------------------------------------------------------------------
        80          85   0.1             ud~_epvebb~                   -293.617481 +-         0.347780        1.854       0 [    7]      (   0)        1241874

        80          85   0.15            NLO.QT.32.CT.QCD              -263.917293 +-         0.312645
--------------------------------------------------------------------------------------------------------------------------------------------------------------
        80          85   0.15            ud~_epvebb~                   -263.917293 +-         0.312645        1.856       0 [    7]      (   0)        1241874

        80          85   0.2             NLO.QT.32.CT.QCD              -243.787579 +-         0.288845
--------------------------------------------------------------------------------------------------------------------------------------------------------------
        80          85   0.2             ud~_epvebb~                   -243.787579 +-         0.288845        1.858       0 [    7]      (   0)        1241874

        80          85   0.25            NLO.QT.32.CT.QCD              -228.712781 +-         0.271029
--------------------------------------------------------------------------------------------------------------------------------------------------------------
        80          85   0.25            ud~_epvebb~                   -228.712781 +-         0.271029        1.859       0 [    7]      (   0)        1241874

        80          85   0.5             NLO.QT.32.CT.QCD              -184.889892 +-         0.219279
--------------------------------------------------------------------------------------------------------------------------------------------------------------
        80          85   0.5             ud~_epvebb~                   -184.889892 +-         0.219279        1.862       0 [    7]      (   0)        1241874

==============================================================================================================================================================

        85          90   0.01            NLO.QT.32.CT.QCD              -374.548443 +-         0.507329
--------------------------------------------------------------------------------------------------------------------------------------------------------------
        85          90   0.01            ud~_epvebb~                   -374.548443 +-         0.507329        2.565       0 [    7]      (   0)         973864

        85          90   0.05            NLO.QT.32.CT.QCD              -265.412791 +-         0.359211
--------------------------------------------------------------------------------------------------------------------------------------------------------------
        85          90   0.05            ud~_epvebb~                   -265.412791 +-         0.359211        2.591       0 [    7]      (   0)         973864

        85          90   0.1             NLO.QT.32.CT.QCD              -224.110286 +-         0.303254
--------------------------------------------------------------------------------------------------------------------------------------------------------------
        85          90   0.1             ud~_epvebb~                   -224.110286 +-         0.303254        2.605       0 [    7]      (   0)         973864

        85          90   0.15            NLO.QT.32.CT.QCD              -201.540671 +-         0.272706
--------------------------------------------------------------------------------------------------------------------------------------------------------------
        85          90   0.15            ud~_epvebb~                   -201.540671 +-         0.272706        2.613       0 [    7]      (   0)         973864

        85          90   0.2             NLO.QT.32.CT.QCD              -186.239425 +-         0.252009
--------------------------------------------------------------------------------------------------------------------------------------------------------------
        85          90   0.2             ud~_epvebb~                   -186.239425 +-         0.252009        2.619       0 [    7]      (   0)         973864

        85          90   0.25            NLO.QT.32.CT.QCD              -174.777965 +-         0.236513
--------------------------------------------------------------------------------------------------------------------------------------------------------------
        85          90   0.25            ud~_epvebb~                   -174.777965 +-         0.236513        2.624       0 [    7]      (   0)         973864

        85          90   0.5             NLO.QT.32.CT.QCD              -141.444045 +-         0.191489
--------------------------------------------------------------------------------------------------------------------------------------------------------------
        85          90   0.5             ud~_epvebb~                   -141.444045 +-         0.191489        2.641       0 [    7]      (   0)         973864

==============================================================================================================================================================

        90          95   0.01            NLO.QT.32.CT.QCD              -289.973591 +-         0.444739
--------------------------------------------------------------------------------------------------------------------------------------------------------------
        90          95   0.01            ud~_epvebb~                   -289.973591 +-         0.444739       0.3306       0 [    7]      (   0)         777893

        90          95   0.05            NLO.QT.32.CT.QCD              -205.726510 +-         0.315060
--------------------------------------------------------------------------------------------------------------------------------------------------------------
        90          95   0.05            ud~_epvebb~                   -205.726510 +-         0.315060       0.3326       0 [    7]      (   0)         777893

        90          95   0.1             NLO.QT.32.CT.QCD              -173.823925 +-         0.266057
--------------------------------------------------------------------------------------------------------------------------------------------------------------
        90          95   0.1             ud~_epvebb~                   -173.823925 +-         0.266057       0.3338       0 [    7]      (   0)         777893

        90          95   0.15            NLO.QT.32.CT.QCD              -156.384772 +-         0.239302
--------------------------------------------------------------------------------------------------------------------------------------------------------------
        90          95   0.15            ud~_epvebb~                   -156.384772 +-         0.239302       0.3346       0 [    7]      (   0)         777893

        90          95   0.2             NLO.QT.32.CT.QCD              -144.558842 +-         0.221174
--------------------------------------------------------------------------------------------------------------------------------------------------------------
        90          95   0.2             ud~_epvebb~                   -144.558842 +-         0.221174       0.3352       0 [    7]      (   0)         777893

        90          95   0.25            NLO.QT.32.CT.QCD              -135.698835 +-         0.207600
--------------------------------------------------------------------------------------------------------------------------------------------------------------
        90          95   0.25            ud~_epvebb~                   -135.698835 +-         0.207600       0.3357       0 [    7]      (   0)         777893

        90          95   0.5             NLO.QT.32.CT.QCD              -109.920770 +-         0.168153
--------------------------------------------------------------------------------------------------------------------------------------------------------------
        90          95   0.5             ud~_epvebb~                   -109.920770 +-         0.168153       0.3375       0 [    7]      (   0)         777893

==============================================================================================================================================================

        95         100   0.01            NLO.QT.32.CT.QCD              -228.373858 +-         0.396276
--------------------------------------------------------------------------------------------------------------------------------------------------------------
        95         100   0.01            ud~_epvebb~                   -228.373858 +-         0.396276        1.171       0 [    7]      (   0)         632039

        95         100   0.05            NLO.QT.32.CT.QCD              -162.202198 +-         0.280779
--------------------------------------------------------------------------------------------------------------------------------------------------------------
        95         100   0.05            ud~_epvebb~                   -162.202198 +-         0.280779        1.139       0 [    7]      (   0)         632039

        95         100   0.1             NLO.QT.32.CT.QCD              -137.130375 +-         0.237133
--------------------------------------------------------------------------------------------------------------------------------------------------------------
        95         100   0.1             ud~_epvebb~                   -137.130375 +-         0.237133        1.122       0 [    7]      (   0)         632039

        95         100   0.15            NLO.QT.32.CT.QCD              -123.420725 +-         0.213301
--------------------------------------------------------------------------------------------------------------------------------------------------------------
        95         100   0.15            ud~_epvebb~                   -123.420725 +-         0.213301        1.110       0 [    7]      (   0)         632039

        95         100   0.2             NLO.QT.32.CT.QCD              -114.121734 +-         0.197152
--------------------------------------------------------------------------------------------------------------------------------------------------------------
        95         100   0.2             ud~_epvebb~                   -114.121734 +-         0.197152        1.102       0 [    7]      (   0)         632039

        95         100   0.25            NLO.QT.32.CT.QCD              -107.153639 +-         0.185061
--------------------------------------------------------------------------------------------------------------------------------------------------------------
        95         100   0.25            ud~_epvebb~                   -107.153639 +-         0.185061        1.094       0 [    7]      (   0)         632039

        95         100   0.5             NLO.QT.32.CT.QCD              -86.8727141 +-        0.1499204
--------------------------------------------------------------------------------------------------------------------------------------------------------------
        95         100   0.5             ud~_epvebb~                   -86.8727141 +-        0.1499204        1.069       0 [    7]      (   0)         632039

==============================================================================================================================================================

       100         105   0.01            NLO.QT.32.CT.QCD              -182.584445 +-         0.354548
--------------------------------------------------------------------------------------------------------------------------------------------------------------
       100         105   0.01            ud~_epvebb~                   -182.584445 +-         0.354548       0.6030       0 [    7]      (   0)         519432

       100         105   0.05            NLO.QT.32.CT.QCD              -129.799919 +-         0.251257
--------------------------------------------------------------------------------------------------------------------------------------------------------------
       100         105   0.05            ud~_epvebb~                   -129.799919 +-         0.251257       0.6077       0 [    7]      (   0)         519432

       100         105   0.1             NLO.QT.32.CT.QCD              -109.790947 +-         0.212223
--------------------------------------------------------------------------------------------------------------------------------------------------------------
       100         105   0.1             ud~_epvebb~                   -109.790947 +-         0.212223       0.6111       0 [    7]      (   0)         519432

       100         105   0.15            NLO.QT.32.CT.QCD              -98.8467549 +-        0.1909095
--------------------------------------------------------------------------------------------------------------------------------------------------------------
       100         105   0.15            ud~_epvebb~                   -98.8467549 +-        0.1909095       0.6136       0 [    7]      (   0)         519432

       100         105   0.2             NLO.QT.32.CT.QCD              -91.4220914 +-        0.1764670
--------------------------------------------------------------------------------------------------------------------------------------------------------------
       100         105   0.2             ud~_epvebb~                   -91.4220914 +-        0.1764670       0.6157       0 [    7]      (   0)         519432

       100         105   0.25            NLO.QT.32.CT.QCD              -85.8576483 +-        0.1656530
--------------------------------------------------------------------------------------------------------------------------------------------------------------
       100         105   0.25            ud~_epvebb~                   -85.8576483 +-        0.1656530       0.6176       0 [    7]      (   0)         519432

       100         105   0.5             NLO.QT.32.CT.QCD              -69.6571807 +-        0.1342238
--------------------------------------------------------------------------------------------------------------------------------------------------------------
       100         105   0.5             ud~_epvebb~                   -69.6571807 +-        0.1342238       0.6247       0 [    7]      (   0)         519432

==============================================================================================================================================================

       105         110   0.01            NLO.QT.32.CT.QCD              -146.871516 +-         0.316051
--------------------------------------------------------------------------------------------------------------------------------------------------------------
       105         110   0.01            ud~_epvebb~                   -146.871516 +-         0.316051       0.7890       0 [    7]      (   0)         431456

       105         110   0.05            NLO.QT.32.CT.QCD              -104.505565 +-         0.224047
--------------------------------------------------------------------------------------------------------------------------------------------------------------
       105         110   0.05            ud~_epvebb~                   -104.505565 +-         0.224047       0.7942       0 [    7]      (   0)         431456

       105         110   0.1             NLO.QT.32.CT.QCD              -88.4385306 +-        0.1892731
--------------------------------------------------------------------------------------------------------------------------------------------------------------
       105         110   0.1             ud~_epvebb~                   -88.4385306 +-        0.1892731       0.7968       0 [    7]      (   0)         431456

       105         110   0.15            NLO.QT.32.CT.QCD              -79.6480844 +-        0.1702842
--------------------------------------------------------------------------------------------------------------------------------------------------------------
       105         110   0.15            ud~_epvebb~                   -79.6480844 +-        0.1702842       0.7983       0 [    7]      (   0)         431456

       105         110   0.2             NLO.QT.32.CT.QCD              -73.6834202 +-        0.1574163
--------------------------------------------------------------------------------------------------------------------------------------------------------------
       105         110   0.2             ud~_epvebb~                   -73.6834202 +-        0.1574163       0.7994       0 [    7]      (   0)         431456

       105         110   0.25            NLO.QT.32.CT.QCD              -69.2125060 +-        0.1477807
--------------------------------------------------------------------------------------------------------------------------------------------------------------
       105         110   0.25            ud~_epvebb~                   -69.2125060 +-        0.1477807       0.8003       0 [    7]      (   0)         431456

       105         110   0.5             NLO.QT.32.CT.QCD              -56.1918851 +-        0.1197741
--------------------------------------------------------------------------------------------------------------------------------------------------------------
       105         110   0.5             ud~_epvebb~                   -56.1918851 +-        0.1197741       0.8030       0 [    7]      (   0)         431456

==============================================================================================================================================================

       110         115   0.01            NLO.QT.32.CT.QCD              -120.040362 +-         0.288990
--------------------------------------------------------------------------------------------------------------------------------------------------------------
       110         115   0.01            ud~_epvebb~                   -120.040362 +-         0.288990        1.305       0 [    7]      (   0)         362154

       110         115   0.05            NLO.QT.32.CT.QCD              -85.4822408 +-        0.2047303
--------------------------------------------------------------------------------------------------------------------------------------------------------------
       110         115   0.05            ud~_epvebb~                   -85.4822408 +-        0.2047303        1.279       0 [    7]      (   0)         362154

       110         115   0.1             NLO.QT.32.CT.QCD              -72.3708875 +-        0.1728990
--------------------------------------------------------------------------------------------------------------------------------------------------------------
       110         115   0.1             ud~_epvebb~                   -72.3708875 +-        0.1728990        1.265       0 [    7]      (   0)         362154

       110         115   0.15            NLO.QT.32.CT.QCD              -65.1958168 +-        0.1555215
--------------------------------------------------------------------------------------------------------------------------------------------------------------
       110         115   0.15            ud~_epvebb~                   -65.1958168 +-        0.1555215        1.256       0 [    7]      (   0)         362154

       110         115   0.2             NLO.QT.32.CT.QCD              -60.3264306 +-        0.1437477
--------------------------------------------------------------------------------------------------------------------------------------------------------------
       110         115   0.2             ud~_epvebb~                   -60.3264306 +-        0.1437477        1.249       0 [    7]      (   0)         362154

       110         115   0.25            NLO.QT.32.CT.QCD              -56.6760116 +-        0.1349328
--------------------------------------------------------------------------------------------------------------------------------------------------------------
       110         115   0.25            ud~_epvebb~                   -56.6760116 +-        0.1349328        1.243       0 [    7]      (   0)         362154

       110         115   0.5             NLO.QT.32.CT.QCD              -46.0420961 +-        0.1093187
--------------------------------------------------------------------------------------------------------------------------------------------------------------
       110         115   0.5             ud~_epvebb~                   -46.0420961 +-        0.1093187        1.222       0 [    7]      (   0)         362154

==============================================================================================================================================================

       115         120   0.01            NLO.QT.32.CT.QCD              -98.3236620 +-        0.2596717
--------------------------------------------------------------------------------------------------------------------------------------------------------------
       115         120   0.01            ud~_epvebb~                   -98.3236620 +-        0.2596717        1.040       0 [    7]      (   0)         306109

       115         120   0.05            NLO.QT.32.CT.QCD              -70.0695912 +-        0.1839148
--------------------------------------------------------------------------------------------------------------------------------------------------------------
       115         120   0.05            ud~_epvebb~                   -70.0695912 +-        0.1839148        1.048       0 [    7]      (   0)         306109

       115         120   0.1             NLO.QT.32.CT.QCD              -59.3458705 +-        0.1553022
--------------------------------------------------------------------------------------------------------------------------------------------------------------
       115         120   0.1             ud~_epvebb~                   -59.3458705 +-        0.1553022        1.051       0 [    7]      (   0)         306109

       115         120   0.15            NLO.QT.32.CT.QCD              -53.4761036 +-        0.1396840
--------------------------------------------------------------------------------------------------------------------------------------------------------------
       115         120   0.15            ud~_epvebb~                   -53.4761036 +-        0.1396840        1.054       0 [    7]      (   0)         306109

       115         120   0.2             NLO.QT.32.CT.QCD              -49.4919411 +-        0.1291031
--------------------------------------------------------------------------------------------------------------------------------------------------------------
       115         120   0.2             ud~_epvebb~                   -49.4919411 +-        0.1291031        1.056       0 [    7]      (   0)         306109

       115         120   0.25            NLO.QT.32.CT.QCD              -46.5047716 +-        0.1211819
--------------------------------------------------------------------------------------------------------------------------------------------------------------
       115         120   0.25            ud~_epvebb~                   -46.5047716 +-        0.1211819        1.057       0 [    7]      (   0)         306109

       115         120   0.5             NLO.QT.32.CT.QCD              -37.8007927 +-        0.0981679
--------------------------------------------------------------------------------------------------------------------------------------------------------------
       115         120   0.5             ud~_epvebb~                   -37.8007927 +-        0.0981679        1.062       0 [    7]      (   0)         306109

==============================================================================================================================================================

       120         125   0.01            NLO.QT.32.CT.QCD              -81.3006109 +-        0.2341674
--------------------------------------------------------------------------------------------------------------------------------------------------------------
       120         125   0.01            ud~_epvebb~                   -81.3006109 +-        0.2341674       0.6006       0 [    7]      (   0)         260725

       120         125   0.05            NLO.QT.32.CT.QCD              -57.9776467 +-        0.1659725
--------------------------------------------------------------------------------------------------------------------------------------------------------------
       120         125   0.05            ud~_epvebb~                   -57.9776467 +-        0.1659725       0.6119       0 [    7]      (   0)         260725

       120         125   0.1             NLO.QT.32.CT.QCD              -49.1223822 +-        0.1402030
--------------------------------------------------------------------------------------------------------------------------------------------------------------
       120         125   0.1             ud~_epvebb~                   -49.1223822 +-        0.1402030       0.6177       0 [    7]      (   0)         260725

       120         125   0.15            NLO.QT.32.CT.QCD              -44.2743489 +-        0.1261326
--------------------------------------------------------------------------------------------------------------------------------------------------------------
       120         125   0.15            ud~_epvebb~                   -44.2743489 +-        0.1261326       0.6215       0 [    7]      (   0)         260725

       120         125   0.2             NLO.QT.32.CT.QCD              -40.9832247 +-        0.1165985
--------------------------------------------------------------------------------------------------------------------------------------------------------------
       120         125   0.2             ud~_epvebb~                   -40.9832247 +-        0.1165985       0.6244       0 [    7]      (   0)         260725

       120         125   0.25            NLO.QT.32.CT.QCD              -38.5153853 +-        0.1094598
--------------------------------------------------------------------------------------------------------------------------------------------------------------
       120         125   0.25            ud~_epvebb~                   -38.5153853 +-        0.1094598       0.6267       0 [    7]      (   0)         260725

       120         125   0.5             NLO.QT.32.CT.QCD              -31.3229934 +-        0.0887126
--------------------------------------------------------------------------------------------------------------------------------------------------------------
       120         125   0.5             ud~_epvebb~                   -31.3229934 +-        0.0887126       0.6345       0 [    7]      (   0)         260725

==============================================================================================================================================================

       125         130   0.01            NLO.QT.32.CT.QCD              -67.9631726 +-        0.2190115
--------------------------------------------------------------------------------------------------------------------------------------------------------------
       125         130   0.01            ud~_epvebb~                   -67.9631726 +-        0.2190115       0.7265       0 [    7]      (   0)         223915

       125         130   0.05            NLO.QT.32.CT.QCD              -48.4930717 +-        0.1550711
--------------------------------------------------------------------------------------------------------------------------------------------------------------
       125         130   0.05            ud~_epvebb~                   -48.4930717 +-        0.1550711       0.7273       0 [    7]      (   0)         223915

       125         130   0.1             NLO.QT.32.CT.QCD              -41.0985399 +-        0.1309294
--------------------------------------------------------------------------------------------------------------------------------------------------------------
       125         130   0.1             ud~_epvebb~                   -41.0985399 +-        0.1309294       0.7274       0 [    7]      (   0)         223915

       125         130   0.15            NLO.QT.32.CT.QCD              -37.0495489 +-        0.1177540
--------------------------------------------------------------------------------------------------------------------------------------------------------------
       125         130   0.15            ud~_epvebb~                   -37.0495489 +-        0.1177540       0.7273       0 [    7]      (   0)         223915

       125         130   0.2             NLO.QT.32.CT.QCD              -34.3005392 +-        0.1088293
--------------------------------------------------------------------------------------------------------------------------------------------------------------
       125         130   0.2             ud~_epvebb~                   -34.3005392 +-        0.1088293       0.7271       0 [    7]      (   0)         223915

       125         130   0.25            NLO.QT.32.CT.QCD              -32.2390106 +-        0.1021485
--------------------------------------------------------------------------------------------------------------------------------------------------------------
       125         130   0.25            ud~_epvebb~                   -32.2390106 +-        0.1021485       0.7270       0 [    7]      (   0)         223915

       125         130   0.5             NLO.QT.32.CT.QCD              -26.2296844 +-        0.0827422
--------------------------------------------------------------------------------------------------------------------------------------------------------------
       125         130   0.5             ud~_epvebb~                   -26.2296844 +-        0.0827422       0.7260       0 [    7]      (   0)         223915

==============================================================================================================================================================

       130         135   0.01            NLO.QT.32.CT.QCD              -57.4465095 +-        0.2019304
--------------------------------------------------------------------------------------------------------------------------------------------------------------
       130         135   0.01            ud~_epvebb~                   -57.4465095 +-        0.2019304       0.7722       0 [    7]      (   0)         193488

       130         135   0.05            NLO.QT.32.CT.QCD              -41.0168401 +-        0.1429708
--------------------------------------------------------------------------------------------------------------------------------------------------------------
       130         135   0.05            ud~_epvebb~                   -41.0168401 +-        0.1429708       0.7762       0 [    7]      (   0)         193488

       130         135   0.1             NLO.QT.32.CT.QCD              -34.7748333 +-        0.1207089
--------------------------------------------------------------------------------------------------------------------------------------------------------------
       130         135   0.1             ud~_epvebb~                   -34.7748333 +-        0.1207089       0.7788       0 [    7]      (   0)         193488

       130         135   0.15            NLO.QT.32.CT.QCD              -31.3562298 +-        0.1085591
--------------------------------------------------------------------------------------------------------------------------------------------------------------
       130         135   0.15            ud~_epvebb~                   -31.3562298 +-        0.1085591       0.7807       0 [    7]      (   0)         193488

       130         135   0.2             NLO.QT.32.CT.QCD              -29.0348809 +-        0.1003289
--------------------------------------------------------------------------------------------------------------------------------------------------------------
       130         135   0.2             ud~_epvebb~                   -29.0348809 +-        0.1003289       0.7822       0 [    7]      (   0)         193488

       130         135   0.25            NLO.QT.32.CT.QCD              -27.2938636 +-        0.0941681
--------------------------------------------------------------------------------------------------------------------------------------------------------------
       130         135   0.25            ud~_epvebb~                   -27.2938636 +-        0.0941681       0.7835       0 [    7]      (   0)         193488

       130         135   0.5             NLO.QT.32.CT.QCD              -22.2176785 +-        0.0762716
--------------------------------------------------------------------------------------------------------------------------------------------------------------
       130         135   0.5             ud~_epvebb~                   -22.2176785 +-        0.0762716       0.7885       0 [    7]      (   0)         193488

==============================================================================================================================================================

       135         140   0.01            NLO.QT.32.CT.QCD              -48.5268415 +-        0.1888289
--------------------------------------------------------------------------------------------------------------------------------------------------------------
       135         140   0.01            ud~_epvebb~                   -48.5268415 +-        0.1888289       0.6880       0 [    7]      (   0)         167314

       135         140   0.05            NLO.QT.32.CT.QCD              -34.6612006 +-        0.1336011
--------------------------------------------------------------------------------------------------------------------------------------------------------------
       135         140   0.05            ud~_epvebb~                   -34.6612006 +-        0.1336011       0.6821       0 [    7]      (   0)         167314

       135         140   0.1             NLO.QT.32.CT.QCD              -29.3922898 +-        0.1127587
--------------------------------------------------------------------------------------------------------------------------------------------------------------
       135         140   0.1             ud~_epvebb~                   -29.3922898 +-        0.1127587       0.6788       0 [    7]      (   0)         167314

       135         140   0.15            NLO.QT.32.CT.QCD              -26.5063006 +-        0.1013869
--------------------------------------------------------------------------------------------------------------------------------------------------------------
       135         140   0.15            ud~_epvebb~                   -26.5063006 +-        0.1013869       0.6766       0 [    7]      (   0)         167314

       135         140   0.2             NLO.QT.32.CT.QCD              -24.5464581 +-        0.0936854
--------------------------------------------------------------------------------------------------------------------------------------------------------------
       135         140   0.2             ud~_epvebb~                   -24.5464581 +-        0.0936854       0.6750       0 [    7]      (   0)         167314

       135         140   0.25            NLO.QT.32.CT.QCD              -23.0764779 +-        0.0879212
--------------------------------------------------------------------------------------------------------------------------------------------------------------
       135         140   0.25            ud~_epvebb~                   -23.0764779 +-        0.0879212       0.6736       0 [    7]      (   0)         167314

       135         140   0.5             NLO.QT.32.CT.QCD              -18.7900003 +-        0.0711820
--------------------------------------------------------------------------------------------------------------------------------------------------------------
       135         140   0.5             ud~_epvebb~                   -18.7900003 +-        0.0711820       0.6687       0 [    7]      (   0)         167314

==============================================================================================================================================================

       140         145   0.01            NLO.QT.32.CT.QCD              -41.1613654 +-        0.1735791
--------------------------------------------------------------------------------------------------------------------------------------------------------------
       140         145   0.01            ud~_epvebb~                   -41.1613654 +-        0.1735791       0.1677       0 [    7]      (   0)         145651

       140         145   0.05            NLO.QT.32.CT.QCD              -29.4149859 +-        0.1225446
--------------------------------------------------------------------------------------------------------------------------------------------------------------
       140         145   0.05            ud~_epvebb~                   -29.4149859 +-        0.1225446       0.1567       0 [    7]      (   0)         145651

       140         145   0.1             NLO.QT.32.CT.QCD              -24.9502155 +-        0.1033135
--------------------------------------------------------------------------------------------------------------------------------------------------------------
       140         145   0.1             ud~_epvebb~                   -24.9502155 +-        0.1033135       0.1512       0 [    7]      (   0)         145651

       140         145   0.15            NLO.QT.32.CT.QCD              -22.5043141 +-        0.0928298
--------------------------------------------------------------------------------------------------------------------------------------------------------------
       140         145   0.15            ud~_epvebb~                   -22.5043141 +-        0.0928298       0.1477       0 [    7]      (   0)         145651

       140         145   0.2             NLO.QT.32.CT.QCD              -20.8431528 +-        0.0857340
--------------------------------------------------------------------------------------------------------------------------------------------------------------
       140         145   0.2             ud~_epvebb~                   -20.8431528 +-        0.0857340       0.1451       0 [    7]      (   0)         145651

       140         145   0.25            NLO.QT.32.CT.QCD              -19.5970924 +-        0.0804257
--------------------------------------------------------------------------------------------------------------------------------------------------------------
       140         145   0.25            ud~_epvebb~                   -19.5970924 +-        0.0804257       0.1430       0 [    7]      (   0)         145651

       140         145   0.5             NLO.QT.32.CT.QCD              -15.9629566 +-        0.0650249
--------------------------------------------------------------------------------------------------------------------------------------------------------------
       140         145   0.5             ud~_epvebb~                   -15.9629566 +-        0.0650249       0.1362       0 [    7]      (   0)         145651

==============================================================================================================================================================

       145         150   0.01            NLO.QT.32.CT.QCD              -35.2604354 +-        0.1582236
--------------------------------------------------------------------------------------------------------------------------------------------------------------
       145         150   0.01            ud~_epvebb~                   -35.2604354 +-        0.1582236       0.7115       0 [    7]      (   0)         127749

       145         150   0.05            NLO.QT.32.CT.QCD              -25.2150390 +-        0.1119002
--------------------------------------------------------------------------------------------------------------------------------------------------------------
       145         150   0.05            ud~_epvebb~                   -25.2150390 +-        0.1119002       0.7176       0 [    7]      (   0)         127749

       145         150   0.1             NLO.QT.32.CT.QCD              -21.3954491 +-        0.0944231
--------------------------------------------------------------------------------------------------------------------------------------------------------------
       145         150   0.1             ud~_epvebb~                   -21.3954491 +-        0.0944231       0.7212       0 [    7]      (   0)         127749

       145         150   0.15            NLO.QT.32.CT.QCD              -19.3025623 +-        0.0848890
--------------------------------------------------------------------------------------------------------------------------------------------------------------
       145         150   0.15            ud~_epvebb~                   -19.3025623 +-        0.0848890       0.7236       0 [    7]      (   0)         127749

       145         150   0.2             NLO.QT.32.CT.QCD              -17.8809494 +-        0.0784327
--------------------------------------------------------------------------------------------------------------------------------------------------------------
       145         150   0.2             ud~_epvebb~                   -17.8809494 +-        0.0784327       0.7256       0 [    7]      (   0)         127749

       145         150   0.25            NLO.QT.32.CT.QCD              -16.8144549 +-        0.0736010
--------------------------------------------------------------------------------------------------------------------------------------------------------------
       145         150   0.25            ud~_epvebb~                   -16.8144549 +-        0.0736010       0.7272       0 [    7]      (   0)         127749

       145         150   0.5             NLO.QT.32.CT.QCD              -13.7033166 +-        0.0595721
--------------------------------------------------------------------------------------------------------------------------------------------------------------
       145         150   0.5             ud~_epvebb~                   -13.7033166 +-        0.0595721       0.7330       0 [    7]      (   0)         127749

==============================================================================================================================================================

       150         155   0.01            NLO.QT.32.CT.QCD              -30.1950883 +-        0.1485893
--------------------------------------------------------------------------------------------------------------------------------------------------------------
       150         155   0.01            ud~_epvebb~                   -30.1950883 +-        0.1485893        1.354       0 [    7]      (   0)         112765

       150         155   0.05            NLO.QT.32.CT.QCD              -21.6066527 +-        0.1051111
--------------------------------------------------------------------------------------------------------------------------------------------------------------
       150         155   0.05            ud~_epvebb~                   -21.6066527 +-        0.1051111        1.363       0 [    7]      (   0)         112765

       150         155   0.1             NLO.QT.32.CT.QCD              -18.3399359 +-        0.0887044
--------------------------------------------------------------------------------------------------------------------------------------------------------------
       150         155   0.1             ud~_epvebb~                   -18.3399359 +-        0.0887044        1.368       0 [    7]      (   0)         112765

       150         155   0.15            NLO.QT.32.CT.QCD              -16.5496364 +-        0.0797532
--------------------------------------------------------------------------------------------------------------------------------------------------------------
       150         155   0.15            ud~_epvebb~                   -16.5496364 +-        0.0797532        1.371       0 [    7]      (   0)         112765

       150         155   0.2             NLO.QT.32.CT.QCD              -15.3333908 +-        0.0736912
--------------------------------------------------------------------------------------------------------------------------------------------------------------
       150         155   0.2             ud~_epvebb~                   -15.3333908 +-        0.0736912        1.373       0 [    7]      (   0)         112765

       150         155   0.25            NLO.QT.32.CT.QCD              -14.4208627 +-        0.0691542
--------------------------------------------------------------------------------------------------------------------------------------------------------------
       150         155   0.25            ud~_epvebb~                   -14.4208627 +-        0.0691542        1.375       0 [    7]      (   0)         112765

       150         155   0.5             NLO.QT.32.CT.QCD              -11.7582922 +-        0.0559797
--------------------------------------------------------------------------------------------------------------------------------------------------------------
       150         155   0.5             ud~_epvebb~                   -11.7582922 +-        0.0559797        1.381       0 [    7]      (   0)         112765

==============================================================================================================================================================

       155         160   0.01            NLO.QT.32.CT.QCD              -26.1372354 +-        0.1419546
--------------------------------------------------------------------------------------------------------------------------------------------------------------
       155         160   0.01            ud~_epvebb~                   -26.1372354 +-        0.1419546       0.6999       0 [    7]      (   0)          99302

       155         160   0.05            NLO.QT.32.CT.QCD              -18.7073061 +-        0.1002461
--------------------------------------------------------------------------------------------------------------------------------------------------------------
       155         160   0.05            ud~_epvebb~                   -18.7073061 +-        0.1002461       0.7096       0 [    7]      (   0)          99302

       155         160   0.1             NLO.QT.32.CT.QCD              -15.8808948 +-        0.0845206
--------------------------------------------------------------------------------------------------------------------------------------------------------------
       155         160   0.1             ud~_epvebb~                   -15.8808948 +-        0.0845206       0.7156       0 [    7]      (   0)          99302

       155         160   0.15            NLO.QT.32.CT.QCD              -14.3317917 +-        0.0759455
--------------------------------------------------------------------------------------------------------------------------------------------------------------
       155         160   0.15            ud~_epvebb~                   -14.3317917 +-        0.0759455       0.7199       0 [    7]      (   0)          99302

       155         160   0.2             NLO.QT.32.CT.QCD              -13.2793514 +-        0.0701403
--------------------------------------------------------------------------------------------------------------------------------------------------------------
       155         160   0.2             ud~_epvebb~                   -13.2793514 +-        0.0701403       0.7234       0 [    7]      (   0)          99302

       155         160   0.25            NLO.QT.32.CT.QCD              -12.4896924 +-        0.0657968
--------------------------------------------------------------------------------------------------------------------------------------------------------------
       155         160   0.25            ud~_epvebb~                   -12.4896924 +-        0.0657968       0.7263       0 [    7]      (   0)          99302

       155         160   0.5             NLO.QT.32.CT.QCD              -10.1854486 +-        0.0531914
--------------------------------------------------------------------------------------------------------------------------------------------------------------
       155         160   0.5             ud~_epvebb~                   -10.1854486 +-        0.0531914       0.7374       0 [    7]      (   0)          99302

==============================================================================================================================================================

       160         165   0.01            NLO.QT.32.CT.QCD              -22.8154271 +-        0.1366050
--------------------------------------------------------------------------------------------------------------------------------------------------------------
       160         165   0.01            ud~_epvebb~                   -22.8154271 +-        0.1366050        1.183       0 [    7]      (   0)          87542

       160         165   0.05            NLO.QT.32.CT.QCD              -16.3325926 +-        0.0963986
--------------------------------------------------------------------------------------------------------------------------------------------------------------
       160         165   0.05            ud~_epvebb~                   -16.3325926 +-        0.0963986        1.128       0 [    7]      (   0)          87542

       160         165   0.1             NLO.QT.32.CT.QCD              -13.8662386 +-        0.0812465
--------------------------------------------------------------------------------------------------------------------------------------------------------------
       160         165   0.1             ud~_epvebb~                   -13.8662386 +-        0.0812465        1.098       0 [    7]      (   0)          87542

       160         165   0.15            NLO.QT.32.CT.QCD              -12.5144048 +-        0.0729862
--------------------------------------------------------------------------------------------------------------------------------------------------------------
       160         165   0.15            ud~_epvebb~                   -12.5144048 +-        0.0729862        1.078       0 [    7]      (   0)          87542

       160         165   0.2             NLO.QT.32.CT.QCD              -11.5959526 +-        0.0673952
--------------------------------------------------------------------------------------------------------------------------------------------------------------
       160         165   0.2             ud~_epvebb~                   -11.5959526 +-        0.0673952        1.063       0 [    7]      (   0)          87542

       160         165   0.25            NLO.QT.32.CT.QCD              -10.9068061 +-        0.0632125
--------------------------------------------------------------------------------------------------------------------------------------------------------------
       160         165   0.25            ud~_epvebb~                   -10.9068061 +-        0.0632125        1.050       0 [    7]      (   0)          87542

       160         165   0.5             NLO.QT.32.CT.QCD              -8.89574302 +-       0.05107747
--------------------------------------------------------------------------------------------------------------------------------------------------------------
       160         165   0.5             ud~_epvebb~                   -8.89574302 +-       0.05107747        1.007       0 [    7]      (   0)          87542

==============================================================================================================================================================

       165         170   0.01            NLO.QT.32.CT.QCD              -19.9628948 +-        0.1217964
--------------------------------------------------------------------------------------------------------------------------------------------------------------
       165         170   0.01            ud~_epvebb~                   -19.9628948 +-        0.1217964       0.7981       0 [    7]      (   0)          78766

       165         170   0.05            NLO.QT.32.CT.QCD              -14.3018111 +-        0.0860967
--------------------------------------------------------------------------------------------------------------------------------------------------------------
       165         170   0.05            ud~_epvebb~                   -14.3018111 +-        0.0860967       0.8210       0 [    7]      (   0)          78766

       165         170   0.1             NLO.QT.32.CT.QCD              -12.1471864 +-        0.0726327
--------------------------------------------------------------------------------------------------------------------------------------------------------------
       165         170   0.1             ud~_epvebb~                   -12.1471864 +-        0.0726327       0.8336       0 [    7]      (   0)          78766

       165         170   0.15            NLO.QT.32.CT.QCD              -10.9659301 +-        0.0652893
--------------------------------------------------------------------------------------------------------------------------------------------------------------
       165         170   0.15            ud~_epvebb~                   -10.9659301 +-        0.0652893       0.8419       0 [    7]      (   0)          78766

       165         170   0.2             NLO.QT.32.CT.QCD              -10.1632344 +-        0.0603173
--------------------------------------------------------------------------------------------------------------------------------------------------------------
       165         170   0.2             ud~_epvebb~                   -10.1632344 +-        0.0603173       0.8483       0 [    7]      (   0)          78766

       165         170   0.25            NLO.QT.32.CT.QCD              -9.56086284 +-       0.05659674
--------------------------------------------------------------------------------------------------------------------------------------------------------------
       165         170   0.25            ud~_epvebb~                   -9.56086284 +-       0.05659674       0.8537       0 [    7]      (   0)          78766

       165         170   0.5             NLO.QT.32.CT.QCD              -7.80255858 +-       0.04579669
--------------------------------------------------------------------------------------------------------------------------------------------------------------
       165         170   0.5             ud~_epvebb~                   -7.80255858 +-       0.04579669       0.8723       0 [    7]      (   0)          78766

==============================================================================================================================================================

       170         175   0.01            NLO.QT.32.CT.QCD              -17.5047149 +-        0.1342681
--------------------------------------------------------------------------------------------------------------------------------------------------------------
       170         175   0.01            ud~_epvebb~                   -17.5047149 +-        0.1342681       0.7888       0 [    7]      (   0)          69827

       170         175   0.05            NLO.QT.32.CT.QCD              -12.5407622 +-        0.0940027
--------------------------------------------------------------------------------------------------------------------------------------------------------------
       170         175   0.05            ud~_epvebb~                   -12.5407622 +-        0.0940027       0.7537       0 [    7]      (   0)          69827

       170         175   0.1             NLO.QT.32.CT.QCD              -10.6514644 +-        0.0788867
--------------------------------------------------------------------------------------------------------------------------------------------------------------
       170         175   0.1             ud~_epvebb~                   -10.6514644 +-        0.0788867       0.7347       0 [    7]      (   0)          69827

       170         175   0.15            NLO.QT.32.CT.QCD              -9.61567054 +-       0.07066489
--------------------------------------------------------------------------------------------------------------------------------------------------------------
       170         175   0.15            ud~_epvebb~                   -9.61567054 +-       0.07066489       0.7222       0 [    7]      (   0)          69827

       170         175   0.2             NLO.QT.32.CT.QCD              -8.91181993 +-       0.06510895
--------------------------------------------------------------------------------------------------------------------------------------------------------------
       170         175   0.2             ud~_epvebb~                   -8.91181993 +-       0.06510895       0.7126       0 [    7]      (   0)          69827

       170         175   0.25            NLO.QT.32.CT.QCD              -8.38362506 +-       0.06095798
--------------------------------------------------------------------------------------------------------------------------------------------------------------
       170         175   0.25            ud~_epvebb~                   -8.38362506 +-       0.06095798       0.7046       0 [    7]      (   0)          69827

       170         175   0.5             NLO.QT.32.CT.QCD              -6.84183856 +-       0.04894658
--------------------------------------------------------------------------------------------------------------------------------------------------------------
       170         175   0.5             ud~_epvebb~                   -6.84183856 +-       0.04894658       0.6769       0 [    7]      (   0)          69827

==============================================================================================================================================================

       175         180   0.01            NLO.QT.32.CT.QCD              -15.2500973 +-        0.1145229
--------------------------------------------------------------------------------------------------------------------------------------------------------------
       175         180   0.01            ud~_epvebb~                   -15.2500973 +-        0.1145229       0.3191       0 [    7]      (   0)          61996

       175         180   0.05            NLO.QT.32.CT.QCD              -10.9295053 +-        0.0806159
--------------------------------------------------------------------------------------------------------------------------------------------------------------
       175         180   0.05            ud~_epvebb~                   -10.9295053 +-        0.0806159       0.2892       0 [    7]      (   0)          61996

       175         180   0.1             NLO.QT.32.CT.QCD              -9.28475124 +-       0.06786243
--------------------------------------------------------------------------------------------------------------------------------------------------------------
       175         180   0.1             ud~_epvebb~                   -9.28475124 +-       0.06786243       0.2734       0 [    7]      (   0)          61996

       175         180   0.15            NLO.QT.32.CT.QCD              -8.38292512 +-       0.06091746
--------------------------------------------------------------------------------------------------------------------------------------------------------------
       175         180   0.15            ud~_epvebb~                   -8.38292512 +-       0.06091746       0.2632       0 [    7]      (   0)          61996

       175         180   0.2             NLO.QT.32.CT.QCD              -7.77006080 +-       0.05622034
--------------------------------------------------------------------------------------------------------------------------------------------------------------
       175         180   0.2             ud~_epvebb~                   -7.77006080 +-       0.05622034       0.2555       0 [    7]      (   0)          61996

       175         180   0.25            NLO.QT.32.CT.QCD              -7.31011636 +-       0.05270856
--------------------------------------------------------------------------------------------------------------------------------------------------------------
       175         180   0.25            ud~_epvebb~                   -7.31011636 +-       0.05270856       0.2492       0 [    7]      (   0)          61996

       175         180   0.5             NLO.QT.32.CT.QCD              -5.96738430 +-       0.04253214
--------------------------------------------------------------------------------------------------------------------------------------------------------------
       175         180   0.5             ud~_epvebb~                   -5.96738430 +-       0.04253214       0.2277       0 [    7]      (   0)          61996

==============================================================================================================================================================

       180         185   0.01            NLO.QT.32.CT.QCD              -13.4540534 +-        0.1043677
--------------------------------------------------------------------------------------------------------------------------------------------------------------
       180         185   0.01            ud~_epvebb~                   -13.4540534 +-        0.1043677        1.265       0 [    7]      (   0)          55643

       180         185   0.05            NLO.QT.32.CT.QCD              -9.64841360 +-       0.07357720
--------------------------------------------------------------------------------------------------------------------------------------------------------------
       180         185   0.05            ud~_epvebb~                   -9.64841360 +-       0.07357720        1.314       0 [    7]      (   0)          55643

       180         185   0.1             NLO.QT.32.CT.QCD              -8.19919922 +-       0.06198378
--------------------------------------------------------------------------------------------------------------------------------------------------------------
       180         185   0.1             ud~_epvebb~                   -8.19919922 +-       0.06198378        1.339       0 [    7]      (   0)          55643

       180         185   0.15            NLO.QT.32.CT.QCD              -7.40443330 +-       0.05566669
--------------------------------------------------------------------------------------------------------------------------------------------------------------
       180         185   0.15            ud~_epvebb~                   -7.40443330 +-       0.05566669        1.356       0 [    7]      (   0)          55643

       180         185   0.2             NLO.QT.32.CT.QCD              -6.86425103 +-       0.05139241
--------------------------------------------------------------------------------------------------------------------------------------------------------------
       180         185   0.2             ud~_epvebb~                   -6.86425103 +-       0.05139241        1.369       0 [    7]      (   0)          55643

       180         185   0.25            NLO.QT.32.CT.QCD              -6.45880905 +-       0.04819568
--------------------------------------------------------------------------------------------------------------------------------------------------------------
       180         185   0.25            ud~_epvebb~                   -6.45880905 +-       0.04819568        1.379       0 [    7]      (   0)          55643

       180         185   0.5             NLO.QT.32.CT.QCD              -5.27493342 +-       0.03892606
--------------------------------------------------------------------------------------------------------------------------------------------------------------
       180         185   0.5             ud~_epvebb~                   -5.27493342 +-       0.03892606        1.415       0 [    7]      (   0)          55643

==============================================================================================================================================================

       185         190   0.01            NLO.QT.32.CT.QCD              -11.9138658 +-        0.1016935
--------------------------------------------------------------------------------------------------------------------------------------------------------------
       185         190   0.01            ud~_epvebb~                   -11.9138658 +-        0.1016935       0.3113       0 [    7]      (   0)          49961

       185         190   0.05            NLO.QT.32.CT.QCD              -8.54379313 +-       0.07154677
--------------------------------------------------------------------------------------------------------------------------------------------------------------
       185         190   0.05            ud~_epvebb~                   -8.54379313 +-       0.07154677       0.3310       0 [    7]      (   0)          49961

       185         190   0.1             NLO.QT.32.CT.QCD              -7.26045332 +-       0.06020432
--------------------------------------------------------------------------------------------------------------------------------------------------------------
       185         190   0.1             ud~_epvebb~                   -7.26045332 +-       0.06020432       0.3421       0 [    7]      (   0)          49961

       185         190   0.15            NLO.QT.32.CT.QCD              -6.55665730 +-       0.05402682
--------------------------------------------------------------------------------------------------------------------------------------------------------------
       185         190   0.15            ud~_epvebb~                   -6.55665730 +-       0.05402682       0.3495       0 [    7]      (   0)          49961

       185         190   0.2             NLO.QT.32.CT.QCD              -6.07830610 +-       0.04984839
--------------------------------------------------------------------------------------------------------------------------------------------------------------
       185         190   0.2             ud~_epvebb~                   -6.07830610 +-       0.04984839       0.3554       0 [    7]      (   0)          49961

       185         190   0.25            NLO.QT.32.CT.QCD              -5.71927305 +-       0.04672420
--------------------------------------------------------------------------------------------------------------------------------------------------------------
       185         190   0.25            ud~_epvebb~                   -5.71927305 +-       0.04672420       0.3603       0 [    7]      (   0)          49961

       185         190   0.5             NLO.QT.32.CT.QCD              -4.67091366 +-       0.03766996
--------------------------------------------------------------------------------------------------------------------------------------------------------------
       185         190   0.5             ud~_epvebb~                   -4.67091366 +-       0.03766996       0.3777       0 [    7]      (   0)          49961

==============================================================================================================================================================

       190         195   0.01            NLO.QT.32.CT.QCD              -10.5573149 +-        0.0966709
--------------------------------------------------------------------------------------------------------------------------------------------------------------
       190         195   0.01            ud~_epvebb~                   -10.5573149 +-        0.0966709       0.9722       0 [    7]      (   0)          44978

       190         195   0.05            NLO.QT.32.CT.QCD              -7.57072039 +-       0.06782864
--------------------------------------------------------------------------------------------------------------------------------------------------------------
       190         195   0.05            ud~_epvebb~                   -7.57072039 +-       0.06782864       0.9641       0 [    7]      (   0)          44978

       190         195   0.1             NLO.QT.32.CT.QCD              -6.43343097 +-       0.05699787
--------------------------------------------------------------------------------------------------------------------------------------------------------------
       190         195   0.1             ud~_epvebb~                   -6.43343097 +-       0.05699787       0.9590       0 [    7]      (   0)          44978

       190         195   0.15            NLO.QT.32.CT.QCD              -5.80973674 +-       0.05110562
--------------------------------------------------------------------------------------------------------------------------------------------------------------
       190         195   0.15            ud~_epvebb~                   -5.80973674 +-       0.05110562       0.9555       0 [    7]      (   0)          44978

       190         195   0.2             NLO.QT.32.CT.QCD              -5.38583159 +-       0.04712325
--------------------------------------------------------------------------------------------------------------------------------------------------------------
       190         195   0.2             ud~_epvebb~                   -5.38583159 +-       0.04712325       0.9526       0 [    7]      (   0)          44978

       190         195   0.25            NLO.QT.32.CT.QCD              -5.06766557 +-       0.04414751
--------------------------------------------------------------------------------------------------------------------------------------------------------------
       190         195   0.25            ud~_epvebb~                   -5.06766557 +-       0.04414751       0.9502       0 [    7]      (   0)          44978

       190         195   0.5             NLO.QT.32.CT.QCD              -4.13864638 +-       0.03553405
--------------------------------------------------------------------------------------------------------------------------------------------------------------
       190         195   0.5             ud~_epvebb~                   -4.13864638 +-       0.03553405       0.9413       0 [    7]      (   0)          44978

==============================================================================================================================================================

       195         200   0.01            NLO.QT.32.CT.QCD              -9.25734648 +-       0.08868444
--------------------------------------------------------------------------------------------------------------------------------------------------------------
       195         200   0.01            ud~_epvebb~                   -9.25734648 +-       0.08868444        1.925       0 [    7]      (   0)          40513

       195         200   0.05            NLO.QT.32.CT.QCD              -6.64536964 +-       0.06226387
--------------------------------------------------------------------------------------------------------------------------------------------------------------
       195         200   0.05            ud~_epvebb~                   -6.64536964 +-       0.06226387        1.989       0 [    7]      (   0)          40513

       195         200   0.1             NLO.QT.32.CT.QCD              -5.65018064 +-       0.05233517
--------------------------------------------------------------------------------------------------------------------------------------------------------------
       195         200   0.1             ud~_epvebb~                   -5.65018064 +-       0.05233517        2.024       0 [    7]      (   0)          40513

       195         200   0.15            NLO.QT.32.CT.QCD              -5.10424024 +-       0.04693141
--------------------------------------------------------------------------------------------------------------------------------------------------------------
       195         200   0.15            ud~_epvebb~                   -5.10424024 +-       0.04693141        2.047       0 [    7]      (   0)          40513

       195         200   0.2             NLO.QT.32.CT.QCD              -4.73309852 +-       0.04327814
--------------------------------------------------------------------------------------------------------------------------------------------------------------
       195         200   0.2             ud~_epvebb~                   -4.73309852 +-       0.04327814        2.065       0 [    7]      (   0)          40513

       195         200   0.25            NLO.QT.32.CT.QCD              -4.45448484 +-       0.04054770
--------------------------------------------------------------------------------------------------------------------------------------------------------------
       195         200   0.25            ud~_epvebb~                   -4.45448484 +-       0.04054770        2.079       0 [    7]      (   0)          40513

       195         200   0.5             NLO.QT.32.CT.QCD              -3.64066881 +-       0.03264078
--------------------------------------------------------------------------------------------------------------------------------------------------------------
       195         200   0.5             ud~_epvebb~                   -3.64066881 +-       0.03264078        2.130       0 [    7]      (   0)          40513

==============================================================================================================================================================

       200         205   0.01            NLO.QT.32.CT.QCD              -8.36365671 +-       0.09282978
--------------------------------------------------------------------------------------------------------------------------------------------------------------
       200         205   0.01            ud~_epvebb~                   -8.36365671 +-       0.09282978       0.6961       0 [    7]      (   0)          36861

       200         205   0.05            NLO.QT.32.CT.QCD              -6.00056925 +-       0.06476032
--------------------------------------------------------------------------------------------------------------------------------------------------------------
       200         205   0.05            ud~_epvebb~                   -6.00056925 +-       0.06476032       0.6897       0 [    7]      (   0)          36861

       200         205   0.1             NLO.QT.32.CT.QCD              -5.10047353 +-       0.05424598
--------------------------------------------------------------------------------------------------------------------------------------------------------------
       200         205   0.1             ud~_epvebb~                   -5.10047353 +-       0.05424598       0.6858       0 [    7]      (   0)          36861

       200         205   0.15            NLO.QT.32.CT.QCD              -4.60678263 +-       0.04853444
--------------------------------------------------------------------------------------------------------------------------------------------------------------
       200         205   0.15            ud~_epvebb~                   -4.60678263 +-       0.04853444       0.6831       0 [    7]      (   0)          36861

       200         205   0.2             NLO.QT.32.CT.QCD              -4.27120097 +-       0.04467837
--------------------------------------------------------------------------------------------------------------------------------------------------------------
       200         205   0.2             ud~_epvebb~                   -4.27120097 +-       0.04467837       0.6809       0 [    7]      (   0)          36861

       200         205   0.25            NLO.QT.32.CT.QCD              -4.01930569 +-       0.04179954
--------------------------------------------------------------------------------------------------------------------------------------------------------------
       200         205   0.25            ud~_epvebb~                   -4.01930569 +-       0.04179954       0.6790       0 [    7]      (   0)          36861

       200         205   0.5             NLO.QT.32.CT.QCD              -3.28366925 +-       0.03348133
--------------------------------------------------------------------------------------------------------------------------------------------------------------
       200         205   0.5             ud~_epvebb~                   -3.28366925 +-       0.03348133       0.6719       0 [    7]      (   0)          36861

==============================================================================================================================================================

       205         210   0.01            NLO.QT.32.CT.QCD              -7.35055818 +-       0.08052434
--------------------------------------------------------------------------------------------------------------------------------------------------------------
       205         210   0.01            ud~_epvebb~                   -7.35055818 +-       0.08052434        1.236       0 [    7]      (   0)          33493

       205         210   0.05            NLO.QT.32.CT.QCD              -5.28019703 +-       0.05656777
--------------------------------------------------------------------------------------------------------------------------------------------------------------
       205         210   0.05            ud~_epvebb~                   -5.28019703 +-       0.05656777        1.274       0 [    7]      (   0)          33493

       205         210   0.1             NLO.QT.32.CT.QCD              -4.49107712 +-       0.04756403
--------------------------------------------------------------------------------------------------------------------------------------------------------------
       205         210   0.1             ud~_epvebb~                   -4.49107712 +-       0.04756403        1.293       0 [    7]      (   0)          33493

       205         210   0.15            NLO.QT.32.CT.QCD              -4.05808995 +-       0.04266333
--------------------------------------------------------------------------------------------------------------------------------------------------------------
       205         210   0.15            ud~_epvebb~                   -4.05808995 +-       0.04266333        1.306       0 [    7]      (   0)          33493

       205         210   0.2             NLO.QT.32.CT.QCD              -3.76369225 +-       0.03934997
--------------------------------------------------------------------------------------------------------------------------------------------------------------
       205         210   0.2             ud~_epvebb~                   -3.76369225 +-       0.03934997        1.316       0 [    7]      (   0)          33493

       205         210   0.25            NLO.QT.32.CT.QCD              -3.54266359 +-       0.03687345
--------------------------------------------------------------------------------------------------------------------------------------------------------------
       205         210   0.25            ud~_epvebb~                   -3.54266359 +-       0.03687345        1.324       0 [    7]      (   0)          33493

       205         210   0.5             NLO.QT.32.CT.QCD              -2.89689950 +-       0.02970113
--------------------------------------------------------------------------------------------------------------------------------------------------------------
       205         210   0.5             ud~_epvebb~                   -2.89689950 +-       0.02970113        1.351       0 [    7]      (   0)          33493

==============================================================================================================================================================

       210         215   0.01            NLO.QT.32.CT.QCD              -6.56750308 +-       0.08680503
--------------------------------------------------------------------------------------------------------------------------------------------------------------
       210         215   0.01            ud~_epvebb~                   -6.56750308 +-       0.08680503       0.3608       0 [    7]      (   0)          30510

       210         215   0.05            NLO.QT.32.CT.QCD              -4.71496862 +-       0.06035276
--------------------------------------------------------------------------------------------------------------------------------------------------------------
       210         215   0.05            ud~_epvebb~                   -4.71496862 +-       0.06035276       0.4052       0 [    7]      (   0)          30510

       210         215   0.1             NLO.QT.32.CT.QCD              -4.00909442 +-       0.05046975
--------------------------------------------------------------------------------------------------------------------------------------------------------------
       210         215   0.1             ud~_epvebb~                   -4.00909442 +-       0.05046975       0.4318       0 [    7]      (   0)          30510

       210         215   0.15            NLO.QT.32.CT.QCD              -3.62185351 +-       0.04510925
--------------------------------------------------------------------------------------------------------------------------------------------------------------
       210         215   0.15            ud~_epvebb~                   -3.62185351 +-       0.04510925       0.4504       0 [    7]      (   0)          30510

       210         215   0.2             NLO.QT.32.CT.QCD              -3.35859298 +-       0.04149405
--------------------------------------------------------------------------------------------------------------------------------------------------------------
       210         215   0.2             ud~_epvebb~                   -3.35859298 +-       0.04149405       0.4653       0 [    7]      (   0)          30510

       210         215   0.25            NLO.QT.32.CT.QCD              -3.16096138 +-       0.03879734
--------------------------------------------------------------------------------------------------------------------------------------------------------------
       210         215   0.25            ud~_epvebb~                   -3.16096138 +-       0.03879734       0.4780       0 [    7]      (   0)          30510

       210         215   0.5             NLO.QT.32.CT.QCD              -2.58366898 +-       0.03101853
--------------------------------------------------------------------------------------------------------------------------------------------------------------
       210         215   0.5             ud~_epvebb~                   -2.58366898 +-       0.03101853       0.5250       0 [    7]      (   0)          30510

==============================================================================================================================================================

       215         220   0.01            NLO.QT.32.CT.QCD              -6.09226030 +-       0.08648085
--------------------------------------------------------------------------------------------------------------------------------------------------------------
       215         220   0.01            ud~_epvebb~                   -6.09226030 +-       0.08648085        1.010       0 [    7]      (   0)          28038

       215         220   0.05            NLO.QT.32.CT.QCD              -4.37181276 +-       0.06006558
--------------------------------------------------------------------------------------------------------------------------------------------------------------
       215         220   0.05            ud~_epvebb~                   -4.37181276 +-       0.06006558       0.9950       0 [    7]      (   0)          28038

       215         220   0.1             NLO.QT.32.CT.QCD              -3.71642688 +-       0.05020755
--------------------------------------------------------------------------------------------------------------------------------------------------------------
       215         220   0.1             ud~_epvebb~                   -3.71642688 +-       0.05020755       0.9887       0 [    7]      (   0)          28038

       215         220   0.15            NLO.QT.32.CT.QCD              -3.35693392 +-       0.04486412
--------------------------------------------------------------------------------------------------------------------------------------------------------------
       215         220   0.15            ud~_epvebb~                   -3.35693392 +-       0.04486412       0.9852       0 [    7]      (   0)          28038

       215         220   0.2             NLO.QT.32.CT.QCD              -3.11256139 +-       0.04126210
--------------------------------------------------------------------------------------------------------------------------------------------------------------
       215         220   0.2             ud~_epvebb~                   -3.11256139 +-       0.04126210       0.9829       0 [    7]      (   0)          28038

       215         220   0.25            NLO.QT.32.CT.QCD              -2.92912344 +-       0.03857621
--------------------------------------------------------------------------------------------------------------------------------------------------------------
       215         220   0.25            ud~_epvebb~                   -2.92912344 +-       0.03857621       0.9812       0 [    7]      (   0)          28038

       215         220   0.5             NLO.QT.32.CT.QCD              -2.39337367 +-       0.03083421
--------------------------------------------------------------------------------------------------------------------------------------------------------------
       215         220   0.5             ud~_epvebb~                   -2.39337367 +-       0.03083421       0.9770       0 [    7]      (   0)          28038

==============================================================================================================================================================

       220         225   0.01            NLO.QT.32.CT.QCD              -5.33182075 +-       0.08111273
--------------------------------------------------------------------------------------------------------------------------------------------------------------
       220         225   0.01            ud~_epvebb~                   -5.33182075 +-       0.08111273       0.6246       0 [    7]      (   0)          25583

       220         225   0.05            NLO.QT.32.CT.QCD              -3.83244327 +-       0.05669605
--------------------------------------------------------------------------------------------------------------------------------------------------------------
       220         225   0.05            ud~_epvebb~                   -3.83244327 +-       0.05669605       0.6090       0 [    7]      (   0)          25583

       220         225   0.1             NLO.QT.32.CT.QCD              -3.26076120 +-       0.04753301
--------------------------------------------------------------------------------------------------------------------------------------------------------------
       220         225   0.1             ud~_epvebb~                   -3.26076120 +-       0.04753301       0.6012       0 [    7]      (   0)          25583

       220         225   0.15            NLO.QT.32.CT.QCD              -2.94702048 +-       0.04255020
--------------------------------------------------------------------------------------------------------------------------------------------------------------
       220         225   0.15            ud~_epvebb~                   -2.94702048 +-       0.04255020       0.5964       0 [    7]      (   0)          25583

       220         225   0.2             NLO.QT.32.CT.QCD              -2.73367207 +-       0.03918361
--------------------------------------------------------------------------------------------------------------------------------------------------------------
       220         225   0.2             ud~_epvebb~                   -2.73367207 +-       0.03918361       0.5927       0 [    7]      (   0)          25583

       220         225   0.25            NLO.QT.32.CT.QCD              -2.57347647 +-       0.03666872
--------------------------------------------------------------------------------------------------------------------------------------------------------------
       220         225   0.25            ud~_epvebb~                   -2.57347647 +-       0.03666872       0.5899       0 [    7]      (   0)          25583

       220         225   0.5             NLO.QT.32.CT.QCD              -2.10534436 +-       0.02939369
--------------------------------------------------------------------------------------------------------------------------------------------------------------
       220         225   0.5             ud~_epvebb~                   -2.10534436 +-       0.02939369       0.5804       0 [    7]      (   0)          25583

==============================================================================================================================================================

       225         230   0.01            NLO.QT.32.CT.QCD              -4.88833659 +-       0.07639718
--------------------------------------------------------------------------------------------------------------------------------------------------------------
       225         230   0.01            ud~_epvebb~                   -4.88833659 +-       0.07639718       0.6774       0 [    7]      (   0)          23506

       225         230   0.05            NLO.QT.32.CT.QCD              -3.51368780 +-       0.05359019
--------------------------------------------------------------------------------------------------------------------------------------------------------------
       225         230   0.05            ud~_epvebb~                   -3.51368780 +-       0.05359019       0.6549       0 [    7]      (   0)          23506

       225         230   0.1             NLO.QT.32.CT.QCD              -2.98956101 +-       0.04501768
--------------------------------------------------------------------------------------------------------------------------------------------------------------
       225         230   0.1             ud~_epvebb~                   -2.98956101 +-       0.04501768       0.6440       0 [    7]      (   0)          23506

       225         230   0.15            NLO.QT.32.CT.QCD              -2.70191838 +-       0.04035159
--------------------------------------------------------------------------------------------------------------------------------------------------------------
       225         230   0.15            ud~_epvebb~                   -2.70191838 +-       0.04035159       0.6373       0 [    7]      (   0)          23506

       225         230   0.2             NLO.QT.32.CT.QCD              -2.50631687 +-       0.03719687
--------------------------------------------------------------------------------------------------------------------------------------------------------------
       225         230   0.2             ud~_epvebb~                   -2.50631687 +-       0.03719687       0.6324       0 [    7]      (   0)          23506

       225         230   0.25            NLO.QT.32.CT.QCD              -2.35944667 +-       0.03483895
--------------------------------------------------------------------------------------------------------------------------------------------------------------
       225         230   0.25            ud~_epvebb~                   -2.35944667 +-       0.03483895       0.6285       0 [    7]      (   0)          23506

       225         230   0.5             NLO.QT.32.CT.QCD              -1.93025410 +-       0.02801050
--------------------------------------------------------------------------------------------------------------------------------------------------------------
       225         230   0.5             ud~_epvebb~                   -1.93025410 +-       0.02801050       0.6159       0 [    7]      (   0)          23506

==============================================================================================================================================================

       230         235   0.01            NLO.QT.32.CT.QCD              -4.49193969 +-       0.09048359
--------------------------------------------------------------------------------------------------------------------------------------------------------------
       230         235   0.01            ud~_epvebb~                   -4.49193969 +-       0.09048359        1.290       0 [    7]      (   0)          21711

       230         235   0.05            NLO.QT.32.CT.QCD              -3.22825192 +-       0.06388238
--------------------------------------------------------------------------------------------------------------------------------------------------------------
       230         235   0.05            ud~_epvebb~                   -3.22825192 +-       0.06388238        1.263       0 [    7]      (   0)          21711

       230         235   0.1             NLO.QT.32.CT.QCD              -2.74647372 +-       0.05384605
--------------------------------------------------------------------------------------------------------------------------------------------------------------
       230         235   0.1             ud~_epvebb~                   -2.74647372 +-       0.05384605        1.248       0 [    7]      (   0)          21711

       230         235   0.15            NLO.QT.32.CT.QCD              -2.48208518 +-       0.04837124
--------------------------------------------------------------------------------------------------------------------------------------------------------------
       230         235   0.15            ud~_epvebb~                   -2.48208518 +-       0.04837124        1.239       0 [    7]      (   0)          21711

       230         235   0.2             NLO.QT.32.CT.QCD              -2.30230303 +-       0.04466400
--------------------------------------------------------------------------------------------------------------------------------------------------------------
       230         235   0.2             ud~_epvebb~                   -2.30230303 +-       0.04466400        1.232       0 [    7]      (   0)          21711

       230         235   0.25            NLO.QT.32.CT.QCD              -2.16731473 +-       0.04188970
--------------------------------------------------------------------------------------------------------------------------------------------------------------
       230         235   0.25            ud~_epvebb~                   -2.16731473 +-       0.04188970        1.226       0 [    7]      (   0)          21711

       230         235   0.5             NLO.QT.32.CT.QCD              -1.77286547 +-       0.03383580
--------------------------------------------------------------------------------------------------------------------------------------------------------------
       230         235   0.5             ud~_epvebb~                   -1.77286547 +-       0.03383580        1.205       0 [    7]      (   0)          21711

==============================================================================================================================================================

       235         240   0.01            NLO.QT.32.CT.QCD              -4.01501914 +-       0.06791823
--------------------------------------------------------------------------------------------------------------------------------------------------------------
       235         240   0.01            ud~_epvebb~                   -4.01501914 +-       0.06791823        1.165       0 [    7]      (   0)          19783

       235         240   0.05            NLO.QT.32.CT.QCD              -2.88316191 +-       0.04732036
--------------------------------------------------------------------------------------------------------------------------------------------------------------
       235         240   0.05            ud~_epvebb~                   -2.88316191 +-       0.04732036        1.166       0 [    7]      (   0)          19783

       235         240   0.1             NLO.QT.32.CT.QCD              -2.45183331 +-       0.03961106
--------------------------------------------------------------------------------------------------------------------------------------------------------------
       235         240   0.1             ud~_epvebb~                   -2.45183331 +-       0.03961106        1.169       0 [    7]      (   0)          19783

       235         240   0.15            NLO.QT.32.CT.QCD              -2.21519006 +-       0.03542527
--------------------------------------------------------------------------------------------------------------------------------------------------------------
       235         240   0.15            ud~_epvebb~                   -2.21519006 +-       0.03542527        1.170       0 [    7]      (   0)          19783

       235         240   0.2             NLO.QT.32.CT.QCD              -2.05430301 +-       0.03260027
--------------------------------------------------------------------------------------------------------------------------------------------------------------
       235         240   0.2             ud~_epvebb~                   -2.05430301 +-       0.03260027        1.172       0 [    7]      (   0)          19783

       235         240   0.25            NLO.QT.32.CT.QCD              -1.93351897 +-       0.03049177
--------------------------------------------------------------------------------------------------------------------------------------------------------------
       235         240   0.25            ud~_epvebb~                   -1.93351897 +-       0.03049177        1.174       0 [    7]      (   0)          19783

       235         240   0.5             NLO.QT.32.CT.QCD              -1.58067385 +-       0.02440273
--------------------------------------------------------------------------------------------------------------------------------------------------------------
       235         240   0.5             ud~_epvebb~                   -1.58067385 +-       0.02440273        1.181       0 [    7]      (   0)          19783

==============================================================================================================================================================

       240         245   0.01            NLO.QT.32.CT.QCD              -3.51337865 +-       0.06268239
--------------------------------------------------------------------------------------------------------------------------------------------------------------
       240         245   0.01            ud~_epvebb~                   -3.51337865 +-       0.06268239        1.239       0 [    7]      (   0)          18235

       240         245   0.05            NLO.QT.32.CT.QCD              -2.53000118 +-       0.04441350
--------------------------------------------------------------------------------------------------------------------------------------------------------------
       240         245   0.05            ud~_epvebb~                   -2.53000118 +-       0.04441350        1.220       0 [    7]      (   0)          18235

       240         245   0.1             NLO.QT.32.CT.QCD              -2.15468401 +-       0.03750797
--------------------------------------------------------------------------------------------------------------------------------------------------------------
       240         245   0.1             ud~_epvebb~                   -2.15468401 +-       0.03750797        1.209       0 [    7]      (   0)          18235

       240         245   0.15            NLO.QT.32.CT.QCD              -1.94859056 +-       0.03373689
--------------------------------------------------------------------------------------------------------------------------------------------------------------
       240         245   0.15            ud~_epvebb~                   -1.94859056 +-       0.03373689        1.202       0 [    7]      (   0)          18235

       240         245   0.2             NLO.QT.32.CT.QCD              -1.80838745 +-       0.03118136
--------------------------------------------------------------------------------------------------------------------------------------------------------------
       240         245   0.2             ud~_epvebb~                   -1.80838745 +-       0.03118136        1.196       0 [    7]      (   0)          18235

       240         245   0.25            NLO.QT.32.CT.QCD              -1.70308033 +-       0.02926775
--------------------------------------------------------------------------------------------------------------------------------------------------------------
       240         245   0.25            ud~_epvebb~                   -1.70308033 +-       0.02926775        1.191       0 [    7]      (   0)          18235

       240         245   0.5             NLO.QT.32.CT.QCD              -1.39515246 +-       0.02370563
--------------------------------------------------------------------------------------------------------------------------------------------------------------
       240         245   0.5             ud~_epvebb~                   -1.39515246 +-       0.02370563        1.174       0 [    7]      (   0)          18235

==============================================================================================================================================================

       245         250   0.01            NLO.QT.32.CT.QCD              -3.30032113 +-       0.05410553
--------------------------------------------------------------------------------------------------------------------------------------------------------------
       245         250   0.01            ud~_epvebb~                   -3.30032113 +-       0.05410553        1.238       0 [    7]      (   0)          16932

       245         250   0.05            NLO.QT.32.CT.QCD              -2.37458123 +-       0.03757482
--------------------------------------------------------------------------------------------------------------------------------------------------------------
       245         250   0.05            ud~_epvebb~                   -2.37458123 +-       0.03757482        1.175       0 [    7]      (   0)          16932

       245         250   0.1             NLO.QT.32.CT.QCD              -2.02142469 +-       0.03140621
--------------------------------------------------------------------------------------------------------------------------------------------------------------
       245         250   0.1             ud~_epvebb~                   -2.02142469 +-       0.03140621        1.144       0 [    7]      (   0)          16932

       245         250   0.15            NLO.QT.32.CT.QCD              -1.82755124 +-       0.02806276
--------------------------------------------------------------------------------------------------------------------------------------------------------------
       245         250   0.15            ud~_epvebb~                   -1.82755124 +-       0.02806276        1.125       0 [    7]      (   0)          16932

       245         250   0.2             NLO.QT.32.CT.QCD              -1.69568568 +-       0.02580902
--------------------------------------------------------------------------------------------------------------------------------------------------------------
       245         250   0.2             ud~_epvebb~                   -1.69568568 +-       0.02580902        1.111       0 [    7]      (   0)          16932

       245         250   0.25            NLO.QT.32.CT.QCD              -1.59665549 +-       0.02412854
--------------------------------------------------------------------------------------------------------------------------------------------------------------
       245         250   0.25            ud~_epvebb~                   -1.59665549 +-       0.02412854        1.100       0 [    7]      (   0)          16932

       245         250   0.5             NLO.QT.32.CT.QCD              -1.30716570 +-       0.01928491
--------------------------------------------------------------------------------------------------------------------------------------------------------------
       245         250   0.5             ud~_epvebb~                   -1.30716570 +-       0.01928491        1.066       0 [    7]      (   0)          16932

==============================================================================================================================================================

       250         255   0.01            NLO.QT.32.CT.QCD              -2.93808414 +-       0.05374723
--------------------------------------------------------------------------------------------------------------------------------------------------------------
       250         255   0.01            ud~_epvebb~                   -2.93808414 +-       0.05374723        3.449       0 [    7]      (   0)          15532

       250         255   0.05            NLO.QT.32.CT.QCD              -2.11532680 +-       0.03753405
--------------------------------------------------------------------------------------------------------------------------------------------------------------
       250         255   0.05            ud~_epvebb~                   -2.11532680 +-       0.03753405        3.366       0 [    7]      (   0)          15532

       250         255   0.1             NLO.QT.32.CT.QCD              -1.80134486 +-       0.03145958
--------------------------------------------------------------------------------------------------------------------------------------------------------------
       250         255   0.1             ud~_epvebb~                   -1.80134486 +-       0.03145958        3.322       0 [    7]      (   0)          15532

       250         255   0.15            NLO.QT.32.CT.QCD              -1.62894201 +-       0.02815938
--------------------------------------------------------------------------------------------------------------------------------------------------------------
       250         255   0.15            ud~_epvebb~                   -1.62894201 +-       0.02815938        3.293       0 [    7]      (   0)          15532

       250         255   0.2             NLO.QT.32.CT.QCD              -1.51166316 +-       0.02593107
--------------------------------------------------------------------------------------------------------------------------------------------------------------
       250         255   0.2             ud~_epvebb~                   -1.51166316 +-       0.02593107        3.272       0 [    7]      (   0)          15532

       250         255   0.25            NLO.QT.32.CT.QCD              -1.42357748 +-       0.02426733
--------------------------------------------------------------------------------------------------------------------------------------------------------------
       250         255   0.25            ud~_epvebb~                   -1.42357748 +-       0.02426733        3.254       0 [    7]      (   0)          15532

       250         255   0.5             NLO.QT.32.CT.QCD              -1.16602357 +-       0.01945914
--------------------------------------------------------------------------------------------------------------------------------------------------------------
       250         255   0.5             ud~_epvebb~                   -1.16602357 +-       0.01945914        3.194       0 [    7]      (   0)          15532

==============================================================================================================================================================

       255         260   0.01            NLO.QT.32.CT.QCD              -2.77164360 +-       0.05882690
--------------------------------------------------------------------------------------------------------------------------------------------------------------
       255         260   0.01            ud~_epvebb~                   -2.77164360 +-       0.05882690        1.554       0 [    7]      (   0)          14506

       255         260   0.05            NLO.QT.32.CT.QCD              -1.99337254 +-       0.04081851
--------------------------------------------------------------------------------------------------------------------------------------------------------------
       255         260   0.05            ud~_epvebb~                   -1.99337254 +-       0.04081851        1.555       0 [    7]      (   0)          14506

       255         260   0.1             NLO.QT.32.CT.QCD              -1.69654032 +-       0.03409618
--------------------------------------------------------------------------------------------------------------------------------------------------------------
       255         260   0.1             ud~_epvebb~                   -1.69654032 +-       0.03409618        1.559       0 [    7]      (   0)          14506

       255         260   0.15            NLO.QT.32.CT.QCD              -1.53360855 +-       0.03045196
--------------------------------------------------------------------------------------------------------------------------------------------------------------
       255         260   0.15            ud~_epvebb~                   -1.53360855 +-       0.03045196        1.563       0 [    7]      (   0)          14506

       255         260   0.2             NLO.QT.32.CT.QCD              -1.42279845 +-       0.02799520
--------------------------------------------------------------------------------------------------------------------------------------------------------------
       255         260   0.2             ud~_epvebb~                   -1.42279845 +-       0.02799520        1.567       0 [    7]      (   0)          14506

       255         260   0.25            NLO.QT.32.CT.QCD              -1.33958679 +-       0.02616318
--------------------------------------------------------------------------------------------------------------------------------------------------------------
       255         260   0.25            ud~_epvebb~                   -1.33958679 +-       0.02616318        1.570       0 [    7]      (   0)          14506

       255         260   0.5             NLO.QT.32.CT.QCD              -1.09637305 +-       0.02088200
--------------------------------------------------------------------------------------------------------------------------------------------------------------
       255         260   0.5             ud~_epvebb~                   -1.09637305 +-       0.02088200        1.586       0 [    7]      (   0)          14506

==============================================================================================================================================================

       260         265   0.01            NLO.QT.32.CT.QCD              -2.44705516 +-       0.06033007
--------------------------------------------------------------------------------------------------------------------------------------------------------------
       260         265   0.01            ud~_epvebb~                   -2.44705516 +-       0.06033007        2.670       0 [    7]      (   0)          13267

       260         265   0.05            NLO.QT.32.CT.QCD              -1.76218194 +-       0.04261049
--------------------------------------------------------------------------------------------------------------------------------------------------------------
       260         265   0.05            ud~_epvebb~                   -1.76218194 +-       0.04261049        2.529       0 [    7]      (   0)          13267

       260         265   0.1             NLO.QT.32.CT.QCD              -1.50078859 +-       0.03592524
--------------------------------------------------------------------------------------------------------------------------------------------------------------
       260         265   0.1             ud~_epvebb~                   -1.50078859 +-       0.03592524        2.457       0 [    7]      (   0)          13267

       260         265   0.15            NLO.QT.32.CT.QCD              -1.35725161 +-       0.03227845
--------------------------------------------------------------------------------------------------------------------------------------------------------------
       260         265   0.15            ud~_epvebb~                   -1.35725161 +-       0.03227845        2.411       0 [    7]      (   0)          13267

       260         265   0.2             NLO.QT.32.CT.QCD              -1.25960442 +-       0.02980903
--------------------------------------------------------------------------------------------------------------------------------------------------------------
       260         265   0.2             ud~_epvebb~                   -1.25960442 +-       0.02980903        2.376       0 [    7]      (   0)          13267

       260         265   0.25            NLO.QT.32.CT.QCD              -1.18626089 +-       0.02796104
--------------------------------------------------------------------------------------------------------------------------------------------------------------
       260         265   0.25            ud~_epvebb~                   -1.18626089 +-       0.02796104        2.348       0 [    7]      (   0)          13267

       260         265   0.5             NLO.QT.32.CT.QCD              -0.97179564 +-       0.02259613
--------------------------------------------------------------------------------------------------------------------------------------------------------------
       260         265   0.5             ud~_epvebb~                   -0.97179564 +-       0.02259613        2.252       0 [    7]      (   0)          13267

==============================================================================================================================================================

       265         270   0.01            NLO.QT.32.CT.QCD              -2.26009040 +-       0.05549495
--------------------------------------------------------------------------------------------------------------------------------------------------------------
       265         270   0.01            ud~_epvebb~                   -2.26009040 +-       0.05549495        1.816       0 [    7]      (   0)          12370

       265         270   0.05            NLO.QT.32.CT.QCD              -1.62776573 +-       0.03929336
--------------------------------------------------------------------------------------------------------------------------------------------------------------
       265         270   0.05            ud~_epvebb~                   -1.62776573 +-       0.03929336        1.716       0 [    7]      (   0)          12370

       265         270   0.1             NLO.QT.32.CT.QCD              -1.38641038 +-       0.03317426
--------------------------------------------------------------------------------------------------------------------------------------------------------------
       265         270   0.1             ud~_epvebb~                   -1.38641038 +-       0.03317426        1.665       0 [    7]      (   0)          12370

       265         270   0.15            NLO.QT.32.CT.QCD              -1.25387102 +-       0.02983416
--------------------------------------------------------------------------------------------------------------------------------------------------------------
       265         270   0.15            ud~_epvebb~                   -1.25387102 +-       0.02983416        1.633       0 [    7]      (   0)          12370

       265         270   0.2             NLO.QT.32.CT.QCD              -1.16370273 +-       0.02757139
--------------------------------------------------------------------------------------------------------------------------------------------------------------
       265         270   0.2             ud~_epvebb~                   -1.16370273 +-       0.02757139        1.608       0 [    7]      (   0)          12370

       265         270   0.25            NLO.QT.32.CT.QCD              -1.09597505 +-       0.02587742
--------------------------------------------------------------------------------------------------------------------------------------------------------------
       265         270   0.25            ud~_epvebb~                   -1.09597505 +-       0.02587742        1.588       0 [    7]      (   0)          12370

       265         270   0.5             NLO.QT.32.CT.QCD              -0.89792190 +-       0.02095596
--------------------------------------------------------------------------------------------------------------------------------------------------------------
       265         270   0.5             ud~_epvebb~                   -0.89792190 +-       0.02095596        1.521       0 [    7]      (   0)          12370

==============================================================================================================================================================

       270         275   0.01            NLO.QT.32.CT.QCD              -2.06018505 +-       0.05183861
--------------------------------------------------------------------------------------------------------------------------------------------------------------
       270         275   0.01            ud~_epvebb~                   -2.06018505 +-       0.05183861        1.104       0 [    7]      (   0)          11346

       270         275   0.05            NLO.QT.32.CT.QCD              -1.48483805 +-       0.03628791
--------------------------------------------------------------------------------------------------------------------------------------------------------------
       270         275   0.05            ud~_epvebb~                   -1.48483805 +-       0.03628791        1.036       0 [    7]      (   0)          11346

       270         275   0.1             NLO.QT.32.CT.QCD              -1.26514537 +-       0.03044966
--------------------------------------------------------------------------------------------------------------------------------------------------------------
       270         275   0.1             ud~_epvebb~                   -1.26514537 +-       0.03044966        1.003       0 [    7]      (   0)          11346

       270         275   0.15            NLO.QT.32.CT.QCD              -1.14447509 +-       0.02727404
--------------------------------------------------------------------------------------------------------------------------------------------------------------
       270         275   0.15            ud~_epvebb~                   -1.14447509 +-       0.02727404       0.9815       0 [    7]      (   0)          11346

       270         275   0.2             NLO.QT.32.CT.QCD              -1.06236865 +-       0.02512805
--------------------------------------------------------------------------------------------------------------------------------------------------------------
       270         275   0.2             ud~_epvebb~                   -1.06236865 +-       0.02512805       0.9658       0 [    7]      (   0)          11346

       270         275   0.25            NLO.QT.32.CT.QCD              -1.00068879 +-       0.02352471
--------------------------------------------------------------------------------------------------------------------------------------------------------------
       270         275   0.25            ud~_epvebb~                   -1.00068879 +-       0.02352471       0.9532       0 [    7]      (   0)          11346

       270         275   0.5             NLO.QT.32.CT.QCD              -0.82027701 +-       0.01888510
--------------------------------------------------------------------------------------------------------------------------------------------------------------
       270         275   0.5             ud~_epvebb~                   -0.82027701 +-       0.01888510       0.9117       0 [    7]      (   0)          11346

==============================================================================================================================================================

       275         280   0.01            NLO.QT.32.CT.QCD              -1.87384510 +-       0.04996717
--------------------------------------------------------------------------------------------------------------------------------------------------------------
       275         280   0.01            ud~_epvebb~                   -1.87384510 +-       0.04996717       0.5058       0 [    7]      (   0)          10620

       275         280   0.05            NLO.QT.32.CT.QCD              -1.35094393 +-       0.03462527
--------------------------------------------------------------------------------------------------------------------------------------------------------------
       275         280   0.05            ud~_epvebb~                   -1.35094393 +-       0.03462527       0.5188       0 [    7]      (   0)          10620

       275         280   0.1             NLO.QT.32.CT.QCD              -1.15124417 +-       0.02889380
--------------------------------------------------------------------------------------------------------------------------------------------------------------
       275         280   0.1             ud~_epvebb~                   -1.15124417 +-       0.02889380       0.5265       0 [    7]      (   0)          10620

       275         280   0.15            NLO.QT.32.CT.QCD              -1.04154491 +-       0.02578540
--------------------------------------------------------------------------------------------------------------------------------------------------------------
       275         280   0.15            ud~_epvebb~                   -1.04154491 +-       0.02578540       0.5318       0 [    7]      (   0)          10620

       275         280   0.2             NLO.QT.32.CT.QCD              -0.96689839 +-       0.02368927
--------------------------------------------------------------------------------------------------------------------------------------------------------------
       275         280   0.2             ud~_epvebb~                   -0.96689839 +-       0.02368927       0.5360       0 [    7]      (   0)          10620

       275         280   0.25            NLO.QT.32.CT.QCD              -0.91081958 +-       0.02212584
--------------------------------------------------------------------------------------------------------------------------------------------------------------
       275         280   0.25            ud~_epvebb~                   -0.91081958 +-       0.02212584       0.5396       0 [    7]      (   0)          10620

       275         280   0.5             NLO.QT.32.CT.QCD              -0.74677366 +-       0.01761716
--------------------------------------------------------------------------------------------------------------------------------------------------------------
       275         280   0.5             ud~_epvebb~                   -0.74677366 +-       0.01761716       0.5523       0 [    7]      (   0)          10620

==============================================================================================================================================================

       280         285   0.01            NLO.QT.32.CT.QCD              -1.78820020 +-       0.04611163
--------------------------------------------------------------------------------------------------------------------------------------------------------------
       280         285   0.01            ud~_epvebb~                   -1.78820020 +-       0.04611163       0.7548       0 [    7]      (   0)          10046

       280         285   0.05            NLO.QT.32.CT.QCD              -1.28938266 +-       0.03254600
--------------------------------------------------------------------------------------------------------------------------------------------------------------
       280         285   0.05            ud~_epvebb~                   -1.28938266 +-       0.03254600       0.7093       0 [    7]      (   0)          10046

       280         285   0.1             NLO.QT.32.CT.QCD              -1.09886556 +-       0.02742780
--------------------------------------------------------------------------------------------------------------------------------------------------------------
       280         285   0.1             ud~_epvebb~                   -1.09886556 +-       0.02742780       0.6866       0 [    7]      (   0)          10046

       280         285   0.15            NLO.QT.32.CT.QCD              -0.99420579 +-       0.02463582
--------------------------------------------------------------------------------------------------------------------------------------------------------------
       280         285   0.15            ud~_epvebb~                   -0.99420579 +-       0.02463582       0.6724       0 [    7]      (   0)          10046

       280         285   0.2             NLO.QT.32.CT.QCD              -0.92298622 +-       0.02274526
--------------------------------------------------------------------------------------------------------------------------------------------------------------
       280         285   0.2             ud~_epvebb~                   -0.92298622 +-       0.02274526       0.6618       0 [    7]      (   0)          10046

       280         285   0.25            NLO.QT.32.CT.QCD              -0.86948058 +-       0.02133048
--------------------------------------------------------------------------------------------------------------------------------------------------------------
       280         285   0.25            ud~_epvebb~                   -0.86948058 +-       0.02133048       0.6534       0 [    7]      (   0)          10046

       280         285   0.5             NLO.QT.32.CT.QCD              -0.71295415 +-       0.01722336
--------------------------------------------------------------------------------------------------------------------------------------------------------------
       280         285   0.5             ud~_epvebb~                   -0.71295415 +-       0.01722336       0.6254       0 [    7]      (   0)          10046

==============================================================================================================================================================

       285         290   0.01            NLO.QT.32.CT.QCD              -1.62903238 +-       0.04915162
--------------------------------------------------------------------------------------------------------------------------------------------------------------
       285         290   0.01            ud~_epvebb~                   -1.62903238 +-       0.04915162        1.400       0 [    7]      (   0)           9206

       285         290   0.05            NLO.QT.32.CT.QCD              -1.17209028 +-       0.03384185
--------------------------------------------------------------------------------------------------------------------------------------------------------------
       285         290   0.05            ud~_epvebb~                   -1.17209028 +-       0.03384185        1.319       0 [    7]      (   0)           9206

       285         290   0.1             NLO.QT.32.CT.QCD              -0.99777328 +-       0.02814706
--------------------------------------------------------------------------------------------------------------------------------------------------------------
       285         290   0.1             ud~_epvebb~                   -0.99777328 +-       0.02814706        1.278       0 [    7]      (   0)           9206

       285         290   0.15            NLO.QT.32.CT.QCD              -0.90207790 +-       0.02506648
--------------------------------------------------------------------------------------------------------------------------------------------------------------
       285         290   0.15            ud~_epvebb~                   -0.90207790 +-       0.02506648        1.251       0 [    7]      (   0)           9206

       285         290   0.2             NLO.QT.32.CT.QCD              -0.83698942 +-       0.02299292
--------------------------------------------------------------------------------------------------------------------------------------------------------------
       285         290   0.2             ud~_epvebb~                   -0.83698942 +-       0.02299292        1.231       0 [    7]      (   0)           9206

       285         290   0.25            NLO.QT.32.CT.QCD              -0.78810838 +-       0.02144861
--------------------------------------------------------------------------------------------------------------------------------------------------------------
       285         290   0.25            ud~_epvebb~                   -0.78810838 +-       0.02144861        1.214       0 [    7]      (   0)           9206

       285         290   0.5             NLO.QT.32.CT.QCD              -0.64521692 +-       0.01700826
--------------------------------------------------------------------------------------------------------------------------------------------------------------
       285         290   0.5             ud~_epvebb~                   -0.64521692 +-       0.01700826        1.158       0 [    7]      (   0)           9206

==============================================================================================================================================================

       290         295   0.01            NLO.QT.32.CT.QCD              -1.48555233 +-       0.04924860
--------------------------------------------------------------------------------------------------------------------------------------------------------------
       290         295   0.01            ud~_epvebb~                   -1.48555233 +-       0.04924860        1.691       0 [    7]      (   0)           8711

       290         295   0.05            NLO.QT.32.CT.QCD              -1.06882610 +-       0.03405733
--------------------------------------------------------------------------------------------------------------------------------------------------------------
       290         295   0.05            ud~_epvebb~                   -1.06882610 +-       0.03405733        1.625       0 [    7]      (   0)           8711

       290         295   0.1             NLO.QT.32.CT.QCD              -0.90985334 +-       0.02840521
--------------------------------------------------------------------------------------------------------------------------------------------------------------
       290         295   0.1             ud~_epvebb~                   -0.90985334 +-       0.02840521        1.597       0 [    7]      (   0)           8711

       290         295   0.15            NLO.QT.32.CT.QCD              -0.82258231 +-       0.02534707
--------------------------------------------------------------------------------------------------------------------------------------------------------------
       290         295   0.15            ud~_epvebb~                   -0.82258231 +-       0.02534707        1.581       0 [    7]      (   0)           8711

       290         295   0.2             NLO.QT.32.CT.QCD              -0.76322413 +-       0.02328824
--------------------------------------------------------------------------------------------------------------------------------------------------------------
       290         295   0.2             ud~_epvebb~                   -0.76322413 +-       0.02328824        1.571       0 [    7]      (   0)           8711

       290         295   0.25            NLO.QT.32.CT.QCD              -0.71864673 +-       0.02175464
--------------------------------------------------------------------------------------------------------------------------------------------------------------
       290         295   0.25            ud~_epvebb~                   -0.71864673 +-       0.02175464        1.563       0 [    7]      (   0)           8711

       290         295   0.5             NLO.QT.32.CT.QCD              -0.58833714 +-       0.01734329
--------------------------------------------------------------------------------------------------------------------------------------------------------------
       290         295   0.5             ud~_epvebb~                   -0.58833714 +-       0.01734329        1.546       0 [    7]      (   0)           8711

==============================================================================================================================================================

       295         300   0.01            NLO.QT.32.CT.QCD              -1.44771046 +-       0.05878519
--------------------------------------------------------------------------------------------------------------------------------------------------------------
       295         300   0.01            ud~_epvebb~                   -1.44771046 +-       0.05878519        3.063       0 [    7]      (   0)           8075

       295         300   0.05            NLO.QT.32.CT.QCD              -1.04319664 +-       0.04141859
--------------------------------------------------------------------------------------------------------------------------------------------------------------
       295         300   0.05            ud~_epvebb~                   -1.04319664 +-       0.04141859        2.973       0 [    7]      (   0)           8075

       295         300   0.1             NLO.QT.32.CT.QCD              -0.88875288 +-       0.03487100
--------------------------------------------------------------------------------------------------------------------------------------------------------------
       295         300   0.1             ud~_epvebb~                   -0.88875288 +-       0.03487100        2.929       0 [    7]      (   0)           8075

       295         300   0.15            NLO.QT.32.CT.QCD              -0.80392724 +-       0.03130082
--------------------------------------------------------------------------------------------------------------------------------------------------------------
       295         300   0.15            ud~_epvebb~                   -0.80392724 +-       0.03130082        2.902       0 [    7]      (   0)           8075

       295         300   0.2             NLO.QT.32.CT.QCD              -0.74621281 +-       0.02888405
--------------------------------------------------------------------------------------------------------------------------------------------------------------
       295         300   0.2             ud~_epvebb~                   -0.74621281 +-       0.02888405        2.881       0 [    7]      (   0)           8075

       295         300   0.25            NLO.QT.32.CT.QCD              -0.70285821 +-       0.02707592
--------------------------------------------------------------------------------------------------------------------------------------------------------------
       295         300   0.25            ud~_epvebb~                   -0.70285821 +-       0.02707592        2.865       0 [    7]      (   0)           8075

       295         300   0.5             NLO.QT.32.CT.QCD              -0.57605622 +-       0.02182958
--------------------------------------------------------------------------------------------------------------------------------------------------------------
       295         300   0.5             ud~_epvebb~                   -0.57605622 +-       0.02182958        2.811       0 [    7]      (   0)           8075

==============================================================================================================================================================

       300         305   0.01            NLO.QT.32.CT.QCD              -1.19032941 +-       0.02482862
--------------------------------------------------------------------------------------------------------------------------------------------------------------
       300         305   0.01            ud~_epvebb~                   -1.19032941 +-       0.02482862       0.4580       0 [    7]      (   0)           7499

       300         305   0.05            NLO.QT.32.CT.QCD              -0.85997545 +-       0.01772306
--------------------------------------------------------------------------------------------------------------------------------------------------------------
       300         305   0.05            ud~_epvebb~                   -0.85997545 +-       0.01772306       0.4577       0 [    7]      (   0)           7499

       300         305   0.1             NLO.QT.32.CT.QCD              -0.73366296 +-       0.01502790
--------------------------------------------------------------------------------------------------------------------------------------------------------------
       300         305   0.1             ud~_epvebb~                   -0.73366296 +-       0.01502790       0.4582       0 [    7]      (   0)           7499

       300         305   0.15            NLO.QT.32.CT.QCD              -0.66423031 +-       0.01355309
--------------------------------------------------------------------------------------------------------------------------------------------------------------
       300         305   0.15            ud~_epvebb~                   -0.66423031 +-       0.01355309       0.4587       0 [    7]      (   0)           7499

       300         305   0.2             NLO.QT.32.CT.QCD              -0.61696163 +-       0.01255221
--------------------------------------------------------------------------------------------------------------------------------------------------------------
       300         305   0.2             ud~_epvebb~                   -0.61696163 +-       0.01255221       0.4593       0 [    7]      (   0)           7499

       300         305   0.25            NLO.QT.32.CT.QCD              -0.58143742 +-       0.01180187
--------------------------------------------------------------------------------------------------------------------------------------------------------------
       300         305   0.25            ud~_epvebb~                   -0.58143742 +-       0.01180187       0.4598       0 [    7]      (   0)           7499

       300         305   0.5             NLO.QT.32.CT.QCD              -0.47744327 +-       0.00961581
--------------------------------------------------------------------------------------------------------------------------------------------------------------
       300         305   0.5             ud~_epvebb~                   -0.47744327 +-       0.00961581       0.4623       0 [    7]      (   0)           7499

==============================================================================================================================================================

       305         310   0.01            NLO.QT.32.CT.QCD              -1.14797149 +-       0.03552312
--------------------------------------------------------------------------------------------------------------------------------------------------------------
       305         310   0.01            ud~_epvebb~                   -1.14797149 +-       0.03552312        1.066       0 [    7]      (   0)           7049

       305         310   0.05            NLO.QT.32.CT.QCD              -0.82905713 +-       0.02525394
--------------------------------------------------------------------------------------------------------------------------------------------------------------
       305         310   0.05            ud~_epvebb~                   -0.82905713 +-       0.02525394        1.020       0 [    7]      (   0)           7049

       305         310   0.1             NLO.QT.32.CT.QCD              -0.70714458 +-       0.02136588
--------------------------------------------------------------------------------------------------------------------------------------------------------------
       305         310   0.1             ud~_epvebb~                   -0.70714458 +-       0.02136588       0.9970       0 [    7]      (   0)           7049

       305         310   0.15            NLO.QT.32.CT.QCD              -0.64013870 +-       0.01924058
--------------------------------------------------------------------------------------------------------------------------------------------------------------
       305         310   0.15            ud~_epvebb~                   -0.64013870 +-       0.01924058       0.9822       0 [    7]      (   0)           7049

       305         310   0.2             NLO.QT.32.CT.QCD              -0.59452602 +-       0.01779936
--------------------------------------------------------------------------------------------------------------------------------------------------------------
       305         310   0.2             ud~_epvebb~                   -0.59452602 +-       0.01779936       0.9710       0 [    7]      (   0)           7049

       305         310   0.25            NLO.QT.32.CT.QCD              -0.56024866 +-       0.01671956
--------------------------------------------------------------------------------------------------------------------------------------------------------------
       305         310   0.25            ud~_epvebb~                   -0.56024866 +-       0.01671956       0.9620       0 [    7]      (   0)           7049

       305         310   0.5             NLO.QT.32.CT.QCD              -0.45991790 +-       0.01357758
--------------------------------------------------------------------------------------------------------------------------------------------------------------
       305         310   0.5             ud~_epvebb~                   -0.45991790 +-       0.01357758       0.9318       0 [    7]      (   0)           7049

==============================================================================================================================================================

       310         315   0.01            NLO.QT.32.CT.QCD              -1.02745568 +-       0.02842261
--------------------------------------------------------------------------------------------------------------------------------------------------------------
       310         315   0.01            ud~_epvebb~                   -1.02745568 +-       0.02842261        1.379       0 [    7]      (   0)           6539

       310         315   0.05            NLO.QT.32.CT.QCD              -0.74085033 +-       0.01981282
--------------------------------------------------------------------------------------------------------------------------------------------------------------
       310         315   0.05            ud~_epvebb~                   -0.74085033 +-       0.01981282        1.331       0 [    7]      (   0)           6539

       310         315   0.1             NLO.QT.32.CT.QCD              -0.63138477 +-       0.01659594
--------------------------------------------------------------------------------------------------------------------------------------------------------------
       310         315   0.1             ud~_epvebb~                   -0.63138477 +-       0.01659594        1.308       0 [    7]      (   0)           6539

       310         315   0.15            NLO.QT.32.CT.QCD              -0.57125026 +-       0.01485099
--------------------------------------------------------------------------------------------------------------------------------------------------------------
       310         315   0.15            ud~_epvebb~                   -0.57125026 +-       0.01485099        1.293       0 [    7]      (   0)           6539

       310         315   0.2             NLO.QT.32.CT.QCD              -0.53032948 +-       0.01367408
--------------------------------------------------------------------------------------------------------------------------------------------------------------
       310         315   0.2             ud~_epvebb~                   -0.53032948 +-       0.01367408        1.283       0 [    7]      (   0)           6539

       310         315   0.25            NLO.QT.32.CT.QCD              -0.49958662 +-       0.01279611
--------------------------------------------------------------------------------------------------------------------------------------------------------------
       310         315   0.25            ud~_epvebb~                   -0.49958662 +-       0.01279611        1.275       0 [    7]      (   0)           6539

       310         315   0.5             NLO.QT.32.CT.QCD              -0.40965074 +-       0.01026302
--------------------------------------------------------------------------------------------------------------------------------------------------------------
       310         315   0.5             ud~_epvebb~                   -0.40965074 +-       0.01026302        1.248       0 [    7]      (   0)           6539

==============================================================================================================================================================

       315         320   0.01            NLO.QT.32.CT.QCD              -1.00169394 +-       0.04090719
--------------------------------------------------------------------------------------------------------------------------------------------------------------
       315         320   0.01            ud~_epvebb~                   -1.00169394 +-       0.04090719       0.9826       0 [    7]      (   0)           6070

       315         320   0.05            NLO.QT.32.CT.QCD              -0.72158083 +-       0.02790129
--------------------------------------------------------------------------------------------------------------------------------------------------------------
       315         320   0.05            ud~_epvebb~                   -0.72158083 +-       0.02790129       0.9047       0 [    7]      (   0)           6070

       315         320   0.1             NLO.QT.32.CT.QCD              -0.61465162 +-       0.02308272
--------------------------------------------------------------------------------------------------------------------------------------------------------------
       315         320   0.1             ud~_epvebb~                   -0.61465162 +-       0.02308272       0.8663       0 [    7]      (   0)           6070

       315         320   0.15            NLO.QT.32.CT.QCD              -0.55592829 +-       0.02048246
--------------------------------------------------------------------------------------------------------------------------------------------------------------
       315         320   0.15            ud~_epvebb~                   -0.55592829 +-       0.02048246       0.8422       0 [    7]      (   0)           6070

       315         320   0.2             NLO.QT.32.CT.QCD              -0.51597632 +-       0.01873532
--------------------------------------------------------------------------------------------------------------------------------------------------------------
       315         320   0.2             ud~_epvebb~                   -0.51597632 +-       0.01873532       0.8245       0 [    7]      (   0)           6070

       315         320   0.25            NLO.QT.32.CT.QCD              -0.48596636 +-       0.01743602
--------------------------------------------------------------------------------------------------------------------------------------------------------------
       315         320   0.25            ud~_epvebb~                   -0.48596636 +-       0.01743602       0.8102       0 [    7]      (   0)           6070

       315         320   0.5             NLO.QT.32.CT.QCD              -0.39820371 +-       0.01371128
--------------------------------------------------------------------------------------------------------------------------------------------------------------
       315         320   0.5             ud~_epvebb~                   -0.39820371 +-       0.01371128       0.7635       0 [    7]      (   0)           6070

==============================================================================================================================================================

       320         325   0.01            NLO.QT.32.CT.QCD              -0.96009613 +-       0.04872266
--------------------------------------------------------------------------------------------------------------------------------------------------------------
       320         325   0.01            ud~_epvebb~                   -0.96009613 +-       0.04872266        6.067       0 [    7]      (   0)           5787

       320         325   0.05            NLO.QT.32.CT.QCD              -0.69110286 +-       0.03372404
--------------------------------------------------------------------------------------------------------------------------------------------------------------
       320         325   0.05            ud~_epvebb~                   -0.69110286 +-       0.03372404        5.736       0 [    7]      (   0)           5787

       320         325   0.1             NLO.QT.32.CT.QCD              -0.58846028 +-       0.02812204
--------------------------------------------------------------------------------------------------------------------------------------------------------------
       320         325   0.1             ud~_epvebb~                   -0.58846028 +-       0.02812204        5.566       0 [    7]      (   0)           5787

       320         325   0.15            NLO.QT.32.CT.QCD              -0.53210423 +-       0.02508428
--------------------------------------------------------------------------------------------------------------------------------------------------------------
       320         325   0.15            ud~_epvebb~                   -0.53210423 +-       0.02508428        5.457       0 [    7]      (   0)           5787

       320         325   0.2             NLO.QT.32.CT.QCD              -0.49376910 +-       0.02303600
--------------------------------------------------------------------------------------------------------------------------------------------------------------
       320         325   0.2             ud~_epvebb~                   -0.49376910 +-       0.02303600        5.375       0 [    7]      (   0)           5787

       320         325   0.25            NLO.QT.32.CT.QCD              -0.46497737 +-       0.02150840
--------------------------------------------------------------------------------------------------------------------------------------------------------------
       320         325   0.25            ud~_epvebb~                   -0.46497737 +-       0.02150840        5.308       0 [    7]      (   0)           5787

       320         325   0.5             NLO.QT.32.CT.QCD              -0.38079888 +-       0.01710386
--------------------------------------------------------------------------------------------------------------------------------------------------------------
       320         325   0.5             ud~_epvebb~                   -0.38079888 +-       0.01710386        5.084       0 [    7]      (   0)           5787

==============================================================================================================================================================

       325         330   0.01            NLO.QT.32.CT.QCD              -0.93626818 +-       0.06262392
--------------------------------------------------------------------------------------------------------------------------------------------------------------
       325         330   0.01            ud~_epvebb~                   -0.93626818 +-       0.06262392        3.341       0 [    7]      (   0)           5426

       325         330   0.05            NLO.QT.32.CT.QCD              -0.67266686 +-       0.04343009
--------------------------------------------------------------------------------------------------------------------------------------------------------------
       325         330   0.05            ud~_epvebb~                   -0.67266686 +-       0.04343009        3.066       0 [    7]      (   0)           5426

       325         330   0.1             NLO.QT.32.CT.QCD              -0.57218622 +-       0.03625060
--------------------------------------------------------------------------------------------------------------------------------------------------------------
       325         330   0.1             ud~_epvebb~                   -0.57218622 +-       0.03625060        2.927       0 [    7]      (   0)           5426

       325         330   0.15            NLO.QT.32.CT.QCD              -0.51705010 +-       0.03235408
--------------------------------------------------------------------------------------------------------------------------------------------------------------
       325         330   0.15            ud~_epvebb~                   -0.51705010 +-       0.03235408        2.838       0 [    7]      (   0)           5426

       325         330   0.2             NLO.QT.32.CT.QCD              -0.47956050 +-       0.02972514
--------------------------------------------------------------------------------------------------------------------------------------------------------------
       325         330   0.2             ud~_epvebb~                   -0.47956050 +-       0.02972514        2.772       0 [    7]      (   0)           5426

       325         330   0.25            NLO.QT.32.CT.QCD              -0.45141317 +-       0.02776352
--------------------------------------------------------------------------------------------------------------------------------------------------------------
       325         330   0.25            ud~_epvebb~                   -0.45141317 +-       0.02776352        2.719       0 [    7]      (   0)           5426

       325         330   0.5             NLO.QT.32.CT.QCD              -0.36917254 +-       0.02210210
--------------------------------------------------------------------------------------------------------------------------------------------------------------
       325         330   0.5             ud~_epvebb~                   -0.36917254 +-       0.02210210        2.541       0 [    7]      (   0)           5426

==============================================================================================================================================================

       330         335   0.01            NLO.QT.32.CT.QCD              -0.75898241 +-       0.02342859
--------------------------------------------------------------------------------------------------------------------------------------------------------------
       330         335   0.01            ud~_epvebb~                   -0.75898241 +-       0.02342859       0.9290       0 [    7]      (   0)           5179

       330         335   0.05            NLO.QT.32.CT.QCD              -0.54932588 +-       0.01685749
--------------------------------------------------------------------------------------------------------------------------------------------------------------
       330         335   0.05            ud~_epvebb~                   -0.54932588 +-       0.01685749       0.9245       0 [    7]      (   0)           5179

       330         335   0.1             NLO.QT.32.CT.QCD              -0.46908174 +-       0.01435164
--------------------------------------------------------------------------------------------------------------------------------------------------------------
       330         335   0.1             ud~_epvebb~                   -0.46908174 +-       0.01435164       0.9224       0 [    7]      (   0)           5179

       330         335   0.15            NLO.QT.32.CT.QCD              -0.42494695 +-       0.01297626
--------------------------------------------------------------------------------------------------------------------------------------------------------------
       330         335   0.15            ud~_epvebb~                   -0.42494695 +-       0.01297626       0.9210       0 [    7]      (   0)           5179

       330         335   0.2             NLO.QT.32.CT.QCD              -0.39488854 +-       0.01204089
--------------------------------------------------------------------------------------------------------------------------------------------------------------
       330         335   0.2             ud~_epvebb~                   -0.39488854 +-       0.01204089       0.9200       0 [    7]      (   0)           5179

       330         335   0.25            NLO.QT.32.CT.QCD              -0.37229128 +-       0.01133849
--------------------------------------------------------------------------------------------------------------------------------------------------------------
       330         335   0.25            ud~_epvebb~                   -0.37229128 +-       0.01133849       0.9193       0 [    7]      (   0)           5179

       330         335   0.5             NLO.QT.32.CT.QCD              -0.30609820 +-       0.00928553
--------------------------------------------------------------------------------------------------------------------------------------------------------------
       330         335   0.5             ud~_epvebb~                   -0.30609820 +-       0.00928553       0.9168       0 [    7]      (   0)           5179

==============================================================================================================================================================

       335         340   0.01            NLO.QT.32.CT.QCD              -0.73536020 +-       0.03153453
--------------------------------------------------------------------------------------------------------------------------------------------------------------
       335         340   0.01            ud~_epvebb~                   -0.73536020 +-       0.03153453       0.9064       0 [    7]      (   0)           4861

       335         340   0.05            NLO.QT.32.CT.QCD              -0.53099361 +-       0.02210940
--------------------------------------------------------------------------------------------------------------------------------------------------------------
       335         340   0.05            ud~_epvebb~                   -0.53099361 +-       0.02210940       0.8477       0 [    7]      (   0)           4861

       335         340   0.1             NLO.QT.32.CT.QCD              -0.45287609 +-       0.01857091
--------------------------------------------------------------------------------------------------------------------------------------------------------------
       335         340   0.1             ud~_epvebb~                   -0.45287609 +-       0.01857091       0.8184       0 [    7]      (   0)           4861

       335         340   0.15            NLO.QT.32.CT.QCD              -0.40994298 +-       0.01664615
--------------------------------------------------------------------------------------------------------------------------------------------------------------
       335         340   0.15            ud~_epvebb~                   -0.40994298 +-       0.01664615       0.7999       0 [    7]      (   0)           4861

       335         340   0.2             NLO.QT.32.CT.QCD              -0.38071822 +-       0.01534540
--------------------------------------------------------------------------------------------------------------------------------------------------------------
       335         340   0.2             ud~_epvebb~                   -0.38071822 +-       0.01534540       0.7863       0 [    7]      (   0)           4861

       335         340   0.25            NLO.QT.32.CT.QCD              -0.35875677 +-       0.01437354
--------------------------------------------------------------------------------------------------------------------------------------------------------------
       335         340   0.25            ud~_epvebb~                   -0.35875677 +-       0.01437354       0.7753       0 [    7]      (   0)           4861

       335         340   0.5             NLO.QT.32.CT.QCD              -0.29447829 +-       0.01156091
--------------------------------------------------------------------------------------------------------------------------------------------------------------
       335         340   0.5             ud~_epvebb~                   -0.29447829 +-       0.01156091       0.7391       0 [    7]      (   0)           4861

==============================================================================================================================================================

       340         345   0.01            NLO.QT.32.CT.QCD              -0.69690593 +-       0.02856632
--------------------------------------------------------------------------------------------------------------------------------------------------------------
       340         345   0.01            ud~_epvebb~                   -0.69690593 +-       0.02856632        1.397       0 [    7]      (   0)           4607

       340         345   0.05            NLO.QT.32.CT.QCD              -0.50259983 +-       0.01974965
--------------------------------------------------------------------------------------------------------------------------------------------------------------
       340         345   0.05            ud~_epvebb~                   -0.50259983 +-       0.01974965        1.285       0 [    7]      (   0)           4607

       340         345   0.1             NLO.QT.32.CT.QCD              -0.42837925 +-       0.01646738
--------------------------------------------------------------------------------------------------------------------------------------------------------------
       340         345   0.1             ud~_epvebb~                   -0.42837925 +-       0.01646738        1.228       0 [    7]      (   0)           4607

       340         345   0.15            NLO.QT.32.CT.QCD              -0.38760403 +-       0.01469089
--------------------------------------------------------------------------------------------------------------------------------------------------------------
       340         345   0.15            ud~_epvebb~                   -0.38760403 +-       0.01469089        1.193       0 [    7]      (   0)           4607

       340         345   0.2             NLO.QT.32.CT.QCD              -0.35985587 +-       0.01349463
--------------------------------------------------------------------------------------------------------------------------------------------------------------
       340         345   0.2             ud~_epvebb~                   -0.35985587 +-       0.01349463        1.166       0 [    7]      (   0)           4607

       340         345   0.25            NLO.QT.32.CT.QCD              -0.33900861 +-       0.01260339
--------------------------------------------------------------------------------------------------------------------------------------------------------------
       340         345   0.25            ud~_epvebb~                   -0.33900861 +-       0.01260339        1.144       0 [    7]      (   0)           4607

       340         345   0.5             NLO.QT.32.CT.QCD              -0.27801763 +-       0.01003893
--------------------------------------------------------------------------------------------------------------------------------------------------------------
       340         345   0.5             ud~_epvebb~                   -0.27801763 +-       0.01003893        1.073       0 [    7]      (   0)           4607

==============================================================================================================================================================

       345         350   0.01            NLO.QT.32.CT.QCD              -0.59247139 +-       0.01832578
--------------------------------------------------------------------------------------------------------------------------------------------------------------
       345         350   0.01            ud~_epvebb~                   -0.59247139 +-       0.01832578       0.4872       0 [    7]      (   0)           4247

       345         350   0.05            NLO.QT.32.CT.QCD              -0.42881928 +-       0.01317515
--------------------------------------------------------------------------------------------------------------------------------------------------------------
       345         350   0.05            ud~_epvebb~                   -0.42881928 +-       0.01317515       0.4715       0 [    7]      (   0)           4247

       345         350   0.1             NLO.QT.32.CT.QCD              -0.36618222 +-       0.01121301
--------------------------------------------------------------------------------------------------------------------------------------------------------------
       345         350   0.1             ud~_epvebb~                   -0.36618222 +-       0.01121301       0.4634       0 [    7]      (   0)           4247

       345         350   0.15            NLO.QT.32.CT.QCD              -0.33173121 +-       0.01013664
--------------------------------------------------------------------------------------------------------------------------------------------------------------
       345         350   0.15            ud~_epvebb~                   -0.33173121 +-       0.01013664       0.4583       0 [    7]      (   0)           4247

       345         350   0.2             NLO.QT.32.CT.QCD              -0.30826793 +-       0.00940489
--------------------------------------------------------------------------------------------------------------------------------------------------------------
       345         350   0.2             ud~_epvebb~                   -0.30826793 +-       0.00940489       0.4544       0 [    7]      (   0)           4247

       345         350   0.25            NLO.QT.32.CT.QCD              -0.29062868 +-       0.00885556
--------------------------------------------------------------------------------------------------------------------------------------------------------------
       345         350   0.25            ud~_epvebb~                   -0.29062868 +-       0.00885556       0.4513       0 [    7]      (   0)           4247

       345         350   0.5             NLO.QT.32.CT.QCD              -0.23895852 +-       0.00725081
--------------------------------------------------------------------------------------------------------------------------------------------------------------
       345         350   0.5             ud~_epvebb~                   -0.23895852 +-       0.00725081       0.4408       0 [    7]      (   0)           4247

==============================================================================================================================================================

       350         355   0.01            NLO.QT.32.CT.QCD              -0.55881782 +-       0.02899838
--------------------------------------------------------------------------------------------------------------------------------------------------------------
       350         355   0.01            ud~_epvebb~                   -0.55881782 +-       0.02899838        1.750       0 [    7]      (   0)           4034

       350         355   0.05            NLO.QT.32.CT.QCD              -0.40359316 +-       0.02017214
--------------------------------------------------------------------------------------------------------------------------------------------------------------
       350         355   0.05            ud~_epvebb~                   -0.40359316 +-       0.02017214        1.707       0 [    7]      (   0)           4034

       350         355   0.1             NLO.QT.32.CT.QCD              -0.34425333 +-       0.01686723
--------------------------------------------------------------------------------------------------------------------------------------------------------------
       350         355   0.1             ud~_epvebb~                   -0.34425333 +-       0.01686723        1.690       0 [    7]      (   0)           4034

       350         355   0.15            NLO.QT.32.CT.QCD              -0.31163834 +-       0.01507243
--------------------------------------------------------------------------------------------------------------------------------------------------------------
       350         355   0.15            ud~_epvebb~                   -0.31163834 +-       0.01507243        1.682       0 [    7]      (   0)           4034

       350         355   0.2             NLO.QT.32.CT.QCD              -0.28943621 +-       0.01386094
--------------------------------------------------------------------------------------------------------------------------------------------------------------
       350         355   0.2             ud~_epvebb~                   -0.28943621 +-       0.01386094        1.676       0 [    7]      (   0)           4034

       350         355   0.25            NLO.QT.32.CT.QCD              -0.27275146 +-       0.01295663
--------------------------------------------------------------------------------------------------------------------------------------------------------------
       350         355   0.25            ud~_epvebb~                   -0.27275146 +-       0.01295663        1.673       0 [    7]      (   0)           4034

       350         355   0.5             NLO.QT.32.CT.QCD              -0.22391394 +-       0.01034471
--------------------------------------------------------------------------------------------------------------------------------------------------------------
       350         355   0.5             ud~_epvebb~                   -0.22391394 +-       0.01034471        1.667       0 [    7]      (   0)           4034

==============================================================================================================================================================

       355         360   0.01            NLO.QT.32.CT.QCD              -0.51630558 +-       0.01694361
--------------------------------------------------------------------------------------------------------------------------------------------------------------
       355         360   0.01            ud~_epvebb~                   -0.51630558 +-       0.01694361        1.617       0 [    7]      (   0)           3793

       355         360   0.05            NLO.QT.32.CT.QCD              -0.37364784 +-       0.01208462
--------------------------------------------------------------------------------------------------------------------------------------------------------------
       355         360   0.05            ud~_epvebb~                   -0.37364784 +-       0.01208462        1.598       0 [    7]      (   0)           3793

       355         360   0.1             NLO.QT.32.CT.QCD              -0.31904992 +-       0.01024466
--------------------------------------------------------------------------------------------------------------------------------------------------------------
       355         360   0.1             ud~_epvebb~                   -0.31904992 +-       0.01024466        1.588       0 [    7]      (   0)           3793

       355         360   0.15            NLO.QT.32.CT.QCD              -0.28902166 +-       0.00923873
--------------------------------------------------------------------------------------------------------------------------------------------------------------
       355         360   0.15            ud~_epvebb~                   -0.28902166 +-       0.00923873        1.581       0 [    7]      (   0)           3793

       355         360   0.2             NLO.QT.32.CT.QCD              -0.26857109 +-       0.00855646
--------------------------------------------------------------------------------------------------------------------------------------------------------------
       355         360   0.2             ud~_epvebb~                   -0.26857109 +-       0.00855646        1.576       0 [    7]      (   0)           3793

       355         360   0.25            NLO.QT.32.CT.QCD              -0.25319706 +-       0.00804520
--------------------------------------------------------------------------------------------------------------------------------------------------------------
       355         360   0.25            ud~_epvebb~                   -0.25319706 +-       0.00804520        1.572       0 [    7]      (   0)           3793

       355         360   0.5             NLO.QT.32.CT.QCD              -0.20816421 +-       0.00655698
--------------------------------------------------------------------------------------------------------------------------------------------------------------
       355         360   0.5             ud~_epvebb~                   -0.20816421 +-       0.00655698        1.557       0 [    7]      (   0)           3793

==============================================================================================================================================================

       360         365   0.01            NLO.QT.32.CT.QCD              -0.47481390 +-       0.02140705
--------------------------------------------------------------------------------------------------------------------------------------------------------------
       360         365   0.01            ud~_epvebb~                   -0.47481390 +-       0.02140705       0.7491       0 [    7]      (   0)           3591

       360         365   0.05            NLO.QT.32.CT.QCD              -0.34390423 +-       0.01536332
--------------------------------------------------------------------------------------------------------------------------------------------------------------
       360         365   0.05            ud~_epvebb~                   -0.34390423 +-       0.01536332       0.7293       0 [    7]      (   0)           3591

       360         365   0.1             NLO.QT.32.CT.QCD              -0.29377912 +-       0.01306145
--------------------------------------------------------------------------------------------------------------------------------------------------------------
       360         365   0.1             ud~_epvebb~                   -0.29377912 +-       0.01306145       0.7190       0 [    7]      (   0)           3591

       360         365   0.15            NLO.QT.32.CT.QCD              -0.26620350 +-       0.01179893
--------------------------------------------------------------------------------------------------------------------------------------------------------------
       360         365   0.15            ud~_epvebb~                   -0.26620350 +-       0.01179893       0.7125       0 [    7]      (   0)           3591

       360         365   0.2             NLO.QT.32.CT.QCD              -0.24741979 +-       0.01094075
--------------------------------------------------------------------------------------------------------------------------------------------------------------
       360         365   0.2             ud~_epvebb~                   -0.24741979 +-       0.01094075       0.7075       0 [    7]      (   0)           3591

       360         365   0.25            NLO.QT.32.CT.QCD              -0.23329677 +-       0.01029659
--------------------------------------------------------------------------------------------------------------------------------------------------------------
       360         365   0.25            ud~_epvebb~                   -0.23329677 +-       0.01029659       0.7035       0 [    7]      (   0)           3591

       360         365   0.5             NLO.QT.32.CT.QCD              -0.19191631 +-       0.00841538
--------------------------------------------------------------------------------------------------------------------------------------------------------------
       360         365   0.5             ud~_epvebb~                   -0.19191631 +-       0.00841538       0.6899       0 [    7]      (   0)           3591

==============================================================================================================================================================

       365         370   0.01            NLO.QT.32.CT.QCD              -0.45675368 +-       0.02603827
--------------------------------------------------------------------------------------------------------------------------------------------------------------
       365         370   0.01            ud~_epvebb~                   -0.45675368 +-       0.02603827        1.800       0 [    7]      (   0)           3407

       365         370   0.05            NLO.QT.32.CT.QCD              -0.32970953 +-       0.01821650
--------------------------------------------------------------------------------------------------------------------------------------------------------------
       365         370   0.05            ud~_epvebb~                   -0.32970953 +-       0.01821650        1.743       0 [    7]      (   0)           3407

       365         370   0.1             NLO.QT.32.CT.QCD              -0.28115661 +-       0.01527823
--------------------------------------------------------------------------------------------------------------------------------------------------------------
       365         370   0.1             ud~_epvebb~                   -0.28115661 +-       0.01527823        1.715       0 [    7]      (   0)           3407

       365         370   0.15            NLO.QT.32.CT.QCD              -0.25447483 +-       0.01367950
--------------------------------------------------------------------------------------------------------------------------------------------------------------
       365         370   0.15            ud~_epvebb~                   -0.25447483 +-       0.01367950        1.697       0 [    7]      (   0)           3407

       365         370   0.2             NLO.QT.32.CT.QCD              -0.23631373 +-       0.01259891
--------------------------------------------------------------------------------------------------------------------------------------------------------------
       365         370   0.2             ud~_epvebb~                   -0.23631373 +-       0.01259891        1.684       0 [    7]      (   0)           3407

       365         370   0.25            NLO.QT.32.CT.QCD              -0.22266703 +-       0.01179143
--------------------------------------------------------------------------------------------------------------------------------------------------------------
       365         370   0.25            ud~_epvebb~                   -0.22266703 +-       0.01179143        1.674       0 [    7]      (   0)           3407

       365         370   0.5             NLO.QT.32.CT.QCD              -0.18272929 +-       0.00945417
--------------------------------------------------------------------------------------------------------------------------------------------------------------
       365         370   0.5             ud~_epvebb~                   -0.18272929 +-       0.00945417        1.640       0 [    7]      (   0)           3407

==============================================================================================================================================================

       370         375   0.01            NLO.QT.32.CT.QCD              -0.42016885 +-       0.01456913
--------------------------------------------------------------------------------------------------------------------------------------------------------------
       370         375   0.01            ud~_epvebb~                   -0.42016885 +-       0.01456913       0.8746       0 [    7]      (   0)           3336

       370         375   0.05            NLO.QT.32.CT.QCD              -0.30395046 +-       0.01033502
--------------------------------------------------------------------------------------------------------------------------------------------------------------
       370         375   0.05            ud~_epvebb~                   -0.30395046 +-       0.01033502       0.8458       0 [    7]      (   0)           3336

       370         375   0.1             NLO.QT.32.CT.QCD              -0.25948160 +-       0.00873926
--------------------------------------------------------------------------------------------------------------------------------------------------------------
       370         375   0.1             ud~_epvebb~                   -0.25948160 +-       0.00873926       0.8307       0 [    7]      (   0)           3336

       370         375   0.15            NLO.QT.32.CT.QCD              -0.23502742 +-       0.00786916
--------------------------------------------------------------------------------------------------------------------------------------------------------------
       370         375   0.15            ud~_epvebb~                   -0.23502742 +-       0.00786916       0.8208       0 [    7]      (   0)           3336

       370         375   0.2             NLO.QT.32.CT.QCD              -0.21837457 +-       0.00728010
--------------------------------------------------------------------------------------------------------------------------------------------------------------
       370         375   0.2             ud~_epvebb~                   -0.21837457 +-       0.00728010       0.8132       0 [    7]      (   0)           3336

       370         375   0.25            NLO.QT.32.CT.QCD              -0.20585645 +-       0.00683933
--------------------------------------------------------------------------------------------------------------------------------------------------------------
       370         375   0.25            ud~_epvebb~                   -0.20585645 +-       0.00683933       0.8070       0 [    7]      (   0)           3336

       370         375   0.5             NLO.QT.32.CT.QCD              -0.16919420 +-       0.00555986
--------------------------------------------------------------------------------------------------------------------------------------------------------------
       370         375   0.5             ud~_epvebb~                   -0.16919420 +-       0.00555986       0.7857       0 [    7]      (   0)           3336

==============================================================================================================================================================

       375         380   0.01            NLO.QT.32.CT.QCD              -0.40460652 +-       0.01778708
--------------------------------------------------------------------------------------------------------------------------------------------------------------
       375         380   0.01            ud~_epvebb~                   -0.40460652 +-       0.01778708       0.7595       0 [    7]      (   0)           3111

       375         380   0.05            NLO.QT.32.CT.QCD              -0.29251239 +-       0.01249161
--------------------------------------------------------------------------------------------------------------------------------------------------------------
       375         380   0.05            ud~_epvebb~                   -0.29251239 +-       0.01249161       0.7302       0 [    7]      (   0)           3111

       375         380   0.1             NLO.QT.32.CT.QCD              -0.24963646 +-       0.01050292
--------------------------------------------------------------------------------------------------------------------------------------------------------------
       375         380   0.1             ud~_epvebb~                   -0.24963646 +-       0.01050292       0.7154       0 [    7]      (   0)           3111

       375         380   0.15            NLO.QT.32.CT.QCD              -0.22606292 +-       0.00942095
--------------------------------------------------------------------------------------------------------------------------------------------------------------
       375         380   0.15            ud~_epvebb~                   -0.22606292 +-       0.00942095       0.7059       0 [    7]      (   0)           3111

       375         380   0.2             NLO.QT.32.CT.QCD              -0.21001200 +-       0.00868965
--------------------------------------------------------------------------------------------------------------------------------------------------------------
       375         380   0.2             ud~_epvebb~                   -0.21001200 +-       0.00868965       0.6988       0 [    7]      (   0)           3111

       375         380   0.25            NLO.QT.32.CT.QCD              -0.19794768 +-       0.00814317
--------------------------------------------------------------------------------------------------------------------------------------------------------------
       375         380   0.25            ud~_epvebb~                   -0.19794768 +-       0.00814317       0.6931       0 [    7]      (   0)           3111

       375         380   0.5             NLO.QT.32.CT.QCD              -0.16262209 +-       0.00656118
--------------------------------------------------------------------------------------------------------------------------------------------------------------
       375         380   0.5             ud~_epvebb~                   -0.16262209 +-       0.00656118       0.6737       0 [    7]      (   0)           3111

==============================================================================================================================================================

       380         385   0.01            NLO.QT.32.CT.QCD              -0.41335237 +-       0.03088033
--------------------------------------------------------------------------------------------------------------------------------------------------------------
       380         385   0.01            ud~_epvebb~                   -0.41335237 +-       0.03088033        1.980       0 [    7]      (   0)           3076

       380         385   0.05            NLO.QT.32.CT.QCD              -0.29915006 +-       0.02205488
--------------------------------------------------------------------------------------------------------------------------------------------------------------
       380         385   0.05            ud~_epvebb~                   -0.29915006 +-       0.02205488        1.974       0 [    7]      (   0)           3076

       380         385   0.1             NLO.QT.32.CT.QCD              -0.25544184 +-       0.01870236
--------------------------------------------------------------------------------------------------------------------------------------------------------------
       380         385   0.1             ud~_epvebb~                   -0.25544184 +-       0.01870236        1.972       0 [    7]      (   0)           3076

       380         385   0.15            NLO.QT.32.CT.QCD              -0.23140257 +-       0.01686638
--------------------------------------------------------------------------------------------------------------------------------------------------------------
       380         385   0.15            ud~_epvebb~                   -0.23140257 +-       0.01686638        1.971       0 [    7]      (   0)           3076

       380         385   0.2             NLO.QT.32.CT.QCD              -0.21503066 +-       0.01561973
--------------------------------------------------------------------------------------------------------------------------------------------------------------
       380         385   0.2             ud~_epvebb~                   -0.21503066 +-       0.01561973        1.970       0 [    7]      (   0)           3076

       380         385   0.25            NLO.QT.32.CT.QCD              -0.20272276 +-       0.01468477
--------------------------------------------------------------------------------------------------------------------------------------------------------------
       380         385   0.25            ud~_epvebb~                   -0.20272276 +-       0.01468477        1.970       0 [    7]      (   0)           3076

       380         385   0.5             NLO.QT.32.CT.QCD              -0.16667068 +-       0.01195884
--------------------------------------------------------------------------------------------------------------------------------------------------------------
       380         385   0.5             ud~_epvebb~                   -0.16667068 +-       0.01195884        1.968       0 [    7]      (   0)           3076

==============================================================================================================================================================

       385         390   0.01            NLO.QT.32.CT.QCD              -0.38234590 +-       0.04000272
--------------------------------------------------------------------------------------------------------------------------------------------------------------
       385         390   0.01            ud~_epvebb~                   -0.38234590 +-       0.04000272        1.430       0 [    7]      (   0)           2893

       385         390   0.05            NLO.QT.32.CT.QCD              -0.27563814 +-       0.02748712
--------------------------------------------------------------------------------------------------------------------------------------------------------------
       385         390   0.05            ud~_epvebb~                   -0.27563814 +-       0.02748712        1.276       0 [    7]      (   0)           2893

       385         390   0.1             NLO.QT.32.CT.QCD              -0.23488674 +-       0.02282081
--------------------------------------------------------------------------------------------------------------------------------------------------------------
       385         390   0.1             ud~_epvebb~                   -0.23488674 +-       0.02282081        1.200       0 [    7]      (   0)           2893

       385         390   0.15            NLO.QT.32.CT.QCD              -0.21250148 +-       0.02029320
--------------------------------------------------------------------------------------------------------------------------------------------------------------
       385         390   0.15            ud~_epvebb~                   -0.21250148 +-       0.02029320        1.152       0 [    7]      (   0)           2893

       385         390   0.2             NLO.QT.32.CT.QCD              -0.19726926 +-       0.01859027
--------------------------------------------------------------------------------------------------------------------------------------------------------------
       385         390   0.2             ud~_epvebb~                   -0.19726926 +-       0.01859027        1.117       0 [    7]      (   0)           2893

       385         390   0.25            NLO.QT.32.CT.QCD              -0.18582603 +-       0.01732106
--------------------------------------------------------------------------------------------------------------------------------------------------------------
       385         390   0.25            ud~_epvebb~                   -0.18582603 +-       0.01732106        1.089       0 [    7]      (   0)           2893

       385         390   0.5             NLO.QT.32.CT.QCD              -0.15235197 +-       0.01366653
--------------------------------------------------------------------------------------------------------------------------------------------------------------
       385         390   0.5             ud~_epvebb~                   -0.15235197 +-       0.01366653       0.9957       0 [    7]      (   0)           2893

==============================================================================================================================================================

       390         395   0.01            NLO.QT.32.CT.QCD              -0.35350103 +-       0.03349581
--------------------------------------------------------------------------------------------------------------------------------------------------------------
       390         395   0.01            ud~_epvebb~                   -0.35350103 +-       0.03349581        4.790       0 [    7]      (   0)           2711

       390         395   0.05            NLO.QT.32.CT.QCD              -0.25550018 +-       0.02360151
--------------------------------------------------------------------------------------------------------------------------------------------------------------
       390         395   0.05            ud~_epvebb~                   -0.25550018 +-       0.02360151        4.636       0 [    7]      (   0)           2711

       390         395   0.1             NLO.QT.32.CT.QCD              -0.21802029 +-       0.01986900
--------------------------------------------------------------------------------------------------------------------------------------------------------------
       390         395   0.1             ud~_epvebb~                   -0.21802029 +-       0.01986900        4.558       0 [    7]      (   0)           2711

       390         395   0.15            NLO.QT.32.CT.QCD              -0.19741523 +-       0.01783316
--------------------------------------------------------------------------------------------------------------------------------------------------------------
       390         395   0.15            ud~_epvebb~                   -0.19741523 +-       0.01783316        4.508       0 [    7]      (   0)           2711

       390         395   0.2             NLO.QT.32.CT.QCD              -0.18338630 +-       0.01645474
--------------------------------------------------------------------------------------------------------------------------------------------------------------
       390         395   0.2             ud~_epvebb~                   -0.18338630 +-       0.01645474        4.470       0 [    7]      (   0)           2711

       390         395   0.25            NLO.QT.32.CT.QCD              -0.17284225 +-       0.01542330
--------------------------------------------------------------------------------------------------------------------------------------------------------------
       390         395   0.25            ud~_epvebb~                   -0.17284225 +-       0.01542330        4.439       0 [    7]      (   0)           2711

       390         395   0.5             NLO.QT.32.CT.QCD              -0.14197092 +-       0.01242965
--------------------------------------------------------------------------------------------------------------------------------------------------------------
       390         395   0.5             ud~_epvebb~                   -0.14197092 +-       0.01242965        4.336       0 [    7]      (   0)           2711

==============================================================================================================================================================

       395         400   0.01            NLO.QT.32.CT.QCD              -0.33266294 +-       0.01988872
--------------------------------------------------------------------------------------------------------------------------------------------------------------
       395         400   0.01            ud~_epvebb~                   -0.33266294 +-       0.01988872       0.9597       0 [    7]      (   0)           2703

       395         400   0.05            NLO.QT.32.CT.QCD              -0.23963257 +-       0.01384983
--------------------------------------------------------------------------------------------------------------------------------------------------------------
       395         400   0.05            ud~_epvebb~                   -0.23963257 +-       0.01384983       0.8602       0 [    7]      (   0)           2703

       395         400   0.1             NLO.QT.32.CT.QCD              -0.20411992 +-       0.01159422
--------------------------------------------------------------------------------------------------------------------------------------------------------------
       395         400   0.1             ud~_epvebb~                   -0.20411992 +-       0.01159422       0.8109       0 [    7]      (   0)           2703

       395         400   0.15            NLO.QT.32.CT.QCD              -0.18461723 +-       0.01037094
--------------------------------------------------------------------------------------------------------------------------------------------------------------
       395         400   0.15            ud~_epvebb~                   -0.18461723 +-       0.01037094       0.7799       0 [    7]      (   0)           2703

       395         400   0.2             NLO.QT.32.CT.QCD              -0.17134877 +-       0.00954600
--------------------------------------------------------------------------------------------------------------------------------------------------------------
       395         400   0.2             ud~_epvebb~                   -0.17134877 +-       0.00954600       0.7569       0 [    7]      (   0)           2703

       395         400   0.25            NLO.QT.32.CT.QCD              -0.16138220 +-       0.00893068
--------------------------------------------------------------------------------------------------------------------------------------------------------------
       395         400   0.25            ud~_epvebb~                   -0.16138220 +-       0.00893068       0.7385       0 [    7]      (   0)           2703

       395         400   0.5             NLO.QT.32.CT.QCD              -0.13223563 +-       0.00715582
--------------------------------------------------------------------------------------------------------------------------------------------------------------
       395         400   0.5             ud~_epvebb~                   -0.13223563 +-       0.00715582       0.6776       0 [    7]      (   0)           2703

==============================================================================================================================================================

       400         405   0.01            NLO.QT.32.CT.QCD              -0.26558454 +-       0.01063547
--------------------------------------------------------------------------------------------------------------------------------------------------------------
       400         405   0.01            ud~_epvebb~                   -0.26558454 +-       0.01063547       0.8861       0 [    7]      (   0)           2441

       400         405   0.05            NLO.QT.32.CT.QCD              -0.19194324 +-       0.00740043
--------------------------------------------------------------------------------------------------------------------------------------------------------------
       400         405   0.05            ud~_epvebb~                   -0.19194324 +-       0.00740043       0.8500       0 [    7]      (   0)           2441

       400         405   0.1             NLO.QT.32.CT.QCD              -0.16378064 +-       0.00620452
--------------------------------------------------------------------------------------------------------------------------------------------------------------
       400         405   0.1             ud~_epvebb~                   -0.16378064 +-       0.00620452       0.8306       0 [    7]      (   0)           2441

       400         405   0.15            NLO.QT.32.CT.QCD              -0.14829823 +-       0.00555971
--------------------------------------------------------------------------------------------------------------------------------------------------------------
       400         405   0.15            ud~_epvebb~                   -0.14829823 +-       0.00555971       0.8174       0 [    7]      (   0)           2441

       400         405   0.2             NLO.QT.32.CT.QCD              -0.13775722 +-       0.00512661
--------------------------------------------------------------------------------------------------------------------------------------------------------------
       400         405   0.2             ud~_epvebb~                   -0.13775722 +-       0.00512661       0.8068       0 [    7]      (   0)           2441

       400         405   0.25            NLO.QT.32.CT.QCD              -0.12983476 +-       0.00480456
--------------------------------------------------------------------------------------------------------------------------------------------------------------
       400         405   0.25            ud~_epvebb~                   -0.12983476 +-       0.00480456       0.7977       0 [    7]      (   0)           2441

       400         405   0.5             NLO.QT.32.CT.QCD              -0.10663961 +-       0.00388101
--------------------------------------------------------------------------------------------------------------------------------------------------------------
       400         405   0.5             ud~_epvebb~                   -0.10663961 +-       0.00388101       0.7627       0 [    7]      (   0)           2441

==============================================================================================================================================================

       405         410   0.01            NLO.QT.32.CT.QCD              -0.27119412 +-       0.01038857
--------------------------------------------------------------------------------------------------------------------------------------------------------------
       405         410   0.01            ud~_epvebb~                   -0.27119412 +-       0.01038857       0.8960       0 [    7]      (   0)           2386

       405         410   0.05            NLO.QT.32.CT.QCD              -0.19693802 +-       0.00755219
--------------------------------------------------------------------------------------------------------------------------------------------------------------
       405         410   0.05            ud~_epvebb~                   -0.19693802 +-       0.00755219       0.9099       0 [    7]      (   0)           2386

       405         410   0.1             NLO.QT.32.CT.QCD              -0.16846295 +-       0.00646413
--------------------------------------------------------------------------------------------------------------------------------------------------------------
       405         410   0.1             ud~_epvebb~                   -0.16846295 +-       0.00646413       0.9172       0 [    7]      (   0)           2386

       405         410   0.15            NLO.QT.32.CT.QCD              -0.15278446 +-       0.00586490
--------------------------------------------------------------------------------------------------------------------------------------------------------------
       405         410   0.15            ud~_epvebb~                   -0.15278446 +-       0.00586490       0.9219       0 [    7]      (   0)           2386

       405         410   0.2             NLO.QT.32.CT.QCD              -0.14209837 +-       0.00545642
--------------------------------------------------------------------------------------------------------------------------------------------------------------
       405         410   0.2             ud~_epvebb~                   -0.14209837 +-       0.00545642       0.9255       0 [    7]      (   0)           2386

       405         410   0.25            NLO.QT.32.CT.QCD              -0.13405998 +-       0.00514910
--------------------------------------------------------------------------------------------------------------------------------------------------------------
       405         410   0.25            ud~_epvebb~                   -0.13405998 +-       0.00514910       0.9284       0 [    7]      (   0)           2386

       405         410   0.5             NLO.QT.32.CT.QCD              -0.11048574 +-       0.00424758
--------------------------------------------------------------------------------------------------------------------------------------------------------------
       405         410   0.5             ud~_epvebb~                   -0.11048574 +-       0.00424758       0.9384       0 [    7]      (   0)           2386

==============================================================================================================================================================

       410         415   0.01            NLO.QT.32.CT.QCD              -0.26532668 +-       0.01336808
--------------------------------------------------------------------------------------------------------------------------------------------------------------
       410         415   0.01            ud~_epvebb~                   -0.26532668 +-       0.01336808        1.790       0 [    7]      (   0)           2267

       410         415   0.05            NLO.QT.32.CT.QCD              -0.19211207 +-       0.00963540
--------------------------------------------------------------------------------------------------------------------------------------------------------------
       410         415   0.05            ud~_epvebb~                   -0.19211207 +-       0.00963540        1.745       0 [    7]      (   0)           2267

       410         415   0.1             NLO.QT.32.CT.QCD              -0.16408344 +-       0.00821487
--------------------------------------------------------------------------------------------------------------------------------------------------------------
       410         415   0.1             ud~_epvebb~                   -0.16408344 +-       0.00821487        1.721       0 [    7]      (   0)           2267

       410         415   0.15            NLO.QT.32.CT.QCD              -0.14866550 +-       0.00743593
--------------------------------------------------------------------------------------------------------------------------------------------------------------
       410         415   0.15            ud~_epvebb~                   -0.14866550 +-       0.00743593        1.706       0 [    7]      (   0)           2267

       410         415   0.2             NLO.QT.32.CT.QCD              -0.13816402 +-       0.00690649
--------------------------------------------------------------------------------------------------------------------------------------------------------------
       410         415   0.2             ud~_epvebb~                   -0.13816402 +-       0.00690649        1.694       0 [    7]      (   0)           2267

       410         415   0.25            NLO.QT.32.CT.QCD              -0.13026866 +-       0.00650908
--------------------------------------------------------------------------------------------------------------------------------------------------------------
       410         415   0.25            ud~_epvebb~                   -0.13026866 +-       0.00650908        1.684       0 [    7]      (   0)           2267

       410         415   0.5             NLO.QT.32.CT.QCD              -0.10713788 +-       0.00534826
--------------------------------------------------------------------------------------------------------------------------------------------------------------
       410         415   0.5             ud~_epvebb~                   -0.10713788 +-       0.00534826        1.652       0 [    7]      (   0)           2267

==============================================================================================================================================================

       415         420   0.01            NLO.QT.32.CT.QCD              -0.23141614 +-       0.01670657
--------------------------------------------------------------------------------------------------------------------------------------------------------------
       415         420   0.01            ud~_epvebb~                   -0.23141614 +-       0.01670657       0.6686       0 [    7]      (   0)           2050

       415         420   0.05            NLO.QT.32.CT.QCD              -0.16789565 +-       0.01192918
--------------------------------------------------------------------------------------------------------------------------------------------------------------
       415         420   0.05            ud~_epvebb~                   -0.16789565 +-       0.01192918       0.6451       0 [    7]      (   0)           2050

       415         420   0.1             NLO.QT.32.CT.QCD              -0.14355037 +-       0.01011482
--------------------------------------------------------------------------------------------------------------------------------------------------------------
       415         420   0.1             ud~_epvebb~                   -0.14355037 +-       0.01011482       0.6334       0 [    7]      (   0)           2050

       415         420   0.15            NLO.QT.32.CT.QCD              -0.13014983 +-       0.00912132
--------------------------------------------------------------------------------------------------------------------------------------------------------------
       415         420   0.15            ud~_epvebb~                   -0.13014983 +-       0.00912132       0.6260       0 [    7]      (   0)           2050

       415         420   0.2             NLO.QT.32.CT.QCD              -0.12101828 +-       0.00844679
--------------------------------------------------------------------------------------------------------------------------------------------------------------
       415         420   0.2             ud~_epvebb~                   -0.12101828 +-       0.00844679       0.6205       0 [    7]      (   0)           2050

       415         420   0.25            NLO.QT.32.CT.QCD              -0.11415041 +-       0.00794094
--------------------------------------------------------------------------------------------------------------------------------------------------------------
       415         420   0.25            ud~_epvebb~                   -0.11415041 +-       0.00794094       0.6161       0 [    7]      (   0)           2050

       415         420   0.5             NLO.QT.32.CT.QCD             -0.094015585 +-      0.006466291
--------------------------------------------------------------------------------------------------------------------------------------------------------------
       415         420   0.5             ud~_epvebb~                  -0.094015585 +-      0.006466291       0.6014       0 [    7]      (   0)           2050

==============================================================================================================================================================

       420         425   0.01            NLO.QT.32.CT.QCD              -0.22736695 +-       0.01092731
--------------------------------------------------------------------------------------------------------------------------------------------------------------
       420         425   0.01            ud~_epvebb~                   -0.22736695 +-       0.01092731        1.439       0 [    7]      (   0)           2032

       420         425   0.05            NLO.QT.32.CT.QCD              -0.16450822 +-       0.00765166
--------------------------------------------------------------------------------------------------------------------------------------------------------------
       420         425   0.05            ud~_epvebb~                   -0.16450822 +-       0.00765166        1.409       0 [    7]      (   0)           2032

       420         425   0.1             NLO.QT.32.CT.QCD              -0.14045393 +-       0.00642665
--------------------------------------------------------------------------------------------------------------------------------------------------------------
       420         425   0.1             ud~_epvebb~                   -0.14045393 +-       0.00642665        1.395       0 [    7]      (   0)           2032

       420         425   0.15            NLO.QT.32.CT.QCD              -0.12722527 +-       0.00576176
--------------------------------------------------------------------------------------------------------------------------------------------------------------
       420         425   0.15            ud~_epvebb~                   -0.12722527 +-       0.00576176        1.386       0 [    7]      (   0)           2032

       420         425   0.2             NLO.QT.32.CT.QCD              -0.11821641 +-       0.00531310
--------------------------------------------------------------------------------------------------------------------------------------------------------------
       420         425   0.2             ud~_epvebb~                   -0.11821641 +-       0.00531310        1.380       0 [    7]      (   0)           2032

       420         425   0.25            NLO.QT.32.CT.QCD              -0.11144414 +-       0.00497826
--------------------------------------------------------------------------------------------------------------------------------------------------------------
       420         425   0.25            ud~_epvebb~                   -0.11144414 +-       0.00497826        1.375       0 [    7]      (   0)           2032

       420         425   0.5             NLO.QT.32.CT.QCD             -0.091608637 +-      0.004011353
--------------------------------------------------------------------------------------------------------------------------------------------------------------
       420         425   0.5             ud~_epvebb~                  -0.091608637 +-      0.004011353        1.361       0 [    7]      (   0)           2032

==============================================================================================================================================================

       425         430   0.01            NLO.QT.32.CT.QCD              -0.22366602 +-       0.01903128
--------------------------------------------------------------------------------------------------------------------------------------------------------------
       425         430   0.01            ud~_epvebb~                   -0.22366602 +-       0.01903128        1.700       0 [    7]      (   0)           1905

       425         430   0.05            NLO.QT.32.CT.QCD              -0.16104288 +-       0.01303702
--------------------------------------------------------------------------------------------------------------------------------------------------------------
       425         430   0.05            ud~_epvebb~                   -0.16104288 +-       0.01303702        1.596       0 [    7]      (   0)           1905

       425         430   0.1             NLO.QT.32.CT.QCD              -0.13714368 +-       0.01081490
--------------------------------------------------------------------------------------------------------------------------------------------------------------
       425         430   0.1             ud~_epvebb~                   -0.13714368 +-       0.01081490        1.547       0 [    7]      (   0)           1905

       425         430   0.15            NLO.QT.32.CT.QCD              -0.12402072 +-       0.00961530
--------------------------------------------------------------------------------------------------------------------------------------------------------------
       425         430   0.15            ud~_epvebb~                   -0.12402072 +-       0.00961530        1.517       0 [    7]      (   0)           1905

       425         430   0.2             NLO.QT.32.CT.QCD              -0.11509356 +-       0.00880904
--------------------------------------------------------------------------------------------------------------------------------------------------------------
       425         430   0.2             ud~_epvebb~                   -0.11509356 +-       0.00880904        1.495       0 [    7]      (   0)           1905

       425         430   0.25            NLO.QT.32.CT.QCD              -0.10838848 +-       0.00820929
--------------------------------------------------------------------------------------------------------------------------------------------------------------
       425         430   0.25            ud~_epvebb~                   -0.10838848 +-       0.00820929        1.478       0 [    7]      (   0)           1905

       425         430   0.5             NLO.QT.32.CT.QCD             -0.088783036 +-      0.006489002
--------------------------------------------------------------------------------------------------------------------------------------------------------------
       425         430   0.5             ud~_epvebb~                  -0.088783036 +-      0.006489002        1.424       0 [    7]      (   0)           1905

==============================================================================================================================================================

       430         435   0.01            NLO.QT.32.CT.QCD              -0.19085914 +-       0.01071109
--------------------------------------------------------------------------------------------------------------------------------------------------------------
       430         435   0.01            ud~_epvebb~                   -0.19085914 +-       0.01071109        1.088       0 [    7]      (   0)           1811

       430         435   0.05            NLO.QT.32.CT.QCD              -0.13858361 +-       0.00771947
--------------------------------------------------------------------------------------------------------------------------------------------------------------
       430         435   0.05            ud~_epvebb~                   -0.13858361 +-       0.00771947        1.075       0 [    7]      (   0)           1811

       430         435   0.1             NLO.QT.32.CT.QCD              -0.11853880 +-       0.00657766
--------------------------------------------------------------------------------------------------------------------------------------------------------------
       430         435   0.1             ud~_epvebb~                   -0.11853880 +-       0.00657766        1.068       0 [    7]      (   0)           1811

       430         435   0.15            NLO.QT.32.CT.QCD              -0.10750246 +-       0.00595063
--------------------------------------------------------------------------------------------------------------------------------------------------------------
       430         435   0.15            ud~_epvebb~                   -0.10750246 +-       0.00595063        1.063       0 [    7]      (   0)           1811

       430         435   0.2             NLO.QT.32.CT.QCD             -0.099980557 +-      0.005524060
--------------------------------------------------------------------------------------------------------------------------------------------------------------
       430         435   0.2             ud~_epvebb~                  -0.099980557 +-      0.005524060        1.060       0 [    7]      (   0)           1811

       430         435   0.25            NLO.QT.32.CT.QCD             -0.094322473 +-      0.005203644
--------------------------------------------------------------------------------------------------------------------------------------------------------------
       430         435   0.25            ud~_epvebb~                  -0.094322473 +-      0.005203644        1.057       0 [    7]      (   0)           1811

       430         435   0.5             NLO.QT.32.CT.QCD             -0.077729668 +-      0.004266616
--------------------------------------------------------------------------------------------------------------------------------------------------------------
       430         435   0.5             ud~_epvebb~                  -0.077729668 +-      0.004266616        1.048       0 [    7]      (   0)           1811

==============================================================================================================================================================

       435         440   0.01            NLO.QT.32.CT.QCD              -0.19835778 +-       0.02168588
--------------------------------------------------------------------------------------------------------------------------------------------------------------
       435         440   0.01            ud~_epvebb~                   -0.19835778 +-       0.02168588       0.7479       0 [    7]      (   0)           1741

       435         440   0.05            NLO.QT.32.CT.QCD              -0.14215613 +-       0.01380957
--------------------------------------------------------------------------------------------------------------------------------------------------------------
       435         440   0.05            ud~_epvebb~                   -0.14215613 +-       0.01380957       0.5720       0 [    7]      (   0)           1741

       435         440   0.1             NLO.QT.32.CT.QCD              -0.12076171 +-       0.01096906
--------------------------------------------------------------------------------------------------------------------------------------------------------------
       435         440   0.1             ud~_epvebb~                   -0.12076171 +-       0.01096906       0.4939       0 [    7]      (   0)           1741

       435         440   0.15            NLO.QT.32.CT.QCD              -0.10903114 +-       0.00946239
--------------------------------------------------------------------------------------------------------------------------------------------------------------
       435         440   0.15            ud~_epvebb~                   -0.10903114 +-       0.00946239       0.4483       0 [    7]      (   0)           1741

       435         440   0.2             NLO.QT.32.CT.QCD              -0.10105931 +-       0.00846312
--------------------------------------------------------------------------------------------------------------------------------------------------------------
       435         440   0.2             ud~_epvebb~                   -0.10105931 +-       0.00846312       0.4161       0 [    7]      (   0)           1741

       435         440   0.25            NLO.QT.32.CT.QCD             -0.095076618 +-      0.007728078
--------------------------------------------------------------------------------------------------------------------------------------------------------------
       435         440   0.25            ud~_epvebb~                  -0.095076618 +-      0.007728078       0.3914       0 [    7]      (   0)           1741

       435         440   0.5             NLO.QT.32.CT.QCD             -0.077611277 +-      0.005669994
--------------------------------------------------------------------------------------------------------------------------------------------------------------
       435         440   0.5             ud~_epvebb~                  -0.077611277 +-      0.005669994       0.3175       0 [    7]      (   0)           1741

==============================================================================================================================================================

       440         445   0.01            NLO.QT.32.CT.QCD              -0.18795433 +-       0.01618543
--------------------------------------------------------------------------------------------------------------------------------------------------------------
       440         445   0.01            ud~_epvebb~                   -0.18795433 +-       0.01618543        2.541       0 [    7]      (   0)           1655

       440         445   0.05            NLO.QT.32.CT.QCD              -0.13611908 +-       0.01148226
--------------------------------------------------------------------------------------------------------------------------------------------------------------
       440         445   0.05            ud~_epvebb~                   -0.13611908 +-       0.01148226        2.462       0 [    7]      (   0)           1655

       440         445   0.1             NLO.QT.32.CT.QCD              -0.11627267 +-       0.00970300
--------------------------------------------------------------------------------------------------------------------------------------------------------------
       440         445   0.1             ud~_epvebb~                   -0.11627267 +-       0.00970300        2.421       0 [    7]      (   0)           1655

       440         445   0.15            NLO.QT.32.CT.QCD              -0.10535484 +-       0.00873088
--------------------------------------------------------------------------------------------------------------------------------------------------------------
       440         445   0.15            ud~_epvebb~                   -0.10535484 +-       0.00873088        2.396       0 [    7]      (   0)           1655

       440         445   0.2             NLO.QT.32.CT.QCD             -0.097918111 +-      0.008071893
--------------------------------------------------------------------------------------------------------------------------------------------------------------
       440         445   0.2             ud~_epvebb~                  -0.097918111 +-      0.008071893        2.376       0 [    7]      (   0)           1655

       440         445   0.25            NLO.QT.32.CT.QCD             -0.092326723 +-      0.007578305
--------------------------------------------------------------------------------------------------------------------------------------------------------------
       440         445   0.25            ud~_epvebb~                  -0.092326723 +-      0.007578305        2.361       0 [    7]      (   0)           1655

       440         445   0.5             NLO.QT.32.CT.QCD             -0.075944582 +-      0.006142895
--------------------------------------------------------------------------------------------------------------------------------------------------------------
       440         445   0.5             ud~_epvebb~                  -0.075944582 +-      0.006142895        2.308       0 [    7]      (   0)           1655

==============================================================================================================================================================

       445         450   0.01            NLO.QT.32.CT.QCD              -0.15264307 +-       0.00702265
--------------------------------------------------------------------------------------------------------------------------------------------------------------
       445         450   0.01            ud~_epvebb~                   -0.15264307 +-       0.00702265       0.4253       0 [    7]      (   0)           1583

       445         450   0.05            NLO.QT.32.CT.QCD              -0.11092367 +-       0.00509865
--------------------------------------------------------------------------------------------------------------------------------------------------------------
       445         450   0.05            ud~_epvebb~                   -0.11092367 +-       0.00509865       0.4317       0 [    7]      (   0)           1583

       445         450   0.1             NLO.QT.32.CT.QCD             -0.094919160 +-      0.004361106
--------------------------------------------------------------------------------------------------------------------------------------------------------------
       445         450   0.1             ud~_epvebb~                  -0.094919160 +-      0.004361106       0.4351       0 [    7]      (   0)           1583

       445         450   0.15            NLO.QT.32.CT.QCD             -0.086105021 +-      0.003955086
--------------------------------------------------------------------------------------------------------------------------------------------------------------
       445         450   0.15            ud~_epvebb~                  -0.086105021 +-      0.003955086       0.4373       0 [    7]      (   0)           1583

       445         450   0.2             NLO.QT.32.CT.QCD             -0.080096571 +-      0.003678386
--------------------------------------------------------------------------------------------------------------------------------------------------------------
       445         450   0.2             ud~_epvebb~                  -0.080096571 +-      0.003678386       0.4389       0 [    7]      (   0)           1583

       445         450   0.25            NLO.QT.32.CT.QCD             -0.075576273 +-      0.003470263
--------------------------------------------------------------------------------------------------------------------------------------------------------------
       445         450   0.25            ud~_epvebb~                  -0.075576273 +-      0.003470263       0.4403       0 [    7]      (   0)           1583

       445         450   0.5             NLO.QT.32.CT.QCD             -0.062316351 +-      0.002859999
--------------------------------------------------------------------------------------------------------------------------------------------------------------
       445         450   0.5             ud~_epvebb~                  -0.062316351 +-      0.002859999       0.4448       0 [    7]      (   0)           1583

==============================================================================================================================================================

       450         455   0.01            NLO.QT.32.CT.QCD              -0.20714082 +-       0.04793026
--------------------------------------------------------------------------------------------------------------------------------------------------------------
       450         455   0.01            ud~_epvebb~                   -0.20714082 +-       0.04793026        8.132       0 [    7]      (   0)           1534

       450         455   0.05            NLO.QT.32.CT.QCD              -0.14660745 +-       0.03149576
--------------------------------------------------------------------------------------------------------------------------------------------------------------
       450         455   0.05            ud~_epvebb~                   -0.14660745 +-       0.03149576        6.954       0 [    7]      (   0)           1534

       450         455   0.1             NLO.QT.32.CT.QCD              -0.12371237 +-       0.02547440
--------------------------------------------------------------------------------------------------------------------------------------------------------------
       450         455   0.1             ud~_epvebb~                   -0.12371237 +-       0.02547440        6.378       0 [    7]      (   0)           1534

       450         455   0.15            NLO.QT.32.CT.QCD              -0.11120582 +-       0.02224717
--------------------------------------------------------------------------------------------------------------------------------------------------------------
       450         455   0.15            ud~_epvebb~                   -0.11120582 +-       0.02224717        6.021       0 [    7]      (   0)           1534

       450         455   0.2             NLO.QT.32.CT.QCD              -0.10272902 +-       0.02008955
--------------------------------------------------------------------------------------------------------------------------------------------------------------
       450         455   0.2             ud~_epvebb~                   -0.10272902 +-       0.02008955        5.757       0 [    7]      (   0)           1534

       450         455   0.25            NLO.QT.32.CT.QCD             -0.096380690 +-      0.018491518
--------------------------------------------------------------------------------------------------------------------------------------------------------------
       450         455   0.25            ud~_epvebb~                  -0.096380690 +-      0.018491518        5.547       0 [    7]      (   0)           1534

       450         455   0.5             NLO.QT.32.CT.QCD             -0.077924813 +-      0.013948874
--------------------------------------------------------------------------------------------------------------------------------------------------------------
       450         455   0.5             ud~_epvebb~                  -0.077924813 +-      0.013948874        4.863       0 [    7]      (   0)           1534

==============================================================================================================================================================

       455         460   0.01            NLO.QT.32.CT.QCD              -0.13425478 +-       0.00656789
--------------------------------------------------------------------------------------------------------------------------------------------------------------
       455         460   0.01            ud~_epvebb~                   -0.13425478 +-       0.00656789        2.040       0 [    7]      (   0)           1525

       455         460   0.05            NLO.QT.32.CT.QCD             -0.097709270 +-      0.004784719
--------------------------------------------------------------------------------------------------------------------------------------------------------------
       455         460   0.05            ud~_epvebb~                  -0.097709270 +-      0.004784719        2.048       0 [    7]      (   0)           1525

       455         460   0.1             NLO.QT.32.CT.QCD             -0.083677226 +-      0.004099781
--------------------------------------------------------------------------------------------------------------------------------------------------------------
       455         460   0.1             ud~_epvebb~                  -0.083677226 +-      0.004099781        2.053       0 [    7]      (   0)           1525

       455         460   0.15            NLO.QT.32.CT.QCD             -0.075945509 +-      0.003722288
--------------------------------------------------------------------------------------------------------------------------------------------------------------
       455         460   0.15            ud~_epvebb~                  -0.075945509 +-      0.003722288        2.056       0 [    7]      (   0)           1525

       455         460   0.2             NLO.QT.32.CT.QCD             -0.070673087 +-      0.003464823
--------------------------------------------------------------------------------------------------------------------------------------------------------------
       455         460   0.2             ud~_epvebb~                  -0.070673087 +-      0.003464823        2.058       0 [    7]      (   0)           1525

       455         460   0.25            NLO.QT.32.CT.QCD             -0.066705426 +-      0.003271046
--------------------------------------------------------------------------------------------------------------------------------------------------------------
       455         460   0.25            ud~_epvebb~                  -0.066705426 +-      0.003271046        2.059       0 [    7]      (   0)           1525

       455         460   0.5             NLO.QT.32.CT.QCD             -0.055060328 +-      0.002702147
--------------------------------------------------------------------------------------------------------------------------------------------------------------
       455         460   0.5             ud~_epvebb~                  -0.055060328 +-      0.002702147        2.065       0 [    7]      (   0)           1525

==============================================================================================================================================================

       460         465   0.01            NLO.QT.32.CT.QCD              -0.14279400 +-       0.00784561
--------------------------------------------------------------------------------------------------------------------------------------------------------------
       460         465   0.01            ud~_epvebb~                   -0.14279400 +-       0.00784561        1.415       0 [    7]      (   0)           1461

       460         465   0.05            NLO.QT.32.CT.QCD              -0.10368449 +-       0.00568734
--------------------------------------------------------------------------------------------------------------------------------------------------------------
       460         465   0.05            ud~_epvebb~                   -0.10368449 +-       0.00568734        1.409       0 [    7]      (   0)           1461

       460         465   0.1             NLO.QT.32.CT.QCD             -0.088688028 +-      0.004860733
--------------------------------------------------------------------------------------------------------------------------------------------------------------
       460         465   0.1             ud~_epvebb~                  -0.088688028 +-      0.004860733        1.405       0 [    7]      (   0)           1461

       460         465   0.15            NLO.QT.32.CT.QCD             -0.080431194 +-      0.004405918
--------------------------------------------------------------------------------------------------------------------------------------------------------------
       460         465   0.15            ud~_epvebb~                  -0.080431194 +-      0.004405918        1.403       0 [    7]      (   0)           1461

       460         465   0.2             NLO.QT.32.CT.QCD             -0.074803668 +-      0.004096074
--------------------------------------------------------------------------------------------------------------------------------------------------------------
       460         465   0.2             ud~_epvebb~                  -0.074803668 +-      0.004096074        1.401       0 [    7]      (   0)           1461

       460         465   0.25            NLO.QT.32.CT.QCD             -0.070570555 +-      0.003863087
--------------------------------------------------------------------------------------------------------------------------------------------------------------
       460         465   0.25            ud~_epvebb~                  -0.070570555 +-      0.003863087        1.399       0 [    7]      (   0)           1461

       460         465   0.5             NLO.QT.32.CT.QCD             -0.058156547 +-      0.003180295
--------------------------------------------------------------------------------------------------------------------------------------------------------------
       460         465   0.5             ud~_epvebb~                  -0.058156547 +-      0.003180295        1.395       0 [    7]      (   0)           1461

==============================================================================================================================================================

       465         470   0.01            NLO.QT.32.CT.QCD              -0.12515004 +-       0.00845875
--------------------------------------------------------------------------------------------------------------------------------------------------------------
       465         470   0.01            ud~_epvebb~                   -0.12515004 +-       0.00845875        2.448       0 [    7]      (   0)           1318

       465         470   0.05            NLO.QT.32.CT.QCD             -0.090956397 +-      0.006123070
--------------------------------------------------------------------------------------------------------------------------------------------------------------
       465         470   0.05            ud~_epvebb~                  -0.090956397 +-      0.006123070        2.459       0 [    7]      (   0)           1318

       465         470   0.1             NLO.QT.32.CT.QCD             -0.077837974 +-      0.005229205
--------------------------------------------------------------------------------------------------------------------------------------------------------------
       465         470   0.1             ud~_epvebb~                  -0.077837974 +-      0.005229205        2.464       0 [    7]      (   0)           1318

       465         470   0.15            NLO.QT.32.CT.QCD             -0.070612985 +-      0.004737596
--------------------------------------------------------------------------------------------------------------------------------------------------------------
       465         470   0.15            ud~_epvebb~                  -0.070612985 +-      0.004737596        2.468       0 [    7]      (   0)           1318

       465         470   0.2             NLO.QT.32.CT.QCD             -0.065687687 +-      0.004402790
--------------------------------------------------------------------------------------------------------------------------------------------------------------
       465         470   0.2             ud~_epvebb~                  -0.065687687 +-      0.004402790        2.471       0 [    7]      (   0)           1318

       465         470   0.25            NLO.QT.32.CT.QCD             -0.061982186 +-      0.004151094
--------------------------------------------------------------------------------------------------------------------------------------------------------------
       465         470   0.25            ud~_epvebb~                  -0.061982186 +-      0.004151094        2.473       0 [    7]      (   0)           1318

       465         470   0.5             NLO.QT.32.CT.QCD             -0.051111911 +-      0.003413831
--------------------------------------------------------------------------------------------------------------------------------------------------------------
       465         470   0.5             ud~_epvebb~                  -0.051111911 +-      0.003413831        2.481       0 [    7]      (   0)           1318

==============================================================================================================================================================

       470         475   0.01            NLO.QT.32.CT.QCD              -0.12100962 +-       0.00770689
--------------------------------------------------------------------------------------------------------------------------------------------------------------
       470         475   0.01            ud~_epvebb~                   -0.12100962 +-       0.00770689        1.783       0 [    7]      (   0)           1316

       470         475   0.05            NLO.QT.32.CT.QCD             -0.087705001 +-      0.005477381
--------------------------------------------------------------------------------------------------------------------------------------------------------------
       470         475   0.05            ud~_epvebb~                  -0.087705001 +-      0.005477381        1.780       0 [    7]      (   0)           1316

       470         475   0.1             NLO.QT.32.CT.QCD             -0.074947866 +-      0.004634993
--------------------------------------------------------------------------------------------------------------------------------------------------------------
       470         475   0.1             ud~_epvebb~                  -0.074947866 +-      0.004634993        1.778       0 [    7]      (   0)           1316

       470         475   0.15            NLO.QT.32.CT.QCD             -0.067928188 +-      0.004175031
--------------------------------------------------------------------------------------------------------------------------------------------------------------
       470         475   0.15            ud~_epvebb~                  -0.067928188 +-      0.004175031        1.777       0 [    7]      (   0)           1316

       470         475   0.2             NLO.QT.32.CT.QCD             -0.063145863 +-      0.003863343
--------------------------------------------------------------------------------------------------------------------------------------------------------------
       470         475   0.2             ud~_epvebb~                  -0.063145863 +-      0.003863343        1.777       0 [    7]      (   0)           1316

       470         475   0.25            NLO.QT.32.CT.QCD             -0.059549717 +-      0.003629949
--------------------------------------------------------------------------------------------------------------------------------------------------------------
       470         475   0.25            ud~_epvebb~                  -0.059549717 +-      0.003629949        1.776       0 [    7]      (   0)           1316

       470         475   0.5             NLO.QT.32.CT.QCD             -0.049010528 +-      0.002951498
--------------------------------------------------------------------------------------------------------------------------------------------------------------
       470         475   0.5             ud~_epvebb~                  -0.049010528 +-      0.002951498        1.774       0 [    7]      (   0)           1316

==============================================================================================================================================================

       475         480   0.01            NLO.QT.32.CT.QCD              -0.11430572 +-       0.00789486
--------------------------------------------------------------------------------------------------------------------------------------------------------------
       475         480   0.01            ud~_epvebb~                   -0.11430572 +-       0.00789486       0.4055       0 [    7]      (   0)           1246

       475         480   0.05            NLO.QT.32.CT.QCD             -0.083078095 +-      0.005718631
--------------------------------------------------------------------------------------------------------------------------------------------------------------
       475         480   0.05            ud~_epvebb~                  -0.083078095 +-      0.005718631       0.3999       0 [    7]      (   0)           1246

       475         480   0.1             NLO.QT.32.CT.QCD             -0.071097327 +-      0.004885472
--------------------------------------------------------------------------------------------------------------------------------------------------------------
       475         480   0.1             ud~_epvebb~                  -0.071097327 +-      0.004885472       0.3971       0 [    7]      (   0)           1246

       475         480   0.15            NLO.QT.32.CT.QCD             -0.064498821 +-      0.004427153
--------------------------------------------------------------------------------------------------------------------------------------------------------------
       475         480   0.15            ud~_epvebb~                  -0.064498821 +-      0.004427153       0.3952       0 [    7]      (   0)           1246

       475         480   0.2             NLO.QT.32.CT.QCD             -0.060000560 +-      0.004114971
--------------------------------------------------------------------------------------------------------------------------------------------------------------
       475         480   0.2             ud~_epvebb~                  -0.060000560 +-      0.004114971       0.3938       0 [    7]      (   0)           1246

       475         480   0.25            NLO.QT.32.CT.QCD             -0.056616313 +-      0.003880256
--------------------------------------------------------------------------------------------------------------------------------------------------------------
       475         480   0.25            ud~_epvebb~                  -0.056616313 +-      0.003880256       0.3927       0 [    7]      (   0)           1246

       475         480   0.5             NLO.QT.32.CT.QCD             -0.046688320 +-      0.003192572
--------------------------------------------------------------------------------------------------------------------------------------------------------------
       475         480   0.5             ud~_epvebb~                  -0.046688320 +-      0.003192572       0.3890       0 [    7]      (   0)           1246

==============================================================================================================================================================

       480         485   0.01            NLO.QT.32.CT.QCD              -0.12621136 +-       0.00923541
--------------------------------------------------------------------------------------------------------------------------------------------------------------
       480         485   0.01            ud~_epvebb~                   -0.12621136 +-       0.00923541        3.643       0 [    7]      (   0)           1290

       480         485   0.05            NLO.QT.32.CT.QCD             -0.091683707 +-      0.006679051
--------------------------------------------------------------------------------------------------------------------------------------------------------------
       480         485   0.05            ud~_epvebb~                  -0.091683707 +-      0.006679051        3.677       0 [    7]      (   0)           1290

       480         485   0.1             NLO.QT.32.CT.QCD             -0.078440816 +-      0.005701224
--------------------------------------------------------------------------------------------------------------------------------------------------------------
       480         485   0.1             ud~_epvebb~                  -0.078440816 +-      0.005701224        3.695       0 [    7]      (   0)           1290

       480         485   0.15            NLO.QT.32.CT.QCD             -0.071148427 +-      0.005163592
--------------------------------------------------------------------------------------------------------------------------------------------------------------
       480         485   0.15            ud~_epvebb~                  -0.071148427 +-      0.005163592        3.706       0 [    7]      (   0)           1290

       480         485   0.2             NLO.QT.32.CT.QCD             -0.066177730 +-      0.004797517
--------------------------------------------------------------------------------------------------------------------------------------------------------------
       480         485   0.2             ud~_epvebb~                  -0.066177730 +-      0.004797517        3.715       0 [    7]      (   0)           1290

       480         485   0.25            NLO.QT.32.CT.QCD             -0.062438398 +-      0.004522359
--------------------------------------------------------------------------------------------------------------------------------------------------------------
       480         485   0.25            ud~_epvebb~                  -0.062438398 +-      0.004522359        3.721       0 [    7]      (   0)           1290

       480         485   0.5             NLO.QT.32.CT.QCD             -0.051470750 +-      0.003716626
--------------------------------------------------------------------------------------------------------------------------------------------------------------
       480         485   0.5             ud~_epvebb~                  -0.051470750 +-      0.003716626        3.745       0 [    7]      (   0)           1290

==============================================================================================================================================================

       485         490   0.01            NLO.QT.32.CT.QCD              -0.10245576 +-       0.00596717
--------------------------------------------------------------------------------------------------------------------------------------------------------------
       485         490   0.01            ud~_epvebb~                   -0.10245576 +-       0.00596717        1.172       0 [    7]      (   0)           1220

       485         490   0.05            NLO.QT.32.CT.QCD             -0.074437094 +-      0.004328492
--------------------------------------------------------------------------------------------------------------------------------------------------------------
       485         490   0.05            ud~_epvebb~                  -0.074437094 +-      0.004328492        1.154       0 [    7]      (   0)           1220

       485         490   0.1             NLO.QT.32.CT.QCD             -0.063689840 +-      0.003700723
--------------------------------------------------------------------------------------------------------------------------------------------------------------
       485         490   0.1             ud~_epvebb~                  -0.063689840 +-      0.003700723        1.145       0 [    7]      (   0)           1220

       485         490   0.15            NLO.QT.32.CT.QCD             -0.057771444 +-      0.003355253
--------------------------------------------------------------------------------------------------------------------------------------------------------------
       485         490   0.15            ud~_epvebb~                  -0.057771444 +-      0.003355253        1.139       0 [    7]      (   0)           1220

       485         490   0.2             NLO.QT.32.CT.QCD             -0.053737173 +-      0.003119874
--------------------------------------------------------------------------------------------------------------------------------------------------------------
       485         490   0.2             ud~_epvebb~                  -0.053737173 +-      0.003119874        1.135       0 [    7]      (   0)           1220

       485         490   0.25            NLO.QT.32.CT.QCD             -0.050702216 +-      0.002942864
--------------------------------------------------------------------------------------------------------------------------------------------------------------
       485         490   0.25            ud~_epvebb~                  -0.050702216 +-      0.002942864        1.132       0 [    7]      (   0)           1220

       485         490   0.5             NLO.QT.32.CT.QCD             -0.041800105 +-      0.002424018
--------------------------------------------------------------------------------------------------------------------------------------------------------------
       485         490   0.5             ud~_epvebb~                  -0.041800105 +-      0.002424018        1.121       0 [    7]      (   0)           1220

==============================================================================================================================================================

       490         495   0.01            NLO.QT.32.CT.QCD              -0.13340205 +-       0.02794604
--------------------------------------------------------------------------------------------------------------------------------------------------------------
       490         495   0.01            ud~_epvebb~                   -0.13340205 +-       0.02794604        8.449       0 [    7]      (   0)           1219

       490         495   0.05            NLO.QT.32.CT.QCD             -0.096526287 +-      0.019915081
--------------------------------------------------------------------------------------------------------------------------------------------------------------
       490         495   0.05            ud~_epvebb~                  -0.096526287 +-      0.019915081        8.284       0 [    7]      (   0)           1219

       490         495   0.1             NLO.QT.32.CT.QCD             -0.082414536 +-      0.016867455
--------------------------------------------------------------------------------------------------------------------------------------------------------------
       490         495   0.1             ud~_epvebb~                  -0.082414536 +-      0.016867455        8.198       0 [    7]      (   0)           1219

       490         495   0.15            NLO.QT.32.CT.QCD             -0.074653646 +-      0.015199439
--------------------------------------------------------------------------------------------------------------------------------------------------------------
       490         495   0.15            ud~_epvebb~                  -0.074653646 +-      0.015199439        8.142       0 [    7]      (   0)           1219

       490         495   0.2             NLO.QT.32.CT.QCD             -0.069368336 +-      0.014067319
--------------------------------------------------------------------------------------------------------------------------------------------------------------
       490         495   0.2             ud~_epvebb~                  -0.069368336 +-      0.014067319        8.100       0 [    7]      (   0)           1219

       490         495   0.25            NLO.QT.32.CT.QCD             -0.065395144 +-      0.013218536
--------------------------------------------------------------------------------------------------------------------------------------------------------------
       490         495   0.25            ud~_epvebb~                  -0.065395144 +-      0.013218536        8.066       0 [    7]      (   0)           1219

       490         495   0.5             NLO.QT.32.CT.QCD             -0.053757741 +-      0.010745552
--------------------------------------------------------------------------------------------------------------------------------------------------------------
       490         495   0.5             ud~_epvebb~                  -0.053757741 +-      0.010745552        7.949       0 [    7]      (   0)           1219

==============================================================================================================================================================

       495         500   0.01            NLO.QT.32.CT.QCD             -0.078515388 +-      0.004496065
--------------------------------------------------------------------------------------------------------------------------------------------------------------
       495         500   0.01            ud~_epvebb~                  -0.078515388 +-      0.004496065       0.7225       0 [    7]      (   0)           1090

       495         500   0.05            NLO.QT.32.CT.QCD             -0.057145720 +-      0.003270300
--------------------------------------------------------------------------------------------------------------------------------------------------------------
       495         500   0.05            ud~_epvebb~                  -0.057145720 +-      0.003270300       0.7551       0 [    7]      (   0)           1090

       495         500   0.1             NLO.QT.32.CT.QCD             -0.048940352 +-      0.002799980
--------------------------------------------------------------------------------------------------------------------------------------------------------------
       495         500   0.1             ud~_epvebb~                  -0.048940352 +-      0.002799980       0.7727       0 [    7]      (   0)           1090

       495         500   0.15            NLO.QT.32.CT.QCD             -0.044419080 +-      0.002540926
--------------------------------------------------------------------------------------------------------------------------------------------------------------
       495         500   0.15            ud~_epvebb~                  -0.044419080 +-      0.002540926       0.7842       0 [    7]      (   0)           1090

       495         500   0.2             NLO.QT.32.CT.QCD             -0.041335891 +-      0.002364314
--------------------------------------------------------------------------------------------------------------------------------------------------------------
       495         500   0.2             ud~_epvebb~                  -0.041335891 +-      0.002364314       0.7931       0 [    7]      (   0)           1090

       495         500   0.25            NLO.QT.32.CT.QCD             -0.039015673 +-      0.002231433
--------------------------------------------------------------------------------------------------------------------------------------------------------------
       495         500   0.25            ud~_epvebb~                  -0.039015673 +-      0.002231433       0.8004       0 [    7]      (   0)           1090

       495         500   0.5             NLO.QT.32.CT.QCD             -0.032205697 +-      0.001841558
--------------------------------------------------------------------------------------------------------------------------------------------------------------
       495         500   0.5             ud~_epvebb~                  -0.032205697 +-      0.001841558       0.8258       0 [    7]      (   0)           1090

==============================================================================================================================================================

