             bin (y_W)   qTcut           contribution/subprocess            dsigma +-            error     chi2_dof   n_run [total]   (removed)   events / bin

        -5        -4.9   0.01            NLO.QT.32.CT.QCD              -1.31792702 +-       0.01744985
--------------------------------------------------------------------------------------------------------------------------------------------------------------
        -5        -4.9   0.01            ud~_epvebb~                   -1.31792702 +-       0.01744985       0.4366       0 [    7]      (   0)          63490

        -5        -4.9   0.05            NLO.QT.32.CT.QCD              -0.85255298 +-       0.01163686
--------------------------------------------------------------------------------------------------------------------------------------------------------------
        -5        -4.9   0.05            ud~_epvebb~                   -0.85255298 +-       0.01163686       0.5006       0 [    7]      (   0)          63490

        -5        -4.9   0.1             NLO.QT.32.CT.QCD              -0.68279720 +-       0.00951644
--------------------------------------------------------------------------------------------------------------------------------------------------------------
        -5        -4.9   0.1             ud~_epvebb~                   -0.68279720 +-       0.00951644       0.5397       0 [    7]      (   0)          63490

        -5        -4.9   0.15            NLO.QT.32.CT.QCD              -0.59205645 +-       0.00838330
--------------------------------------------------------------------------------------------------------------------------------------------------------------
        -5        -4.9   0.15            ud~_epvebb~                   -0.59205645 +-       0.00838330       0.5672       0 [    7]      (   0)          63490

        -5        -4.9   0.2             NLO.QT.32.CT.QCD              -0.53150682 +-       0.00762741
--------------------------------------------------------------------------------------------------------------------------------------------------------------
        -5        -4.9   0.2             ud~_epvebb~                   -0.53150682 +-       0.00762741       0.5893       0 [    7]      (   0)          63490

        -5        -4.9   0.25            NLO.QT.32.CT.QCD              -0.48673142 +-       0.00706863
--------------------------------------------------------------------------------------------------------------------------------------------------------------
        -5        -4.9   0.25            ud~_epvebb~                   -0.48673142 +-       0.00706863       0.6081       0 [    7]      (   0)          63490

        -5        -4.9   0.5             NLO.QT.32.CT.QCD              -0.35985222 +-       0.00548656
--------------------------------------------------------------------------------------------------------------------------------------------------------------
        -5        -4.9   0.5             ud~_epvebb~                   -0.35985222 +-       0.00548656       0.6774       0 [    7]      (   0)          63490

==============================================================================================================================================================

      -4.9        -4.8   0.01            NLO.QT.32.CT.QCD              -3.58374201 +-       0.02931779
--------------------------------------------------------------------------------------------------------------------------------------------------------------
      -4.9        -4.8   0.01            ud~_epvebb~                   -3.58374201 +-       0.02931779       0.1964       0 [    7]      (   0)          94554

      -4.9        -4.8   0.05            NLO.QT.32.CT.QCD              -2.30505368 +-       0.01934194
--------------------------------------------------------------------------------------------------------------------------------------------------------------
      -4.9        -4.8   0.05            ud~_epvebb~                   -2.30505368 +-       0.01934194       0.1627       0 [    7]      (   0)          94554

      -4.9        -4.8   0.1             NLO.QT.32.CT.QCD              -1.83947722 +-       0.01572537
--------------------------------------------------------------------------------------------------------------------------------------------------------------
      -4.9        -4.8   0.1             ud~_epvebb~                   -1.83947722 +-       0.01572537       0.1483       0 [    7]      (   0)          94554

      -4.9        -4.8   0.15            NLO.QT.32.CT.QCD              -1.59089083 +-       0.01380054
--------------------------------------------------------------------------------------------------------------------------------------------------------------
      -4.9        -4.8   0.15            ud~_epvebb~                   -1.59089083 +-       0.01380054       0.1408       0 [    7]      (   0)          94554

      -4.9        -4.8   0.2             NLO.QT.32.CT.QCD              -1.42515163 +-       0.01252053
--------------------------------------------------------------------------------------------------------------------------------------------------------------
      -4.9        -4.8   0.2             ud~_epvebb~                   -1.42515163 +-       0.01252053       0.1364       0 [    7]      (   0)          94554

      -4.9        -4.8   0.25            NLO.QT.32.CT.QCD              -1.30267414 +-       0.01157681
--------------------------------------------------------------------------------------------------------------------------------------------------------------
      -4.9        -4.8   0.25            ud~_epvebb~                   -1.30267414 +-       0.01157681       0.1339       0 [    7]      (   0)          94554

      -4.9        -4.8   0.5             NLO.QT.32.CT.QCD              -0.95610178 +-       0.00892015
--------------------------------------------------------------------------------------------------------------------------------------------------------------
      -4.9        -4.8   0.5             ud~_epvebb~                   -0.95610178 +-       0.00892015       0.1336       0 [    7]      (   0)          94554

==============================================================================================================================================================

      -4.8        -4.7   0.01            NLO.QT.32.CT.QCD              -9.18438359 +-       0.05579832
--------------------------------------------------------------------------------------------------------------------------------------------------------------
      -4.8        -4.7   0.01            ud~_epvebb~                   -9.18438359 +-       0.05579832        1.513       0 [    7]      (   0)         136202

      -4.8        -4.7   0.05            NLO.QT.32.CT.QCD              -5.93748351 +-       0.03688296
--------------------------------------------------------------------------------------------------------------------------------------------------------------
      -4.8        -4.7   0.05            ud~_epvebb~                   -5.93748351 +-       0.03688296        1.459       0 [    7]      (   0)         136202

      -4.8        -4.7   0.1             NLO.QT.32.CT.QCD              -4.75334788 +-       0.03001370
--------------------------------------------------------------------------------------------------------------------------------------------------------------
      -4.8        -4.7   0.1             ud~_epvebb~                   -4.75334788 +-       0.03001370        1.430       0 [    7]      (   0)         136202

      -4.8        -4.7   0.15            NLO.QT.32.CT.QCD              -4.12046428 +-       0.02635352
--------------------------------------------------------------------------------------------------------------------------------------------------------------
      -4.8        -4.7   0.15            ud~_epvebb~                   -4.12046428 +-       0.02635352        1.411       0 [    7]      (   0)         136202

      -4.8        -4.7   0.2             NLO.QT.32.CT.QCD              -3.69819235 +-       0.02391738
--------------------------------------------------------------------------------------------------------------------------------------------------------------
      -4.8        -4.7   0.2             ud~_epvebb~                   -3.69819235 +-       0.02391738        1.397       0 [    7]      (   0)         136202

      -4.8        -4.7   0.25            NLO.QT.32.CT.QCD              -3.38595355 +-       0.02211991
--------------------------------------------------------------------------------------------------------------------------------------------------------------
      -4.8        -4.7   0.25            ud~_epvebb~                   -3.38595355 +-       0.02211991        1.385       0 [    7]      (   0)         136202

      -4.8        -4.7   0.5             NLO.QT.32.CT.QCD              -2.50130907 +-       0.01705181
--------------------------------------------------------------------------------------------------------------------------------------------------------------
      -4.8        -4.7   0.5             ud~_epvebb~                   -2.50130907 +-       0.01705181        1.348       0 [    7]      (   0)         136202

==============================================================================================================================================================

      -4.7        -4.6   0.01            NLO.QT.32.CT.QCD              -20.3252259 +-        0.0868216
--------------------------------------------------------------------------------------------------------------------------------------------------------------
      -4.7        -4.6   0.01            ud~_epvebb~                   -20.3252259 +-        0.0868216        1.026       0 [    7]      (   0)         210152

      -4.7        -4.6   0.05            NLO.QT.32.CT.QCD              -13.2329982 +-        0.0576785
--------------------------------------------------------------------------------------------------------------------------------------------------------------
      -4.7        -4.6   0.05            ud~_epvebb~                   -13.2329982 +-        0.0576785        1.020       0 [    7]      (   0)         210152

      -4.7        -4.6   0.1             NLO.QT.32.CT.QCD              -10.6404701 +-        0.0470573
--------------------------------------------------------------------------------------------------------------------------------------------------------------
      -4.7        -4.6   0.1             ud~_epvebb~                   -10.6404701 +-        0.0470573        1.018       0 [    7]      (   0)         210152

      -4.7        -4.6   0.15            NLO.QT.32.CT.QCD              -9.25286306 +-       0.04138479
--------------------------------------------------------------------------------------------------------------------------------------------------------------
      -4.7        -4.6   0.15            ud~_epvebb~                   -9.25286306 +-       0.04138479        1.017       0 [    7]      (   0)         210152

      -4.7        -4.6   0.2             NLO.QT.32.CT.QCD              -8.32605462 +-       0.03760256
--------------------------------------------------------------------------------------------------------------------------------------------------------------
      -4.7        -4.6   0.2             ud~_epvebb~                   -8.32605462 +-       0.03760256        1.017       0 [    7]      (   0)         210152

      -4.7        -4.6   0.25            NLO.QT.32.CT.QCD              -7.64015838 +-       0.03480770
--------------------------------------------------------------------------------------------------------------------------------------------------------------
      -4.7        -4.6   0.25            ud~_epvebb~                   -7.64015838 +-       0.03480770        1.018       0 [    7]      (   0)         210152

      -4.7        -4.6   0.5             NLO.QT.32.CT.QCD              -5.69340791 +-       0.02690181
--------------------------------------------------------------------------------------------------------------------------------------------------------------
      -4.7        -4.6   0.5             ud~_epvebb~                   -5.69340791 +-       0.02690181        1.022       0 [    7]      (   0)         210152

==============================================================================================================================================================

      -4.6        -4.5   0.01            NLO.QT.32.CT.QCD              -39.7400663 +-        0.1213903
--------------------------------------------------------------------------------------------------------------------------------------------------------------
      -4.6        -4.5   0.01            ud~_epvebb~                   -39.7400663 +-        0.1213903       0.7514       0 [    7]      (   0)         333278

      -4.6        -4.5   0.05            NLO.QT.32.CT.QCD              -26.0104092 +-        0.0808430
--------------------------------------------------------------------------------------------------------------------------------------------------------------
      -4.6        -4.5   0.05            ud~_epvebb~                   -26.0104092 +-        0.0808430       0.7329       0 [    7]      (   0)         333278

      -4.6        -4.5   0.1             NLO.QT.32.CT.QCD              -20.9826425 +-        0.0660337
--------------------------------------------------------------------------------------------------------------------------------------------------------------
      -4.6        -4.5   0.1             ud~_epvebb~                   -20.9826425 +-        0.0660337       0.7240       0 [    7]      (   0)         333278

      -4.6        -4.5   0.15            NLO.QT.32.CT.QCD              -18.2886691 +-        0.0581134
--------------------------------------------------------------------------------------------------------------------------------------------------------------
      -4.6        -4.5   0.15            ud~_epvebb~                   -18.2886691 +-        0.0581134       0.7187       0 [    7]      (   0)         333278

      -4.6        -4.5   0.2             NLO.QT.32.CT.QCD              -16.4878731 +-        0.0528269
--------------------------------------------------------------------------------------------------------------------------------------------------------------
      -4.6        -4.5   0.2             ud~_epvebb~                   -16.4878731 +-        0.0528269       0.7151       0 [    7]      (   0)         333278

      -4.6        -4.5   0.25            NLO.QT.32.CT.QCD              -15.1542962 +-        0.0489170
--------------------------------------------------------------------------------------------------------------------------------------------------------------
      -4.6        -4.5   0.25            ud~_epvebb~                   -15.1542962 +-        0.0489170       0.7125       0 [    7]      (   0)         333278

      -4.6        -4.5   0.5             NLO.QT.32.CT.QCD              -11.3641509 +-        0.0378361
--------------------------------------------------------------------------------------------------------------------------------------------------------------
      -4.6        -4.5   0.5             ud~_epvebb~                   -11.3641509 +-        0.0378361       0.7060       0 [    7]      (   0)         333278

==============================================================================================================================================================

      -4.5        -4.4   0.01            NLO.QT.32.CT.QCD              -69.8754158 +-        0.1597045
--------------------------------------------------------------------------------------------------------------------------------------------------------------
      -4.5        -4.4   0.01            ud~_epvebb~                   -69.8754158 +-        0.1597045       0.3407       0 [    7]      (   0)         518862

      -4.5        -4.4   0.05            NLO.QT.32.CT.QCD              -45.9422925 +-        0.1065920
--------------------------------------------------------------------------------------------------------------------------------------------------------------
      -4.5        -4.4   0.05            ud~_epvebb~                   -45.9422925 +-        0.1065920       0.3442       0 [    7]      (   0)         518862

      -4.5        -4.4   0.1             NLO.QT.32.CT.QCD              -37.1643233 +-        0.0871591
--------------------------------------------------------------------------------------------------------------------------------------------------------------
      -4.5        -4.4   0.1             ud~_epvebb~                   -37.1643233 +-        0.0871591       0.3484       0 [    7]      (   0)         518862

      -4.5        -4.4   0.15            NLO.QT.32.CT.QCD              -32.4564170 +-        0.0767541
--------------------------------------------------------------------------------------------------------------------------------------------------------------
      -4.5        -4.4   0.15            ud~_epvebb~                   -32.4564170 +-        0.0767541       0.3522       0 [    7]      (   0)         518862

      -4.5        -4.4   0.2             NLO.QT.32.CT.QCD              -29.3071999 +-        0.0698032
--------------------------------------------------------------------------------------------------------------------------------------------------------------
      -4.5        -4.4   0.2             ud~_epvebb~                   -29.3071999 +-        0.0698032       0.3558       0 [    7]      (   0)         518862

      -4.5        -4.4   0.25            NLO.QT.32.CT.QCD              -26.9737168 +-        0.0646586
--------------------------------------------------------------------------------------------------------------------------------------------------------------
      -4.5        -4.4   0.25            ud~_epvebb~                   -26.9737168 +-        0.0646586       0.3591       0 [    7]      (   0)         518862

      -4.5        -4.4   0.5             NLO.QT.32.CT.QCD              -20.3339577 +-        0.0500565
--------------------------------------------------------------------------------------------------------------------------------------------------------------
      -4.5        -4.4   0.5             ud~_epvebb~                   -20.3339577 +-        0.0500565       0.3744       0 [    7]      (   0)         518862

==============================================================================================================================================================

      -4.4        -4.3   0.01            NLO.QT.32.CT.QCD              -113.703047 +-         0.203528
--------------------------------------------------------------------------------------------------------------------------------------------------------------
      -4.4        -4.3   0.01            ud~_epvebb~                   -113.703047 +-         0.203528       0.4159       0 [    7]      (   0)         772756

      -4.4        -4.3   0.05            NLO.QT.32.CT.QCD              -75.1078903 +-        0.1362377
--------------------------------------------------------------------------------------------------------------------------------------------------------------
      -4.4        -4.3   0.05            ud~_epvebb~                   -75.1078903 +-        0.1362377       0.3901       0 [    7]      (   0)         772756

      -4.4        -4.3   0.1             NLO.QT.32.CT.QCD              -60.9290579 +-        0.1115682
--------------------------------------------------------------------------------------------------------------------------------------------------------------
      -4.4        -4.3   0.1             ud~_epvebb~                   -60.9290579 +-        0.1115682       0.3746       0 [    7]      (   0)         772756

      -4.4        -4.3   0.15            NLO.QT.32.CT.QCD              -53.3168734 +-        0.0983426
--------------------------------------------------------------------------------------------------------------------------------------------------------------
      -4.4        -4.3   0.15            ud~_epvebb~                   -53.3168734 +-        0.0983426       0.3637       0 [    7]      (   0)         772756

      -4.4        -4.3   0.2             NLO.QT.32.CT.QCD              -48.2212025 +-        0.0894990
--------------------------------------------------------------------------------------------------------------------------------------------------------------
      -4.4        -4.3   0.2             ud~_epvebb~                   -48.2212025 +-        0.0894990       0.3550       0 [    7]      (   0)         772756

      -4.4        -4.3   0.25            NLO.QT.32.CT.QCD              -44.4431944 +-        0.0829483
--------------------------------------------------------------------------------------------------------------------------------------------------------------
      -4.4        -4.3   0.25            ud~_epvebb~                   -44.4431944 +-        0.0829483       0.3476       0 [    7]      (   0)         772756

      -4.4        -4.3   0.5             NLO.QT.32.CT.QCD              -33.6799853 +-        0.0643240
--------------------------------------------------------------------------------------------------------------------------------------------------------------
      -4.4        -4.3   0.5             ud~_epvebb~                   -33.6799853 +-        0.0643240       0.3202       0 [    7]      (   0)         772756

==============================================================================================================================================================

      -4.3        -4.2   0.01            NLO.QT.32.CT.QCD              -171.258676 +-         0.249904
--------------------------------------------------------------------------------------------------------------------------------------------------------------
      -4.3        -4.2   0.01            ud~_epvebb~                   -171.258676 +-         0.249904       0.7722       0 [    7]      (   0)        1095497

      -4.3        -4.2   0.05            NLO.QT.32.CT.QCD              -113.590297 +-         0.167772
--------------------------------------------------------------------------------------------------------------------------------------------------------------
      -4.3        -4.2   0.05            ud~_epvebb~                   -113.590297 +-         0.167772       0.7774       0 [    7]      (   0)        1095497

      -4.3        -4.2   0.1             NLO.QT.32.CT.QCD              -92.3733500 +-        0.1376084
--------------------------------------------------------------------------------------------------------------------------------------------------------------
      -4.3        -4.2   0.1             ud~_epvebb~                   -92.3733500 +-        0.1376084       0.7789       0 [    7]      (   0)        1095497

      -4.3        -4.2   0.15            NLO.QT.32.CT.QCD              -80.9724334 +-        0.1214197
--------------------------------------------------------------------------------------------------------------------------------------------------------------
      -4.3        -4.2   0.15            ud~_epvebb~                   -80.9724334 +-        0.1214197       0.7792       0 [    7]      (   0)        1095497

      -4.3        -4.2   0.2             NLO.QT.32.CT.QCD              -73.3355820 +-        0.1105859
--------------------------------------------------------------------------------------------------------------------------------------------------------------
      -4.3        -4.2   0.2             ud~_epvebb~                   -73.3355820 +-        0.1105859       0.7791       0 [    7]      (   0)        1095497

      -4.3        -4.2   0.25            NLO.QT.32.CT.QCD              -67.6704951 +-        0.1025556
--------------------------------------------------------------------------------------------------------------------------------------------------------------
      -4.3        -4.2   0.25            ud~_epvebb~                   -67.6704951 +-        0.1025556       0.7788       0 [    7]      (   0)        1095497

      -4.3        -4.2   0.5             NLO.QT.32.CT.QCD              -51.5136306 +-        0.0796918
--------------------------------------------------------------------------------------------------------------------------------------------------------------
      -4.3        -4.2   0.5             ud~_epvebb~                   -51.5136306 +-        0.0796918       0.7753       0 [    7]      (   0)        1095497

==============================================================================================================================================================

      -4.2        -4.1   0.01            NLO.QT.32.CT.QCD              -243.382046 +-         0.298473
--------------------------------------------------------------------------------------------------------------------------------------------------------------
      -4.2        -4.1   0.01            ud~_epvebb~                   -243.382046 +-         0.298473       0.6179       0 [    7]      (   0)        1479130

      -4.2        -4.1   0.05            NLO.QT.32.CT.QCD              -162.055846 +-         0.200974
--------------------------------------------------------------------------------------------------------------------------------------------------------------
      -4.2        -4.1   0.05            ud~_epvebb~                   -162.055846 +-         0.200974       0.6322       0 [    7]      (   0)        1479130

      -4.2        -4.1   0.1             NLO.QT.32.CT.QCD              -132.092330 +-         0.165106
--------------------------------------------------------------------------------------------------------------------------------------------------------------
      -4.2        -4.1   0.1             ud~_epvebb~                   -132.092330 +-         0.165106       0.6418       0 [    7]      (   0)        1479130

      -4.2        -4.1   0.15            NLO.QT.32.CT.QCD              -115.977547 +-         0.145835
--------------------------------------------------------------------------------------------------------------------------------------------------------------
      -4.2        -4.1   0.15            ud~_epvebb~                   -115.977547 +-         0.145835       0.6490       0 [    7]      (   0)        1479130

      -4.2        -4.1   0.2             NLO.QT.32.CT.QCD              -105.176360 +-         0.132928
--------------------------------------------------------------------------------------------------------------------------------------------------------------
      -4.2        -4.1   0.2             ud~_epvebb~                   -105.176360 +-         0.132928       0.6550       0 [    7]      (   0)        1479130

      -4.2        -4.1   0.25            NLO.QT.32.CT.QCD              -97.1598390 +-        0.1233541
--------------------------------------------------------------------------------------------------------------------------------------------------------------
      -4.2        -4.1   0.25            ud~_epvebb~                   -97.1598390 +-        0.1233541       0.6602       0 [    7]      (   0)        1479130

      -4.2        -4.1   0.5             NLO.QT.32.CT.QCD              -74.2727769 +-        0.0960584
--------------------------------------------------------------------------------------------------------------------------------------------------------------
      -4.2        -4.1   0.5             ud~_epvebb~                   -74.2727769 +-        0.0960584       0.6809       0 [    7]      (   0)        1479130

==============================================================================================================================================================

      -4.1          -4   0.01            NLO.QT.32.CT.QCD              -326.366567 +-         0.346414
--------------------------------------------------------------------------------------------------------------------------------------------------------------
      -4.1          -4   0.01            ud~_epvebb~                   -326.366567 +-         0.346414       0.8400       0 [    7]      (   0)        1906709

      -4.1          -4   0.05            NLO.QT.32.CT.QCD              -218.092217 +-         0.233900
--------------------------------------------------------------------------------------------------------------------------------------------------------------
      -4.1          -4   0.05            ud~_epvebb~                   -218.092217 +-         0.233900       0.8322       0 [    7]      (   0)        1906709

      -4.1          -4   0.1             NLO.QT.32.CT.QCD              -178.146731 +-         0.192445
--------------------------------------------------------------------------------------------------------------------------------------------------------------
      -4.1          -4   0.1             ud~_epvebb~                   -178.146731 +-         0.192445       0.8269       0 [    7]      (   0)        1906709

      -4.1          -4   0.15            NLO.QT.32.CT.QCD              -156.646123 +-         0.170150
--------------------------------------------------------------------------------------------------------------------------------------------------------------
      -4.1          -4   0.15            ud~_epvebb~                   -156.646123 +-         0.170150       0.8229       0 [    7]      (   0)        1906709

      -4.1          -4   0.2             NLO.QT.32.CT.QCD              -142.226537 +-         0.155207
--------------------------------------------------------------------------------------------------------------------------------------------------------------
      -4.1          -4   0.2             ud~_epvebb~                   -142.226537 +-         0.155207       0.8196       0 [    7]      (   0)        1906709

      -4.1          -4   0.25            NLO.QT.32.CT.QCD              -131.519358 +-         0.144117
--------------------------------------------------------------------------------------------------------------------------------------------------------------
      -4.1          -4   0.25            ud~_epvebb~                   -131.519358 +-         0.144117       0.8167       0 [    7]      (   0)        1906709

      -4.1          -4   0.5             NLO.QT.32.CT.QCD              -100.920680 +-         0.112459
--------------------------------------------------------------------------------------------------------------------------------------------------------------
      -4.1          -4   0.5             ud~_epvebb~                   -100.920680 +-         0.112459       0.8051       0 [    7]      (   0)        1906709

==============================================================================================================================================================

        -4        -3.9   0.01            NLO.QT.32.CT.QCD              -421.097972 +-         0.394909
--------------------------------------------------------------------------------------------------------------------------------------------------------------
        -4        -3.9   0.01            ud~_epvebb~                   -421.097972 +-         0.394909       0.9563       0 [    7]      (   0)        2378640

        -4        -3.9   0.05            NLO.QT.32.CT.QCD              -282.319392 +-         0.267397
--------------------------------------------------------------------------------------------------------------------------------------------------------------
        -4        -3.9   0.05            ud~_epvebb~                   -282.319392 +-         0.267397       0.9275       0 [    7]      (   0)        2378640

        -4        -3.9   0.1             NLO.QT.32.CT.QCD              -231.056562 +-         0.220347
--------------------------------------------------------------------------------------------------------------------------------------------------------------
        -4        -3.9   0.1             ud~_epvebb~                   -231.056562 +-         0.220347       0.9104       0 [    7]      (   0)        2378640

        -4        -3.9   0.15            NLO.QT.32.CT.QCD              -203.443731 +-         0.195020
--------------------------------------------------------------------------------------------------------------------------------------------------------------
        -4        -3.9   0.15            ud~_epvebb~                   -203.443731 +-         0.195020       0.8985       0 [    7]      (   0)        2378640

        -4        -3.9   0.2             NLO.QT.32.CT.QCD              -184.914865 +-         0.178033
--------------------------------------------------------------------------------------------------------------------------------------------------------------
        -4        -3.9   0.2             ud~_epvebb~                   -184.914865 +-         0.178033       0.8889       0 [    7]      (   0)        2378640

        -4        -3.9   0.25            NLO.QT.32.CT.QCD              -171.150281 +-         0.165420
--------------------------------------------------------------------------------------------------------------------------------------------------------------
        -4        -3.9   0.25            ud~_epvebb~                   -171.150281 +-         0.165420       0.8809       0 [    7]      (   0)        2378640

        -4        -3.9   0.5             NLO.QT.32.CT.QCD              -131.778837 +-         0.129371
--------------------------------------------------------------------------------------------------------------------------------------------------------------
        -4        -3.9   0.5             ud~_epvebb~                   -131.778837 +-         0.129371       0.8510       0 [    7]      (   0)        2378640

==============================================================================================================================================================

      -3.9        -3.8   0.01            NLO.QT.32.CT.QCD              -520.511809 +-         0.439551
--------------------------------------------------------------------------------------------------------------------------------------------------------------
      -3.9        -3.8   0.01            ud~_epvebb~                   -520.511809 +-         0.439551        1.001       0 [    7]      (   0)        2868852

      -3.9        -3.8   0.05            NLO.QT.32.CT.QCD              -349.988661 +-         0.298344
--------------------------------------------------------------------------------------------------------------------------------------------------------------
      -3.9        -3.8   0.05            ud~_epvebb~                   -349.988661 +-         0.298344        1.028       0 [    7]      (   0)        2868852

      -3.9        -3.8   0.1             NLO.QT.32.CT.QCD              -286.929376 +-         0.246174
--------------------------------------------------------------------------------------------------------------------------------------------------------------
      -3.9        -3.8   0.1             ud~_epvebb~                   -286.929376 +-         0.246174        1.044       0 [    7]      (   0)        2868852

      -3.9        -3.8   0.15            NLO.QT.32.CT.QCD              -252.939430 +-         0.218069
--------------------------------------------------------------------------------------------------------------------------------------------------------------
      -3.9        -3.8   0.15            ud~_epvebb~                   -252.939430 +-         0.218069        1.055       0 [    7]      (   0)        2868852

      -3.9        -3.8   0.2             NLO.QT.32.CT.QCD              -230.120223 +-         0.199208
--------------------------------------------------------------------------------------------------------------------------------------------------------------
      -3.9        -3.8   0.2             ud~_epvebb~                   -230.120223 +-         0.199208        1.064       0 [    7]      (   0)        2868852

      -3.9        -3.8   0.25            NLO.QT.32.CT.QCD              -213.161726 +-         0.185197
--------------------------------------------------------------------------------------------------------------------------------------------------------------
      -3.9        -3.8   0.25            ud~_epvebb~                   -213.161726 +-         0.185197        1.072       0 [    7]      (   0)        2868852

      -3.9        -3.8   0.5             NLO.QT.32.CT.QCD              -164.615404 +-         0.145113
--------------------------------------------------------------------------------------------------------------------------------------------------------------
      -3.9        -3.8   0.5             ud~_epvebb~                   -164.615404 +-         0.145113        1.099       0 [    7]      (   0)        2868852

==============================================================================================================================================================

      -3.8        -3.7   0.01            NLO.QT.32.CT.QCD              -623.782309 +-         0.481220
--------------------------------------------------------------------------------------------------------------------------------------------------------------
      -3.8        -3.7   0.01            ud~_epvebb~                   -623.782309 +-         0.481220       0.5602       0 [    7]      (   0)        3375546

      -3.8        -3.7   0.05            NLO.QT.32.CT.QCD              -420.533819 +-         0.327359
--------------------------------------------------------------------------------------------------------------------------------------------------------------
      -3.8        -3.7   0.05            ud~_epvebb~                   -420.533819 +-         0.327359       0.5771       0 [    7]      (   0)        3375546

      -3.8        -3.7   0.1             NLO.QT.32.CT.QCD              -345.295717 +-         0.270447
--------------------------------------------------------------------------------------------------------------------------------------------------------------
      -3.8        -3.7   0.1             ud~_epvebb~                   -345.295717 +-         0.270447       0.5866       0 [    7]      (   0)        3375546

      -3.8        -3.7   0.15            NLO.QT.32.CT.QCD              -304.716164 +-         0.239766
--------------------------------------------------------------------------------------------------------------------------------------------------------------
      -3.8        -3.7   0.15            ud~_epvebb~                   -304.716164 +-         0.239766       0.5930       0 [    7]      (   0)        3375546

      -3.8        -3.7   0.2             NLO.QT.32.CT.QCD              -277.460851 +-         0.219165
--------------------------------------------------------------------------------------------------------------------------------------------------------------
      -3.8        -3.7   0.2             ud~_epvebb~                   -277.460851 +-         0.219165       0.5979       0 [    7]      (   0)        3375546

      -3.8        -3.7   0.25            NLO.QT.32.CT.QCD              -257.198237 +-         0.203854
--------------------------------------------------------------------------------------------------------------------------------------------------------------
      -3.8        -3.7   0.25            ud~_epvebb~                   -257.198237 +-         0.203854       0.6021       0 [    7]      (   0)        3375546

      -3.8        -3.7   0.5             NLO.QT.32.CT.QCD              -199.150653 +-         0.160014
--------------------------------------------------------------------------------------------------------------------------------------------------------------
      -3.8        -3.7   0.5             ud~_epvebb~                   -199.150653 +-         0.160014       0.6166       0 [    7]      (   0)        3375546

==============================================================================================================================================================

      -3.7        -3.6   0.01            NLO.QT.32.CT.QCD              -728.168300 +-         0.519523
--------------------------------------------------------------------------------------------------------------------------------------------------------------
      -3.7        -3.6   0.01            ud~_epvebb~                   -728.168300 +-         0.519523       0.4510       0 [    7]      (   0)        3883236

      -3.7        -3.6   0.05            NLO.QT.32.CT.QCD              -492.058991 +-         0.354116
--------------------------------------------------------------------------------------------------------------------------------------------------------------
      -3.7        -3.6   0.05            ud~_epvebb~                   -492.058991 +-         0.354116       0.4497       0 [    7]      (   0)        3883236

      -3.7        -3.6   0.1             NLO.QT.32.CT.QCD              -404.575970 +-         0.292870
--------------------------------------------------------------------------------------------------------------------------------------------------------------
      -3.7        -3.6   0.1             ud~_epvebb~                   -404.575970 +-         0.292870       0.4497       0 [    7]      (   0)        3883236

      -3.7        -3.6   0.15            NLO.QT.32.CT.QCD              -357.365977 +-         0.259831
--------------------------------------------------------------------------------------------------------------------------------------------------------------
      -3.7        -3.6   0.15            ud~_epvebb~                   -357.365977 +-         0.259831       0.4500       0 [    7]      (   0)        3883236

      -3.7        -3.6   0.2             NLO.QT.32.CT.QCD              -325.644620 +-         0.237638
--------------------------------------------------------------------------------------------------------------------------------------------------------------
      -3.7        -3.6   0.2             ud~_epvebb~                   -325.644620 +-         0.237638       0.4503       0 [    7]      (   0)        3883236

      -3.7        -3.6   0.25            NLO.QT.32.CT.QCD              -302.054112 +-         0.221137
--------------------------------------------------------------------------------------------------------------------------------------------------------------
      -3.7        -3.6   0.25            ud~_epvebb~                   -302.054112 +-         0.221137       0.4508       0 [    7]      (   0)        3883236

      -3.7        -3.6   0.5             NLO.QT.32.CT.QCD              -234.428325 +-         0.173852
--------------------------------------------------------------------------------------------------------------------------------------------------------------
      -3.7        -3.6   0.5             ud~_epvebb~                   -234.428325 +-         0.173852       0.4532       0 [    7]      (   0)        3883236

==============================================================================================================================================================

      -3.6        -3.5   0.01            NLO.QT.32.CT.QCD              -833.739224 +-         0.556001
--------------------------------------------------------------------------------------------------------------------------------------------------------------
      -3.6        -3.5   0.01            ud~_epvebb~                   -833.739224 +-         0.556001        1.283       0 [    7]      (   0)        4384280

      -3.6        -3.5   0.05            NLO.QT.32.CT.QCD              -564.643448 +-         0.379690
--------------------------------------------------------------------------------------------------------------------------------------------------------------
      -3.6        -3.5   0.05            ud~_epvebb~                   -564.643448 +-         0.379690        1.236       0 [    7]      (   0)        4384280

      -3.6        -3.5   0.1             NLO.QT.32.CT.QCD              -464.850773 +-         0.314344
--------------------------------------------------------------------------------------------------------------------------------------------------------------
      -3.6        -3.5   0.1             ud~_epvebb~                   -464.850773 +-         0.314344        1.208       0 [    7]      (   0)        4384280

      -3.6        -3.5   0.15            NLO.QT.32.CT.QCD              -410.969509 +-         0.279073
--------------------------------------------------------------------------------------------------------------------------------------------------------------
      -3.6        -3.5   0.15            ud~_epvebb~                   -410.969509 +-         0.279073        1.188       0 [    7]      (   0)        4384280

      -3.6        -3.5   0.2             NLO.QT.32.CT.QCD              -374.751810 +-         0.255370
--------------------------------------------------------------------------------------------------------------------------------------------------------------
      -3.6        -3.5   0.2             ud~_epvebb~                   -374.751810 +-         0.255370        1.172       0 [    7]      (   0)        4384280

      -3.6        -3.5   0.25            NLO.QT.32.CT.QCD              -347.809151 +-         0.237740
--------------------------------------------------------------------------------------------------------------------------------------------------------------
      -3.6        -3.5   0.25            ud~_epvebb~                   -347.809151 +-         0.237740        1.159       0 [    7]      (   0)        4384280

      -3.6        -3.5   0.5             NLO.QT.32.CT.QCD              -270.525584 +-         0.187185
--------------------------------------------------------------------------------------------------------------------------------------------------------------
      -3.6        -3.5   0.5             ud~_epvebb~                   -270.525584 +-         0.187185        1.109       0 [    7]      (   0)        4384280

==============================================================================================================================================================

      -3.5        -3.4   0.01            NLO.QT.32.CT.QCD              -933.971892 +-         0.588184
--------------------------------------------------------------------------------------------------------------------------------------------------------------
      -3.5        -3.4   0.01            ud~_epvebb~                   -933.971892 +-         0.588184        1.305       0 [    7]      (   0)        4860789

      -3.5        -3.4   0.05            NLO.QT.32.CT.QCD              -633.708801 +-         0.402306
--------------------------------------------------------------------------------------------------------------------------------------------------------------
      -3.5        -3.4   0.05            ud~_epvebb~                   -633.708801 +-         0.402306        1.312       0 [    7]      (   0)        4860789

      -3.5        -3.4   0.1             NLO.QT.32.CT.QCD              -522.274300 +-         0.333357
--------------------------------------------------------------------------------------------------------------------------------------------------------------
      -3.5        -3.4   0.1             ud~_epvebb~                   -522.274300 +-         0.333357        1.316       0 [    7]      (   0)        4860789

      -3.5        -3.4   0.15            NLO.QT.32.CT.QCD              -462.080145 +-         0.296122
--------------------------------------------------------------------------------------------------------------------------------------------------------------
      -3.5        -3.4   0.15            ud~_epvebb~                   -462.080145 +-         0.296122        1.319       0 [    7]      (   0)        4860789

      -3.5        -3.4   0.2             NLO.QT.32.CT.QCD              -421.605930 +-         0.271090
--------------------------------------------------------------------------------------------------------------------------------------------------------------
      -3.5        -3.4   0.2             ud~_epvebb~                   -421.605930 +-         0.271090        1.321       0 [    7]      (   0)        4860789

      -3.5        -3.4   0.25            NLO.QT.32.CT.QCD              -391.488883 +-         0.252466
--------------------------------------------------------------------------------------------------------------------------------------------------------------
      -3.5        -3.4   0.25            ud~_epvebb~                   -391.488883 +-         0.252466        1.324       0 [    7]      (   0)        4860789

      -3.5        -3.4   0.5             NLO.QT.32.CT.QCD              -305.053701 +-         0.199028
--------------------------------------------------------------------------------------------------------------------------------------------------------------
      -3.5        -3.4   0.5             ud~_epvebb~                   -305.053701 +-         0.199028        1.332       0 [    7]      (   0)        4860789

==============================================================================================================================================================

      -3.4        -3.3   0.01            NLO.QT.32.CT.QCD              -1028.71151 +-          0.61672
--------------------------------------------------------------------------------------------------------------------------------------------------------------
      -3.4        -3.3   0.01            ud~_epvebb~                   -1028.71151 +-          0.61672       0.5537       0 [    7]      (   0)        5310647

      -3.4        -3.3   0.05            NLO.QT.32.CT.QCD              -699.184053 +-         0.422430
--------------------------------------------------------------------------------------------------------------------------------------------------------------
      -3.4        -3.3   0.05            ud~_epvebb~                   -699.184053 +-         0.422430       0.5993       0 [    7]      (   0)        5310647

      -3.4        -3.3   0.1             NLO.QT.32.CT.QCD              -576.804238 +-         0.350308
--------------------------------------------------------------------------------------------------------------------------------------------------------------
      -3.4        -3.3   0.1             ud~_epvebb~                   -576.804238 +-         0.350308       0.6263       0 [    7]      (   0)        5310647

      -3.4        -3.3   0.15            NLO.QT.32.CT.QCD              -510.670284 +-         0.311342
--------------------------------------------------------------------------------------------------------------------------------------------------------------
      -3.4        -3.3   0.15            ud~_epvebb~                   -510.670284 +-         0.311342       0.6451       0 [    7]      (   0)        5310647

      -3.4        -3.3   0.2             NLO.QT.32.CT.QCD              -466.188893 +-         0.285138
--------------------------------------------------------------------------------------------------------------------------------------------------------------
      -3.4        -3.3   0.2             ud~_epvebb~                   -466.188893 +-         0.285138       0.6600       0 [    7]      (   0)        5310647

      -3.4        -3.3   0.25            NLO.QT.32.CT.QCD              -433.082075 +-         0.265637
--------------------------------------------------------------------------------------------------------------------------------------------------------------
      -3.4        -3.3   0.25            ud~_epvebb~                   -433.082075 +-         0.265637       0.6727       0 [    7]      (   0)        5310647

      -3.4        -3.3   0.5             NLO.QT.32.CT.QCD              -338.019777 +-         0.209651
--------------------------------------------------------------------------------------------------------------------------------------------------------------
      -3.4        -3.3   0.5             ud~_epvebb~                   -338.019777 +-         0.209651       0.7192       0 [    7]      (   0)        5310647

==============================================================================================================================================================

      -3.3        -3.2   0.01            NLO.QT.32.CT.QCD              -1118.16594 +-          0.64293
--------------------------------------------------------------------------------------------------------------------------------------------------------------
      -3.3        -3.2   0.01            ud~_epvebb~                   -1118.16594 +-          0.64293       0.7062       0 [    7]      (   0)        5731172

      -3.3        -3.2   0.05            NLO.QT.32.CT.QCD              -761.203465 +-         0.441005
--------------------------------------------------------------------------------------------------------------------------------------------------------------
      -3.3        -3.2   0.05            ud~_epvebb~                   -761.203465 +-         0.441005       0.7536       0 [    7]      (   0)        5731172

      -3.3        -3.2   0.1             NLO.QT.32.CT.QCD              -628.548019 +-         0.365995
--------------------------------------------------------------------------------------------------------------------------------------------------------------
      -3.3        -3.2   0.1             ud~_epvebb~                   -628.548019 +-         0.365995       0.7808       0 [    7]      (   0)        5731172

      -3.3        -3.2   0.15            NLO.QT.32.CT.QCD              -556.833022 +-         0.325451
--------------------------------------------------------------------------------------------------------------------------------------------------------------
      -3.3        -3.2   0.15            ud~_epvebb~                   -556.833022 +-         0.325451       0.7993       0 [    7]      (   0)        5731172

      -3.3        -3.2   0.2             NLO.QT.32.CT.QCD              -508.584231 +-         0.298177
--------------------------------------------------------------------------------------------------------------------------------------------------------------
      -3.3        -3.2   0.2             ud~_epvebb~                   -508.584231 +-         0.298177       0.8139       0 [    7]      (   0)        5731172

      -3.3        -3.2   0.25            NLO.QT.32.CT.QCD              -472.665185 +-         0.277874
--------------------------------------------------------------------------------------------------------------------------------------------------------------
      -3.3        -3.2   0.25            ud~_epvebb~                   -472.665185 +-         0.277874       0.8261       0 [    7]      (   0)        5731172

      -3.3        -3.2   0.5             NLO.QT.32.CT.QCD              -369.480239 +-         0.219556
--------------------------------------------------------------------------------------------------------------------------------------------------------------
      -3.3        -3.2   0.5             ud~_epvebb~                   -369.480239 +-         0.219556       0.8699       0 [    7]      (   0)        5731172

==============================================================================================================================================================

      -3.2        -3.1   0.01            NLO.QT.32.CT.QCD              -1201.70535 +-          0.66593
--------------------------------------------------------------------------------------------------------------------------------------------------------------
      -3.2        -3.1   0.01            ud~_epvebb~                   -1201.70535 +-          0.66593        1.791       0 [    7]      (   0)        6121578

      -3.2        -3.1   0.05            NLO.QT.32.CT.QCD              -819.230314 +-         0.457328
--------------------------------------------------------------------------------------------------------------------------------------------------------------
      -3.2        -3.1   0.05            ud~_epvebb~                   -819.230314 +-         0.457328        1.832       0 [    7]      (   0)        6121578

      -3.2        -3.1   0.1             NLO.QT.32.CT.QCD              -677.011224 +-         0.379788
--------------------------------------------------------------------------------------------------------------------------------------------------------------
      -3.2        -3.1   0.1             ud~_epvebb~                   -677.011224 +-         0.379788        1.854       0 [    7]      (   0)        6121578

      -3.2        -3.1   0.15            NLO.QT.32.CT.QCD              -600.099303 +-         0.337861
--------------------------------------------------------------------------------------------------------------------------------------------------------------
      -3.2        -3.1   0.15            ud~_epvebb~                   -600.099303 +-         0.337861        1.867       0 [    7]      (   0)        6121578

      -3.2        -3.1   0.2             NLO.QT.32.CT.QCD              -548.341160 +-         0.309649
--------------------------------------------------------------------------------------------------------------------------------------------------------------
      -3.2        -3.1   0.2             ud~_epvebb~                   -548.341160 +-         0.309649        1.878       0 [    7]      (   0)        6121578

      -3.2        -3.1   0.25            NLO.QT.32.CT.QCD              -509.801760 +-         0.288643
--------------------------------------------------------------------------------------------------------------------------------------------------------------
      -3.2        -3.1   0.25            ud~_epvebb~                   -509.801760 +-         0.288643        1.886       0 [    7]      (   0)        6121578

      -3.2        -3.1   0.5             NLO.QT.32.CT.QCD              -399.044029 +-         0.228279
--------------------------------------------------------------------------------------------------------------------------------------------------------------
      -3.2        -3.1   0.5             ud~_epvebb~                   -399.044029 +-         0.228279        1.913       0 [    7]      (   0)        6121578

==============================================================================================================================================================

      -3.1          -3   0.01            NLO.QT.32.CT.QCD              -1278.44808 +-          0.68644
--------------------------------------------------------------------------------------------------------------------------------------------------------------
      -3.1          -3   0.01            ud~_epvebb~                   -1278.44808 +-          0.68644       0.3113       0 [    7]      (   0)        6483000

      -3.1          -3   0.05            NLO.QT.32.CT.QCD              -872.637090 +-         0.471910
--------------------------------------------------------------------------------------------------------------------------------------------------------------
      -3.1          -3   0.05            ud~_epvebb~                   -872.637090 +-         0.471910       0.2970       0 [    7]      (   0)        6483000

      -3.1          -3   0.1             NLO.QT.32.CT.QCD              -721.662746 +-         0.392122
--------------------------------------------------------------------------------------------------------------------------------------------------------------
      -3.1          -3   0.1             ud~_epvebb~                   -721.662746 +-         0.392122       0.2900       0 [    7]      (   0)        6483000

      -3.1          -3   0.15            NLO.QT.32.CT.QCD              -639.990767 +-         0.348965
--------------------------------------------------------------------------------------------------------------------------------------------------------------
      -3.1          -3   0.15            ud~_epvebb~                   -639.990767 +-         0.348965       0.2857       0 [    7]      (   0)        6483000

      -3.1          -3   0.2             NLO.QT.32.CT.QCD              -585.017112 +-         0.319918
--------------------------------------------------------------------------------------------------------------------------------------------------------------
      -3.1          -3   0.2             ud~_epvebb~                   -585.017112 +-         0.319918       0.2826       0 [    7]      (   0)        6483000

      -3.1          -3   0.25            NLO.QT.32.CT.QCD              -544.076063 +-         0.298287
--------------------------------------------------------------------------------------------------------------------------------------------------------------
      -3.1          -3   0.25            ud~_epvebb~                   -544.076063 +-         0.298287       0.2802       0 [    7]      (   0)        6483000

      -3.1          -3   0.5             NLO.QT.32.CT.QCD              -426.373555 +-         0.236100
--------------------------------------------------------------------------------------------------------------------------------------------------------------
      -3.1          -3   0.5             ud~_epvebb~                   -426.373555 +-         0.236100       0.2729       0 [    7]      (   0)        6483000

==============================================================================================================================================================

        -3        -2.9   0.01            NLO.QT.32.CT.QCD              -1345.65950 +-          0.70401
--------------------------------------------------------------------------------------------------------------------------------------------------------------
        -3        -2.9   0.01            ud~_epvebb~                   -1345.65950 +-          0.70401        1.215       0 [    7]      (   0)        6796883

        -3        -2.9   0.05            NLO.QT.32.CT.QCD              -919.652144 +-         0.484510
--------------------------------------------------------------------------------------------------------------------------------------------------------------
        -3        -2.9   0.05            ud~_epvebb~                   -919.652144 +-         0.484510        1.214       0 [    7]      (   0)        6796883

        -3        -2.9   0.1             NLO.QT.32.CT.QCD              -761.082375 +-         0.402830
--------------------------------------------------------------------------------------------------------------------------------------------------------------
        -3        -2.9   0.1             ud~_epvebb~                   -761.082375 +-         0.402830        1.214       0 [    7]      (   0)        6796883

        -3        -2.9   0.15            NLO.QT.32.CT.QCD              -675.275118 +-         0.358635
--------------------------------------------------------------------------------------------------------------------------------------------------------------
        -3        -2.9   0.15            ud~_epvebb~                   -675.275118 +-         0.358635        1.213       0 [    7]      (   0)        6796883

        -3        -2.9   0.2             NLO.QT.32.CT.QCD              -617.505211 +-         0.328882
--------------------------------------------------------------------------------------------------------------------------------------------------------------
        -3        -2.9   0.2             ud~_epvebb~                   -617.505211 +-         0.328882        1.212       0 [    7]      (   0)        6796883

        -3        -2.9   0.25            NLO.QT.32.CT.QCD              -574.473980 +-         0.306720
--------------------------------------------------------------------------------------------------------------------------------------------------------------
        -3        -2.9   0.25            ud~_epvebb~                   -574.473980 +-         0.306720        1.212       0 [    7]      (   0)        6796883

        -3        -2.9   0.5             NLO.QT.32.CT.QCD              -450.717659 +-         0.242984
--------------------------------------------------------------------------------------------------------------------------------------------------------------
        -3        -2.9   0.5             ud~_epvebb~                   -450.717659 +-         0.242984        1.209       0 [    7]      (   0)        6796883

==============================================================================================================================================================

      -2.9        -2.8   0.01            NLO.QT.32.CT.QCD              -1405.54175 +-          0.71912
--------------------------------------------------------------------------------------------------------------------------------------------------------------
      -2.9        -2.8   0.01            ud~_epvebb~                   -1405.54175 +-          0.71912        2.033       0 [    7]      (   0)        7079739

      -2.9        -2.8   0.05            NLO.QT.32.CT.QCD              -961.659794 +-         0.495394
--------------------------------------------------------------------------------------------------------------------------------------------------------------
      -2.9        -2.8   0.05            ud~_epvebb~                   -961.659794 +-         0.495394        2.086       0 [    7]      (   0)        7079739

      -2.9        -2.8   0.1             NLO.QT.32.CT.QCD              -796.358707 +-         0.412098
--------------------------------------------------------------------------------------------------------------------------------------------------------------
      -2.9        -2.8   0.1             ud~_epvebb~                   -796.358707 +-         0.412098        2.115       0 [    7]      (   0)        7079739

      -2.9        -2.8   0.15            NLO.QT.32.CT.QCD              -706.883734 +-         0.367015
--------------------------------------------------------------------------------------------------------------------------------------------------------------
      -2.9        -2.8   0.15            ud~_epvebb~                   -706.883734 +-         0.367015        2.134       0 [    7]      (   0)        7079739

      -2.9        -2.8   0.2             NLO.QT.32.CT.QCD              -646.632345 +-         0.336658
--------------------------------------------------------------------------------------------------------------------------------------------------------------
      -2.9        -2.8   0.2             ud~_epvebb~                   -646.632345 +-         0.336658        2.148       0 [    7]      (   0)        7079739

      -2.9        -2.8   0.25            NLO.QT.32.CT.QCD              -601.745385 +-         0.314042
--------------------------------------------------------------------------------------------------------------------------------------------------------------
      -2.9        -2.8   0.25            ud~_epvebb~                   -601.745385 +-         0.314042        2.160       0 [    7]      (   0)        7079739

      -2.9        -2.8   0.5             NLO.QT.32.CT.QCD              -472.609471 +-         0.248976
--------------------------------------------------------------------------------------------------------------------------------------------------------------
      -2.9        -2.8   0.5             ud~_epvebb~                   -472.609471 +-         0.248976        2.201       0 [    7]      (   0)        7079739

==============================================================================================================================================================

      -2.8        -2.7   0.01            NLO.QT.32.CT.QCD              -1461.70699 +-          0.73309
--------------------------------------------------------------------------------------------------------------------------------------------------------------
      -2.8        -2.7   0.01            ud~_epvebb~                   -1461.70699 +-          0.73309       0.6928       0 [    7]      (   0)        7338813

      -2.8        -2.7   0.05            NLO.QT.32.CT.QCD              -1001.01698 +-          0.50540
--------------------------------------------------------------------------------------------------------------------------------------------------------------
      -2.8        -2.7   0.05            ud~_epvebb~                   -1001.01698 +-          0.50540       0.7025       0 [    7]      (   0)        7338813

      -2.8        -2.7   0.1             NLO.QT.32.CT.QCD              -829.389503 +-         0.420593
--------------------------------------------------------------------------------------------------------------------------------------------------------------
      -2.8        -2.7   0.1             ud~_epvebb~                   -829.389503 +-         0.420593       0.7073       0 [    7]      (   0)        7338813

      -2.8        -2.7   0.15            NLO.QT.32.CT.QCD              -736.468495 +-         0.374681
--------------------------------------------------------------------------------------------------------------------------------------------------------------
      -2.8        -2.7   0.15            ud~_epvebb~                   -736.468495 +-         0.374681       0.7103       0 [    7]      (   0)        7338813

      -2.8        -2.7   0.2             NLO.QT.32.CT.QCD              -673.886111 +-         0.343761
--------------------------------------------------------------------------------------------------------------------------------------------------------------
      -2.8        -2.7   0.2             ud~_epvebb~                   -673.886111 +-         0.343761       0.7126       0 [    7]      (   0)        7338813

      -2.8        -2.7   0.25            NLO.QT.32.CT.QCD              -627.256263 +-         0.320722
--------------------------------------------------------------------------------------------------------------------------------------------------------------
      -2.8        -2.7   0.25            ud~_epvebb~                   -627.256263 +-         0.320722       0.7144       0 [    7]      (   0)        7338813

      -2.8        -2.7   0.5             NLO.QT.32.CT.QCD              -493.069614 +-         0.254420
--------------------------------------------------------------------------------------------------------------------------------------------------------------
      -2.8        -2.7   0.5             ud~_epvebb~                   -493.069614 +-         0.254420       0.7201       0 [    7]      (   0)        7338813

==============================================================================================================================================================

      -2.7        -2.6   0.01            NLO.QT.32.CT.QCD              -1508.92048 +-          0.74443
--------------------------------------------------------------------------------------------------------------------------------------------------------------
      -2.7        -2.6   0.01            ud~_epvebb~                   -1508.92048 +-          0.74443      0.08917       0 [    7]      (   0)        7559789

      -2.7        -2.6   0.05            NLO.QT.32.CT.QCD              -1034.28071 +-          0.51361
--------------------------------------------------------------------------------------------------------------------------------------------------------------
      -2.7        -2.6   0.05            ud~_epvebb~                   -1034.28071 +-          0.51361      0.08741       0 [    7]      (   0)        7559789

      -2.7        -2.6   0.1             NLO.QT.32.CT.QCD              -857.389003 +-         0.427598
--------------------------------------------------------------------------------------------------------------------------------------------------------------
      -2.7        -2.6   0.1             ud~_epvebb~                   -857.389003 +-         0.427598      0.08705       0 [    7]      (   0)        7559789

      -2.7        -2.6   0.15            NLO.QT.32.CT.QCD              -761.596167 +-         0.381025
--------------------------------------------------------------------------------------------------------------------------------------------------------------
      -2.7        -2.6   0.15            ud~_epvebb~                   -761.596167 +-         0.381025      0.08705       0 [    7]      (   0)        7559789

      -2.7        -2.6   0.2             NLO.QT.32.CT.QCD              -697.069099 +-         0.349653
--------------------------------------------------------------------------------------------------------------------------------------------------------------
      -2.7        -2.6   0.2             ud~_epvebb~                   -697.069099 +-         0.349653      0.08720       0 [    7]      (   0)        7559789

      -2.7        -2.6   0.25            NLO.QT.32.CT.QCD              -648.983951 +-         0.326275
--------------------------------------------------------------------------------------------------------------------------------------------------------------
      -2.7        -2.6   0.25            ud~_epvebb~                   -648.983951 +-         0.326275      0.08742       0 [    7]      (   0)        7559789

      -2.7        -2.6   0.5             NLO.QT.32.CT.QCD              -510.572702 +-         0.258979
--------------------------------------------------------------------------------------------------------------------------------------------------------------
      -2.7        -2.6   0.5             ud~_epvebb~                   -510.572702 +-         0.258979      0.08892       0 [    7]      (   0)        7559789

==============================================================================================================================================================

      -2.6        -2.5   0.01            NLO.QT.32.CT.QCD              -1550.94593 +-          0.75479
--------------------------------------------------------------------------------------------------------------------------------------------------------------
      -2.6        -2.5   0.01            ud~_epvebb~                   -1550.94593 +-          0.75479       0.4344       0 [    7]      (   0)        7758136

      -2.6        -2.5   0.05            NLO.QT.32.CT.QCD              -1063.95442 +-          0.52108
--------------------------------------------------------------------------------------------------------------------------------------------------------------
      -2.6        -2.5   0.05            ud~_epvebb~                   -1063.95442 +-          0.52108       0.4208       0 [    7]      (   0)        7758136

      -2.6        -2.5   0.1             NLO.QT.32.CT.QCD              -882.396519 +-         0.433972
--------------------------------------------------------------------------------------------------------------------------------------------------------------
      -2.6        -2.5   0.1             ud~_epvebb~                   -882.396519 +-         0.433972       0.4129       0 [    7]      (   0)        7758136

      -2.6        -2.5   0.15            NLO.QT.32.CT.QCD              -784.056496 +-         0.386791
--------------------------------------------------------------------------------------------------------------------------------------------------------------
      -2.6        -2.5   0.15            ud~_epvebb~                   -784.056496 +-         0.386791       0.4075       0 [    7]      (   0)        7758136

      -2.6        -2.5   0.2             NLO.QT.32.CT.QCD              -717.803810 +-         0.355006
--------------------------------------------------------------------------------------------------------------------------------------------------------------
      -2.6        -2.5   0.2             ud~_epvebb~                   -717.803810 +-         0.355006       0.4032       0 [    7]      (   0)        7758136

      -2.6        -2.5   0.25            NLO.QT.32.CT.QCD              -668.426839 +-         0.331316
--------------------------------------------------------------------------------------------------------------------------------------------------------------
      -2.6        -2.5   0.25            ud~_epvebb~                   -668.426839 +-         0.331316       0.3997       0 [    7]      (   0)        7758136

      -2.6        -2.5   0.5             NLO.QT.32.CT.QCD              -526.262889 +-         0.263106
--------------------------------------------------------------------------------------------------------------------------------------------------------------
      -2.6        -2.5   0.5             ud~_epvebb~                   -526.262889 +-         0.263106       0.3868       0 [    7]      (   0)        7758136

==============================================================================================================================================================

      -2.5        -2.4   0.01            NLO.QT.32.CT.QCD              -1589.83005 +-          0.76429
--------------------------------------------------------------------------------------------------------------------------------------------------------------
      -2.5        -2.4   0.01            ud~_epvebb~                   -1589.83005 +-          0.76429       0.5156       0 [    7]      (   0)        7936021

      -2.5        -2.4   0.05            NLO.QT.32.CT.QCD              -1091.49144 +-          0.52801
--------------------------------------------------------------------------------------------------------------------------------------------------------------
      -2.5        -2.4   0.05            ud~_epvebb~                   -1091.49144 +-          0.52801       0.5281       0 [    7]      (   0)        7936021

      -2.5        -2.4   0.1             NLO.QT.32.CT.QCD              -905.640551 +-         0.439907
--------------------------------------------------------------------------------------------------------------------------------------------------------------
      -2.5        -2.4   0.1             ud~_epvebb~                   -905.640551 +-         0.439907       0.5349       0 [    7]      (   0)        7936021

      -2.5        -2.4   0.15            NLO.QT.32.CT.QCD              -804.955065 +-         0.392179
--------------------------------------------------------------------------------------------------------------------------------------------------------------
      -2.5        -2.4   0.15            ud~_epvebb~                   -804.955065 +-         0.392179       0.5392       0 [    7]      (   0)        7936021

      -2.5        -2.4   0.2             NLO.QT.32.CT.QCD              -737.112457 +-         0.360019
--------------------------------------------------------------------------------------------------------------------------------------------------------------
      -2.5        -2.4   0.2             ud~_epvebb~                   -737.112457 +-         0.360019       0.5426       0 [    7]      (   0)        7936021

      -2.5        -2.4   0.25            NLO.QT.32.CT.QCD              -686.544669 +-         0.336047
--------------------------------------------------------------------------------------------------------------------------------------------------------------
      -2.5        -2.4   0.25            ud~_epvebb~                   -686.544669 +-         0.336047       0.5453       0 [    7]      (   0)        7936021

      -2.5        -2.4   0.5             NLO.QT.32.CT.QCD              -540.918113 +-         0.267007
--------------------------------------------------------------------------------------------------------------------------------------------------------------
      -2.5        -2.4   0.5             ud~_epvebb~                   -540.918113 +-         0.267007       0.5546       0 [    7]      (   0)        7936021

==============================================================================================================================================================

      -2.4        -2.3   0.01            NLO.QT.32.CT.QCD              -1622.99048 +-          0.77183
--------------------------------------------------------------------------------------------------------------------------------------------------------------
      -2.4        -2.3   0.01            ud~_epvebb~                   -1622.99048 +-          0.77183        1.789       0 [    7]      (   0)        8096368

      -2.4        -2.3   0.05            NLO.QT.32.CT.QCD              -1114.95657 +-          0.53345
--------------------------------------------------------------------------------------------------------------------------------------------------------------
      -2.4        -2.3   0.05            ud~_epvebb~                   -1114.95657 +-          0.53345        1.752       0 [    7]      (   0)        8096368

      -2.4        -2.3   0.1             NLO.QT.32.CT.QCD              -925.439063 +-         0.444540
--------------------------------------------------------------------------------------------------------------------------------------------------------------
      -2.4        -2.3   0.1             ud~_epvebb~                   -925.439063 +-         0.444540        1.730       0 [    7]      (   0)        8096368

      -2.4        -2.3   0.15            NLO.QT.32.CT.QCD              -822.750790 +-         0.396368
--------------------------------------------------------------------------------------------------------------------------------------------------------------
      -2.4        -2.3   0.15            ud~_epvebb~                   -822.750790 +-         0.396368        1.716       0 [    7]      (   0)        8096368

      -2.4        -2.3   0.2             NLO.QT.32.CT.QCD              -753.550770 +-         0.363906
--------------------------------------------------------------------------------------------------------------------------------------------------------------
      -2.4        -2.3   0.2             ud~_epvebb~                   -753.550770 +-         0.363906        1.704       0 [    7]      (   0)        8096368

      -2.4        -2.3   0.25            NLO.QT.32.CT.QCD              -701.966443 +-         0.339708
--------------------------------------------------------------------------------------------------------------------------------------------------------------
      -2.4        -2.3   0.25            ud~_epvebb~                   -701.966443 +-         0.339708        1.694       0 [    7]      (   0)        8096368

      -2.4        -2.3   0.5             NLO.QT.32.CT.QCD              -553.384794 +-         0.270001
--------------------------------------------------------------------------------------------------------------------------------------------------------------
      -2.4        -2.3   0.5             ud~_epvebb~                   -553.384794 +-         0.270001        1.658       0 [    7]      (   0)        8096368

==============================================================================================================================================================

      -2.3        -2.2   0.01            NLO.QT.32.CT.QCD              -1650.46221 +-          0.77841
--------------------------------------------------------------------------------------------------------------------------------------------------------------
      -2.3        -2.2   0.01            ud~_epvebb~                   -1650.46221 +-          0.77841       0.5578       0 [    7]      (   0)        8222406

      -2.3        -2.2   0.05            NLO.QT.32.CT.QCD              -1134.51762 +-          0.53825
--------------------------------------------------------------------------------------------------------------------------------------------------------------
      -2.3        -2.2   0.05            ud~_epvebb~                   -1134.51762 +-          0.53825       0.5731       0 [    7]      (   0)        8222406

      -2.3        -2.2   0.1             NLO.QT.32.CT.QCD              -941.998953 +-         0.448647
--------------------------------------------------------------------------------------------------------------------------------------------------------------
      -2.3        -2.2   0.1             ud~_epvebb~                   -941.998953 +-         0.448647       0.5815       0 [    7]      (   0)        8222406

      -2.3        -2.2   0.15            NLO.QT.32.CT.QCD              -837.668370 +-         0.400094
--------------------------------------------------------------------------------------------------------------------------------------------------------------
      -2.3        -2.2   0.15            ud~_epvebb~                   -837.668370 +-         0.400094       0.5870       0 [    7]      (   0)        8222406

      -2.3        -2.2   0.2             NLO.QT.32.CT.QCD              -767.353814 +-         0.367371
--------------------------------------------------------------------------------------------------------------------------------------------------------------
      -2.3        -2.2   0.2             ud~_epvebb~                   -767.353814 +-         0.367371       0.5912       0 [    7]      (   0)        8222406

      -2.3        -2.2   0.25            NLO.QT.32.CT.QCD              -714.933969 +-         0.342977
--------------------------------------------------------------------------------------------------------------------------------------------------------------
      -2.3        -2.2   0.25            ud~_epvebb~                   -714.933969 +-         0.342977       0.5947       0 [    7]      (   0)        8222406

      -2.3        -2.2   0.5             NLO.QT.32.CT.QCD              -563.918480 +-         0.272692
--------------------------------------------------------------------------------------------------------------------------------------------------------------
      -2.3        -2.2   0.5             ud~_epvebb~                   -563.918480 +-         0.272692       0.6068       0 [    7]      (   0)        8222406

==============================================================================================================================================================

      -2.2        -2.1   0.01            NLO.QT.32.CT.QCD              -1676.74674 +-          0.78538
--------------------------------------------------------------------------------------------------------------------------------------------------------------
      -2.2        -2.1   0.01            ud~_epvebb~                   -1676.74674 +-          0.78538       0.9219       0 [    7]      (   0)        8337506

      -2.2        -2.1   0.05            NLO.QT.32.CT.QCD              -1153.23208 +-          0.54331
--------------------------------------------------------------------------------------------------------------------------------------------------------------
      -2.2        -2.1   0.05            ud~_epvebb~                   -1153.23208 +-          0.54331       0.9722       0 [    7]      (   0)        8337506

      -2.2        -2.1   0.1             NLO.QT.32.CT.QCD              -957.841580 +-         0.452979
--------------------------------------------------------------------------------------------------------------------------------------------------------------
      -2.2        -2.1   0.1             ud~_epvebb~                   -957.841580 +-         0.452979        1.000       0 [    7]      (   0)        8337506

      -2.2        -2.1   0.15            NLO.QT.32.CT.QCD              -851.939485 +-         0.404023
--------------------------------------------------------------------------------------------------------------------------------------------------------------
      -2.2        -2.1   0.15            ud~_epvebb~                   -851.939485 +-         0.404023        1.019       0 [    7]      (   0)        8337506

      -2.2        -2.1   0.2             NLO.QT.32.CT.QCD              -780.558455 +-         0.371025
--------------------------------------------------------------------------------------------------------------------------------------------------------------
      -2.2        -2.1   0.2             ud~_epvebb~                   -780.558455 +-         0.371025        1.034       0 [    7]      (   0)        8337506

      -2.2        -2.1   0.25            NLO.QT.32.CT.QCD              -727.339131 +-         0.346423
--------------------------------------------------------------------------------------------------------------------------------------------------------------
      -2.2        -2.1   0.25            ud~_epvebb~                   -727.339131 +-         0.346423        1.046       0 [    7]      (   0)        8337506

      -2.2        -2.1   0.5             NLO.QT.32.CT.QCD              -573.994834 +-         0.275529
--------------------------------------------------------------------------------------------------------------------------------------------------------------
      -2.2        -2.1   0.5             ud~_epvebb~                   -573.994834 +-         0.275529        1.089       0 [    7]      (   0)        8337506

==============================================================================================================================================================

      -2.1          -2   0.01            NLO.QT.32.CT.QCD              -1698.55697 +-          0.79059
--------------------------------------------------------------------------------------------------------------------------------------------------------------
      -2.1          -2   0.01            ud~_epvebb~                   -1698.55697 +-          0.79059       0.9943       0 [    7]      (   0)        8435565

      -2.1          -2   0.05            NLO.QT.32.CT.QCD              -1168.80444 +-          0.54710
--------------------------------------------------------------------------------------------------------------------------------------------------------------
      -2.1          -2   0.05            ud~_epvebb~                   -1168.80444 +-          0.54710        1.030       0 [    7]      (   0)        8435565

      -2.1          -2   0.1             NLO.QT.32.CT.QCD              -971.044031 +-         0.456216
--------------------------------------------------------------------------------------------------------------------------------------------------------------
      -2.1          -2   0.1             ud~_epvebb~                   -971.044031 +-         0.456216        1.050       0 [    7]      (   0)        8435565

      -2.1          -2   0.15            NLO.QT.32.CT.QCD              -863.844000 +-         0.406955
--------------------------------------------------------------------------------------------------------------------------------------------------------------
      -2.1          -2   0.15            ud~_epvebb~                   -863.844000 +-         0.406955        1.063       0 [    7]      (   0)        8435565

      -2.1          -2   0.2             NLO.QT.32.CT.QCD              -791.581628 +-         0.373749
--------------------------------------------------------------------------------------------------------------------------------------------------------------
      -2.1          -2   0.2             ud~_epvebb~                   -791.581628 +-         0.373749        1.073       0 [    7]      (   0)        8435565

      -2.1          -2   0.25            NLO.QT.32.CT.QCD              -737.701298 +-         0.348990
--------------------------------------------------------------------------------------------------------------------------------------------------------------
      -2.1          -2   0.25            ud~_epvebb~                   -737.701298 +-         0.348990        1.081       0 [    7]      (   0)        8435565

      -2.1          -2   0.5             NLO.QT.32.CT.QCD              -582.429749 +-         0.277634
--------------------------------------------------------------------------------------------------------------------------------------------------------------
      -2.1          -2   0.5             ud~_epvebb~                   -582.429749 +-         0.277634        1.109       0 [    7]      (   0)        8435565

==============================================================================================================================================================

        -2        -1.9   0.01            NLO.QT.32.CT.QCD              -1720.31967 +-          0.79579
--------------------------------------------------------------------------------------------------------------------------------------------------------------
        -2        -1.9   0.01            ud~_epvebb~                   -1720.31967 +-          0.79579        1.276       0 [    7]      (   0)        8526842

        -2        -1.9   0.05            NLO.QT.32.CT.QCD              -1184.35569 +-          0.55091
--------------------------------------------------------------------------------------------------------------------------------------------------------------
        -2        -1.9   0.05            ud~_epvebb~                   -1184.35569 +-          0.55091        1.300       0 [    7]      (   0)        8526842

        -2        -1.9   0.1             NLO.QT.32.CT.QCD              -984.234407 +-         0.459489
--------------------------------------------------------------------------------------------------------------------------------------------------------------
        -2        -1.9   0.1             ud~_epvebb~                   -984.234407 +-         0.459489        1.313       0 [    7]      (   0)        8526842

        -2        -1.9   0.15            NLO.QT.32.CT.QCD              -875.741058 +-         0.409931
--------------------------------------------------------------------------------------------------------------------------------------------------------------
        -2        -1.9   0.15            ud~_epvebb~                   -875.741058 +-         0.409931        1.322       0 [    7]      (   0)        8526842

        -2        -1.9   0.2             NLO.QT.32.CT.QCD              -802.600326 +-         0.376522
--------------------------------------------------------------------------------------------------------------------------------------------------------------
        -2        -1.9   0.2             ud~_epvebb~                   -802.600326 +-         0.376522        1.329       0 [    7]      (   0)        8526842

        -2        -1.9   0.25            NLO.QT.32.CT.QCD              -748.061132 +-         0.351609
--------------------------------------------------------------------------------------------------------------------------------------------------------------
        -2        -1.9   0.25            ud~_epvebb~                   -748.061132 +-         0.351609        1.334       0 [    7]      (   0)        8526842

        -2        -1.9   0.5             NLO.QT.32.CT.QCD              -590.868045 +-         0.279800
--------------------------------------------------------------------------------------------------------------------------------------------------------------
        -2        -1.9   0.5             ud~_epvebb~                   -590.868045 +-         0.279800        1.354       0 [    7]      (   0)        8526842

==============================================================================================================================================================

      -1.9        -1.8   0.01            NLO.QT.32.CT.QCD              -1738.22847 +-          0.80063
--------------------------------------------------------------------------------------------------------------------------------------------------------------
      -1.9        -1.8   0.01            ud~_epvebb~                   -1738.22847 +-          0.80063       0.4550       0 [    7]      (   0)        8603951

      -1.9        -1.8   0.05            NLO.QT.32.CT.QCD              -1197.20550 +-          0.55443
--------------------------------------------------------------------------------------------------------------------------------------------------------------
      -1.9        -1.8   0.05            ud~_epvebb~                   -1197.20550 +-          0.55443       0.4808       0 [    7]      (   0)        8603951

      -1.9        -1.8   0.1             NLO.QT.32.CT.QCD              -995.157176 +-         0.462500
--------------------------------------------------------------------------------------------------------------------------------------------------------------
      -1.9        -1.8   0.1             ud~_epvebb~                   -995.157176 +-         0.462500       0.4957       0 [    7]      (   0)        8603951

      -1.9        -1.8   0.15            NLO.QT.32.CT.QCD              -885.606844 +-         0.412660
--------------------------------------------------------------------------------------------------------------------------------------------------------------
      -1.9        -1.8   0.15            ud~_epvebb~                   -885.606844 +-         0.412660       0.5060       0 [    7]      (   0)        8603951

      -1.9        -1.8   0.2             NLO.QT.32.CT.QCD              -811.747626 +-         0.379058
--------------------------------------------------------------------------------------------------------------------------------------------------------------
      -1.9        -1.8   0.2             ud~_epvebb~                   -811.747626 +-         0.379058       0.5141       0 [    7]      (   0)        8603951

      -1.9        -1.8   0.25            NLO.QT.32.CT.QCD              -756.669113 +-         0.354000
--------------------------------------------------------------------------------------------------------------------------------------------------------------
      -1.9        -1.8   0.25            ud~_epvebb~                   -756.669113 +-         0.354000       0.5209       0 [    7]      (   0)        8603951

      -1.9        -1.8   0.5             NLO.QT.32.CT.QCD              -597.900952 +-         0.281763
--------------------------------------------------------------------------------------------------------------------------------------------------------------
      -1.9        -1.8   0.5             ud~_epvebb~                   -597.900952 +-         0.281763       0.5456       0 [    7]      (   0)        8603951

==============================================================================================================================================================

      -1.8        -1.7   0.01            NLO.QT.32.CT.QCD              -1754.37067 +-          0.80469
--------------------------------------------------------------------------------------------------------------------------------------------------------------
      -1.8        -1.7   0.01            ud~_epvebb~                   -1754.37067 +-          0.80469       0.1048       0 [    7]      (   0)        8676591

      -1.8        -1.7   0.05            NLO.QT.32.CT.QCD              -1208.80447 +-          0.55738
--------------------------------------------------------------------------------------------------------------------------------------------------------------
      -1.8        -1.7   0.05            ud~_epvebb~                   -1208.80447 +-          0.55738       0.1101       0 [    7]      (   0)        8676591

      -1.8        -1.7   0.1             NLO.QT.32.CT.QCD              -1005.02421 +-          0.46502
--------------------------------------------------------------------------------------------------------------------------------------------------------------
      -1.8        -1.7   0.1             ud~_epvebb~                   -1005.02421 +-          0.46502       0.1137       0 [    7]      (   0)        8676591

      -1.8        -1.7   0.15            NLO.QT.32.CT.QCD              -894.523486 +-         0.414947
--------------------------------------------------------------------------------------------------------------------------------------------------------------
      -1.8        -1.7   0.15            ud~_epvebb~                   -894.523486 +-         0.414947       0.1164       0 [    7]      (   0)        8676591

      -1.8        -1.7   0.2             NLO.QT.32.CT.QCD              -820.018034 +-         0.381183
--------------------------------------------------------------------------------------------------------------------------------------------------------------
      -1.8        -1.7   0.2             ud~_epvebb~                   -820.018034 +-         0.381183       0.1187       0 [    7]      (   0)        8676591

      -1.8        -1.7   0.25            NLO.QT.32.CT.QCD              -764.454316 +-         0.356003
--------------------------------------------------------------------------------------------------------------------------------------------------------------
      -1.8        -1.7   0.25            ud~_epvebb~                   -764.454316 +-         0.356003       0.1207       0 [    7]      (   0)        8676591

      -1.8        -1.7   0.5             NLO.QT.32.CT.QCD              -604.268422 +-         0.283407
--------------------------------------------------------------------------------------------------------------------------------------------------------------
      -1.8        -1.7   0.5             ud~_epvebb~                   -604.268422 +-         0.283407       0.1284       0 [    7]      (   0)        8676591

==============================================================================================================================================================

      -1.7        -1.6   0.01            NLO.QT.32.CT.QCD              -1768.47406 +-          0.80843
--------------------------------------------------------------------------------------------------------------------------------------------------------------
      -1.7        -1.6   0.01            ud~_epvebb~                   -1768.47406 +-          0.80843        1.404       0 [    7]      (   0)        8738259

      -1.7        -1.6   0.05            NLO.QT.32.CT.QCD              -1218.97600 +-          0.56008
--------------------------------------------------------------------------------------------------------------------------------------------------------------
      -1.7        -1.6   0.05            ud~_epvebb~                   -1218.97600 +-          0.56008        1.411       0 [    7]      (   0)        8738259

      -1.7        -1.6   0.1             NLO.QT.32.CT.QCD              -1013.69384 +-          0.46733
--------------------------------------------------------------------------------------------------------------------------------------------------------------
      -1.7        -1.6   0.1             ud~_epvebb~                   -1013.69384 +-          0.46733        1.414       0 [    7]      (   0)        8738259

      -1.7        -1.6   0.15            NLO.QT.32.CT.QCD              -902.367987 +-         0.417035
--------------------------------------------------------------------------------------------------------------------------------------------------------------
      -1.7        -1.6   0.15            ud~_epvebb~                   -902.367987 +-         0.417035        1.416       0 [    7]      (   0)        8738259

      -1.7        -1.6   0.2             NLO.QT.32.CT.QCD              -827.301020 +-         0.383121
--------------------------------------------------------------------------------------------------------------------------------------------------------------
      -1.7        -1.6   0.2             ud~_epvebb~                   -827.301020 +-         0.383121        1.417       0 [    7]      (   0)        8738259

      -1.7        -1.6   0.25            NLO.QT.32.CT.QCD              -771.315431 +-         0.357829
--------------------------------------------------------------------------------------------------------------------------------------------------------------
      -1.7        -1.6   0.25            ud~_epvebb~                   -771.315431 +-         0.357829        1.418       0 [    7]      (   0)        8738259

      -1.7        -1.6   0.5             NLO.QT.32.CT.QCD              -609.895294 +-         0.284901
--------------------------------------------------------------------------------------------------------------------------------------------------------------
      -1.7        -1.6   0.5             ud~_epvebb~                   -609.895294 +-         0.284901        1.421       0 [    7]      (   0)        8738259

==============================================================================================================================================================

      -1.6        -1.5   0.01            NLO.QT.32.CT.QCD              -1782.36301 +-          0.81130
--------------------------------------------------------------------------------------------------------------------------------------------------------------
      -1.6        -1.5   0.01            ud~_epvebb~                   -1782.36301 +-          0.81130       0.3754       0 [    7]      (   0)        8800718

      -1.6        -1.5   0.05            NLO.QT.32.CT.QCD              -1228.95628 +-          0.56222
--------------------------------------------------------------------------------------------------------------------------------------------------------------
      -1.6        -1.5   0.05            ud~_epvebb~                   -1228.95628 +-          0.56222       0.3911       0 [    7]      (   0)        8800718

      -1.6        -1.5   0.1             NLO.QT.32.CT.QCD              -1022.18405 +-          0.46918
--------------------------------------------------------------------------------------------------------------------------------------------------------------
      -1.6        -1.5   0.1             ud~_epvebb~                   -1022.18405 +-          0.46918       0.4002       0 [    7]      (   0)        8800718

      -1.6        -1.5   0.15            NLO.QT.32.CT.QCD              -910.040529 +-         0.418719
--------------------------------------------------------------------------------------------------------------------------------------------------------------
      -1.6        -1.5   0.15            ud~_epvebb~                   -910.040529 +-         0.418719       0.4064       0 [    7]      (   0)        8800718

      -1.6        -1.5   0.2             NLO.QT.32.CT.QCD              -834.417567 +-         0.384694
--------------------------------------------------------------------------------------------------------------------------------------------------------------
      -1.6        -1.5   0.2             ud~_epvebb~                   -834.417567 +-         0.384694       0.4114       0 [    7]      (   0)        8800718

      -1.6        -1.5   0.25            NLO.QT.32.CT.QCD              -778.014522 +-         0.359317
--------------------------------------------------------------------------------------------------------------------------------------------------------------
      -1.6        -1.5   0.25            ud~_epvebb~                   -778.014522 +-         0.359317       0.4155       0 [    7]      (   0)        8800718

      -1.6        -1.5   0.5             NLO.QT.32.CT.QCD              -615.374596 +-         0.286139
--------------------------------------------------------------------------------------------------------------------------------------------------------------
      -1.6        -1.5   0.5             ud~_epvebb~                   -615.374596 +-         0.286139       0.4305       0 [    7]      (   0)        8800718

==============================================================================================================================================================

      -1.5        -1.4   0.01            NLO.QT.32.CT.QCD              -1793.80855 +-          0.81523
--------------------------------------------------------------------------------------------------------------------------------------------------------------
      -1.5        -1.4   0.01            ud~_epvebb~                   -1793.80855 +-          0.81523       0.6192       0 [    7]      (   0)        8851934

      -1.5        -1.4   0.05            NLO.QT.32.CT.QCD              -1237.24322 +-          0.56505
--------------------------------------------------------------------------------------------------------------------------------------------------------------
      -1.5        -1.4   0.05            ud~_epvebb~                   -1237.24322 +-          0.56505       0.6412       0 [    7]      (   0)        8851934

      -1.5        -1.4   0.1             NLO.QT.32.CT.QCD              -1029.26182 +-          0.47158
--------------------------------------------------------------------------------------------------------------------------------------------------------------
      -1.5        -1.4   0.1             ud~_epvebb~                   -1029.26182 +-          0.47158       0.6538       0 [    7]      (   0)        8851934

      -1.5        -1.4   0.15            NLO.QT.32.CT.QCD              -916.453164 +-         0.420892
--------------------------------------------------------------------------------------------------------------------------------------------------------------
      -1.5        -1.4   0.15            ud~_epvebb~                   -916.453164 +-         0.420892       0.6625       0 [    7]      (   0)        8851934

      -1.5        -1.4   0.2             NLO.QT.32.CT.QCD              -840.377169 +-         0.386708
--------------------------------------------------------------------------------------------------------------------------------------------------------------
      -1.5        -1.4   0.2             ud~_epvebb~                   -840.377169 +-         0.386708       0.6693       0 [    7]      (   0)        8851934

      -1.5        -1.4   0.25            NLO.QT.32.CT.QCD              -783.633522 +-         0.361211
--------------------------------------------------------------------------------------------------------------------------------------------------------------
      -1.5        -1.4   0.25            ud~_epvebb~                   -783.633522 +-         0.361211       0.6750       0 [    7]      (   0)        8851934

      -1.5        -1.4   0.5             NLO.QT.32.CT.QCD              -619.995757 +-         0.287678
--------------------------------------------------------------------------------------------------------------------------------------------------------------
      -1.5        -1.4   0.5             ud~_epvebb~                   -619.995757 +-         0.287678       0.6956       0 [    7]      (   0)        8851934

==============================================================================================================================================================

      -1.4        -1.3   0.01            NLO.QT.32.CT.QCD              -1804.51186 +-          0.81734
--------------------------------------------------------------------------------------------------------------------------------------------------------------
      -1.4        -1.3   0.01            ud~_epvebb~                   -1804.51186 +-          0.81734        1.602       0 [    7]      (   0)        8900596

      -1.4        -1.3   0.05            NLO.QT.32.CT.QCD              -1245.02749 +-          0.56666
--------------------------------------------------------------------------------------------------------------------------------------------------------------
      -1.4        -1.3   0.05            ud~_epvebb~                   -1245.02749 +-          0.56666        1.555       0 [    7]      (   0)        8900596

      -1.4        -1.3   0.1             NLO.QT.32.CT.QCD              -1035.92575 +-          0.47299
--------------------------------------------------------------------------------------------------------------------------------------------------------------
      -1.4        -1.3   0.1             ud~_epvebb~                   -1035.92575 +-          0.47299        1.529       0 [    7]      (   0)        8900596

      -1.4        -1.3   0.15            NLO.QT.32.CT.QCD              -922.499928 +-         0.422180
--------------------------------------------------------------------------------------------------------------------------------------------------------------
      -1.4        -1.3   0.15            ud~_epvebb~                   -922.499928 +-         0.422180        1.511       0 [    7]      (   0)        8900596

      -1.4        -1.3   0.2             NLO.QT.32.CT.QCD              -846.003142 +-         0.387916
--------------------------------------------------------------------------------------------------------------------------------------------------------------
      -1.4        -1.3   0.2             ud~_epvebb~                   -846.003142 +-         0.387916        1.497       0 [    7]      (   0)        8900596

      -1.4        -1.3   0.25            NLO.QT.32.CT.QCD              -788.942878 +-         0.362359
--------------------------------------------------------------------------------------------------------------------------------------------------------------
      -1.4        -1.3   0.25            ud~_epvebb~                   -788.942878 +-         0.362359        1.485       0 [    7]      (   0)        8900596

      -1.4        -1.3   0.5             NLO.QT.32.CT.QCD              -624.376073 +-         0.288645
--------------------------------------------------------------------------------------------------------------------------------------------------------------
      -1.4        -1.3   0.5             ud~_epvebb~                   -624.376073 +-         0.288645        1.442       0 [    7]      (   0)        8900596

==============================================================================================================================================================

      -1.3        -1.2   0.01            NLO.QT.32.CT.QCD              -1815.09011 +-          0.81909
--------------------------------------------------------------------------------------------------------------------------------------------------------------
      -1.3        -1.2   0.01            ud~_epvebb~                   -1815.09011 +-          0.81909        1.030       0 [    7]      (   0)        8942223

      -1.3        -1.2   0.05            NLO.QT.32.CT.QCD              -1252.69968 +-          0.56800
--------------------------------------------------------------------------------------------------------------------------------------------------------------
      -1.3        -1.2   0.05            ud~_epvebb~                   -1252.69968 +-          0.56800       0.9860       0 [    7]      (   0)        8942223

      -1.3        -1.2   0.1             NLO.QT.32.CT.QCD              -1042.48435 +-          0.47417
--------------------------------------------------------------------------------------------------------------------------------------------------------------
      -1.3        -1.2   0.1             ud~_epvebb~                   -1042.48435 +-          0.47417       0.9635       0 [    7]      (   0)        8942223

      -1.3        -1.2   0.15            NLO.QT.32.CT.QCD              -928.445629 +-         0.423276
--------------------------------------------------------------------------------------------------------------------------------------------------------------
      -1.3        -1.2   0.15            ud~_epvebb~                   -928.445629 +-         0.423276       0.9493       0 [    7]      (   0)        8942223

      -1.3        -1.2   0.2             NLO.QT.32.CT.QCD              -851.531227 +-         0.388949
--------------------------------------------------------------------------------------------------------------------------------------------------------------
      -1.3        -1.2   0.2             ud~_epvebb~                   -851.531227 +-         0.388949       0.9387       0 [    7]      (   0)        8942223

      -1.3        -1.2   0.25            NLO.QT.32.CT.QCD              -794.156890 +-         0.363343
--------------------------------------------------------------------------------------------------------------------------------------------------------------
      -1.3        -1.2   0.25            ud~_epvebb~                   -794.156890 +-         0.363343       0.9301       0 [    7]      (   0)        8942223

      -1.3        -1.2   0.5             NLO.QT.32.CT.QCD              -628.669412 +-         0.289481
--------------------------------------------------------------------------------------------------------------------------------------------------------------
      -1.3        -1.2   0.5             ud~_epvebb~                   -628.669412 +-         0.289481       0.9021       0 [    7]      (   0)        8942223

==============================================================================================================================================================

      -1.2        -1.1   0.01            NLO.QT.32.CT.QCD              -1823.35126 +-          0.82115
--------------------------------------------------------------------------------------------------------------------------------------------------------------
      -1.2        -1.1   0.01            ud~_epvebb~                   -1823.35126 +-          0.82115        1.341       0 [    7]      (   0)        8976376

      -1.2        -1.1   0.05            NLO.QT.32.CT.QCD              -1258.73356 +-          0.56951
--------------------------------------------------------------------------------------------------------------------------------------------------------------
      -1.2        -1.1   0.05            ud~_epvebb~                   -1258.73356 +-          0.56951        1.363       0 [    7]      (   0)        8976376

      -1.2        -1.1   0.1             NLO.QT.32.CT.QCD              -1047.66124 +-          0.47546
--------------------------------------------------------------------------------------------------------------------------------------------------------------
      -1.2        -1.1   0.1             ud~_epvebb~                   -1047.66124 +-          0.47546        1.374       0 [    7]      (   0)        8976376

      -1.2        -1.1   0.15            NLO.QT.32.CT.QCD              -933.149756 +-         0.424441
--------------------------------------------------------------------------------------------------------------------------------------------------------------
      -1.2        -1.1   0.15            ud~_epvebb~                   -933.149756 +-         0.424441        1.382       0 [    7]      (   0)        8976376

      -1.2        -1.1   0.2             NLO.QT.32.CT.QCD              -855.912697 +-         0.390031
--------------------------------------------------------------------------------------------------------------------------------------------------------------
      -1.2        -1.1   0.2             ud~_epvebb~                   -855.912697 +-         0.390031        1.387       0 [    7]      (   0)        8976376

      -1.2        -1.1   0.25            NLO.QT.32.CT.QCD              -798.295392 +-         0.364363
--------------------------------------------------------------------------------------------------------------------------------------------------------------
      -1.2        -1.1   0.25            ud~_epvebb~                   -798.295392 +-         0.364363        1.392       0 [    7]      (   0)        8976376

      -1.2        -1.1   0.5             NLO.QT.32.CT.QCD              -632.093884 +-         0.290317
--------------------------------------------------------------------------------------------------------------------------------------------------------------
      -1.2        -1.1   0.5             ud~_epvebb~                   -632.093884 +-         0.290317        1.407       0 [    7]      (   0)        8976376

==============================================================================================================================================================

      -1.1          -1   0.01            NLO.QT.32.CT.QCD              -1831.70744 +-          0.82329
--------------------------------------------------------------------------------------------------------------------------------------------------------------
      -1.1          -1   0.01            ud~_epvebb~                   -1831.70744 +-          0.82329       0.2081       0 [    7]      (   0)        9012536

      -1.1          -1   0.05            NLO.QT.32.CT.QCD              -1264.76507 +-          0.57105
--------------------------------------------------------------------------------------------------------------------------------------------------------------
      -1.1          -1   0.05            ud~_epvebb~                   -1264.76507 +-          0.57105       0.2123       0 [    7]      (   0)        9012536

      -1.1          -1   0.1             NLO.QT.32.CT.QCD              -1052.80436 +-          0.47677
--------------------------------------------------------------------------------------------------------------------------------------------------------------
      -1.1          -1   0.1             ud~_epvebb~                   -1052.80436 +-          0.47677       0.2158       0 [    7]      (   0)        9012536

      -1.1          -1   0.15            NLO.QT.32.CT.QCD              -937.804674 +-         0.425627
--------------------------------------------------------------------------------------------------------------------------------------------------------------
      -1.1          -1   0.15            ud~_epvebb~                   -937.804674 +-         0.425627       0.2187       0 [    7]      (   0)        9012536

      -1.1          -1   0.2             NLO.QT.32.CT.QCD              -860.235326 +-         0.391130
--------------------------------------------------------------------------------------------------------------------------------------------------------------
      -1.1          -1   0.2             ud~_epvebb~                   -860.235326 +-         0.391130       0.2212       0 [    7]      (   0)        9012536

      -1.1          -1   0.25            NLO.QT.32.CT.QCD              -802.368334 +-         0.365395
--------------------------------------------------------------------------------------------------------------------------------------------------------------
      -1.1          -1   0.25            ud~_epvebb~                   -802.368334 +-         0.365395       0.2235       0 [    7]      (   0)        9012536

      -1.1          -1   0.5             NLO.QT.32.CT.QCD              -635.436125 +-         0.291156
--------------------------------------------------------------------------------------------------------------------------------------------------------------
      -1.1          -1   0.5             ud~_epvebb~                   -635.436125 +-         0.291156       0.2328       0 [    7]      (   0)        9012536

==============================================================================================================================================================

        -1        -0.9   0.01            NLO.QT.32.CT.QCD              -1837.11282 +-          0.82689
--------------------------------------------------------------------------------------------------------------------------------------------------------------
        -1        -0.9   0.01            ud~_epvebb~                   -1837.11282 +-          0.82689       0.5980       0 [    7]      (   0)        9030883

        -1        -0.9   0.05            NLO.QT.32.CT.QCD              -1268.80894 +-          0.57358
--------------------------------------------------------------------------------------------------------------------------------------------------------------
        -1        -0.9   0.05            ud~_epvebb~                   -1268.80894 +-          0.57358       0.6009       0 [    7]      (   0)        9030883

        -1        -0.9   0.1             NLO.QT.32.CT.QCD              -1056.31626 +-          0.47890
--------------------------------------------------------------------------------------------------------------------------------------------------------------
        -1        -0.9   0.1             ud~_epvebb~                   -1056.31626 +-          0.47890       0.6028       0 [    7]      (   0)        9030883

        -1        -0.9   0.15            NLO.QT.32.CT.QCD              -941.020580 +-         0.427528
--------------------------------------------------------------------------------------------------------------------------------------------------------------
        -1        -0.9   0.15            ud~_epvebb~                   -941.020580 +-         0.427528       0.6042       0 [    7]      (   0)        9030883

        -1        -0.9   0.2             NLO.QT.32.CT.QCD              -863.248016 +-         0.392880
--------------------------------------------------------------------------------------------------------------------------------------------------------------
        -1        -0.9   0.2             ud~_epvebb~                   -863.248016 +-         0.392880       0.6053       0 [    7]      (   0)        9030883

        -1        -0.9   0.25            NLO.QT.32.CT.QCD              -805.227282 +-         0.367033
--------------------------------------------------------------------------------------------------------------------------------------------------------------
        -1        -0.9   0.25            ud~_epvebb~                   -805.227282 +-         0.367033       0.6063       0 [    7]      (   0)        9030883

        -1        -0.9   0.5             NLO.QT.32.CT.QCD              -637.839167 +-         0.292465
--------------------------------------------------------------------------------------------------------------------------------------------------------------
        -1        -0.9   0.5             ud~_epvebb~                   -637.839167 +-         0.292465       0.6101       0 [    7]      (   0)        9030883

==============================================================================================================================================================

      -0.9        -0.8   0.01            NLO.QT.32.CT.QCD              -1843.14222 +-          0.82668
--------------------------------------------------------------------------------------------------------------------------------------------------------------
      -0.9        -0.8   0.01            ud~_epvebb~                   -1843.14222 +-          0.82668        1.163       0 [    7]      (   0)        9049103

      -0.9        -0.8   0.05            NLO.QT.32.CT.QCD              -1273.21393 +-          0.57359
--------------------------------------------------------------------------------------------------------------------------------------------------------------
      -0.9        -0.8   0.05            ud~_epvebb~                   -1273.21393 +-          0.57359        1.160       0 [    7]      (   0)        9049103

      -0.9        -0.8   0.1             NLO.QT.32.CT.QCD              -1060.09613 +-          0.47898
--------------------------------------------------------------------------------------------------------------------------------------------------------------
      -0.9        -0.8   0.1             ud~_epvebb~                   -1060.09613 +-          0.47898        1.158       0 [    7]      (   0)        9049103

      -0.9        -0.8   0.15            NLO.QT.32.CT.QCD              -944.455561 +-         0.427643
--------------------------------------------------------------------------------------------------------------------------------------------------------------
      -0.9        -0.8   0.15            ud~_epvebb~                   -944.455561 +-         0.427643        1.156       0 [    7]      (   0)        9049103

      -0.9        -0.8   0.2             NLO.QT.32.CT.QCD              -866.447601 +-         0.393016
--------------------------------------------------------------------------------------------------------------------------------------------------------------
      -0.9        -0.8   0.2             ud~_epvebb~                   -866.447601 +-         0.393016        1.155       0 [    7]      (   0)        9049103

      -0.9        -0.8   0.25            NLO.QT.32.CT.QCD              -808.249600 +-         0.367183
--------------------------------------------------------------------------------------------------------------------------------------------------------------
      -0.9        -0.8   0.25            ud~_epvebb~                   -808.249600 +-         0.367183        1.154       0 [    7]      (   0)        9049103

      -0.9        -0.8   0.5             NLO.QT.32.CT.QCD              -640.340487 +-         0.292649
--------------------------------------------------------------------------------------------------------------------------------------------------------------
      -0.9        -0.8   0.5             ud~_epvebb~                   -640.340487 +-         0.292649        1.149       0 [    7]      (   0)        9049103

==============================================================================================================================================================

      -0.8        -0.7   0.01            NLO.QT.32.CT.QCD              -1848.59691 +-          0.82852
--------------------------------------------------------------------------------------------------------------------------------------------------------------
      -0.8        -0.7   0.01            ud~_epvebb~                   -1848.59691 +-          0.82852        1.198       0 [    7]      (   0)        9067486

      -0.8        -0.7   0.05            NLO.QT.32.CT.QCD              -1277.14749 +-          0.57485
--------------------------------------------------------------------------------------------------------------------------------------------------------------
      -0.8        -0.7   0.05            ud~_epvebb~                   -1277.14749 +-          0.57485        1.228       0 [    7]      (   0)        9067486

      -0.8        -0.7   0.1             NLO.QT.32.CT.QCD              -1063.44867 +-          0.48001
--------------------------------------------------------------------------------------------------------------------------------------------------------------
      -0.8        -0.7   0.1             ud~_epvebb~                   -1063.44867 +-          0.48001        1.243       0 [    7]      (   0)        9067486

      -0.8        -0.7   0.15            NLO.QT.32.CT.QCD              -947.488917 +-         0.428559
--------------------------------------------------------------------------------------------------------------------------------------------------------------
      -0.8        -0.7   0.15            ud~_epvebb~                   -947.488917 +-         0.428559        1.253       0 [    7]      (   0)        9067486

      -0.8        -0.7   0.2             NLO.QT.32.CT.QCD              -869.263748 +-         0.393852
--------------------------------------------------------------------------------------------------------------------------------------------------------------
      -0.8        -0.7   0.2             ud~_epvebb~                   -869.263748 +-         0.393852        1.261       0 [    7]      (   0)        9067486

      -0.8        -0.7   0.25            NLO.QT.32.CT.QCD              -810.902559 +-         0.367959
--------------------------------------------------------------------------------------------------------------------------------------------------------------
      -0.8        -0.7   0.25            ud~_epvebb~                   -810.902559 +-         0.367959        1.267       0 [    7]      (   0)        9067486

      -0.8        -0.7   0.5             NLO.QT.32.CT.QCD              -642.516035 +-         0.293251
--------------------------------------------------------------------------------------------------------------------------------------------------------------
      -0.8        -0.7   0.5             ud~_epvebb~                   -642.516035 +-         0.293251        1.288       0 [    7]      (   0)        9067486

==============================================================================================================================================================

      -0.7        -0.6   0.01            NLO.QT.32.CT.QCD              -1852.72274 +-          0.82917
--------------------------------------------------------------------------------------------------------------------------------------------------------------
      -0.7        -0.6   0.01            ud~_epvebb~                   -1852.72274 +-          0.82917       0.9381       0 [    7]      (   0)        9079455

      -0.7        -0.6   0.05            NLO.QT.32.CT.QCD              -1280.19958 +-          0.57538
--------------------------------------------------------------------------------------------------------------------------------------------------------------
      -0.7        -0.6   0.05            ud~_epvebb~                   -1280.19958 +-          0.57538       0.9612       0 [    7]      (   0)        9079455

      -0.7        -0.6   0.1             NLO.QT.32.CT.QCD              -1066.08436 +-          0.48049
--------------------------------------------------------------------------------------------------------------------------------------------------------------
      -0.7        -0.6   0.1             ud~_epvebb~                   -1066.08436 +-          0.48049       0.9736       0 [    7]      (   0)        9079455

      -0.7        -0.6   0.15            NLO.QT.32.CT.QCD              -949.893863 +-         0.429007
--------------------------------------------------------------------------------------------------------------------------------------------------------------
      -0.7        -0.6   0.15            ud~_epvebb~                   -949.893863 +-         0.429007       0.9817       0 [    7]      (   0)        9079455

      -0.7        -0.6   0.2             NLO.QT.32.CT.QCD              -871.510736 +-         0.394278
--------------------------------------------------------------------------------------------------------------------------------------------------------------
      -0.7        -0.6   0.2             ud~_epvebb~                   -871.510736 +-         0.394278       0.9880       0 [    7]      (   0)        9079455

      -0.7        -0.6   0.25            NLO.QT.32.CT.QCD              -813.030313 +-         0.368368
--------------------------------------------------------------------------------------------------------------------------------------------------------------
      -0.7        -0.6   0.25            ud~_epvebb~                   -813.030313 +-         0.368368       0.9931       0 [    7]      (   0)        9079455

      -0.7        -0.6   0.5             NLO.QT.32.CT.QCD              -644.291734 +-         0.293607
--------------------------------------------------------------------------------------------------------------------------------------------------------------
      -0.7        -0.6   0.5             ud~_epvebb~                   -644.291734 +-         0.293607        1.011       0 [    7]      (   0)        9079455

==============================================================================================================================================================

      -0.6        -0.5   0.01            NLO.QT.32.CT.QCD              -1857.09582 +-          0.83056
--------------------------------------------------------------------------------------------------------------------------------------------------------------
      -0.6        -0.5   0.01            ud~_epvebb~                   -1857.09582 +-          0.83056        1.042       0 [    7]      (   0)        9100922

      -0.6        -0.5   0.05            NLO.QT.32.CT.QCD              -1283.40768 +-          0.57640
--------------------------------------------------------------------------------------------------------------------------------------------------------------
      -0.6        -0.5   0.05            ud~_epvebb~                   -1283.40768 +-          0.57640        1.077       0 [    7]      (   0)        9100922

      -0.6        -0.5   0.1             NLO.QT.32.CT.QCD              -1068.84302 +-          0.48137
--------------------------------------------------------------------------------------------------------------------------------------------------------------
      -0.6        -0.5   0.1             ud~_epvebb~                   -1068.84302 +-          0.48137        1.096       0 [    7]      (   0)        9100922

      -0.6        -0.5   0.15            NLO.QT.32.CT.QCD              -952.404219 +-         0.429801
--------------------------------------------------------------------------------------------------------------------------------------------------------------
      -0.6        -0.5   0.15            ud~_epvebb~                   -952.404219 +-         0.429801        1.109       0 [    7]      (   0)        9100922

      -0.6        -0.5   0.2             NLO.QT.32.CT.QCD              -873.851448 +-         0.395016
--------------------------------------------------------------------------------------------------------------------------------------------------------------
      -0.6        -0.5   0.2             ud~_epvebb~                   -873.851448 +-         0.395016        1.119       0 [    7]      (   0)        9100922

      -0.6        -0.5   0.25            NLO.QT.32.CT.QCD              -815.243175 +-         0.369063
--------------------------------------------------------------------------------------------------------------------------------------------------------------
      -0.6        -0.5   0.25            ud~_epvebb~                   -815.243175 +-         0.369063        1.127       0 [    7]      (   0)        9100922

      -0.6        -0.5   0.5             NLO.QT.32.CT.QCD              -646.128275 +-         0.294178
--------------------------------------------------------------------------------------------------------------------------------------------------------------
      -0.6        -0.5   0.5             ud~_epvebb~                   -646.128275 +-         0.294178        1.155       0 [    7]      (   0)        9100922

==============================================================================================================================================================

      -0.5        -0.4   0.01            NLO.QT.32.CT.QCD              -1859.68988 +-          0.83131
--------------------------------------------------------------------------------------------------------------------------------------------------------------
      -0.5        -0.4   0.01            ud~_epvebb~                   -1859.68988 +-          0.83131       0.7194       0 [    7]      (   0)        9101977

      -0.5        -0.4   0.05            NLO.QT.32.CT.QCD              -1285.36322 +-          0.57693
--------------------------------------------------------------------------------------------------------------------------------------------------------------
      -0.5        -0.4   0.05            ud~_epvebb~                   -1285.36322 +-          0.57693       0.7109       0 [    7]      (   0)        9101977

      -0.5        -0.4   0.1             NLO.QT.32.CT.QCD              -1070.54774 +-          0.48181
--------------------------------------------------------------------------------------------------------------------------------------------------------------
      -0.5        -0.4   0.1             ud~_epvebb~                   -1070.54774 +-          0.48181       0.7059       0 [    7]      (   0)        9101977

      -0.5        -0.4   0.15            NLO.QT.32.CT.QCD              -953.968958 +-         0.430204
--------------------------------------------------------------------------------------------------------------------------------------------------------------
      -0.5        -0.4   0.15            ud~_epvebb~                   -953.968958 +-         0.430204       0.7024       0 [    7]      (   0)        9101977

      -0.5        -0.4   0.2             NLO.QT.32.CT.QCD              -875.319889 +-         0.395388
--------------------------------------------------------------------------------------------------------------------------------------------------------------
      -0.5        -0.4   0.2             ud~_epvebb~                   -875.319889 +-         0.395388       0.6996       0 [    7]      (   0)        9101977

      -0.5        -0.4   0.25            NLO.QT.32.CT.QCD              -816.638648 +-         0.369413
--------------------------------------------------------------------------------------------------------------------------------------------------------------
      -0.5        -0.4   0.25            ud~_epvebb~                   -816.638648 +-         0.369413       0.6972       0 [    7]      (   0)        9101977

      -0.5        -0.4   0.5             NLO.QT.32.CT.QCD              -647.306710 +-         0.294461
--------------------------------------------------------------------------------------------------------------------------------------------------------------
      -0.5        -0.4   0.5             ud~_epvebb~                   -647.306710 +-         0.294461       0.6884       0 [    7]      (   0)        9101977

==============================================================================================================================================================

      -0.4        -0.3   0.01            NLO.QT.32.CT.QCD              -1861.95216 +-          0.83264
--------------------------------------------------------------------------------------------------------------------------------------------------------------
      -0.4        -0.3   0.01            ud~_epvebb~                   -1861.95216 +-          0.83264       0.5369       0 [    7]      (   0)        9104819

      -0.4        -0.3   0.05            NLO.QT.32.CT.QCD              -1287.05527 +-          0.57794
--------------------------------------------------------------------------------------------------------------------------------------------------------------
      -0.4        -0.3   0.05            ud~_epvebb~                   -1287.05527 +-          0.57794       0.5137       0 [    7]      (   0)        9104819

      -0.4        -0.3   0.1             NLO.QT.32.CT.QCD              -1072.01702 +-          0.48270
--------------------------------------------------------------------------------------------------------------------------------------------------------------
      -0.4        -0.3   0.1             ud~_epvebb~                   -1072.01702 +-          0.48270       0.5016       0 [    7]      (   0)        9104819

      -0.4        -0.3   0.15            NLO.QT.32.CT.QCD              -955.314298 +-         0.431022
--------------------------------------------------------------------------------------------------------------------------------------------------------------
      -0.4        -0.3   0.15            ud~_epvebb~                   -955.314298 +-         0.431022       0.4939       0 [    7]      (   0)        9104819

      -0.4        -0.3   0.2             NLO.QT.32.CT.QCD              -876.580144 +-         0.396157
--------------------------------------------------------------------------------------------------------------------------------------------------------------
      -0.4        -0.3   0.2             ud~_epvebb~                   -876.580144 +-         0.396157       0.4880       0 [    7]      (   0)        9104819

      -0.4        -0.3   0.25            NLO.QT.32.CT.QCD              -817.834537 +-         0.370144
--------------------------------------------------------------------------------------------------------------------------------------------------------------
      -0.4        -0.3   0.25            ud~_epvebb~                   -817.834537 +-         0.370144       0.4832       0 [    7]      (   0)        9104819

      -0.4        -0.3   0.5             NLO.QT.32.CT.QCD              -648.311743 +-         0.295079
--------------------------------------------------------------------------------------------------------------------------------------------------------------
      -0.4        -0.3   0.5             ud~_epvebb~                   -648.311743 +-         0.295079       0.4672       0 [    7]      (   0)        9104819

==============================================================================================================================================================

      -0.3        -0.2   0.01            NLO.QT.32.CT.QCD              -1864.07213 +-          0.83236
--------------------------------------------------------------------------------------------------------------------------------------------------------------
      -0.3        -0.2   0.01            ud~_epvebb~                   -1864.07213 +-          0.83236       0.8556       0 [    7]      (   0)        9112702

      -0.3        -0.2   0.05            NLO.QT.32.CT.QCD              -1288.58071 +-          0.57773
--------------------------------------------------------------------------------------------------------------------------------------------------------------
      -0.3        -0.2   0.05            ud~_epvebb~                   -1288.58071 +-          0.57773       0.8538       0 [    7]      (   0)        9112702

      -0.3        -0.2   0.1             NLO.QT.32.CT.QCD              -1073.31565 +-          0.48251
--------------------------------------------------------------------------------------------------------------------------------------------------------------
      -0.3        -0.2   0.1             ud~_epvebb~                   -1073.31565 +-          0.48251       0.8529       0 [    7]      (   0)        9112702

      -0.3        -0.2   0.15            NLO.QT.32.CT.QCD              -956.488410 +-         0.430846
--------------------------------------------------------------------------------------------------------------------------------------------------------------
      -0.3        -0.2   0.15            ud~_epvebb~                   -956.488410 +-         0.430846       0.8523       0 [    7]      (   0)        9112702

      -0.3        -0.2   0.2             NLO.QT.32.CT.QCD              -877.669563 +-         0.395991
--------------------------------------------------------------------------------------------------------------------------------------------------------------
      -0.3        -0.2   0.2             ud~_epvebb~                   -877.669563 +-         0.395991       0.8518       0 [    7]      (   0)        9112702

      -0.3        -0.2   0.25            NLO.QT.32.CT.QCD              -818.860350 +-         0.369985
--------------------------------------------------------------------------------------------------------------------------------------------------------------
      -0.3        -0.2   0.25            ud~_epvebb~                   -818.860350 +-         0.369985       0.8515       0 [    7]      (   0)        9112702

      -0.3        -0.2   0.5             NLO.QT.32.CT.QCD              -649.151616 +-         0.294939
--------------------------------------------------------------------------------------------------------------------------------------------------------------
      -0.3        -0.2   0.5             ud~_epvebb~                   -649.151616 +-         0.294939       0.8502       0 [    7]      (   0)        9112702

==============================================================================================================================================================

      -0.2        -0.1   0.01            NLO.QT.32.CT.QCD              -1866.40956 +-          0.83319
--------------------------------------------------------------------------------------------------------------------------------------------------------------
      -0.2        -0.1   0.01            ud~_epvebb~                   -1866.40956 +-          0.83319       0.3612       0 [    7]      (   0)        9126635

      -0.2        -0.1   0.05            NLO.QT.32.CT.QCD              -1290.23230 +-          0.57831
--------------------------------------------------------------------------------------------------------------------------------------------------------------
      -0.2        -0.1   0.05            ud~_epvebb~                   -1290.23230 +-          0.57831       0.3508       0 [    7]      (   0)        9126635

      -0.2        -0.1   0.1             NLO.QT.32.CT.QCD              -1074.70805 +-          0.48300
--------------------------------------------------------------------------------------------------------------------------------------------------------------
      -0.2        -0.1   0.1             ud~_epvebb~                   -1074.70805 +-          0.48300       0.3456       0 [    7]      (   0)        9126635

      -0.2        -0.1   0.15            NLO.QT.32.CT.QCD              -957.739297 +-         0.431285
--------------------------------------------------------------------------------------------------------------------------------------------------------------
      -0.2        -0.1   0.15            ud~_epvebb~                   -957.739297 +-         0.431285       0.3423       0 [    7]      (   0)        9126635

      -0.2        -0.1   0.2             NLO.QT.32.CT.QCD              -878.824567 +-         0.396395
--------------------------------------------------------------------------------------------------------------------------------------------------------------
      -0.2        -0.1   0.2             ud~_epvebb~                   -878.824567 +-         0.396395       0.3399       0 [    7]      (   0)        9126635

      -0.2        -0.1   0.25            NLO.QT.32.CT.QCD              -819.943566 +-         0.370364
--------------------------------------------------------------------------------------------------------------------------------------------------------------
      -0.2        -0.1   0.25            ud~_epvebb~                   -819.943566 +-         0.370364       0.3380       0 [    7]      (   0)        9126635

      -0.2        -0.1   0.5             NLO.QT.32.CT.QCD              -650.026245 +-         0.295245
--------------------------------------------------------------------------------------------------------------------------------------------------------------
      -0.2        -0.1   0.5             ud~_epvebb~                   -650.026245 +-         0.295245       0.3320       0 [    7]      (   0)        9126635

==============================================================================================================================================================

      -0.1           0   0.01            NLO.QT.32.CT.QCD              -1866.54874 +-          0.83227
--------------------------------------------------------------------------------------------------------------------------------------------------------------
      -0.1           0   0.01            ud~_epvebb~                   -1866.54874 +-          0.83227       0.7343       0 [    7]      (   0)        9136149

      -0.1           0   0.05            NLO.QT.32.CT.QCD              -1290.35751 +-          0.57768
--------------------------------------------------------------------------------------------------------------------------------------------------------------
      -0.1           0   0.05            ud~_epvebb~                   -1290.35751 +-          0.57768       0.7518       0 [    7]      (   0)        9136149

      -0.1           0   0.1             NLO.QT.32.CT.QCD              -1074.82590 +-          0.48248
--------------------------------------------------------------------------------------------------------------------------------------------------------------
      -0.1           0   0.1             ud~_epvebb~                   -1074.82590 +-          0.48248       0.7615       0 [    7]      (   0)        9136149

      -0.1           0   0.15            NLO.QT.32.CT.QCD              -957.852465 +-         0.430816
--------------------------------------------------------------------------------------------------------------------------------------------------------------
      -0.1           0   0.15            ud~_epvebb~                   -957.852465 +-         0.430816       0.7679       0 [    7]      (   0)        9136149

      -0.1           0   0.2             NLO.QT.32.CT.QCD              -878.934242 +-         0.395964
--------------------------------------------------------------------------------------------------------------------------------------------------------------
      -0.1           0   0.2             ud~_epvebb~                   -878.934242 +-         0.395964       0.7729       0 [    7]      (   0)        9136149

      -0.1           0   0.25            NLO.QT.32.CT.QCD              -820.050436 +-         0.369961
--------------------------------------------------------------------------------------------------------------------------------------------------------------
      -0.1           0   0.25            ud~_epvebb~                   -820.050436 +-         0.369961       0.7771       0 [    7]      (   0)        9136149

      -0.1           0   0.5             NLO.QT.32.CT.QCD              -650.123862 +-         0.294924
--------------------------------------------------------------------------------------------------------------------------------------------------------------
      -0.1           0   0.5             ud~_epvebb~                   -650.123862 +-         0.294924       0.7917       0 [    7]      (   0)        9136149

==============================================================================================================================================================

         0         0.1   0.01            NLO.QT.32.CT.QCD              -1866.54874 +-          0.83227
--------------------------------------------------------------------------------------------------------------------------------------------------------------
         0         0.1   0.01            ud~_epvebb~                   -1866.54874 +-          0.83227       0.7343       0 [    7]      (   0)        9136149

         0         0.1   0.05            NLO.QT.32.CT.QCD              -1290.35751 +-          0.57768
--------------------------------------------------------------------------------------------------------------------------------------------------------------
         0         0.1   0.05            ud~_epvebb~                   -1290.35751 +-          0.57768       0.7518       0 [    7]      (   0)        9136149

         0         0.1   0.1             NLO.QT.32.CT.QCD              -1074.82590 +-          0.48248
--------------------------------------------------------------------------------------------------------------------------------------------------------------
         0         0.1   0.1             ud~_epvebb~                   -1074.82590 +-          0.48248       0.7615       0 [    7]      (   0)        9136149

         0         0.1   0.15            NLO.QT.32.CT.QCD              -957.852465 +-         0.430816
--------------------------------------------------------------------------------------------------------------------------------------------------------------
         0         0.1   0.15            ud~_epvebb~                   -957.852465 +-         0.430816       0.7679       0 [    7]      (   0)        9136149

         0         0.1   0.2             NLO.QT.32.CT.QCD              -878.934242 +-         0.395964
--------------------------------------------------------------------------------------------------------------------------------------------------------------
         0         0.1   0.2             ud~_epvebb~                   -878.934242 +-         0.395964       0.7729       0 [    7]      (   0)        9136149

         0         0.1   0.25            NLO.QT.32.CT.QCD              -820.050436 +-         0.369961
--------------------------------------------------------------------------------------------------------------------------------------------------------------
         0         0.1   0.25            ud~_epvebb~                   -820.050436 +-         0.369961       0.7771       0 [    7]      (   0)        9136149

         0         0.1   0.5             NLO.QT.32.CT.QCD              -650.123862 +-         0.294924
--------------------------------------------------------------------------------------------------------------------------------------------------------------
         0         0.1   0.5             ud~_epvebb~                   -650.123862 +-         0.294924       0.7917       0 [    7]      (   0)        9136149

==============================================================================================================================================================

       0.1         0.2   0.01            NLO.QT.32.CT.QCD              -1866.40956 +-          0.83319
--------------------------------------------------------------------------------------------------------------------------------------------------------------
       0.1         0.2   0.01            ud~_epvebb~                   -1866.40956 +-          0.83319       0.3612       0 [    7]      (   0)        9126635

       0.1         0.2   0.05            NLO.QT.32.CT.QCD              -1290.23230 +-          0.57831
--------------------------------------------------------------------------------------------------------------------------------------------------------------
       0.1         0.2   0.05            ud~_epvebb~                   -1290.23230 +-          0.57831       0.3508       0 [    7]      (   0)        9126635

       0.1         0.2   0.1             NLO.QT.32.CT.QCD              -1074.70805 +-          0.48300
--------------------------------------------------------------------------------------------------------------------------------------------------------------
       0.1         0.2   0.1             ud~_epvebb~                   -1074.70805 +-          0.48300       0.3456       0 [    7]      (   0)        9126635

       0.1         0.2   0.15            NLO.QT.32.CT.QCD              -957.739297 +-         0.431285
--------------------------------------------------------------------------------------------------------------------------------------------------------------
       0.1         0.2   0.15            ud~_epvebb~                   -957.739297 +-         0.431285       0.3423       0 [    7]      (   0)        9126635

       0.1         0.2   0.2             NLO.QT.32.CT.QCD              -878.824567 +-         0.396395
--------------------------------------------------------------------------------------------------------------------------------------------------------------
       0.1         0.2   0.2             ud~_epvebb~                   -878.824567 +-         0.396395       0.3399       0 [    7]      (   0)        9126635

       0.1         0.2   0.25            NLO.QT.32.CT.QCD              -819.943566 +-         0.370364
--------------------------------------------------------------------------------------------------------------------------------------------------------------
       0.1         0.2   0.25            ud~_epvebb~                   -819.943566 +-         0.370364       0.3380       0 [    7]      (   0)        9126635

       0.1         0.2   0.5             NLO.QT.32.CT.QCD              -650.026245 +-         0.295245
--------------------------------------------------------------------------------------------------------------------------------------------------------------
       0.1         0.2   0.5             ud~_epvebb~                   -650.026245 +-         0.295245       0.3320       0 [    7]      (   0)        9126635

==============================================================================================================================================================

       0.2         0.3   0.01            NLO.QT.32.CT.QCD              -1864.07213 +-          0.83236
--------------------------------------------------------------------------------------------------------------------------------------------------------------
       0.2         0.3   0.01            ud~_epvebb~                   -1864.07213 +-          0.83236       0.8556       0 [    7]      (   0)        9112702

       0.2         0.3   0.05            NLO.QT.32.CT.QCD              -1288.58071 +-          0.57773
--------------------------------------------------------------------------------------------------------------------------------------------------------------
       0.2         0.3   0.05            ud~_epvebb~                   -1288.58071 +-          0.57773       0.8538       0 [    7]      (   0)        9112702

       0.2         0.3   0.1             NLO.QT.32.CT.QCD              -1073.31565 +-          0.48251
--------------------------------------------------------------------------------------------------------------------------------------------------------------
       0.2         0.3   0.1             ud~_epvebb~                   -1073.31565 +-          0.48251       0.8529       0 [    7]      (   0)        9112702

       0.2         0.3   0.15            NLO.QT.32.CT.QCD              -956.488410 +-         0.430846
--------------------------------------------------------------------------------------------------------------------------------------------------------------
       0.2         0.3   0.15            ud~_epvebb~                   -956.488410 +-         0.430846       0.8523       0 [    7]      (   0)        9112702

       0.2         0.3   0.2             NLO.QT.32.CT.QCD              -877.669563 +-         0.395991
--------------------------------------------------------------------------------------------------------------------------------------------------------------
       0.2         0.3   0.2             ud~_epvebb~                   -877.669563 +-         0.395991       0.8518       0 [    7]      (   0)        9112702

       0.2         0.3   0.25            NLO.QT.32.CT.QCD              -818.860350 +-         0.369985
--------------------------------------------------------------------------------------------------------------------------------------------------------------
       0.2         0.3   0.25            ud~_epvebb~                   -818.860350 +-         0.369985       0.8515       0 [    7]      (   0)        9112702

       0.2         0.3   0.5             NLO.QT.32.CT.QCD              -649.151616 +-         0.294939
--------------------------------------------------------------------------------------------------------------------------------------------------------------
       0.2         0.3   0.5             ud~_epvebb~                   -649.151616 +-         0.294939       0.8502       0 [    7]      (   0)        9112702

==============================================================================================================================================================

       0.3         0.4   0.01            NLO.QT.32.CT.QCD              -1861.95216 +-          0.83264
--------------------------------------------------------------------------------------------------------------------------------------------------------------
       0.3         0.4   0.01            ud~_epvebb~                   -1861.95216 +-          0.83264       0.5369       0 [    7]      (   0)        9104819

       0.3         0.4   0.05            NLO.QT.32.CT.QCD              -1287.05527 +-          0.57794
--------------------------------------------------------------------------------------------------------------------------------------------------------------
       0.3         0.4   0.05            ud~_epvebb~                   -1287.05527 +-          0.57794       0.5137       0 [    7]      (   0)        9104819

       0.3         0.4   0.1             NLO.QT.32.CT.QCD              -1072.01702 +-          0.48270
--------------------------------------------------------------------------------------------------------------------------------------------------------------
       0.3         0.4   0.1             ud~_epvebb~                   -1072.01702 +-          0.48270       0.5016       0 [    7]      (   0)        9104819

       0.3         0.4   0.15            NLO.QT.32.CT.QCD              -955.314298 +-         0.431022
--------------------------------------------------------------------------------------------------------------------------------------------------------------
       0.3         0.4   0.15            ud~_epvebb~                   -955.314298 +-         0.431022       0.4939       0 [    7]      (   0)        9104819

       0.3         0.4   0.2             NLO.QT.32.CT.QCD              -876.580144 +-         0.396157
--------------------------------------------------------------------------------------------------------------------------------------------------------------
       0.3         0.4   0.2             ud~_epvebb~                   -876.580144 +-         0.396157       0.4880       0 [    7]      (   0)        9104819

       0.3         0.4   0.25            NLO.QT.32.CT.QCD              -817.834537 +-         0.370144
--------------------------------------------------------------------------------------------------------------------------------------------------------------
       0.3         0.4   0.25            ud~_epvebb~                   -817.834537 +-         0.370144       0.4832       0 [    7]      (   0)        9104819

       0.3         0.4   0.5             NLO.QT.32.CT.QCD              -648.311743 +-         0.295079
--------------------------------------------------------------------------------------------------------------------------------------------------------------
       0.3         0.4   0.5             ud~_epvebb~                   -648.311743 +-         0.295079       0.4672       0 [    7]      (   0)        9104819

==============================================================================================================================================================

       0.4         0.5   0.01            NLO.QT.32.CT.QCD              -1859.68988 +-          0.83131
--------------------------------------------------------------------------------------------------------------------------------------------------------------
       0.4         0.5   0.01            ud~_epvebb~                   -1859.68988 +-          0.83131       0.7194       0 [    7]      (   0)        9101977

       0.4         0.5   0.05            NLO.QT.32.CT.QCD              -1285.36322 +-          0.57693
--------------------------------------------------------------------------------------------------------------------------------------------------------------
       0.4         0.5   0.05            ud~_epvebb~                   -1285.36322 +-          0.57693       0.7109       0 [    7]      (   0)        9101977

       0.4         0.5   0.1             NLO.QT.32.CT.QCD              -1070.54774 +-          0.48181
--------------------------------------------------------------------------------------------------------------------------------------------------------------
       0.4         0.5   0.1             ud~_epvebb~                   -1070.54774 +-          0.48181       0.7059       0 [    7]      (   0)        9101977

       0.4         0.5   0.15            NLO.QT.32.CT.QCD              -953.968958 +-         0.430204
--------------------------------------------------------------------------------------------------------------------------------------------------------------
       0.4         0.5   0.15            ud~_epvebb~                   -953.968958 +-         0.430204       0.7024       0 [    7]      (   0)        9101977

       0.4         0.5   0.2             NLO.QT.32.CT.QCD              -875.319889 +-         0.395388
--------------------------------------------------------------------------------------------------------------------------------------------------------------
       0.4         0.5   0.2             ud~_epvebb~                   -875.319889 +-         0.395388       0.6996       0 [    7]      (   0)        9101977

       0.4         0.5   0.25            NLO.QT.32.CT.QCD              -816.638648 +-         0.369413
--------------------------------------------------------------------------------------------------------------------------------------------------------------
       0.4         0.5   0.25            ud~_epvebb~                   -816.638648 +-         0.369413       0.6972       0 [    7]      (   0)        9101977

       0.4         0.5   0.5             NLO.QT.32.CT.QCD              -647.306710 +-         0.294461
--------------------------------------------------------------------------------------------------------------------------------------------------------------
       0.4         0.5   0.5             ud~_epvebb~                   -647.306710 +-         0.294461       0.6884       0 [    7]      (   0)        9101977

==============================================================================================================================================================

       0.5         0.6   0.01            NLO.QT.32.CT.QCD              -1857.09582 +-          0.83056
--------------------------------------------------------------------------------------------------------------------------------------------------------------
       0.5         0.6   0.01            ud~_epvebb~                   -1857.09582 +-          0.83056        1.042       0 [    7]      (   0)        9100922

       0.5         0.6   0.05            NLO.QT.32.CT.QCD              -1283.40768 +-          0.57640
--------------------------------------------------------------------------------------------------------------------------------------------------------------
       0.5         0.6   0.05            ud~_epvebb~                   -1283.40768 +-          0.57640        1.077       0 [    7]      (   0)        9100922

       0.5         0.6   0.1             NLO.QT.32.CT.QCD              -1068.84302 +-          0.48137
--------------------------------------------------------------------------------------------------------------------------------------------------------------
       0.5         0.6   0.1             ud~_epvebb~                   -1068.84302 +-          0.48137        1.096       0 [    7]      (   0)        9100922

       0.5         0.6   0.15            NLO.QT.32.CT.QCD              -952.404219 +-         0.429801
--------------------------------------------------------------------------------------------------------------------------------------------------------------
       0.5         0.6   0.15            ud~_epvebb~                   -952.404219 +-         0.429801        1.109       0 [    7]      (   0)        9100922

       0.5         0.6   0.2             NLO.QT.32.CT.QCD              -873.851448 +-         0.395016
--------------------------------------------------------------------------------------------------------------------------------------------------------------
       0.5         0.6   0.2             ud~_epvebb~                   -873.851448 +-         0.395016        1.119       0 [    7]      (   0)        9100922

       0.5         0.6   0.25            NLO.QT.32.CT.QCD              -815.243175 +-         0.369063
--------------------------------------------------------------------------------------------------------------------------------------------------------------
       0.5         0.6   0.25            ud~_epvebb~                   -815.243175 +-         0.369063        1.127       0 [    7]      (   0)        9100922

       0.5         0.6   0.5             NLO.QT.32.CT.QCD              -646.128275 +-         0.294178
--------------------------------------------------------------------------------------------------------------------------------------------------------------
       0.5         0.6   0.5             ud~_epvebb~                   -646.128275 +-         0.294178        1.155       0 [    7]      (   0)        9100922

==============================================================================================================================================================

       0.6         0.7   0.01            NLO.QT.32.CT.QCD              -1852.72274 +-          0.82917
--------------------------------------------------------------------------------------------------------------------------------------------------------------
       0.6         0.7   0.01            ud~_epvebb~                   -1852.72274 +-          0.82917       0.9381       0 [    7]      (   0)        9079455

       0.6         0.7   0.05            NLO.QT.32.CT.QCD              -1280.19958 +-          0.57538
--------------------------------------------------------------------------------------------------------------------------------------------------------------
       0.6         0.7   0.05            ud~_epvebb~                   -1280.19958 +-          0.57538       0.9612       0 [    7]      (   0)        9079455

       0.6         0.7   0.1             NLO.QT.32.CT.QCD              -1066.08436 +-          0.48049
--------------------------------------------------------------------------------------------------------------------------------------------------------------
       0.6         0.7   0.1             ud~_epvebb~                   -1066.08436 +-          0.48049       0.9736       0 [    7]      (   0)        9079455

       0.6         0.7   0.15            NLO.QT.32.CT.QCD              -949.893863 +-         0.429007
--------------------------------------------------------------------------------------------------------------------------------------------------------------
       0.6         0.7   0.15            ud~_epvebb~                   -949.893863 +-         0.429007       0.9817       0 [    7]      (   0)        9079455

       0.6         0.7   0.2             NLO.QT.32.CT.QCD              -871.510736 +-         0.394278
--------------------------------------------------------------------------------------------------------------------------------------------------------------
       0.6         0.7   0.2             ud~_epvebb~                   -871.510736 +-         0.394278       0.9880       0 [    7]      (   0)        9079455

       0.6         0.7   0.25            NLO.QT.32.CT.QCD              -813.030313 +-         0.368368
--------------------------------------------------------------------------------------------------------------------------------------------------------------
       0.6         0.7   0.25            ud~_epvebb~                   -813.030313 +-         0.368368       0.9931       0 [    7]      (   0)        9079455

       0.6         0.7   0.5             NLO.QT.32.CT.QCD              -644.291734 +-         0.293607
--------------------------------------------------------------------------------------------------------------------------------------------------------------
       0.6         0.7   0.5             ud~_epvebb~                   -644.291734 +-         0.293607        1.011       0 [    7]      (   0)        9079455

==============================================================================================================================================================

       0.7         0.8   0.01            NLO.QT.32.CT.QCD              -1848.59691 +-          0.82852
--------------------------------------------------------------------------------------------------------------------------------------------------------------
       0.7         0.8   0.01            ud~_epvebb~                   -1848.59691 +-          0.82852        1.198       0 [    7]      (   0)        9067486

       0.7         0.8   0.05            NLO.QT.32.CT.QCD              -1277.14749 +-          0.57485
--------------------------------------------------------------------------------------------------------------------------------------------------------------
       0.7         0.8   0.05            ud~_epvebb~                   -1277.14749 +-          0.57485        1.228       0 [    7]      (   0)        9067486

       0.7         0.8   0.1             NLO.QT.32.CT.QCD              -1063.44867 +-          0.48001
--------------------------------------------------------------------------------------------------------------------------------------------------------------
       0.7         0.8   0.1             ud~_epvebb~                   -1063.44867 +-          0.48001        1.243       0 [    7]      (   0)        9067486

       0.7         0.8   0.15            NLO.QT.32.CT.QCD              -947.488917 +-         0.428559
--------------------------------------------------------------------------------------------------------------------------------------------------------------
       0.7         0.8   0.15            ud~_epvebb~                   -947.488917 +-         0.428559        1.253       0 [    7]      (   0)        9067486

       0.7         0.8   0.2             NLO.QT.32.CT.QCD              -869.263748 +-         0.393852
--------------------------------------------------------------------------------------------------------------------------------------------------------------
       0.7         0.8   0.2             ud~_epvebb~                   -869.263748 +-         0.393852        1.261       0 [    7]      (   0)        9067486

       0.7         0.8   0.25            NLO.QT.32.CT.QCD              -810.902559 +-         0.367959
--------------------------------------------------------------------------------------------------------------------------------------------------------------
       0.7         0.8   0.25            ud~_epvebb~                   -810.902559 +-         0.367959        1.267       0 [    7]      (   0)        9067486

       0.7         0.8   0.5             NLO.QT.32.CT.QCD              -642.516035 +-         0.293251
--------------------------------------------------------------------------------------------------------------------------------------------------------------
       0.7         0.8   0.5             ud~_epvebb~                   -642.516035 +-         0.293251        1.288       0 [    7]      (   0)        9067486

==============================================================================================================================================================

       0.8         0.9   0.01            NLO.QT.32.CT.QCD              -1843.14222 +-          0.82668
--------------------------------------------------------------------------------------------------------------------------------------------------------------
       0.8         0.9   0.01            ud~_epvebb~                   -1843.14222 +-          0.82668        1.163       0 [    7]      (   0)        9049103

       0.8         0.9   0.05            NLO.QT.32.CT.QCD              -1273.21393 +-          0.57359
--------------------------------------------------------------------------------------------------------------------------------------------------------------
       0.8         0.9   0.05            ud~_epvebb~                   -1273.21393 +-          0.57359        1.160       0 [    7]      (   0)        9049103

       0.8         0.9   0.1             NLO.QT.32.CT.QCD              -1060.09613 +-          0.47898
--------------------------------------------------------------------------------------------------------------------------------------------------------------
       0.8         0.9   0.1             ud~_epvebb~                   -1060.09613 +-          0.47898        1.158       0 [    7]      (   0)        9049103

       0.8         0.9   0.15            NLO.QT.32.CT.QCD              -944.455561 +-         0.427643
--------------------------------------------------------------------------------------------------------------------------------------------------------------
       0.8         0.9   0.15            ud~_epvebb~                   -944.455561 +-         0.427643        1.156       0 [    7]      (   0)        9049103

       0.8         0.9   0.2             NLO.QT.32.CT.QCD              -866.447601 +-         0.393016
--------------------------------------------------------------------------------------------------------------------------------------------------------------
       0.8         0.9   0.2             ud~_epvebb~                   -866.447601 +-         0.393016        1.155       0 [    7]      (   0)        9049103

       0.8         0.9   0.25            NLO.QT.32.CT.QCD              -808.249600 +-         0.367183
--------------------------------------------------------------------------------------------------------------------------------------------------------------
       0.8         0.9   0.25            ud~_epvebb~                   -808.249600 +-         0.367183        1.154       0 [    7]      (   0)        9049103

       0.8         0.9   0.5             NLO.QT.32.CT.QCD              -640.340487 +-         0.292649
--------------------------------------------------------------------------------------------------------------------------------------------------------------
       0.8         0.9   0.5             ud~_epvebb~                   -640.340487 +-         0.292649        1.149       0 [    7]      (   0)        9049103

==============================================================================================================================================================

       0.9           1   0.01            NLO.QT.32.CT.QCD              -1837.11282 +-          0.82689
--------------------------------------------------------------------------------------------------------------------------------------------------------------
       0.9           1   0.01            ud~_epvebb~                   -1837.11282 +-          0.82689       0.5980       0 [    7]      (   0)        9030883

       0.9           1   0.05            NLO.QT.32.CT.QCD              -1268.80894 +-          0.57358
--------------------------------------------------------------------------------------------------------------------------------------------------------------
       0.9           1   0.05            ud~_epvebb~                   -1268.80894 +-          0.57358       0.6009       0 [    7]      (   0)        9030883

       0.9           1   0.1             NLO.QT.32.CT.QCD              -1056.31626 +-          0.47890
--------------------------------------------------------------------------------------------------------------------------------------------------------------
       0.9           1   0.1             ud~_epvebb~                   -1056.31626 +-          0.47890       0.6028       0 [    7]      (   0)        9030883

       0.9           1   0.15            NLO.QT.32.CT.QCD              -941.020580 +-         0.427528
--------------------------------------------------------------------------------------------------------------------------------------------------------------
       0.9           1   0.15            ud~_epvebb~                   -941.020580 +-         0.427528       0.6042       0 [    7]      (   0)        9030883

       0.9           1   0.2             NLO.QT.32.CT.QCD              -863.248016 +-         0.392880
--------------------------------------------------------------------------------------------------------------------------------------------------------------
       0.9           1   0.2             ud~_epvebb~                   -863.248016 +-         0.392880       0.6053       0 [    7]      (   0)        9030883

       0.9           1   0.25            NLO.QT.32.CT.QCD              -805.227282 +-         0.367033
--------------------------------------------------------------------------------------------------------------------------------------------------------------
       0.9           1   0.25            ud~_epvebb~                   -805.227282 +-         0.367033       0.6063       0 [    7]      (   0)        9030883

       0.9           1   0.5             NLO.QT.32.CT.QCD              -637.839167 +-         0.292465
--------------------------------------------------------------------------------------------------------------------------------------------------------------
       0.9           1   0.5             ud~_epvebb~                   -637.839167 +-         0.292465       0.6101       0 [    7]      (   0)        9030883

==============================================================================================================================================================

         1         1.1   0.01            NLO.QT.32.CT.QCD              -1831.70744 +-          0.82329
--------------------------------------------------------------------------------------------------------------------------------------------------------------
         1         1.1   0.01            ud~_epvebb~                   -1831.70744 +-          0.82329       0.2081       0 [    7]      (   0)        9012536

         1         1.1   0.05            NLO.QT.32.CT.QCD              -1264.76507 +-          0.57105
--------------------------------------------------------------------------------------------------------------------------------------------------------------
         1         1.1   0.05            ud~_epvebb~                   -1264.76507 +-          0.57105       0.2123       0 [    7]      (   0)        9012536

         1         1.1   0.1             NLO.QT.32.CT.QCD              -1052.80436 +-          0.47677
--------------------------------------------------------------------------------------------------------------------------------------------------------------
         1         1.1   0.1             ud~_epvebb~                   -1052.80436 +-          0.47677       0.2158       0 [    7]      (   0)        9012536

         1         1.1   0.15            NLO.QT.32.CT.QCD              -937.804674 +-         0.425627
--------------------------------------------------------------------------------------------------------------------------------------------------------------
         1         1.1   0.15            ud~_epvebb~                   -937.804674 +-         0.425627       0.2187       0 [    7]      (   0)        9012536

         1         1.1   0.2             NLO.QT.32.CT.QCD              -860.235326 +-         0.391130
--------------------------------------------------------------------------------------------------------------------------------------------------------------
         1         1.1   0.2             ud~_epvebb~                   -860.235326 +-         0.391130       0.2212       0 [    7]      (   0)        9012536

         1         1.1   0.25            NLO.QT.32.CT.QCD              -802.368334 +-         0.365395
--------------------------------------------------------------------------------------------------------------------------------------------------------------
         1         1.1   0.25            ud~_epvebb~                   -802.368334 +-         0.365395       0.2235       0 [    7]      (   0)        9012536

         1         1.1   0.5             NLO.QT.32.CT.QCD              -635.436125 +-         0.291156
--------------------------------------------------------------------------------------------------------------------------------------------------------------
         1         1.1   0.5             ud~_epvebb~                   -635.436125 +-         0.291156       0.2328       0 [    7]      (   0)        9012536

==============================================================================================================================================================

       1.1         1.2   0.01            NLO.QT.32.CT.QCD              -1823.35126 +-          0.82115
--------------------------------------------------------------------------------------------------------------------------------------------------------------
       1.1         1.2   0.01            ud~_epvebb~                   -1823.35126 +-          0.82115        1.341       0 [    7]      (   0)        8976376

       1.1         1.2   0.05            NLO.QT.32.CT.QCD              -1258.73356 +-          0.56951
--------------------------------------------------------------------------------------------------------------------------------------------------------------
       1.1         1.2   0.05            ud~_epvebb~                   -1258.73356 +-          0.56951        1.363       0 [    7]      (   0)        8976376

       1.1         1.2   0.1             NLO.QT.32.CT.QCD              -1047.66124 +-          0.47546
--------------------------------------------------------------------------------------------------------------------------------------------------------------
       1.1         1.2   0.1             ud~_epvebb~                   -1047.66124 +-          0.47546        1.374       0 [    7]      (   0)        8976376

       1.1         1.2   0.15            NLO.QT.32.CT.QCD              -933.149756 +-         0.424441
--------------------------------------------------------------------------------------------------------------------------------------------------------------
       1.1         1.2   0.15            ud~_epvebb~                   -933.149756 +-         0.424441        1.382       0 [    7]      (   0)        8976376

       1.1         1.2   0.2             NLO.QT.32.CT.QCD              -855.912697 +-         0.390031
--------------------------------------------------------------------------------------------------------------------------------------------------------------
       1.1         1.2   0.2             ud~_epvebb~                   -855.912697 +-         0.390031        1.387       0 [    7]      (   0)        8976376

       1.1         1.2   0.25            NLO.QT.32.CT.QCD              -798.295392 +-         0.364363
--------------------------------------------------------------------------------------------------------------------------------------------------------------
       1.1         1.2   0.25            ud~_epvebb~                   -798.295392 +-         0.364363        1.392       0 [    7]      (   0)        8976376

       1.1         1.2   0.5             NLO.QT.32.CT.QCD              -632.093884 +-         0.290317
--------------------------------------------------------------------------------------------------------------------------------------------------------------
       1.1         1.2   0.5             ud~_epvebb~                   -632.093884 +-         0.290317        1.407       0 [    7]      (   0)        8976376

==============================================================================================================================================================

       1.2         1.3   0.01            NLO.QT.32.CT.QCD              -1815.09011 +-          0.81909
--------------------------------------------------------------------------------------------------------------------------------------------------------------
       1.2         1.3   0.01            ud~_epvebb~                   -1815.09011 +-          0.81909        1.030       0 [    7]      (   0)        8942223

       1.2         1.3   0.05            NLO.QT.32.CT.QCD              -1252.69968 +-          0.56800
--------------------------------------------------------------------------------------------------------------------------------------------------------------
       1.2         1.3   0.05            ud~_epvebb~                   -1252.69968 +-          0.56800       0.9860       0 [    7]      (   0)        8942223

       1.2         1.3   0.1             NLO.QT.32.CT.QCD              -1042.48435 +-          0.47417
--------------------------------------------------------------------------------------------------------------------------------------------------------------
       1.2         1.3   0.1             ud~_epvebb~                   -1042.48435 +-          0.47417       0.9635       0 [    7]      (   0)        8942223

       1.2         1.3   0.15            NLO.QT.32.CT.QCD              -928.445629 +-         0.423276
--------------------------------------------------------------------------------------------------------------------------------------------------------------
       1.2         1.3   0.15            ud~_epvebb~                   -928.445629 +-         0.423276       0.9493       0 [    7]      (   0)        8942223

       1.2         1.3   0.2             NLO.QT.32.CT.QCD              -851.531227 +-         0.388949
--------------------------------------------------------------------------------------------------------------------------------------------------------------
       1.2         1.3   0.2             ud~_epvebb~                   -851.531227 +-         0.388949       0.9387       0 [    7]      (   0)        8942223

       1.2         1.3   0.25            NLO.QT.32.CT.QCD              -794.156890 +-         0.363343
--------------------------------------------------------------------------------------------------------------------------------------------------------------
       1.2         1.3   0.25            ud~_epvebb~                   -794.156890 +-         0.363343       0.9301       0 [    7]      (   0)        8942223

       1.2         1.3   0.5             NLO.QT.32.CT.QCD              -628.669412 +-         0.289481
--------------------------------------------------------------------------------------------------------------------------------------------------------------
       1.2         1.3   0.5             ud~_epvebb~                   -628.669412 +-         0.289481       0.9021       0 [    7]      (   0)        8942223

==============================================================================================================================================================

       1.3         1.4   0.01            NLO.QT.32.CT.QCD              -1804.51186 +-          0.81734
--------------------------------------------------------------------------------------------------------------------------------------------------------------
       1.3         1.4   0.01            ud~_epvebb~                   -1804.51186 +-          0.81734        1.602       0 [    7]      (   0)        8900596

       1.3         1.4   0.05            NLO.QT.32.CT.QCD              -1245.02749 +-          0.56666
--------------------------------------------------------------------------------------------------------------------------------------------------------------
       1.3         1.4   0.05            ud~_epvebb~                   -1245.02749 +-          0.56666        1.555       0 [    7]      (   0)        8900596

       1.3         1.4   0.1             NLO.QT.32.CT.QCD              -1035.92575 +-          0.47299
--------------------------------------------------------------------------------------------------------------------------------------------------------------
       1.3         1.4   0.1             ud~_epvebb~                   -1035.92575 +-          0.47299        1.529       0 [    7]      (   0)        8900596

       1.3         1.4   0.15            NLO.QT.32.CT.QCD              -922.499928 +-         0.422180
--------------------------------------------------------------------------------------------------------------------------------------------------------------
       1.3         1.4   0.15            ud~_epvebb~                   -922.499928 +-         0.422180        1.511       0 [    7]      (   0)        8900596

       1.3         1.4   0.2             NLO.QT.32.CT.QCD              -846.003142 +-         0.387916
--------------------------------------------------------------------------------------------------------------------------------------------------------------
       1.3         1.4   0.2             ud~_epvebb~                   -846.003142 +-         0.387916        1.497       0 [    7]      (   0)        8900596

       1.3         1.4   0.25            NLO.QT.32.CT.QCD              -788.942878 +-         0.362359
--------------------------------------------------------------------------------------------------------------------------------------------------------------
       1.3         1.4   0.25            ud~_epvebb~                   -788.942878 +-         0.362359        1.485       0 [    7]      (   0)        8900596

       1.3         1.4   0.5             NLO.QT.32.CT.QCD              -624.376073 +-         0.288645
--------------------------------------------------------------------------------------------------------------------------------------------------------------
       1.3         1.4   0.5             ud~_epvebb~                   -624.376073 +-         0.288645        1.442       0 [    7]      (   0)        8900596

==============================================================================================================================================================

       1.4         1.5   0.01            NLO.QT.32.CT.QCD              -1793.80855 +-          0.81523
--------------------------------------------------------------------------------------------------------------------------------------------------------------
       1.4         1.5   0.01            ud~_epvebb~                   -1793.80855 +-          0.81523       0.6192       0 [    7]      (   0)        8851934

       1.4         1.5   0.05            NLO.QT.32.CT.QCD              -1237.24322 +-          0.56505
--------------------------------------------------------------------------------------------------------------------------------------------------------------
       1.4         1.5   0.05            ud~_epvebb~                   -1237.24322 +-          0.56505       0.6412       0 [    7]      (   0)        8851934

       1.4         1.5   0.1             NLO.QT.32.CT.QCD              -1029.26182 +-          0.47158
--------------------------------------------------------------------------------------------------------------------------------------------------------------
       1.4         1.5   0.1             ud~_epvebb~                   -1029.26182 +-          0.47158       0.6538       0 [    7]      (   0)        8851934

       1.4         1.5   0.15            NLO.QT.32.CT.QCD              -916.453164 +-         0.420892
--------------------------------------------------------------------------------------------------------------------------------------------------------------
       1.4         1.5   0.15            ud~_epvebb~                   -916.453164 +-         0.420892       0.6625       0 [    7]      (   0)        8851934

       1.4         1.5   0.2             NLO.QT.32.CT.QCD              -840.377169 +-         0.386708
--------------------------------------------------------------------------------------------------------------------------------------------------------------
       1.4         1.5   0.2             ud~_epvebb~                   -840.377169 +-         0.386708       0.6693       0 [    7]      (   0)        8851934

       1.4         1.5   0.25            NLO.QT.32.CT.QCD              -783.633522 +-         0.361211
--------------------------------------------------------------------------------------------------------------------------------------------------------------
       1.4         1.5   0.25            ud~_epvebb~                   -783.633522 +-         0.361211       0.6750       0 [    7]      (   0)        8851934

       1.4         1.5   0.5             NLO.QT.32.CT.QCD              -619.995757 +-         0.287678
--------------------------------------------------------------------------------------------------------------------------------------------------------------
       1.4         1.5   0.5             ud~_epvebb~                   -619.995757 +-         0.287678       0.6956       0 [    7]      (   0)        8851934

==============================================================================================================================================================

       1.5         1.6   0.01            NLO.QT.32.CT.QCD              -1782.36301 +-          0.81130
--------------------------------------------------------------------------------------------------------------------------------------------------------------
       1.5         1.6   0.01            ud~_epvebb~                   -1782.36301 +-          0.81130       0.3754       0 [    7]      (   0)        8800718

       1.5         1.6   0.05            NLO.QT.32.CT.QCD              -1228.95628 +-          0.56222
--------------------------------------------------------------------------------------------------------------------------------------------------------------
       1.5         1.6   0.05            ud~_epvebb~                   -1228.95628 +-          0.56222       0.3911       0 [    7]      (   0)        8800718

       1.5         1.6   0.1             NLO.QT.32.CT.QCD              -1022.18405 +-          0.46918
--------------------------------------------------------------------------------------------------------------------------------------------------------------
       1.5         1.6   0.1             ud~_epvebb~                   -1022.18405 +-          0.46918       0.4002       0 [    7]      (   0)        8800718

       1.5         1.6   0.15            NLO.QT.32.CT.QCD              -910.040529 +-         0.418719
--------------------------------------------------------------------------------------------------------------------------------------------------------------
       1.5         1.6   0.15            ud~_epvebb~                   -910.040529 +-         0.418719       0.4064       0 [    7]      (   0)        8800718

       1.5         1.6   0.2             NLO.QT.32.CT.QCD              -834.417567 +-         0.384694
--------------------------------------------------------------------------------------------------------------------------------------------------------------
       1.5         1.6   0.2             ud~_epvebb~                   -834.417567 +-         0.384694       0.4114       0 [    7]      (   0)        8800718

       1.5         1.6   0.25            NLO.QT.32.CT.QCD              -778.014522 +-         0.359317
--------------------------------------------------------------------------------------------------------------------------------------------------------------
       1.5         1.6   0.25            ud~_epvebb~                   -778.014522 +-         0.359317       0.4155       0 [    7]      (   0)        8800718

       1.5         1.6   0.5             NLO.QT.32.CT.QCD              -615.374596 +-         0.286139
--------------------------------------------------------------------------------------------------------------------------------------------------------------
       1.5         1.6   0.5             ud~_epvebb~                   -615.374596 +-         0.286139       0.4305       0 [    7]      (   0)        8800718

==============================================================================================================================================================

       1.6         1.7   0.01            NLO.QT.32.CT.QCD              -1768.47406 +-          0.80843
--------------------------------------------------------------------------------------------------------------------------------------------------------------
       1.6         1.7   0.01            ud~_epvebb~                   -1768.47406 +-          0.80843        1.404       0 [    7]      (   0)        8738259

       1.6         1.7   0.05            NLO.QT.32.CT.QCD              -1218.97600 +-          0.56008
--------------------------------------------------------------------------------------------------------------------------------------------------------------
       1.6         1.7   0.05            ud~_epvebb~                   -1218.97600 +-          0.56008        1.411       0 [    7]      (   0)        8738259

       1.6         1.7   0.1             NLO.QT.32.CT.QCD              -1013.69384 +-          0.46733
--------------------------------------------------------------------------------------------------------------------------------------------------------------
       1.6         1.7   0.1             ud~_epvebb~                   -1013.69384 +-          0.46733        1.414       0 [    7]      (   0)        8738259

       1.6         1.7   0.15            NLO.QT.32.CT.QCD              -902.367987 +-         0.417035
--------------------------------------------------------------------------------------------------------------------------------------------------------------
       1.6         1.7   0.15            ud~_epvebb~                   -902.367987 +-         0.417035        1.416       0 [    7]      (   0)        8738259

       1.6         1.7   0.2             NLO.QT.32.CT.QCD              -827.301020 +-         0.383121
--------------------------------------------------------------------------------------------------------------------------------------------------------------
       1.6         1.7   0.2             ud~_epvebb~                   -827.301020 +-         0.383121        1.417       0 [    7]      (   0)        8738259

       1.6         1.7   0.25            NLO.QT.32.CT.QCD              -771.315431 +-         0.357829
--------------------------------------------------------------------------------------------------------------------------------------------------------------
       1.6         1.7   0.25            ud~_epvebb~                   -771.315431 +-         0.357829        1.418       0 [    7]      (   0)        8738259

       1.6         1.7   0.5             NLO.QT.32.CT.QCD              -609.895294 +-         0.284901
--------------------------------------------------------------------------------------------------------------------------------------------------------------
       1.6         1.7   0.5             ud~_epvebb~                   -609.895294 +-         0.284901        1.421       0 [    7]      (   0)        8738259

==============================================================================================================================================================

       1.7         1.8   0.01            NLO.QT.32.CT.QCD              -1754.37067 +-          0.80469
--------------------------------------------------------------------------------------------------------------------------------------------------------------
       1.7         1.8   0.01            ud~_epvebb~                   -1754.37067 +-          0.80469       0.1048       0 [    7]      (   0)        8676591

       1.7         1.8   0.05            NLO.QT.32.CT.QCD              -1208.80447 +-          0.55738
--------------------------------------------------------------------------------------------------------------------------------------------------------------
       1.7         1.8   0.05            ud~_epvebb~                   -1208.80447 +-          0.55738       0.1101       0 [    7]      (   0)        8676591

       1.7         1.8   0.1             NLO.QT.32.CT.QCD              -1005.02421 +-          0.46502
--------------------------------------------------------------------------------------------------------------------------------------------------------------
       1.7         1.8   0.1             ud~_epvebb~                   -1005.02421 +-          0.46502       0.1137       0 [    7]      (   0)        8676591

       1.7         1.8   0.15            NLO.QT.32.CT.QCD              -894.523486 +-         0.414947
--------------------------------------------------------------------------------------------------------------------------------------------------------------
       1.7         1.8   0.15            ud~_epvebb~                   -894.523486 +-         0.414947       0.1164       0 [    7]      (   0)        8676591

       1.7         1.8   0.2             NLO.QT.32.CT.QCD              -820.018034 +-         0.381183
--------------------------------------------------------------------------------------------------------------------------------------------------------------
       1.7         1.8   0.2             ud~_epvebb~                   -820.018034 +-         0.381183       0.1187       0 [    7]      (   0)        8676591

       1.7         1.8   0.25            NLO.QT.32.CT.QCD              -764.454316 +-         0.356003
--------------------------------------------------------------------------------------------------------------------------------------------------------------
       1.7         1.8   0.25            ud~_epvebb~                   -764.454316 +-         0.356003       0.1207       0 [    7]      (   0)        8676591

       1.7         1.8   0.5             NLO.QT.32.CT.QCD              -604.268422 +-         0.283407
--------------------------------------------------------------------------------------------------------------------------------------------------------------
       1.7         1.8   0.5             ud~_epvebb~                   -604.268422 +-         0.283407       0.1284       0 [    7]      (   0)        8676591

==============================================================================================================================================================

       1.8         1.9   0.01            NLO.QT.32.CT.QCD              -1738.22847 +-          0.80063
--------------------------------------------------------------------------------------------------------------------------------------------------------------
       1.8         1.9   0.01            ud~_epvebb~                   -1738.22847 +-          0.80063       0.4550       0 [    7]      (   0)        8603951

       1.8         1.9   0.05            NLO.QT.32.CT.QCD              -1197.20550 +-          0.55443
--------------------------------------------------------------------------------------------------------------------------------------------------------------
       1.8         1.9   0.05            ud~_epvebb~                   -1197.20550 +-          0.55443       0.4808       0 [    7]      (   0)        8603951

       1.8         1.9   0.1             NLO.QT.32.CT.QCD              -995.157176 +-         0.462500
--------------------------------------------------------------------------------------------------------------------------------------------------------------
       1.8         1.9   0.1             ud~_epvebb~                   -995.157176 +-         0.462500       0.4957       0 [    7]      (   0)        8603951

       1.8         1.9   0.15            NLO.QT.32.CT.QCD              -885.606844 +-         0.412660
--------------------------------------------------------------------------------------------------------------------------------------------------------------
       1.8         1.9   0.15            ud~_epvebb~                   -885.606844 +-         0.412660       0.5060       0 [    7]      (   0)        8603951

       1.8         1.9   0.2             NLO.QT.32.CT.QCD              -811.747626 +-         0.379058
--------------------------------------------------------------------------------------------------------------------------------------------------------------
       1.8         1.9   0.2             ud~_epvebb~                   -811.747626 +-         0.379058       0.5141       0 [    7]      (   0)        8603951

       1.8         1.9   0.25            NLO.QT.32.CT.QCD              -756.669113 +-         0.354000
--------------------------------------------------------------------------------------------------------------------------------------------------------------
       1.8         1.9   0.25            ud~_epvebb~                   -756.669113 +-         0.354000       0.5209       0 [    7]      (   0)        8603951

       1.8         1.9   0.5             NLO.QT.32.CT.QCD              -597.900952 +-         0.281763
--------------------------------------------------------------------------------------------------------------------------------------------------------------
       1.8         1.9   0.5             ud~_epvebb~                   -597.900952 +-         0.281763       0.5456       0 [    7]      (   0)        8603951

==============================================================================================================================================================

       1.9           2   0.01            NLO.QT.32.CT.QCD              -1720.31967 +-          0.79579
--------------------------------------------------------------------------------------------------------------------------------------------------------------
       1.9           2   0.01            ud~_epvebb~                   -1720.31967 +-          0.79579        1.276       0 [    7]      (   0)        8526842

       1.9           2   0.05            NLO.QT.32.CT.QCD              -1184.35569 +-          0.55091
--------------------------------------------------------------------------------------------------------------------------------------------------------------
       1.9           2   0.05            ud~_epvebb~                   -1184.35569 +-          0.55091        1.300       0 [    7]      (   0)        8526842

       1.9           2   0.1             NLO.QT.32.CT.QCD              -984.234407 +-         0.459489
--------------------------------------------------------------------------------------------------------------------------------------------------------------
       1.9           2   0.1             ud~_epvebb~                   -984.234407 +-         0.459489        1.313       0 [    7]      (   0)        8526842

       1.9           2   0.15            NLO.QT.32.CT.QCD              -875.741058 +-         0.409931
--------------------------------------------------------------------------------------------------------------------------------------------------------------
       1.9           2   0.15            ud~_epvebb~                   -875.741058 +-         0.409931        1.322       0 [    7]      (   0)        8526842

       1.9           2   0.2             NLO.QT.32.CT.QCD              -802.600326 +-         0.376522
--------------------------------------------------------------------------------------------------------------------------------------------------------------
       1.9           2   0.2             ud~_epvebb~                   -802.600326 +-         0.376522        1.329       0 [    7]      (   0)        8526842

       1.9           2   0.25            NLO.QT.32.CT.QCD              -748.061132 +-         0.351609
--------------------------------------------------------------------------------------------------------------------------------------------------------------
       1.9           2   0.25            ud~_epvebb~                   -748.061132 +-         0.351609        1.334       0 [    7]      (   0)        8526842

       1.9           2   0.5             NLO.QT.32.CT.QCD              -590.868045 +-         0.279800
--------------------------------------------------------------------------------------------------------------------------------------------------------------
       1.9           2   0.5             ud~_epvebb~                   -590.868045 +-         0.279800        1.354       0 [    7]      (   0)        8526842

==============================================================================================================================================================

         2         2.1   0.01            NLO.QT.32.CT.QCD              -1698.55697 +-          0.79059
--------------------------------------------------------------------------------------------------------------------------------------------------------------
         2         2.1   0.01            ud~_epvebb~                   -1698.55697 +-          0.79059       0.9943       0 [    7]      (   0)        8435565

         2         2.1   0.05            NLO.QT.32.CT.QCD              -1168.80444 +-          0.54710
--------------------------------------------------------------------------------------------------------------------------------------------------------------
         2         2.1   0.05            ud~_epvebb~                   -1168.80444 +-          0.54710        1.030       0 [    7]      (   0)        8435565

         2         2.1   0.1             NLO.QT.32.CT.QCD              -971.044031 +-         0.456216
--------------------------------------------------------------------------------------------------------------------------------------------------------------
         2         2.1   0.1             ud~_epvebb~                   -971.044031 +-         0.456216        1.050       0 [    7]      (   0)        8435565

         2         2.1   0.15            NLO.QT.32.CT.QCD              -863.844000 +-         0.406955
--------------------------------------------------------------------------------------------------------------------------------------------------------------
         2         2.1   0.15            ud~_epvebb~                   -863.844000 +-         0.406955        1.063       0 [    7]      (   0)        8435565

         2         2.1   0.2             NLO.QT.32.CT.QCD              -791.581628 +-         0.373749
--------------------------------------------------------------------------------------------------------------------------------------------------------------
         2         2.1   0.2             ud~_epvebb~                   -791.581628 +-         0.373749        1.073       0 [    7]      (   0)        8435565

         2         2.1   0.25            NLO.QT.32.CT.QCD              -737.701298 +-         0.348990
--------------------------------------------------------------------------------------------------------------------------------------------------------------
         2         2.1   0.25            ud~_epvebb~                   -737.701298 +-         0.348990        1.081       0 [    7]      (   0)        8435565

         2         2.1   0.5             NLO.QT.32.CT.QCD              -582.429749 +-         0.277634
--------------------------------------------------------------------------------------------------------------------------------------------------------------
         2         2.1   0.5             ud~_epvebb~                   -582.429749 +-         0.277634        1.109       0 [    7]      (   0)        8435565

==============================================================================================================================================================

       2.1         2.2   0.01            NLO.QT.32.CT.QCD              -1676.74674 +-          0.78538
--------------------------------------------------------------------------------------------------------------------------------------------------------------
       2.1         2.2   0.01            ud~_epvebb~                   -1676.74674 +-          0.78538       0.9219       0 [    7]      (   0)        8337506

       2.1         2.2   0.05            NLO.QT.32.CT.QCD              -1153.23208 +-          0.54331
--------------------------------------------------------------------------------------------------------------------------------------------------------------
       2.1         2.2   0.05            ud~_epvebb~                   -1153.23208 +-          0.54331       0.9722       0 [    7]      (   0)        8337506

       2.1         2.2   0.1             NLO.QT.32.CT.QCD              -957.841580 +-         0.452979
--------------------------------------------------------------------------------------------------------------------------------------------------------------
       2.1         2.2   0.1             ud~_epvebb~                   -957.841580 +-         0.452979        1.000       0 [    7]      (   0)        8337506

       2.1         2.2   0.15            NLO.QT.32.CT.QCD              -851.939485 +-         0.404023
--------------------------------------------------------------------------------------------------------------------------------------------------------------
       2.1         2.2   0.15            ud~_epvebb~                   -851.939485 +-         0.404023        1.019       0 [    7]      (   0)        8337506

       2.1         2.2   0.2             NLO.QT.32.CT.QCD              -780.558455 +-         0.371025
--------------------------------------------------------------------------------------------------------------------------------------------------------------
       2.1         2.2   0.2             ud~_epvebb~                   -780.558455 +-         0.371025        1.034       0 [    7]      (   0)        8337506

       2.1         2.2   0.25            NLO.QT.32.CT.QCD              -727.339131 +-         0.346423
--------------------------------------------------------------------------------------------------------------------------------------------------------------
       2.1         2.2   0.25            ud~_epvebb~                   -727.339131 +-         0.346423        1.046       0 [    7]      (   0)        8337506

       2.1         2.2   0.5             NLO.QT.32.CT.QCD              -573.994834 +-         0.275529
--------------------------------------------------------------------------------------------------------------------------------------------------------------
       2.1         2.2   0.5             ud~_epvebb~                   -573.994834 +-         0.275529        1.089       0 [    7]      (   0)        8337506

==============================================================================================================================================================

       2.2         2.3   0.01            NLO.QT.32.CT.QCD              -1650.46221 +-          0.77841
--------------------------------------------------------------------------------------------------------------------------------------------------------------
       2.2         2.3   0.01            ud~_epvebb~                   -1650.46221 +-          0.77841       0.5578       0 [    7]      (   0)        8222406

       2.2         2.3   0.05            NLO.QT.32.CT.QCD              -1134.51762 +-          0.53825
--------------------------------------------------------------------------------------------------------------------------------------------------------------
       2.2         2.3   0.05            ud~_epvebb~                   -1134.51762 +-          0.53825       0.5731       0 [    7]      (   0)        8222406

       2.2         2.3   0.1             NLO.QT.32.CT.QCD              -941.998953 +-         0.448647
--------------------------------------------------------------------------------------------------------------------------------------------------------------
       2.2         2.3   0.1             ud~_epvebb~                   -941.998953 +-         0.448647       0.5815       0 [    7]      (   0)        8222406

       2.2         2.3   0.15            NLO.QT.32.CT.QCD              -837.668370 +-         0.400094
--------------------------------------------------------------------------------------------------------------------------------------------------------------
       2.2         2.3   0.15            ud~_epvebb~                   -837.668370 +-         0.400094       0.5870       0 [    7]      (   0)        8222406

       2.2         2.3   0.2             NLO.QT.32.CT.QCD              -767.353814 +-         0.367371
--------------------------------------------------------------------------------------------------------------------------------------------------------------
       2.2         2.3   0.2             ud~_epvebb~                   -767.353814 +-         0.367371       0.5912       0 [    7]      (   0)        8222406

       2.2         2.3   0.25            NLO.QT.32.CT.QCD              -714.933969 +-         0.342977
--------------------------------------------------------------------------------------------------------------------------------------------------------------
       2.2         2.3   0.25            ud~_epvebb~                   -714.933969 +-         0.342977       0.5947       0 [    7]      (   0)        8222406

       2.2         2.3   0.5             NLO.QT.32.CT.QCD              -563.918480 +-         0.272692
--------------------------------------------------------------------------------------------------------------------------------------------------------------
       2.2         2.3   0.5             ud~_epvebb~                   -563.918480 +-         0.272692       0.6068       0 [    7]      (   0)        8222406

==============================================================================================================================================================

       2.3         2.4   0.01            NLO.QT.32.CT.QCD              -1622.99048 +-          0.77183
--------------------------------------------------------------------------------------------------------------------------------------------------------------
       2.3         2.4   0.01            ud~_epvebb~                   -1622.99048 +-          0.77183        1.789       0 [    7]      (   0)        8096368

       2.3         2.4   0.05            NLO.QT.32.CT.QCD              -1114.95657 +-          0.53345
--------------------------------------------------------------------------------------------------------------------------------------------------------------
       2.3         2.4   0.05            ud~_epvebb~                   -1114.95657 +-          0.53345        1.752       0 [    7]      (   0)        8096368

       2.3         2.4   0.1             NLO.QT.32.CT.QCD              -925.439063 +-         0.444540
--------------------------------------------------------------------------------------------------------------------------------------------------------------
       2.3         2.4   0.1             ud~_epvebb~                   -925.439063 +-         0.444540        1.730       0 [    7]      (   0)        8096368

       2.3         2.4   0.15            NLO.QT.32.CT.QCD              -822.750790 +-         0.396368
--------------------------------------------------------------------------------------------------------------------------------------------------------------
       2.3         2.4   0.15            ud~_epvebb~                   -822.750790 +-         0.396368        1.716       0 [    7]      (   0)        8096368

       2.3         2.4   0.2             NLO.QT.32.CT.QCD              -753.550770 +-         0.363906
--------------------------------------------------------------------------------------------------------------------------------------------------------------
       2.3         2.4   0.2             ud~_epvebb~                   -753.550770 +-         0.363906        1.704       0 [    7]      (   0)        8096368

       2.3         2.4   0.25            NLO.QT.32.CT.QCD              -701.966443 +-         0.339708
--------------------------------------------------------------------------------------------------------------------------------------------------------------
       2.3         2.4   0.25            ud~_epvebb~                   -701.966443 +-         0.339708        1.694       0 [    7]      (   0)        8096368

       2.3         2.4   0.5             NLO.QT.32.CT.QCD              -553.384794 +-         0.270001
--------------------------------------------------------------------------------------------------------------------------------------------------------------
       2.3         2.4   0.5             ud~_epvebb~                   -553.384794 +-         0.270001        1.658       0 [    7]      (   0)        8096368

==============================================================================================================================================================

       2.4         2.5   0.01            NLO.QT.32.CT.QCD              -1589.83005 +-          0.76429
--------------------------------------------------------------------------------------------------------------------------------------------------------------
       2.4         2.5   0.01            ud~_epvebb~                   -1589.83005 +-          0.76429       0.5156       0 [    7]      (   0)        7936021

       2.4         2.5   0.05            NLO.QT.32.CT.QCD              -1091.49144 +-          0.52801
--------------------------------------------------------------------------------------------------------------------------------------------------------------
       2.4         2.5   0.05            ud~_epvebb~                   -1091.49144 +-          0.52801       0.5281       0 [    7]      (   0)        7936021

       2.4         2.5   0.1             NLO.QT.32.CT.QCD              -905.640551 +-         0.439907
--------------------------------------------------------------------------------------------------------------------------------------------------------------
       2.4         2.5   0.1             ud~_epvebb~                   -905.640551 +-         0.439907       0.5349       0 [    7]      (   0)        7936021

       2.4         2.5   0.15            NLO.QT.32.CT.QCD              -804.955065 +-         0.392179
--------------------------------------------------------------------------------------------------------------------------------------------------------------
       2.4         2.5   0.15            ud~_epvebb~                   -804.955065 +-         0.392179       0.5392       0 [    7]      (   0)        7936021

       2.4         2.5   0.2             NLO.QT.32.CT.QCD              -737.112457 +-         0.360019
--------------------------------------------------------------------------------------------------------------------------------------------------------------
       2.4         2.5   0.2             ud~_epvebb~                   -737.112457 +-         0.360019       0.5426       0 [    7]      (   0)        7936021

       2.4         2.5   0.25            NLO.QT.32.CT.QCD              -686.544669 +-         0.336047
--------------------------------------------------------------------------------------------------------------------------------------------------------------
       2.4         2.5   0.25            ud~_epvebb~                   -686.544669 +-         0.336047       0.5453       0 [    7]      (   0)        7936021

       2.4         2.5   0.5             NLO.QT.32.CT.QCD              -540.918113 +-         0.267007
--------------------------------------------------------------------------------------------------------------------------------------------------------------
       2.4         2.5   0.5             ud~_epvebb~                   -540.918113 +-         0.267007       0.5546       0 [    7]      (   0)        7936021

==============================================================================================================================================================

       2.5         2.6   0.01            NLO.QT.32.CT.QCD              -1550.94593 +-          0.75479
--------------------------------------------------------------------------------------------------------------------------------------------------------------
       2.5         2.6   0.01            ud~_epvebb~                   -1550.94593 +-          0.75479       0.4344       0 [    7]      (   0)        7758136

       2.5         2.6   0.05            NLO.QT.32.CT.QCD              -1063.95442 +-          0.52108
--------------------------------------------------------------------------------------------------------------------------------------------------------------
       2.5         2.6   0.05            ud~_epvebb~                   -1063.95442 +-          0.52108       0.4208       0 [    7]      (   0)        7758136

       2.5         2.6   0.1             NLO.QT.32.CT.QCD              -882.396519 +-         0.433972
--------------------------------------------------------------------------------------------------------------------------------------------------------------
       2.5         2.6   0.1             ud~_epvebb~                   -882.396519 +-         0.433972       0.4129       0 [    7]      (   0)        7758136

       2.5         2.6   0.15            NLO.QT.32.CT.QCD              -784.056496 +-         0.386791
--------------------------------------------------------------------------------------------------------------------------------------------------------------
       2.5         2.6   0.15            ud~_epvebb~                   -784.056496 +-         0.386791       0.4075       0 [    7]      (   0)        7758136

       2.5         2.6   0.2             NLO.QT.32.CT.QCD              -717.803810 +-         0.355006
--------------------------------------------------------------------------------------------------------------------------------------------------------------
       2.5         2.6   0.2             ud~_epvebb~                   -717.803810 +-         0.355006       0.4032       0 [    7]      (   0)        7758136

       2.5         2.6   0.25            NLO.QT.32.CT.QCD              -668.426839 +-         0.331316
--------------------------------------------------------------------------------------------------------------------------------------------------------------
       2.5         2.6   0.25            ud~_epvebb~                   -668.426839 +-         0.331316       0.3997       0 [    7]      (   0)        7758136

       2.5         2.6   0.5             NLO.QT.32.CT.QCD              -526.262889 +-         0.263106
--------------------------------------------------------------------------------------------------------------------------------------------------------------
       2.5         2.6   0.5             ud~_epvebb~                   -526.262889 +-         0.263106       0.3868       0 [    7]      (   0)        7758136

==============================================================================================================================================================

       2.6         2.7   0.01            NLO.QT.32.CT.QCD              -1508.92048 +-          0.74443
--------------------------------------------------------------------------------------------------------------------------------------------------------------
       2.6         2.7   0.01            ud~_epvebb~                   -1508.92048 +-          0.74443      0.08917       0 [    7]      (   0)        7559789

       2.6         2.7   0.05            NLO.QT.32.CT.QCD              -1034.28071 +-          0.51361
--------------------------------------------------------------------------------------------------------------------------------------------------------------
       2.6         2.7   0.05            ud~_epvebb~                   -1034.28071 +-          0.51361      0.08741       0 [    7]      (   0)        7559789

       2.6         2.7   0.1             NLO.QT.32.CT.QCD              -857.389003 +-         0.427598
--------------------------------------------------------------------------------------------------------------------------------------------------------------
       2.6         2.7   0.1             ud~_epvebb~                   -857.389003 +-         0.427598      0.08705       0 [    7]      (   0)        7559789

       2.6         2.7   0.15            NLO.QT.32.CT.QCD              -761.596167 +-         0.381025
--------------------------------------------------------------------------------------------------------------------------------------------------------------
       2.6         2.7   0.15            ud~_epvebb~                   -761.596167 +-         0.381025      0.08705       0 [    7]      (   0)        7559789

       2.6         2.7   0.2             NLO.QT.32.CT.QCD              -697.069099 +-         0.349653
--------------------------------------------------------------------------------------------------------------------------------------------------------------
       2.6         2.7   0.2             ud~_epvebb~                   -697.069099 +-         0.349653      0.08720       0 [    7]      (   0)        7559789

       2.6         2.7   0.25            NLO.QT.32.CT.QCD              -648.983951 +-         0.326275
--------------------------------------------------------------------------------------------------------------------------------------------------------------
       2.6         2.7   0.25            ud~_epvebb~                   -648.983951 +-         0.326275      0.08742       0 [    7]      (   0)        7559789

       2.6         2.7   0.5             NLO.QT.32.CT.QCD              -510.572702 +-         0.258979
--------------------------------------------------------------------------------------------------------------------------------------------------------------
       2.6         2.7   0.5             ud~_epvebb~                   -510.572702 +-         0.258979      0.08892       0 [    7]      (   0)        7559789

==============================================================================================================================================================

       2.7         2.8   0.01            NLO.QT.32.CT.QCD              -1461.70699 +-          0.73309
--------------------------------------------------------------------------------------------------------------------------------------------------------------
       2.7         2.8   0.01            ud~_epvebb~                   -1461.70699 +-          0.73309       0.6928       0 [    7]      (   0)        7338813

       2.7         2.8   0.05            NLO.QT.32.CT.QCD              -1001.01698 +-          0.50540
--------------------------------------------------------------------------------------------------------------------------------------------------------------
       2.7         2.8   0.05            ud~_epvebb~                   -1001.01698 +-          0.50540       0.7025       0 [    7]      (   0)        7338813

       2.7         2.8   0.1             NLO.QT.32.CT.QCD              -829.389503 +-         0.420593
--------------------------------------------------------------------------------------------------------------------------------------------------------------
       2.7         2.8   0.1             ud~_epvebb~                   -829.389503 +-         0.420593       0.7073       0 [    7]      (   0)        7338813

       2.7         2.8   0.15            NLO.QT.32.CT.QCD              -736.468495 +-         0.374681
--------------------------------------------------------------------------------------------------------------------------------------------------------------
       2.7         2.8   0.15            ud~_epvebb~                   -736.468495 +-         0.374681       0.7103       0 [    7]      (   0)        7338813

       2.7         2.8   0.2             NLO.QT.32.CT.QCD              -673.886111 +-         0.343761
--------------------------------------------------------------------------------------------------------------------------------------------------------------
       2.7         2.8   0.2             ud~_epvebb~                   -673.886111 +-         0.343761       0.7126       0 [    7]      (   0)        7338813

       2.7         2.8   0.25            NLO.QT.32.CT.QCD              -627.256263 +-         0.320722
--------------------------------------------------------------------------------------------------------------------------------------------------------------
       2.7         2.8   0.25            ud~_epvebb~                   -627.256263 +-         0.320722       0.7144       0 [    7]      (   0)        7338813

       2.7         2.8   0.5             NLO.QT.32.CT.QCD              -493.069614 +-         0.254420
--------------------------------------------------------------------------------------------------------------------------------------------------------------
       2.7         2.8   0.5             ud~_epvebb~                   -493.069614 +-         0.254420       0.7201       0 [    7]      (   0)        7338813

==============================================================================================================================================================

       2.8         2.9   0.01            NLO.QT.32.CT.QCD              -1405.54175 +-          0.71912
--------------------------------------------------------------------------------------------------------------------------------------------------------------
       2.8         2.9   0.01            ud~_epvebb~                   -1405.54175 +-          0.71912        2.033       0 [    7]      (   0)        7079739

       2.8         2.9   0.05            NLO.QT.32.CT.QCD              -961.659794 +-         0.495394
--------------------------------------------------------------------------------------------------------------------------------------------------------------
       2.8         2.9   0.05            ud~_epvebb~                   -961.659794 +-         0.495394        2.086       0 [    7]      (   0)        7079739

       2.8         2.9   0.1             NLO.QT.32.CT.QCD              -796.358707 +-         0.412098
--------------------------------------------------------------------------------------------------------------------------------------------------------------
       2.8         2.9   0.1             ud~_epvebb~                   -796.358707 +-         0.412098        2.115       0 [    7]      (   0)        7079739

       2.8         2.9   0.15            NLO.QT.32.CT.QCD              -706.883734 +-         0.367015
--------------------------------------------------------------------------------------------------------------------------------------------------------------
       2.8         2.9   0.15            ud~_epvebb~                   -706.883734 +-         0.367015        2.134       0 [    7]      (   0)        7079739

       2.8         2.9   0.2             NLO.QT.32.CT.QCD              -646.632345 +-         0.336658
--------------------------------------------------------------------------------------------------------------------------------------------------------------
       2.8         2.9   0.2             ud~_epvebb~                   -646.632345 +-         0.336658        2.148       0 [    7]      (   0)        7079739

       2.8         2.9   0.25            NLO.QT.32.CT.QCD              -601.745385 +-         0.314042
--------------------------------------------------------------------------------------------------------------------------------------------------------------
       2.8         2.9   0.25            ud~_epvebb~                   -601.745385 +-         0.314042        2.160       0 [    7]      (   0)        7079739

       2.8         2.9   0.5             NLO.QT.32.CT.QCD              -472.609471 +-         0.248976
--------------------------------------------------------------------------------------------------------------------------------------------------------------
       2.8         2.9   0.5             ud~_epvebb~                   -472.609471 +-         0.248976        2.201       0 [    7]      (   0)        7079739

==============================================================================================================================================================

       2.9           3   0.01            NLO.QT.32.CT.QCD              -1345.65950 +-          0.70401
--------------------------------------------------------------------------------------------------------------------------------------------------------------
       2.9           3   0.01            ud~_epvebb~                   -1345.65950 +-          0.70401        1.215       0 [    7]      (   0)        6796883

       2.9           3   0.05            NLO.QT.32.CT.QCD              -919.652144 +-         0.484510
--------------------------------------------------------------------------------------------------------------------------------------------------------------
       2.9           3   0.05            ud~_epvebb~                   -919.652144 +-         0.484510        1.214       0 [    7]      (   0)        6796883

       2.9           3   0.1             NLO.QT.32.CT.QCD              -761.082375 +-         0.402830
--------------------------------------------------------------------------------------------------------------------------------------------------------------
       2.9           3   0.1             ud~_epvebb~                   -761.082375 +-         0.402830        1.214       0 [    7]      (   0)        6796883

       2.9           3   0.15            NLO.QT.32.CT.QCD              -675.275118 +-         0.358635
--------------------------------------------------------------------------------------------------------------------------------------------------------------
       2.9           3   0.15            ud~_epvebb~                   -675.275118 +-         0.358635        1.213       0 [    7]      (   0)        6796883

       2.9           3   0.2             NLO.QT.32.CT.QCD              -617.505211 +-         0.328882
--------------------------------------------------------------------------------------------------------------------------------------------------------------
       2.9           3   0.2             ud~_epvebb~                   -617.505211 +-         0.328882        1.212       0 [    7]      (   0)        6796883

       2.9           3   0.25            NLO.QT.32.CT.QCD              -574.473980 +-         0.306720
--------------------------------------------------------------------------------------------------------------------------------------------------------------
       2.9           3   0.25            ud~_epvebb~                   -574.473980 +-         0.306720        1.212       0 [    7]      (   0)        6796883

       2.9           3   0.5             NLO.QT.32.CT.QCD              -450.717659 +-         0.242984
--------------------------------------------------------------------------------------------------------------------------------------------------------------
       2.9           3   0.5             ud~_epvebb~                   -450.717659 +-         0.242984        1.209       0 [    7]      (   0)        6796883

==============================================================================================================================================================

         3         3.1   0.01            NLO.QT.32.CT.QCD              -1278.44808 +-          0.68644
--------------------------------------------------------------------------------------------------------------------------------------------------------------
         3         3.1   0.01            ud~_epvebb~                   -1278.44808 +-          0.68644       0.3113       0 [    7]      (   0)        6483000

         3         3.1   0.05            NLO.QT.32.CT.QCD              -872.637090 +-         0.471910
--------------------------------------------------------------------------------------------------------------------------------------------------------------
         3         3.1   0.05            ud~_epvebb~                   -872.637090 +-         0.471910       0.2970       0 [    7]      (   0)        6483000

         3         3.1   0.1             NLO.QT.32.CT.QCD              -721.662746 +-         0.392122
--------------------------------------------------------------------------------------------------------------------------------------------------------------
         3         3.1   0.1             ud~_epvebb~                   -721.662746 +-         0.392122       0.2900       0 [    7]      (   0)        6483000

         3         3.1   0.15            NLO.QT.32.CT.QCD              -639.990767 +-         0.348965
--------------------------------------------------------------------------------------------------------------------------------------------------------------
         3         3.1   0.15            ud~_epvebb~                   -639.990767 +-         0.348965       0.2857       0 [    7]      (   0)        6483000

         3         3.1   0.2             NLO.QT.32.CT.QCD              -585.017112 +-         0.319918
--------------------------------------------------------------------------------------------------------------------------------------------------------------
         3         3.1   0.2             ud~_epvebb~                   -585.017112 +-         0.319918       0.2826       0 [    7]      (   0)        6483000

         3         3.1   0.25            NLO.QT.32.CT.QCD              -544.076063 +-         0.298287
--------------------------------------------------------------------------------------------------------------------------------------------------------------
         3         3.1   0.25            ud~_epvebb~                   -544.076063 +-         0.298287       0.2802       0 [    7]      (   0)        6483000

         3         3.1   0.5             NLO.QT.32.CT.QCD              -426.373555 +-         0.236100
--------------------------------------------------------------------------------------------------------------------------------------------------------------
         3         3.1   0.5             ud~_epvebb~                   -426.373555 +-         0.236100       0.2729       0 [    7]      (   0)        6483000

==============================================================================================================================================================

       3.1         3.2   0.01            NLO.QT.32.CT.QCD              -1201.70535 +-          0.66593
--------------------------------------------------------------------------------------------------------------------------------------------------------------
       3.1         3.2   0.01            ud~_epvebb~                   -1201.70535 +-          0.66593        1.791       0 [    7]      (   0)        6121578

       3.1         3.2   0.05            NLO.QT.32.CT.QCD              -819.230314 +-         0.457328
--------------------------------------------------------------------------------------------------------------------------------------------------------------
       3.1         3.2   0.05            ud~_epvebb~                   -819.230314 +-         0.457328        1.832       0 [    7]      (   0)        6121578

       3.1         3.2   0.1             NLO.QT.32.CT.QCD              -677.011224 +-         0.379788
--------------------------------------------------------------------------------------------------------------------------------------------------------------
       3.1         3.2   0.1             ud~_epvebb~                   -677.011224 +-         0.379788        1.854       0 [    7]      (   0)        6121578

       3.1         3.2   0.15            NLO.QT.32.CT.QCD              -600.099303 +-         0.337861
--------------------------------------------------------------------------------------------------------------------------------------------------------------
       3.1         3.2   0.15            ud~_epvebb~                   -600.099303 +-         0.337861        1.867       0 [    7]      (   0)        6121578

       3.1         3.2   0.2             NLO.QT.32.CT.QCD              -548.341160 +-         0.309649
--------------------------------------------------------------------------------------------------------------------------------------------------------------
       3.1         3.2   0.2             ud~_epvebb~                   -548.341160 +-         0.309649        1.878       0 [    7]      (   0)        6121578

       3.1         3.2   0.25            NLO.QT.32.CT.QCD              -509.801760 +-         0.288643
--------------------------------------------------------------------------------------------------------------------------------------------------------------
       3.1         3.2   0.25            ud~_epvebb~                   -509.801760 +-         0.288643        1.886       0 [    7]      (   0)        6121578

       3.1         3.2   0.5             NLO.QT.32.CT.QCD              -399.044029 +-         0.228279
--------------------------------------------------------------------------------------------------------------------------------------------------------------
       3.1         3.2   0.5             ud~_epvebb~                   -399.044029 +-         0.228279        1.913       0 [    7]      (   0)        6121578

==============================================================================================================================================================

       3.2         3.3   0.01            NLO.QT.32.CT.QCD              -1118.16594 +-          0.64293
--------------------------------------------------------------------------------------------------------------------------------------------------------------
       3.2         3.3   0.01            ud~_epvebb~                   -1118.16594 +-          0.64293       0.7062       0 [    7]      (   0)        5731172

       3.2         3.3   0.05            NLO.QT.32.CT.QCD              -761.203465 +-         0.441005
--------------------------------------------------------------------------------------------------------------------------------------------------------------
       3.2         3.3   0.05            ud~_epvebb~                   -761.203465 +-         0.441005       0.7536       0 [    7]      (   0)        5731172

       3.2         3.3   0.1             NLO.QT.32.CT.QCD              -628.548019 +-         0.365995
--------------------------------------------------------------------------------------------------------------------------------------------------------------
       3.2         3.3   0.1             ud~_epvebb~                   -628.548019 +-         0.365995       0.7808       0 [    7]      (   0)        5731172

       3.2         3.3   0.15            NLO.QT.32.CT.QCD              -556.833022 +-         0.325451
--------------------------------------------------------------------------------------------------------------------------------------------------------------
       3.2         3.3   0.15            ud~_epvebb~                   -556.833022 +-         0.325451       0.7993       0 [    7]      (   0)        5731172

       3.2         3.3   0.2             NLO.QT.32.CT.QCD              -508.584231 +-         0.298177
--------------------------------------------------------------------------------------------------------------------------------------------------------------
       3.2         3.3   0.2             ud~_epvebb~                   -508.584231 +-         0.298177       0.8139       0 [    7]      (   0)        5731172

       3.2         3.3   0.25            NLO.QT.32.CT.QCD              -472.665185 +-         0.277874
--------------------------------------------------------------------------------------------------------------------------------------------------------------
       3.2         3.3   0.25            ud~_epvebb~                   -472.665185 +-         0.277874       0.8261       0 [    7]      (   0)        5731172

       3.2         3.3   0.5             NLO.QT.32.CT.QCD              -369.480239 +-         0.219556
--------------------------------------------------------------------------------------------------------------------------------------------------------------
       3.2         3.3   0.5             ud~_epvebb~                   -369.480239 +-         0.219556       0.8699       0 [    7]      (   0)        5731172

==============================================================================================================================================================

       3.3         3.4   0.01            NLO.QT.32.CT.QCD              -1028.71151 +-          0.61672
--------------------------------------------------------------------------------------------------------------------------------------------------------------
       3.3         3.4   0.01            ud~_epvebb~                   -1028.71151 +-          0.61672       0.5537       0 [    7]      (   0)        5310647

       3.3         3.4   0.05            NLO.QT.32.CT.QCD              -699.184053 +-         0.422430
--------------------------------------------------------------------------------------------------------------------------------------------------------------
       3.3         3.4   0.05            ud~_epvebb~                   -699.184053 +-         0.422430       0.5993       0 [    7]      (   0)        5310647

       3.3         3.4   0.1             NLO.QT.32.CT.QCD              -576.804238 +-         0.350308
--------------------------------------------------------------------------------------------------------------------------------------------------------------
       3.3         3.4   0.1             ud~_epvebb~                   -576.804238 +-         0.350308       0.6263       0 [    7]      (   0)        5310647

       3.3         3.4   0.15            NLO.QT.32.CT.QCD              -510.670284 +-         0.311342
--------------------------------------------------------------------------------------------------------------------------------------------------------------
       3.3         3.4   0.15            ud~_epvebb~                   -510.670284 +-         0.311342       0.6451       0 [    7]      (   0)        5310647

       3.3         3.4   0.2             NLO.QT.32.CT.QCD              -466.188893 +-         0.285138
--------------------------------------------------------------------------------------------------------------------------------------------------------------
       3.3         3.4   0.2             ud~_epvebb~                   -466.188893 +-         0.285138       0.6600       0 [    7]      (   0)        5310647

       3.3         3.4   0.25            NLO.QT.32.CT.QCD              -433.082075 +-         0.265637
--------------------------------------------------------------------------------------------------------------------------------------------------------------
       3.3         3.4   0.25            ud~_epvebb~                   -433.082075 +-         0.265637       0.6727       0 [    7]      (   0)        5310647

       3.3         3.4   0.5             NLO.QT.32.CT.QCD              -338.019777 +-         0.209651
--------------------------------------------------------------------------------------------------------------------------------------------------------------
       3.3         3.4   0.5             ud~_epvebb~                   -338.019777 +-         0.209651       0.7192       0 [    7]      (   0)        5310647

==============================================================================================================================================================

       3.4         3.5   0.01            NLO.QT.32.CT.QCD              -933.971892 +-         0.588184
--------------------------------------------------------------------------------------------------------------------------------------------------------------
       3.4         3.5   0.01            ud~_epvebb~                   -933.971892 +-         0.588184        1.305       0 [    7]      (   0)        4860789

       3.4         3.5   0.05            NLO.QT.32.CT.QCD              -633.708801 +-         0.402306
--------------------------------------------------------------------------------------------------------------------------------------------------------------
       3.4         3.5   0.05            ud~_epvebb~                   -633.708801 +-         0.402306        1.312       0 [    7]      (   0)        4860789

       3.4         3.5   0.1             NLO.QT.32.CT.QCD              -522.274300 +-         0.333357
--------------------------------------------------------------------------------------------------------------------------------------------------------------
       3.4         3.5   0.1             ud~_epvebb~                   -522.274300 +-         0.333357        1.316       0 [    7]      (   0)        4860789

       3.4         3.5   0.15            NLO.QT.32.CT.QCD              -462.080145 +-         0.296122
--------------------------------------------------------------------------------------------------------------------------------------------------------------
       3.4         3.5   0.15            ud~_epvebb~                   -462.080145 +-         0.296122        1.319       0 [    7]      (   0)        4860789

       3.4         3.5   0.2             NLO.QT.32.CT.QCD              -421.605930 +-         0.271090
--------------------------------------------------------------------------------------------------------------------------------------------------------------
       3.4         3.5   0.2             ud~_epvebb~                   -421.605930 +-         0.271090        1.321       0 [    7]      (   0)        4860789

       3.4         3.5   0.25            NLO.QT.32.CT.QCD              -391.488883 +-         0.252466
--------------------------------------------------------------------------------------------------------------------------------------------------------------
       3.4         3.5   0.25            ud~_epvebb~                   -391.488883 +-         0.252466        1.324       0 [    7]      (   0)        4860789

       3.4         3.5   0.5             NLO.QT.32.CT.QCD              -305.053701 +-         0.199028
--------------------------------------------------------------------------------------------------------------------------------------------------------------
       3.4         3.5   0.5             ud~_epvebb~                   -305.053701 +-         0.199028        1.332       0 [    7]      (   0)        4860789

==============================================================================================================================================================

       3.5         3.6   0.01            NLO.QT.32.CT.QCD              -833.739224 +-         0.556001
--------------------------------------------------------------------------------------------------------------------------------------------------------------
       3.5         3.6   0.01            ud~_epvebb~                   -833.739224 +-         0.556001        1.283       0 [    7]      (   0)        4384280

       3.5         3.6   0.05            NLO.QT.32.CT.QCD              -564.643448 +-         0.379690
--------------------------------------------------------------------------------------------------------------------------------------------------------------
       3.5         3.6   0.05            ud~_epvebb~                   -564.643448 +-         0.379690        1.236       0 [    7]      (   0)        4384280

       3.5         3.6   0.1             NLO.QT.32.CT.QCD              -464.850773 +-         0.314344
--------------------------------------------------------------------------------------------------------------------------------------------------------------
       3.5         3.6   0.1             ud~_epvebb~                   -464.850773 +-         0.314344        1.208       0 [    7]      (   0)        4384280

       3.5         3.6   0.15            NLO.QT.32.CT.QCD              -410.969509 +-         0.279073
--------------------------------------------------------------------------------------------------------------------------------------------------------------
       3.5         3.6   0.15            ud~_epvebb~                   -410.969509 +-         0.279073        1.188       0 [    7]      (   0)        4384280

       3.5         3.6   0.2             NLO.QT.32.CT.QCD              -374.751810 +-         0.255370
--------------------------------------------------------------------------------------------------------------------------------------------------------------
       3.5         3.6   0.2             ud~_epvebb~                   -374.751810 +-         0.255370        1.172       0 [    7]      (   0)        4384280

       3.5         3.6   0.25            NLO.QT.32.CT.QCD              -347.809151 +-         0.237740
--------------------------------------------------------------------------------------------------------------------------------------------------------------
       3.5         3.6   0.25            ud~_epvebb~                   -347.809151 +-         0.237740        1.159       0 [    7]      (   0)        4384280

       3.5         3.6   0.5             NLO.QT.32.CT.QCD              -270.525584 +-         0.187185
--------------------------------------------------------------------------------------------------------------------------------------------------------------
       3.5         3.6   0.5             ud~_epvebb~                   -270.525584 +-         0.187185        1.109       0 [    7]      (   0)        4384280

==============================================================================================================================================================

       3.6         3.7   0.01            NLO.QT.32.CT.QCD              -728.168300 +-         0.519523
--------------------------------------------------------------------------------------------------------------------------------------------------------------
       3.6         3.7   0.01            ud~_epvebb~                   -728.168300 +-         0.519523       0.4510       0 [    7]      (   0)        3883236

       3.6         3.7   0.05            NLO.QT.32.CT.QCD              -492.058991 +-         0.354116
--------------------------------------------------------------------------------------------------------------------------------------------------------------
       3.6         3.7   0.05            ud~_epvebb~                   -492.058991 +-         0.354116       0.4497       0 [    7]      (   0)        3883236

       3.6         3.7   0.1             NLO.QT.32.CT.QCD              -404.575970 +-         0.292870
--------------------------------------------------------------------------------------------------------------------------------------------------------------
       3.6         3.7   0.1             ud~_epvebb~                   -404.575970 +-         0.292870       0.4497       0 [    7]      (   0)        3883236

       3.6         3.7   0.15            NLO.QT.32.CT.QCD              -357.365977 +-         0.259831
--------------------------------------------------------------------------------------------------------------------------------------------------------------
       3.6         3.7   0.15            ud~_epvebb~                   -357.365977 +-         0.259831       0.4500       0 [    7]      (   0)        3883236

       3.6         3.7   0.2             NLO.QT.32.CT.QCD              -325.644620 +-         0.237638
--------------------------------------------------------------------------------------------------------------------------------------------------------------
       3.6         3.7   0.2             ud~_epvebb~                   -325.644620 +-         0.237638       0.4503       0 [    7]      (   0)        3883236

       3.6         3.7   0.25            NLO.QT.32.CT.QCD              -302.054112 +-         0.221137
--------------------------------------------------------------------------------------------------------------------------------------------------------------
       3.6         3.7   0.25            ud~_epvebb~                   -302.054112 +-         0.221137       0.4508       0 [    7]      (   0)        3883236

       3.6         3.7   0.5             NLO.QT.32.CT.QCD              -234.428325 +-         0.173852
--------------------------------------------------------------------------------------------------------------------------------------------------------------
       3.6         3.7   0.5             ud~_epvebb~                   -234.428325 +-         0.173852       0.4532       0 [    7]      (   0)        3883236

==============================================================================================================================================================

       3.7         3.8   0.01            NLO.QT.32.CT.QCD              -623.782309 +-         0.481220
--------------------------------------------------------------------------------------------------------------------------------------------------------------
       3.7         3.8   0.01            ud~_epvebb~                   -623.782309 +-         0.481220       0.5602       0 [    7]      (   0)        3375546

       3.7         3.8   0.05            NLO.QT.32.CT.QCD              -420.533819 +-         0.327359
--------------------------------------------------------------------------------------------------------------------------------------------------------------
       3.7         3.8   0.05            ud~_epvebb~                   -420.533819 +-         0.327359       0.5771       0 [    7]      (   0)        3375546

       3.7         3.8   0.1             NLO.QT.32.CT.QCD              -345.295717 +-         0.270447
--------------------------------------------------------------------------------------------------------------------------------------------------------------
       3.7         3.8   0.1             ud~_epvebb~                   -345.295717 +-         0.270447       0.5866       0 [    7]      (   0)        3375546

       3.7         3.8   0.15            NLO.QT.32.CT.QCD              -304.716164 +-         0.239766
--------------------------------------------------------------------------------------------------------------------------------------------------------------
       3.7         3.8   0.15            ud~_epvebb~                   -304.716164 +-         0.239766       0.5930       0 [    7]      (   0)        3375546

       3.7         3.8   0.2             NLO.QT.32.CT.QCD              -277.460851 +-         0.219165
--------------------------------------------------------------------------------------------------------------------------------------------------------------
       3.7         3.8   0.2             ud~_epvebb~                   -277.460851 +-         0.219165       0.5979       0 [    7]      (   0)        3375546

       3.7         3.8   0.25            NLO.QT.32.CT.QCD              -257.198237 +-         0.203854
--------------------------------------------------------------------------------------------------------------------------------------------------------------
       3.7         3.8   0.25            ud~_epvebb~                   -257.198237 +-         0.203854       0.6021       0 [    7]      (   0)        3375546

       3.7         3.8   0.5             NLO.QT.32.CT.QCD              -199.150653 +-         0.160014
--------------------------------------------------------------------------------------------------------------------------------------------------------------
       3.7         3.8   0.5             ud~_epvebb~                   -199.150653 +-         0.160014       0.6166       0 [    7]      (   0)        3375546

==============================================================================================================================================================

       3.8         3.9   0.01            NLO.QT.32.CT.QCD              -520.511809 +-         0.439551
--------------------------------------------------------------------------------------------------------------------------------------------------------------
       3.8         3.9   0.01            ud~_epvebb~                   -520.511809 +-         0.439551        1.001       0 [    7]      (   0)        2868852

       3.8         3.9   0.05            NLO.QT.32.CT.QCD              -349.988661 +-         0.298344
--------------------------------------------------------------------------------------------------------------------------------------------------------------
       3.8         3.9   0.05            ud~_epvebb~                   -349.988661 +-         0.298344        1.028       0 [    7]      (   0)        2868852

       3.8         3.9   0.1             NLO.QT.32.CT.QCD              -286.929376 +-         0.246174
--------------------------------------------------------------------------------------------------------------------------------------------------------------
       3.8         3.9   0.1             ud~_epvebb~                   -286.929376 +-         0.246174        1.044       0 [    7]      (   0)        2868852

       3.8         3.9   0.15            NLO.QT.32.CT.QCD              -252.939430 +-         0.218069
--------------------------------------------------------------------------------------------------------------------------------------------------------------
       3.8         3.9   0.15            ud~_epvebb~                   -252.939430 +-         0.218069        1.055       0 [    7]      (   0)        2868852

       3.8         3.9   0.2             NLO.QT.32.CT.QCD              -230.120223 +-         0.199208
--------------------------------------------------------------------------------------------------------------------------------------------------------------
       3.8         3.9   0.2             ud~_epvebb~                   -230.120223 +-         0.199208        1.064       0 [    7]      (   0)        2868852

       3.8         3.9   0.25            NLO.QT.32.CT.QCD              -213.161726 +-         0.185197
--------------------------------------------------------------------------------------------------------------------------------------------------------------
       3.8         3.9   0.25            ud~_epvebb~                   -213.161726 +-         0.185197        1.072       0 [    7]      (   0)        2868852

       3.8         3.9   0.5             NLO.QT.32.CT.QCD              -164.615404 +-         0.145113
--------------------------------------------------------------------------------------------------------------------------------------------------------------
       3.8         3.9   0.5             ud~_epvebb~                   -164.615404 +-         0.145113        1.099       0 [    7]      (   0)        2868852

==============================================================================================================================================================

       3.9           4   0.01            NLO.QT.32.CT.QCD              -421.097972 +-         0.394909
--------------------------------------------------------------------------------------------------------------------------------------------------------------
       3.9           4   0.01            ud~_epvebb~                   -421.097972 +-         0.394909       0.9563       0 [    7]      (   0)        2378640

       3.9           4   0.05            NLO.QT.32.CT.QCD              -282.319392 +-         0.267397
--------------------------------------------------------------------------------------------------------------------------------------------------------------
       3.9           4   0.05            ud~_epvebb~                   -282.319392 +-         0.267397       0.9275       0 [    7]      (   0)        2378640

       3.9           4   0.1             NLO.QT.32.CT.QCD              -231.056562 +-         0.220347
--------------------------------------------------------------------------------------------------------------------------------------------------------------
       3.9           4   0.1             ud~_epvebb~                   -231.056562 +-         0.220347       0.9104       0 [    7]      (   0)        2378640

       3.9           4   0.15            NLO.QT.32.CT.QCD              -203.443731 +-         0.195020
--------------------------------------------------------------------------------------------------------------------------------------------------------------
       3.9           4   0.15            ud~_epvebb~                   -203.443731 +-         0.195020       0.8985       0 [    7]      (   0)        2378640

       3.9           4   0.2             NLO.QT.32.CT.QCD              -184.914865 +-         0.178033
--------------------------------------------------------------------------------------------------------------------------------------------------------------
       3.9           4   0.2             ud~_epvebb~                   -184.914865 +-         0.178033       0.8889       0 [    7]      (   0)        2378640

       3.9           4   0.25            NLO.QT.32.CT.QCD              -171.150281 +-         0.165420
--------------------------------------------------------------------------------------------------------------------------------------------------------------
       3.9           4   0.25            ud~_epvebb~                   -171.150281 +-         0.165420       0.8809       0 [    7]      (   0)        2378640

       3.9           4   0.5             NLO.QT.32.CT.QCD              -131.778837 +-         0.129371
--------------------------------------------------------------------------------------------------------------------------------------------------------------
       3.9           4   0.5             ud~_epvebb~                   -131.778837 +-         0.129371       0.8510       0 [    7]      (   0)        2378640

==============================================================================================================================================================

         4         4.1   0.01            NLO.QT.32.CT.QCD              -326.366567 +-         0.346414
--------------------------------------------------------------------------------------------------------------------------------------------------------------
         4         4.1   0.01            ud~_epvebb~                   -326.366567 +-         0.346414       0.8400       0 [    7]      (   0)        1906709

         4         4.1   0.05            NLO.QT.32.CT.QCD              -218.092217 +-         0.233900
--------------------------------------------------------------------------------------------------------------------------------------------------------------
         4         4.1   0.05            ud~_epvebb~                   -218.092217 +-         0.233900       0.8322       0 [    7]      (   0)        1906709

         4         4.1   0.1             NLO.QT.32.CT.QCD              -178.146731 +-         0.192445
--------------------------------------------------------------------------------------------------------------------------------------------------------------
         4         4.1   0.1             ud~_epvebb~                   -178.146731 +-         0.192445       0.8269       0 [    7]      (   0)        1906709

         4         4.1   0.15            NLO.QT.32.CT.QCD              -156.646123 +-         0.170150
--------------------------------------------------------------------------------------------------------------------------------------------------------------
         4         4.1   0.15            ud~_epvebb~                   -156.646123 +-         0.170150       0.8229       0 [    7]      (   0)        1906709

         4         4.1   0.2             NLO.QT.32.CT.QCD              -142.226537 +-         0.155207
--------------------------------------------------------------------------------------------------------------------------------------------------------------
         4         4.1   0.2             ud~_epvebb~                   -142.226537 +-         0.155207       0.8196       0 [    7]      (   0)        1906709

         4         4.1   0.25            NLO.QT.32.CT.QCD              -131.519358 +-         0.144117
--------------------------------------------------------------------------------------------------------------------------------------------------------------
         4         4.1   0.25            ud~_epvebb~                   -131.519358 +-         0.144117       0.8167       0 [    7]      (   0)        1906709

         4         4.1   0.5             NLO.QT.32.CT.QCD              -100.920680 +-         0.112459
--------------------------------------------------------------------------------------------------------------------------------------------------------------
         4         4.1   0.5             ud~_epvebb~                   -100.920680 +-         0.112459       0.8051       0 [    7]      (   0)        1906709

==============================================================================================================================================================

       4.1         4.2   0.01            NLO.QT.32.CT.QCD              -243.382046 +-         0.298473
--------------------------------------------------------------------------------------------------------------------------------------------------------------
       4.1         4.2   0.01            ud~_epvebb~                   -243.382046 +-         0.298473       0.6179       0 [    7]      (   0)        1479130

       4.1         4.2   0.05            NLO.QT.32.CT.QCD              -162.055846 +-         0.200974
--------------------------------------------------------------------------------------------------------------------------------------------------------------
       4.1         4.2   0.05            ud~_epvebb~                   -162.055846 +-         0.200974       0.6322       0 [    7]      (   0)        1479130

       4.1         4.2   0.1             NLO.QT.32.CT.QCD              -132.092330 +-         0.165106
--------------------------------------------------------------------------------------------------------------------------------------------------------------
       4.1         4.2   0.1             ud~_epvebb~                   -132.092330 +-         0.165106       0.6418       0 [    7]      (   0)        1479130

       4.1         4.2   0.15            NLO.QT.32.CT.QCD              -115.977547 +-         0.145835
--------------------------------------------------------------------------------------------------------------------------------------------------------------
       4.1         4.2   0.15            ud~_epvebb~                   -115.977547 +-         0.145835       0.6490       0 [    7]      (   0)        1479130

       4.1         4.2   0.2             NLO.QT.32.CT.QCD              -105.176360 +-         0.132928
--------------------------------------------------------------------------------------------------------------------------------------------------------------
       4.1         4.2   0.2             ud~_epvebb~                   -105.176360 +-         0.132928       0.6550       0 [    7]      (   0)        1479130

       4.1         4.2   0.25            NLO.QT.32.CT.QCD              -97.1598390 +-        0.1233541
--------------------------------------------------------------------------------------------------------------------------------------------------------------
       4.1         4.2   0.25            ud~_epvebb~                   -97.1598390 +-        0.1233541       0.6602       0 [    7]      (   0)        1479130

       4.1         4.2   0.5             NLO.QT.32.CT.QCD              -74.2727769 +-        0.0960584
--------------------------------------------------------------------------------------------------------------------------------------------------------------
       4.1         4.2   0.5             ud~_epvebb~                   -74.2727769 +-        0.0960584       0.6809       0 [    7]      (   0)        1479130

==============================================================================================================================================================

       4.2         4.3   0.01            NLO.QT.32.CT.QCD              -171.258676 +-         0.249904
--------------------------------------------------------------------------------------------------------------------------------------------------------------
       4.2         4.3   0.01            ud~_epvebb~                   -171.258676 +-         0.249904       0.7722       0 [    7]      (   0)        1095497

       4.2         4.3   0.05            NLO.QT.32.CT.QCD              -113.590297 +-         0.167772
--------------------------------------------------------------------------------------------------------------------------------------------------------------
       4.2         4.3   0.05            ud~_epvebb~                   -113.590297 +-         0.167772       0.7774       0 [    7]      (   0)        1095497

       4.2         4.3   0.1             NLO.QT.32.CT.QCD              -92.3733500 +-        0.1376084
--------------------------------------------------------------------------------------------------------------------------------------------------------------
       4.2         4.3   0.1             ud~_epvebb~                   -92.3733500 +-        0.1376084       0.7789       0 [    7]      (   0)        1095497

       4.2         4.3   0.15            NLO.QT.32.CT.QCD              -80.9724334 +-        0.1214197
--------------------------------------------------------------------------------------------------------------------------------------------------------------
       4.2         4.3   0.15            ud~_epvebb~                   -80.9724334 +-        0.1214197       0.7792       0 [    7]      (   0)        1095497

       4.2         4.3   0.2             NLO.QT.32.CT.QCD              -73.3355820 +-        0.1105859
--------------------------------------------------------------------------------------------------------------------------------------------------------------
       4.2         4.3   0.2             ud~_epvebb~                   -73.3355820 +-        0.1105859       0.7791       0 [    7]      (   0)        1095497

       4.2         4.3   0.25            NLO.QT.32.CT.QCD              -67.6704951 +-        0.1025556
--------------------------------------------------------------------------------------------------------------------------------------------------------------
       4.2         4.3   0.25            ud~_epvebb~                   -67.6704951 +-        0.1025556       0.7788       0 [    7]      (   0)        1095497

       4.2         4.3   0.5             NLO.QT.32.CT.QCD              -51.5136306 +-        0.0796918
--------------------------------------------------------------------------------------------------------------------------------------------------------------
       4.2         4.3   0.5             ud~_epvebb~                   -51.5136306 +-        0.0796918       0.7753       0 [    7]      (   0)        1095497

==============================================================================================================================================================

       4.3         4.4   0.01            NLO.QT.32.CT.QCD              -113.703047 +-         0.203528
--------------------------------------------------------------------------------------------------------------------------------------------------------------
       4.3         4.4   0.01            ud~_epvebb~                   -113.703047 +-         0.203528       0.4159       0 [    7]      (   0)         772756

       4.3         4.4   0.05            NLO.QT.32.CT.QCD              -75.1078903 +-        0.1362377
--------------------------------------------------------------------------------------------------------------------------------------------------------------
       4.3         4.4   0.05            ud~_epvebb~                   -75.1078903 +-        0.1362377       0.3901       0 [    7]      (   0)         772756

       4.3         4.4   0.1             NLO.QT.32.CT.QCD              -60.9290579 +-        0.1115682
--------------------------------------------------------------------------------------------------------------------------------------------------------------
       4.3         4.4   0.1             ud~_epvebb~                   -60.9290579 +-        0.1115682       0.3746       0 [    7]      (   0)         772756

       4.3         4.4   0.15            NLO.QT.32.CT.QCD              -53.3168734 +-        0.0983426
--------------------------------------------------------------------------------------------------------------------------------------------------------------
       4.3         4.4   0.15            ud~_epvebb~                   -53.3168734 +-        0.0983426       0.3637       0 [    7]      (   0)         772756

       4.3         4.4   0.2             NLO.QT.32.CT.QCD              -48.2212025 +-        0.0894990
--------------------------------------------------------------------------------------------------------------------------------------------------------------
       4.3         4.4   0.2             ud~_epvebb~                   -48.2212025 +-        0.0894990       0.3550       0 [    7]      (   0)         772756

       4.3         4.4   0.25            NLO.QT.32.CT.QCD              -44.4431944 +-        0.0829483
--------------------------------------------------------------------------------------------------------------------------------------------------------------
       4.3         4.4   0.25            ud~_epvebb~                   -44.4431944 +-        0.0829483       0.3476       0 [    7]      (   0)         772756

       4.3         4.4   0.5             NLO.QT.32.CT.QCD              -33.6799853 +-        0.0643240
--------------------------------------------------------------------------------------------------------------------------------------------------------------
       4.3         4.4   0.5             ud~_epvebb~                   -33.6799853 +-        0.0643240       0.3202       0 [    7]      (   0)         772756

==============================================================================================================================================================

       4.4         4.5   0.01            NLO.QT.32.CT.QCD              -69.8754158 +-        0.1597045
--------------------------------------------------------------------------------------------------------------------------------------------------------------
       4.4         4.5   0.01            ud~_epvebb~                   -69.8754158 +-        0.1597045       0.3407       0 [    7]      (   0)         518862

       4.4         4.5   0.05            NLO.QT.32.CT.QCD              -45.9422925 +-        0.1065920
--------------------------------------------------------------------------------------------------------------------------------------------------------------
       4.4         4.5   0.05            ud~_epvebb~                   -45.9422925 +-        0.1065920       0.3442       0 [    7]      (   0)         518862

       4.4         4.5   0.1             NLO.QT.32.CT.QCD              -37.1643233 +-        0.0871591
--------------------------------------------------------------------------------------------------------------------------------------------------------------
       4.4         4.5   0.1             ud~_epvebb~                   -37.1643233 +-        0.0871591       0.3484       0 [    7]      (   0)         518862

       4.4         4.5   0.15            NLO.QT.32.CT.QCD              -32.4564170 +-        0.0767541
--------------------------------------------------------------------------------------------------------------------------------------------------------------
       4.4         4.5   0.15            ud~_epvebb~                   -32.4564170 +-        0.0767541       0.3522       0 [    7]      (   0)         518862

       4.4         4.5   0.2             NLO.QT.32.CT.QCD              -29.3071999 +-        0.0698032
--------------------------------------------------------------------------------------------------------------------------------------------------------------
       4.4         4.5   0.2             ud~_epvebb~                   -29.3071999 +-        0.0698032       0.3558       0 [    7]      (   0)         518862

       4.4         4.5   0.25            NLO.QT.32.CT.QCD              -26.9737168 +-        0.0646586
--------------------------------------------------------------------------------------------------------------------------------------------------------------
       4.4         4.5   0.25            ud~_epvebb~                   -26.9737168 +-        0.0646586       0.3591       0 [    7]      (   0)         518862

       4.4         4.5   0.5             NLO.QT.32.CT.QCD              -20.3339577 +-        0.0500565
--------------------------------------------------------------------------------------------------------------------------------------------------------------
       4.4         4.5   0.5             ud~_epvebb~                   -20.3339577 +-        0.0500565       0.3744       0 [    7]      (   0)         518862

==============================================================================================================================================================

       4.5         4.6   0.01            NLO.QT.32.CT.QCD              -39.7400663 +-        0.1213903
--------------------------------------------------------------------------------------------------------------------------------------------------------------
       4.5         4.6   0.01            ud~_epvebb~                   -39.7400663 +-        0.1213903       0.7514       0 [    7]      (   0)         333278

       4.5         4.6   0.05            NLO.QT.32.CT.QCD              -26.0104092 +-        0.0808430
--------------------------------------------------------------------------------------------------------------------------------------------------------------
       4.5         4.6   0.05            ud~_epvebb~                   -26.0104092 +-        0.0808430       0.7329       0 [    7]      (   0)         333278

       4.5         4.6   0.1             NLO.QT.32.CT.QCD              -20.9826425 +-        0.0660337
--------------------------------------------------------------------------------------------------------------------------------------------------------------
       4.5         4.6   0.1             ud~_epvebb~                   -20.9826425 +-        0.0660337       0.7240       0 [    7]      (   0)         333278

       4.5         4.6   0.15            NLO.QT.32.CT.QCD              -18.2886691 +-        0.0581134
--------------------------------------------------------------------------------------------------------------------------------------------------------------
       4.5         4.6   0.15            ud~_epvebb~                   -18.2886691 +-        0.0581134       0.7187       0 [    7]      (   0)         333278

       4.5         4.6   0.2             NLO.QT.32.CT.QCD              -16.4878731 +-        0.0528269
--------------------------------------------------------------------------------------------------------------------------------------------------------------
       4.5         4.6   0.2             ud~_epvebb~                   -16.4878731 +-        0.0528269       0.7151       0 [    7]      (   0)         333278

       4.5         4.6   0.25            NLO.QT.32.CT.QCD              -15.1542962 +-        0.0489170
--------------------------------------------------------------------------------------------------------------------------------------------------------------
       4.5         4.6   0.25            ud~_epvebb~                   -15.1542962 +-        0.0489170       0.7125       0 [    7]      (   0)         333278

       4.5         4.6   0.5             NLO.QT.32.CT.QCD              -11.3641509 +-        0.0378361
--------------------------------------------------------------------------------------------------------------------------------------------------------------
       4.5         4.6   0.5             ud~_epvebb~                   -11.3641509 +-        0.0378361       0.7060       0 [    7]      (   0)         333278

==============================================================================================================================================================

       4.6         4.7   0.01            NLO.QT.32.CT.QCD              -20.3252259 +-        0.0868216
--------------------------------------------------------------------------------------------------------------------------------------------------------------
       4.6         4.7   0.01            ud~_epvebb~                   -20.3252259 +-        0.0868216        1.026       0 [    7]      (   0)         210152

       4.6         4.7   0.05            NLO.QT.32.CT.QCD              -13.2329982 +-        0.0576785
--------------------------------------------------------------------------------------------------------------------------------------------------------------
       4.6         4.7   0.05            ud~_epvebb~                   -13.2329982 +-        0.0576785        1.020       0 [    7]      (   0)         210152

       4.6         4.7   0.1             NLO.QT.32.CT.QCD              -10.6404701 +-        0.0470573
--------------------------------------------------------------------------------------------------------------------------------------------------------------
       4.6         4.7   0.1             ud~_epvebb~                   -10.6404701 +-        0.0470573        1.018       0 [    7]      (   0)         210152

       4.6         4.7   0.15            NLO.QT.32.CT.QCD              -9.25286306 +-       0.04138479
--------------------------------------------------------------------------------------------------------------------------------------------------------------
       4.6         4.7   0.15            ud~_epvebb~                   -9.25286306 +-       0.04138479        1.017       0 [    7]      (   0)         210152

       4.6         4.7   0.2             NLO.QT.32.CT.QCD              -8.32605462 +-       0.03760256
--------------------------------------------------------------------------------------------------------------------------------------------------------------
       4.6         4.7   0.2             ud~_epvebb~                   -8.32605462 +-       0.03760256        1.017       0 [    7]      (   0)         210152

       4.6         4.7   0.25            NLO.QT.32.CT.QCD              -7.64015838 +-       0.03480770
--------------------------------------------------------------------------------------------------------------------------------------------------------------
       4.6         4.7   0.25            ud~_epvebb~                   -7.64015838 +-       0.03480770        1.018       0 [    7]      (   0)         210152

       4.6         4.7   0.5             NLO.QT.32.CT.QCD              -5.69340791 +-       0.02690181
--------------------------------------------------------------------------------------------------------------------------------------------------------------
       4.6         4.7   0.5             ud~_epvebb~                   -5.69340791 +-       0.02690181        1.022       0 [    7]      (   0)         210152

==============================================================================================================================================================

       4.7         4.8   0.01            NLO.QT.32.CT.QCD              -9.18438359 +-       0.05579832
--------------------------------------------------------------------------------------------------------------------------------------------------------------
       4.7         4.8   0.01            ud~_epvebb~                   -9.18438359 +-       0.05579832        1.513       0 [    7]      (   0)         136202

       4.7         4.8   0.05            NLO.QT.32.CT.QCD              -5.93748351 +-       0.03688296
--------------------------------------------------------------------------------------------------------------------------------------------------------------
       4.7         4.8   0.05            ud~_epvebb~                   -5.93748351 +-       0.03688296        1.459       0 [    7]      (   0)         136202

       4.7         4.8   0.1             NLO.QT.32.CT.QCD              -4.75334788 +-       0.03001370
--------------------------------------------------------------------------------------------------------------------------------------------------------------
       4.7         4.8   0.1             ud~_epvebb~                   -4.75334788 +-       0.03001370        1.430       0 [    7]      (   0)         136202

       4.7         4.8   0.15            NLO.QT.32.CT.QCD              -4.12046428 +-       0.02635352
--------------------------------------------------------------------------------------------------------------------------------------------------------------
       4.7         4.8   0.15            ud~_epvebb~                   -4.12046428 +-       0.02635352        1.411       0 [    7]      (   0)         136202

       4.7         4.8   0.2             NLO.QT.32.CT.QCD              -3.69819235 +-       0.02391738
--------------------------------------------------------------------------------------------------------------------------------------------------------------
       4.7         4.8   0.2             ud~_epvebb~                   -3.69819235 +-       0.02391738        1.397       0 [    7]      (   0)         136202

       4.7         4.8   0.25            NLO.QT.32.CT.QCD              -3.38595355 +-       0.02211991
--------------------------------------------------------------------------------------------------------------------------------------------------------------
       4.7         4.8   0.25            ud~_epvebb~                   -3.38595355 +-       0.02211991        1.385       0 [    7]      (   0)         136202

       4.7         4.8   0.5             NLO.QT.32.CT.QCD              -2.50130907 +-       0.01705181
--------------------------------------------------------------------------------------------------------------------------------------------------------------
       4.7         4.8   0.5             ud~_epvebb~                   -2.50130907 +-       0.01705181        1.348       0 [    7]      (   0)         136202

==============================================================================================================================================================

       4.8         4.9   0.01            NLO.QT.32.CT.QCD              -3.58374201 +-       0.02931779
--------------------------------------------------------------------------------------------------------------------------------------------------------------
       4.8         4.9   0.01            ud~_epvebb~                   -3.58374201 +-       0.02931779       0.1964       0 [    7]      (   0)          94554

       4.8         4.9   0.05            NLO.QT.32.CT.QCD              -2.30505368 +-       0.01934194
--------------------------------------------------------------------------------------------------------------------------------------------------------------
       4.8         4.9   0.05            ud~_epvebb~                   -2.30505368 +-       0.01934194       0.1627       0 [    7]      (   0)          94554

       4.8         4.9   0.1             NLO.QT.32.CT.QCD              -1.83947722 +-       0.01572537
--------------------------------------------------------------------------------------------------------------------------------------------------------------
       4.8         4.9   0.1             ud~_epvebb~                   -1.83947722 +-       0.01572537       0.1483       0 [    7]      (   0)          94554

       4.8         4.9   0.15            NLO.QT.32.CT.QCD              -1.59089083 +-       0.01380054
--------------------------------------------------------------------------------------------------------------------------------------------------------------
       4.8         4.9   0.15            ud~_epvebb~                   -1.59089083 +-       0.01380054       0.1408       0 [    7]      (   0)          94554

       4.8         4.9   0.2             NLO.QT.32.CT.QCD              -1.42515163 +-       0.01252053
--------------------------------------------------------------------------------------------------------------------------------------------------------------
       4.8         4.9   0.2             ud~_epvebb~                   -1.42515163 +-       0.01252053       0.1364       0 [    7]      (   0)          94554

       4.8         4.9   0.25            NLO.QT.32.CT.QCD              -1.30267414 +-       0.01157681
--------------------------------------------------------------------------------------------------------------------------------------------------------------
       4.8         4.9   0.25            ud~_epvebb~                   -1.30267414 +-       0.01157681       0.1339       0 [    7]      (   0)          94554

       4.8         4.9   0.5             NLO.QT.32.CT.QCD              -0.95610178 +-       0.00892015
--------------------------------------------------------------------------------------------------------------------------------------------------------------
       4.8         4.9   0.5             ud~_epvebb~                   -0.95610178 +-       0.00892015       0.1336       0 [    7]      (   0)          94554

==============================================================================================================================================================

       4.9           5   0.01            NLO.QT.32.CT.QCD              -1.31792702 +-       0.01744985
--------------------------------------------------------------------------------------------------------------------------------------------------------------
       4.9           5   0.01            ud~_epvebb~                   -1.31792702 +-       0.01744985       0.4366       0 [    7]      (   0)          63490

       4.9           5   0.05            NLO.QT.32.CT.QCD              -0.85255298 +-       0.01163686
--------------------------------------------------------------------------------------------------------------------------------------------------------------
       4.9           5   0.05            ud~_epvebb~                   -0.85255298 +-       0.01163686       0.5006       0 [    7]      (   0)          63490

       4.9           5   0.1             NLO.QT.32.CT.QCD              -0.68279720 +-       0.00951644
--------------------------------------------------------------------------------------------------------------------------------------------------------------
       4.9           5   0.1             ud~_epvebb~                   -0.68279720 +-       0.00951644       0.5397       0 [    7]      (   0)          63490

       4.9           5   0.15            NLO.QT.32.CT.QCD              -0.59205645 +-       0.00838330
--------------------------------------------------------------------------------------------------------------------------------------------------------------
       4.9           5   0.15            ud~_epvebb~                   -0.59205645 +-       0.00838330       0.5672       0 [    7]      (   0)          63490

       4.9           5   0.2             NLO.QT.32.CT.QCD              -0.53150682 +-       0.00762741
--------------------------------------------------------------------------------------------------------------------------------------------------------------
       4.9           5   0.2             ud~_epvebb~                   -0.53150682 +-       0.00762741       0.5893       0 [    7]      (   0)          63490

       4.9           5   0.25            NLO.QT.32.CT.QCD              -0.48673142 +-       0.00706863
--------------------------------------------------------------------------------------------------------------------------------------------------------------
       4.9           5   0.25            ud~_epvebb~                   -0.48673142 +-       0.00706863       0.6081       0 [    7]      (   0)          63490

       4.9           5   0.5             NLO.QT.32.CT.QCD              -0.35985222 +-       0.00548656
--------------------------------------------------------------------------------------------------------------------------------------------------------------
       4.9           5   0.5             ud~_epvebb~                   -0.35985222 +-       0.00548656       0.6774       0 [    7]      (   0)          63490

==============================================================================================================================================================

