# m_bbZ-mbbZ250        central        num_err    min (scale)        num_err    max (scale)        num_err
              0              0              0              0              0              0              0
              1              0              0              0              0              0              0
              2              0              0              0              0              0              0
              3              0              0              0              0              0              0
              4              0              0              0              0              0              0
              5              0              0              0              0              0              0
              6              0              0              0              0              0              0
              7              0              0              0              0              0              0
              8              0              0              0              0              0              0
              9              0              0              0              0              0              0
             10              0              0              0              0              0              0
             11              0              0              0              0              0              0
             12              0              0              0              0              0              0
             13   0.0015789516   0.0015788726   0.0010354541   0.0010354024   0.0022664266   0.0022663133
             14   0.0031579032   0.0031577453   0.0012576629   0.0058574156   0.0035702561   0.0022178558
             15   0.0031579032   0.0022328631   0.0025020809   0.0017692321   0.0039136054   0.0027693141
             16    0.011052661   0.0041773043   0.0082569028   0.0031233438    0.014320288   0.0054302296
             17    0.015789516   0.0049928336    0.011977311   0.0037974921    0.021130212   0.0067603328
             18    0.020927571   0.0062305981    0.016436935    0.004735248     0.02662361   0.0084911698
             19    0.025498479   0.0063783693    0.019710724    0.004949078    0.033341177   0.0084123143
             20    0.045789596   0.0085024893    0.036421369   0.0067911457    0.059339976    0.011120945
             21    0.033157983   0.0072353033    0.025981073   0.0056932801    0.043813205   0.0096433828
             22    0.047585794   0.0086901284    0.036593597   0.0066959682    0.063569467    0.011687881
             23    0.078947579    0.011164293    0.063532573   0.0090194817    0.099956302    0.014240781
             24    0.071052821    0.010824205    0.057178911   0.0086824292     0.08877391     0.01431532
             25    0.094737095    0.012432056    0.075416407   0.0098548291     0.12282605    0.016467355
             26      0.1042108    0.013019717    0.086904842    0.010851752     0.12596541    0.016390301
             27      0.1239118    0.014395985    0.098863585    0.011368825     0.16021364    0.019185726
             28     0.13184958    0.014914814     0.10491505    0.011790196     0.17112369    0.020205673
             29     0.16894782    0.016634425     0.13791672    0.013437464     0.21137083    0.022389735
             30     0.22787067    0.018993365     0.18346631    0.015341857     0.29095162    0.024433036
             31     0.20684266    0.018208393     0.16760484    0.014733303     0.26173689    0.023293456
             32     0.24631645    0.019720062     0.19833041    0.015935564     0.31461389    0.025366571
             33     0.28894814     0.02135857     0.23370816    0.017599681      0.3667599    0.028126071
             34     0.30157975    0.022047643     0.24406931    0.017823503     0.38251969    0.029144427
             35     0.37896643    0.024663789     0.30698928    0.019921546     0.48011168    0.031775844
             36     0.40300432    0.025531654     0.33109945    0.020657962     0.50050076     0.03357905
             37     0.43831813    0.026625687     0.35526419    0.021411378     0.55498926    0.035469799
             38     0.45022005     0.02713152      0.3695846    0.021919137     0.56005661    0.035845439
             39     0.51039612    0.028575428      0.4148387    0.023188318     0.64393041     0.03697399
             40     0.55582409    0.030041561     0.45232125    0.024275139     0.70017123    0.038756001
             41     0.60334342    0.031109661     0.48966049    0.025126378     0.76299612    0.040029027
             42     0.68842373    0.033193651     0.56074021    0.026956534     0.86629016    0.042423493
             43     0.71378135    0.033719732     0.58242045    0.027437154     0.89607283    0.043194379
             44     0.79507523    0.035521454     0.64904102    0.029046973     0.99756344    0.045115824
             45     0.90667347     0.03784315     0.74014026    0.031124888      1.1376444    0.048171047
             46     0.88263393    0.037395897       0.723408     0.03067566      1.1015959    0.047192326
             47     0.90965026    0.038292714     0.74928579    0.031396414      1.1275567    0.048387128
             48     0.99000264    0.039660306     0.81394674    0.032688314      1.2304987    0.049898462
             49      1.1489057    0.042788994     0.94804318    0.035383355      1.4209068    0.053604095
             50      1.1589505    0.042891324     0.94853497    0.035197383      1.4497167    0.054177406
             51      1.3136877    0.045595567      1.0905624     0.03804578       1.611447    0.056631847
             52      1.4179881    0.047473496      1.1675283    0.039271262      1.7594653    0.060210651
             53      1.5236883    0.049248685      1.2538413    0.040469218      1.8923446    0.062025326
             54      1.6373728    0.050989496      1.3454852    0.041944389      2.0375435     0.06405155
             55      1.6405307    0.051135948      1.3579349    0.042238444      2.0214402    0.063941383
             56      1.7859033    0.053287751      1.4764123    0.044076103      2.2045079    0.066432378
             57       1.845833    0.054028793      1.5280702    0.044924341      2.2741878    0.067250983
             58      2.0636897    0.057209478      1.7047026    0.047315933      2.5505972    0.071303461
             59      2.2200059    0.059369012      1.8368064    0.049198623      2.7377375    0.073878744
             60      2.3495871    0.061150427       1.944986    0.050545879      2.8957716    0.076240263
             61      2.5185573    0.063136532      2.0858778    0.052370571      3.1023067    0.078224567
             62      2.5784279    0.064034734      2.1449518    0.053192484      3.1570908    0.079730063
             63       2.868955    0.067373124      2.3809377    0.056005845       3.524492    0.083402544
             64      2.8896483    0.067617116      2.3973344    0.056167079      3.5515958    0.083695787
             65      3.0757977    0.069932659      2.5520415    0.057937597      3.7801014    0.087009337
             66      3.4373776    0.073799608      2.8627219    0.061456744      4.2032302    0.091175493
             67      3.6394834    0.076094097      3.0307813    0.063223899      4.4512958    0.094590076
             68      4.0216447    0.079772821      3.3453763    0.066416452      4.9263266    0.098433353
             69      4.2363874    0.081900756      3.5268871    0.068286763      5.1839702      0.1010391
             70      4.4006714    0.083469431      3.6781675    0.069907041      5.3562717      0.1028154
             71       4.792118     0.08714812      4.0032373    0.073001343      5.8374305     0.10850618
             72      4.9347979    0.088465559      4.1223174    0.074188156      6.0118861     0.10955849
             73      5.4289475    0.092794568      4.5478186    0.077737322      6.5888569     0.11398045
             74      6.0196032    0.097690622      5.0369603    0.081827259      7.3172143     0.11965679
             75      6.3855163     0.10057397      5.3342253    0.084061367      7.7804966     0.12334107
             76      6.9783777     0.10515512      5.8395405     0.08807683      8.4831625     0.12882866
             77      7.7431786     0.11078056      6.4759274    0.092650309      9.4203388     0.13568224
             78      8.1653244     0.11373045      6.8398155    0.095340427      9.9134422     0.13912722
             79      8.9440022     0.11913885      7.5102887    0.099992117        10.8233      0.1457237
             80      9.8878373     0.12503074      8.2836538     0.10484809      12.003763     0.15260577
             81      10.888631     0.13131689      9.1450718     0.11034279      13.174152     0.15995329
             82      11.978609     0.13777159      10.058951      0.1157056       14.49703     0.16793883
             83      13.776064     0.14767875      11.599742      0.1248152      16.611623      0.1804117
             84      15.516238     0.15676349      13.062935     0.13200288      18.715367     0.19054511
             85      17.923034     0.16841049      15.087863     0.14187871      21.621865     0.20461221
             86      20.706601     0.18107204      17.454774     0.15270193      24.935079     0.22012184
             87      25.381339     0.20035283      21.393916     0.16919161      30.569145     0.24290637
             88      31.778005     0.22425709      26.834068     0.18948064      38.180837     0.27157481
             89      42.221481     0.25837266       35.69787     0.21855948      50.643677     0.31219799
             90       63.42502     0.31661416      53.659489     0.26803525      76.014708     0.38187936
             91      100.87255     0.39899987       85.46541     0.33933583      120.66112     0.48372558
             92      154.81761     0.49393001      131.10976     0.41899294      185.31794     0.59538281
             93      213.22772     0.57935202      180.52797     0.49086114      255.33941     0.69819867
             94       274.6935     0.65706971      232.70521     0.55740483      328.69428     0.79284003
             95      330.01801      0.7197032      279.63825      0.6130335      394.79049     0.87439133
             96      377.28295     0.76896947      319.66168     0.65239479      451.40197     0.92628788
             97      418.36857     0.80946584      354.65258     0.68771426       500.2346     0.97708472
             98      453.33065     0.84212173      384.18896     0.71424345      542.25976      1.0138608
             99      477.87457     0.86440162      405.11974     0.73327094      571.39543      1.0399603
            100      500.12829      0.8840384      424.05941     0.75092261      597.88768      1.0661505
            101      516.77265     0.89849351      438.21436     0.76254141      617.73351      1.0808008
            102      526.13484     0.90654191       446.1636     0.76964192      628.93361      1.0917116
            103      534.20988     0.91328555      453.08163     0.77528075      638.48162      1.0983404
            104      536.08103     0.91486365      454.75236     0.77885851      640.58428      1.1065322
            105      537.35353     0.91601668      455.91209     0.77911989      641.98026      1.1057053
            106      536.76903     0.91566048      455.49145     0.77889466      641.16541      1.1058049
            107      533.29951     0.91265431      452.43468     0.77489734      637.26285      1.0978577
            108      527.24503     0.90753825      447.27859     0.77094938       630.0943      1.0928346
            109      523.64714     0.90484881      444.39103     0.76907789      625.50776      1.0907134
            110      514.96863     0.89727869      437.12395     0.76398545      614.97779      1.0835669
            111      505.41143     0.88907809      428.82474     0.75487192        603.945      1.0695165
            112      498.35097     0.88338657      422.91021     0.75053053      595.38851      1.0637953
            113      491.63728     0.87730646      417.30366      0.7477755      587.21901      1.0620349
            114      480.19294     0.86682032      407.54728     0.74171635       573.6538      1.0572503
            115      470.94964     0.85850066      399.64048     0.72947282      562.74714      1.0332001
            116      458.14265     0.84765325      388.83274     0.72260563      547.34919      1.0271695
            117       449.1777     0.83930177        381.039     0.71245283      537.00633      1.0101824
            118      439.86857     0.83049462      373.13901      0.7049655      525.89857     0.99926939
            119      430.80079     0.82222733       365.5257     0.69863061       514.9252     0.99073443
            120      421.25261     0.81307278      357.26143     0.69001359      503.83349     0.97893878
            121      411.50713     0.80340783      348.93727     0.68165753      492.30169     0.96708357
            122      401.43299     0.79526135      340.38864     0.67542975      480.27374     0.96058454
            123      391.65385     0.78523538       332.0677     0.66625434      468.64055     0.94636563
            124      383.15905     0.77658786      324.75862     0.65880553      458.68786     0.93625573
            125      372.76263     0.76721684       315.9643     0.65052724      446.21966     0.92546547
            126      364.73048     0.75893637      309.20841     0.64393352      436.51659     0.91664273
            127      356.29447      0.7499339      301.95001     0.63768319      426.63073     0.90914636
            128      348.13713      0.7407853      294.98607     0.62856529      416.96877     0.89557129
            129      340.78678     0.73290175      288.71148     0.62155256      408.26267     0.88532563
            130      331.57251     0.72308296      280.92793     0.61325487      397.18985     0.87481272
            131      323.02129     0.73360823      273.63168     0.61890693      387.04844     0.89070621
            132      317.09005     0.70693049      268.53747     0.59916208      380.08202     0.85388497
            133      309.06059     0.69844759       261.6119     0.59233196       370.6999     0.84653487
            134       302.7883     0.69204924      256.29701     0.58627839      363.19419     0.83781023
            135       294.6108      0.6840401      249.49373     0.58260119      353.17297     0.83640475
            136      288.18296     0.67372952      243.85177     0.57083692       345.8422     0.81439893
            137      281.11724     0.66743441      237.81094     0.56456584      337.48499      0.8071484
            138      276.09306     0.66097834      233.56579     0.55922095      331.45205     0.79931022
            139      269.85756     0.65450327      228.28245     0.55703736      323.98673      0.8011351
            140      263.55855     0.64498307      222.82086     0.54577233      316.67916     0.78056371
            141      256.92881      0.6425793      217.25014     0.54272909      308.65353     0.77931809
            142      253.64621     0.63314108      214.43247     0.53574207      304.79431     0.76693685
            143      246.69277     0.62425211      208.48273     0.52796302      296.57619      0.7560984
            144      240.62264     0.61996269      203.29352     0.52425598      289.39387       0.753552
            145      235.49064     0.61043325      199.00613     0.51640534      283.13729     0.74052902
            146      231.52871     0.60516467      195.61749     0.51163569      278.45312     0.73327089
            147      227.37123       0.601692      192.02319     0.50848204      273.60928     0.73101382
            148      221.35016     0.59224388      186.85797     0.50039057       266.5156     0.71886255
            149      216.34204      0.5868939      182.63938     0.49542913      260.47237     0.71237326
            150      211.80442     0.57852046      178.79535     0.49030734      255.03925     0.70532624
            151        207.387     0.57564698      175.03557     0.48586477      249.77861     0.69995059
            152      202.92392     0.56780971      171.10236      0.4788367      244.71237     0.68978337
            153      199.35858     0.57708616      168.14024     0.48482342       240.3348     0.70604868
            154      196.26738     0.55771022      165.48763     0.47140145      236.69683     0.68044145
            155      191.06954     0.55327688      161.14172     0.46702987      230.36174     0.67577179
            156      188.37991     0.54795384      158.77368     0.46182221      227.30321     0.66648561
            157      184.69183     0.54158515      155.56943     0.45621102      223.03194     0.65904162
            158      181.27538     0.53680579      152.72196     0.45237209       218.8531     0.65308367
            159      177.02404     0.53048292       149.0557     0.44705113        213.876      0.6462307
            160      174.06802     0.52608148      146.60318      0.4431494      210.24033     0.64054935
            161      170.08719     0.51995286      143.16441     0.43789438      205.59162     0.63351684
            162      168.13208     0.51660424      141.50088     0.43502611      203.26103     0.62967125
            163       164.4537      0.5116155      138.39442     0.43184751      198.83694     0.62614257
            164      160.45411     0.50511169      134.98773     0.42510905      194.07629     0.61537741
            165      158.83709     0.50575977      133.54198     0.42521247      192.27622     0.61828365
            166      156.11634      0.5080732      131.23383     0.42589494      189.02205      0.6219568
            167      152.53699     0.49400049      128.18675      0.4153401      184.75832     0.60377164
            168      149.30323     0.48711611      125.43658     0.40951382      180.90206     0.59424798
            169      147.90486      0.4884637      124.24989     0.41116543      179.23025     0.60059174
            170      145.26085     0.48043265      121.94866     0.40356757      176.17254     0.58675562
            171      143.45613     0.47954368      120.42889     0.40259375      173.99297     0.58610606
            172      139.56905      0.4715415      117.11855      0.3959162      169.36569     0.57675658
            173      137.10267     0.46729848      115.05439     0.39239255      166.36362     0.57203494
            174      134.93076     0.46731851      113.15749     0.39156263      163.86313     0.57289991
            175      132.48659      0.4594722      111.16499     0.38675062      160.79281     0.56439297
            176       130.0972     0.45618949      109.06622     0.38240979      158.06292     0.55865613
            177      128.30818     0.45140072      107.54506     0.37873886      155.92916     0.55288246
            178      126.44079     0.44920778      105.96321     0.37666089      153.68914     0.55089537
            179      125.01399     0.44916538      104.75666     0.37648438      151.97536     0.55212576
            180       122.3518      0.4420109      102.52636     0.37048689      148.73868     0.54153002
            181      119.74402     0.43651625      100.26261      0.3657742      145.71161     0.53471404
            182      118.80922     0.43600733      99.477683     0.36565994      144.57723     0.53592128
            183      116.35707     0.43719591      97.388847     0.36529789      141.65811     0.53803159
            184      113.54425     0.42491215      95.012229     0.35607713      138.27448     0.52145413
            185      112.23431     0.42197463      93.923245     0.35358247      136.66698     0.51734961
            186      111.98022     0.42247737      93.643402     0.35360043      136.47967     0.51958034
            187        109.397     0.41858561      91.479393     0.35046148      133.33868     0.51458119
            188      107.28702      0.4274027      89.658561     0.35564945      130.86919     0.52825704
            189      106.17923     0.41142128      88.740627     0.34437789      129.50427     0.50697087
            190      104.78849     0.40845913      87.503035     0.34154393      127.94433     0.50247668
            191      102.98338     0.40744731      86.042353     0.34176875      125.65685     0.50602687
            192      100.55493     0.40525899      83.953599     0.33804932      122.80051     0.49938801
            193      99.761233     0.40330541      83.280291     0.33646442      121.85082     0.49726991
            194      98.700393     0.40550073      82.348419     0.33755616      120.63885     0.50108222
            195       96.83979     0.39234739      80.805575     0.32772599      118.34755     0.48283956
            196      94.678546     0.39001939      78.984677     0.32559044      115.73776     0.48085372
            197      93.892234     0.39572659      78.309219     0.32939974      114.81148      0.4895899
            198       92.21956     0.38280389      76.883623     0.31946039      112.82141     0.47169097
            199      91.059443     0.38106035      75.925039     0.31801475      111.38631     0.46986163
            200      89.759218     0.37991965      74.786249     0.31661699      109.89402      0.4690482
            201      88.795109      0.3771387      73.981431     0.31429772      108.71614     0.46518434
            202      88.045783     0.37426688      73.324233     0.31202473      107.85745     0.46157615
            203      86.576435     0.39412326      72.061049     0.32650118      106.12678     0.48904553
            204      85.442351     0.36937937      71.170322     0.30846698      104.64205     0.45702823
            205      84.219793     0.36748435      70.109182     0.30618982      103.22183     0.45469507
            206      82.654921     0.39517639      68.782963     0.32524907      101.34514     0.49515122
            207       81.93128      0.3650923       68.15172     0.30355713      100.50909     0.45191221
            208      80.334052     0.35876239      66.781906     0.29845456      98.623174     0.44360141
            209      79.695459     0.35963058      66.295294     0.29902499      97.759688     0.44512037
            210      78.876229     0.35460745       65.56982     0.29503213      96.833393      0.4385481
            211      77.787204     0.35219448      64.668926     0.29301152      95.487755     0.43545959
            212      76.924179     0.35111016      63.952011     0.29228074      94.426589     0.43448647
            213      75.394302     0.34730564      62.623155     0.28923145       92.64974     0.43125556
            214      74.568886     0.34514457      61.909227     0.28681009      91.685758     0.42718301
            215       74.29678     0.34466385      61.630285      0.2862168      91.444797     0.42710724
            216      72.920152     0.34402555      60.511663     0.28545323      89.708011     0.42671133
            217      71.778066     0.33981428      59.553824     0.28205449      88.321031     0.42194243
            218      70.831927     0.33862962      58.759756     0.28092417      87.172169     0.42001642
            219      69.632327     0.33310689      57.794266     0.27720249      85.642631     0.41322799
            220      68.924661     0.33190821      57.194833     0.27677063        84.7933     0.41495223
            221      67.706655     0.32973542      56.140239     0.27373683       83.37212     0.41022162
            222      67.493524     0.35542434      55.931148     0.29236118        83.1661     0.44479148
            223      66.740974     0.32751855      55.321506      0.2716179      82.213799     0.40627532
            224      65.011444     0.32161323      53.870077     0.26672877      80.114592     0.39914228
            225      64.664857     0.32130367      53.578866     0.26653207      79.694042     0.39892681
            226      65.078581     0.32562837      53.907249     0.26970241      80.228686     0.40493252
            227      63.330014      0.3206126      52.417802     0.26541679      78.145498     0.39926483
            228      62.707332     0.31663477      51.925691     0.26245978      77.335642     0.39340214
            229      61.920368     0.31428632      51.262162     0.26075841      76.385231     0.39115589
            230      61.464237     0.31356149       50.88888     0.25981892      75.814083     0.38929161
            231      60.566057     0.31392464      50.136291     0.25986224      74.721598     0.39082144
            232      60.112282     0.31029545       49.73585     0.25775059      74.205907      0.3881313
            233      58.671809      0.3059273      48.523087     0.25336032      72.464088     0.38075016
            234      58.350361     0.30587232      48.237323     0.25305924      72.101902     0.38052981
            235      57.819964     0.30344229      47.807962     0.25116089      71.430477     0.37726551
            236      57.180937     0.30152685      47.230238     0.24945228      70.727414     0.37552155
            237       56.35549     0.30136935      46.591268     0.24919455       69.63036       0.375606
            238      55.635143     0.29797591      46.009443     0.24683824      68.715529     0.37085986
            239      55.407965     0.29715267      45.785626     0.24585003      68.498239     0.36985177
            240      54.753463     0.29819971       45.22213     0.24626637      67.728296     0.37170948
            241      54.247392     0.29387027      44.763756     0.24280873      67.173725     0.36639094
            242      53.121433     0.29452747      43.834832     0.24303773      65.778982     0.36783192
            243      52.373225     0.31497561      43.233195     0.25780046      64.823445     0.39672513
            244      52.555746     0.29291947       43.34623     0.24151949      65.115614     0.36578485
            245      51.402614     0.28642689      42.425394     0.23662517       63.63415     0.35686305
            246      50.630425     0.28986982      41.738254     0.23866817      62.765579     0.36269887
            247       50.52254     0.28403563      41.671247     0.23452914      62.592778     0.35427822
            248      49.926101     0.28270021      41.178092     0.23339211      61.855496     0.35263612
            249      49.133326     0.28485388      40.490798     0.23461452      60.931779     0.35623084
            250              0              0              0              0              0              0
            251              0              0              0              0              0              0
            252              0              0              0              0              0              0
            253              0              0              0              0              0              0
            254              0              0              0              0              0              0
            255              0              0              0              0              0              0
            256              0              0              0              0              0              0
            257              0              0              0              0              0              0
            258              0              0              0              0              0              0
            259              0              0              0              0              0              0
            260              0              0              0              0              0              0
            261              0              0              0              0              0              0
            262              0              0              0              0              0              0
            263              0              0              0              0              0              0
            264              0              0              0              0              0              0
            265              0              0              0              0              0              0
            266              0              0              0              0              0              0
            267              0              0              0              0              0              0
            268              0              0              0              0              0              0
            269              0              0              0              0              0              0
            270              0              0              0              0              0              0
            271              0              0              0              0              0              0
            272              0              0              0              0              0              0
            273              0              0              0              0              0              0
            274              0              0              0              0              0              0
            275              0              0              0              0              0              0
            276              0              0              0              0              0              0
            277              0              0              0              0              0              0
            278              0              0              0              0              0              0
            279              0              0              0              0              0              0
            280              0              0              0              0              0              0
            281              0              0              0              0              0              0
            282              0              0              0              0              0              0
            283              0              0              0              0              0              0
            284              0              0              0              0              0              0
            285              0              0              0              0              0              0
            286              0              0              0              0              0              0
            287              0              0              0              0              0              0
            288              0              0              0              0              0              0
            289              0              0              0              0              0              0
            290              0              0              0              0              0              0
            291              0              0              0              0              0              0
            292              0              0              0              0              0              0
            293              0              0              0              0              0              0
            294              0              0              0              0              0              0
            295              0              0              0              0              0              0
            296              0              0              0              0              0              0
            297              0              0              0              0              0              0
            298              0              0              0              0              0              0
            299              0              0              0              0              0              0
            300              0              0              0              0              0              0
            301              0              0              0              0              0              0
            302              0              0              0              0              0              0
            303              0              0              0              0              0              0
            304              0              0              0              0              0              0
            305              0              0              0              0              0              0
            306              0              0              0              0              0              0
            307              0              0              0              0              0              0
            308              0              0              0              0              0              0
            309              0              0              0              0              0              0
            310              0              0              0              0              0              0
            311              0              0              0              0              0              0
            312              0              0              0              0              0              0
            313              0              0              0              0              0              0
            314              0              0              0              0              0              0
            315              0              0              0              0              0              0
            316              0              0              0              0              0              0
            317              0              0              0              0              0              0
            318              0              0              0              0              0              0
            319              0              0              0              0              0              0
            320              0              0              0              0              0              0
            321              0              0              0              0              0              0
            322              0              0              0              0              0              0
            323              0              0              0              0              0              0
            324              0              0              0              0              0              0
            325              0              0              0              0              0              0
            326              0              0              0              0              0              0
            327              0              0              0              0              0              0
            328              0              0              0              0              0              0
            329              0              0              0              0              0              0
            330              0              0              0              0              0              0
            331              0              0              0              0              0              0
            332              0              0              0              0              0              0
            333              0              0              0              0              0              0
            334              0              0              0              0              0              0
            335              0              0              0              0              0              0
            336              0              0              0              0              0              0
            337              0              0              0              0              0              0
            338              0              0              0              0              0              0
            339              0              0              0              0              0              0
            340              0              0              0              0              0              0
            341              0              0              0              0              0              0
            342              0              0              0              0              0              0
            343              0              0              0              0              0              0
            344              0              0              0              0              0              0
            345              0              0              0              0              0              0
            346              0              0              0              0              0              0
            347              0              0              0              0              0              0
            348              0              0              0              0              0              0
            349              0              0              0              0              0              0
            350              0              0              0              0              0              0
            351              0              0              0              0              0              0
            352              0              0              0              0              0              0
            353              0              0              0              0              0              0
            354              0              0              0              0              0              0
            355              0              0              0              0              0              0
            356              0              0              0              0              0              0
            357              0              0              0              0              0              0
            358              0              0              0              0              0              0
            359              0              0              0              0              0              0
            360              0              0              0              0              0              0
            361              0              0              0              0              0              0
            362              0              0              0              0              0              0
            363              0              0              0              0              0              0
            364              0              0              0              0              0              0
            365              0              0              0              0              0              0
            366              0              0              0              0              0              0
            367              0              0              0              0              0              0
            368              0              0              0              0              0              0
            369              0              0              0              0              0              0
            370              0              0              0              0              0              0
            371              0              0              0              0              0              0
            372              0              0              0              0              0              0
            373              0              0              0              0              0              0
            374              0              0              0              0              0              0
            375              0              0              0              0              0              0
            376              0              0              0              0              0              0
            377              0              0              0              0              0              0
            378              0              0              0              0              0              0
            379              0              0              0              0              0              0
            380              0              0              0              0              0              0
            381              0              0              0              0              0              0
            382              0              0              0              0              0              0
            383              0              0              0              0              0              0
            384              0              0              0              0              0              0
            385              0              0              0              0              0              0
            386              0              0              0              0              0              0
            387              0              0              0              0              0              0
            388              0              0              0              0              0              0
            389              0              0              0              0              0              0
            390              0              0              0              0              0              0
            391              0              0              0              0              0              0
            392              0              0              0              0              0              0
            393              0              0              0              0              0              0
            394              0              0              0              0              0              0
            395              0              0              0              0              0              0
            396              0              0              0              0              0              0
            397              0              0              0              0              0              0
            398              0              0              0              0              0              0
            399              0              0              0              0              0              0
            400              0              0              0              0              0              0
            401              0              0              0              0              0              0
            402              0              0              0              0              0              0
            403              0              0              0              0              0              0
            404              0              0              0              0              0              0
            405              0              0              0              0              0              0
            406              0              0              0              0              0              0
            407              0              0              0              0              0              0
            408              0              0              0              0              0              0
            409              0              0              0              0              0              0
            410              0              0              0              0              0              0
            411              0              0              0              0              0              0
            412              0              0              0              0              0              0
            413              0              0              0              0              0              0
            414              0              0              0              0              0              0
            415              0              0              0              0              0              0
            416              0              0              0              0              0              0
            417              0              0              0              0              0              0
            418              0              0              0              0              0              0
            419              0              0              0              0              0              0
            420              0              0              0              0              0              0
            421              0              0              0              0              0              0
            422              0              0              0              0              0              0
            423              0              0              0              0              0              0
            424              0              0              0              0              0              0
            425              0              0              0              0              0              0
            426              0              0              0              0              0              0
            427              0              0              0              0              0              0
            428              0              0              0              0              0              0
            429              0              0              0              0              0              0
            430              0              0              0              0              0              0
            431              0              0              0              0              0              0
            432              0              0              0              0              0              0
            433              0              0              0              0              0              0
            434              0              0              0              0              0              0
            435              0              0              0              0              0              0
            436              0              0              0              0              0              0
            437              0              0              0              0              0              0
            438              0              0              0              0              0              0
            439              0              0              0              0              0              0
            440              0              0              0              0              0              0
            441              0              0              0              0              0              0
            442              0              0              0              0              0              0
            443              0              0              0              0              0              0
            444              0              0              0              0              0              0
            445              0              0              0              0              0              0
            446              0              0              0              0              0              0
            447              0              0              0              0              0              0
            448              0              0              0              0              0              0
            449              0              0              0              0              0              0
            450              0              0              0              0              0              0
            451              0              0              0              0              0              0
            452              0              0              0              0              0              0
            453              0              0              0              0              0              0
            454              0              0              0              0              0              0
            455              0              0              0              0              0              0
            456              0              0              0              0              0              0
            457              0              0              0              0              0              0
            458              0              0              0              0              0              0
            459              0              0              0              0              0              0
            460              0              0              0              0              0              0
            461              0              0              0              0              0              0
            462              0              0              0              0              0              0
            463              0              0              0              0              0              0
            464              0              0              0              0              0              0
            465              0              0              0              0              0              0
            466              0              0              0              0              0              0
            467              0              0              0              0              0              0
            468              0              0              0              0              0              0
            469              0              0              0              0              0              0
            470              0              0              0              0              0              0
            471              0              0              0              0              0              0
            472              0              0              0              0              0              0
            473              0              0              0              0              0              0
            474              0              0              0              0              0              0
            475              0              0              0              0              0              0
            476              0              0              0              0              0              0
            477              0              0              0              0              0              0
            478              0              0              0              0              0              0
            479              0              0              0              0              0              0
            480              0              0              0              0              0              0
            481              0              0              0              0              0              0
            482              0              0              0              0              0              0
            483              0              0              0              0              0              0
            484              0              0              0              0              0              0
            485              0              0              0              0              0              0
            486              0              0              0              0              0              0
            487              0              0              0              0              0              0
            488              0              0              0              0              0              0
            489              0              0              0              0              0              0
            490              0              0              0              0              0              0
            491              0              0              0              0              0              0
            492              0              0              0              0              0              0
            493              0              0              0              0              0              0
            494              0              0              0              0              0              0
            495              0              0              0              0              0              0
            496              0              0              0              0              0              0
            497              0              0              0              0              0              0
            498              0              0              0              0              0              0
            499              0              0              0              0              0              0
            500              0              0              0              0              0              0
            501              0              0              0              0              0              0
            502              0              0              0              0              0              0
            503              0              0              0              0              0              0
            504              0              0              0              0              0              0
            505              0              0              0              0              0              0
            506              0              0              0              0              0              0
            507              0              0              0              0              0              0
            508              0              0              0              0              0              0
            509              0              0              0              0              0              0
            510              0              0              0              0              0              0
            511              0              0              0              0              0              0
            512              0              0              0              0              0              0
            513              0              0              0              0              0              0
            514              0              0              0              0              0              0
            515              0              0              0              0              0              0
            516              0              0              0              0              0              0
            517              0              0              0              0              0              0
            518              0              0              0              0              0              0
            519              0              0              0              0              0              0
            520              0              0              0              0              0              0
            521              0              0              0              0              0              0
            522              0              0              0              0              0              0
            523              0              0              0              0              0              0
            524              0              0              0              0              0              0
            525              0              0              0              0              0              0
            526              0              0              0              0              0              0
            527              0              0              0              0              0              0
            528              0              0              0              0              0              0
            529              0              0              0              0              0              0
            530              0              0              0              0              0              0
            531              0              0              0              0              0              0
            532              0              0              0              0              0              0
            533              0              0              0              0              0              0
            534              0              0              0              0              0              0
            535              0              0              0              0              0              0
            536              0              0              0              0              0              0
            537              0              0              0              0              0              0
            538              0              0              0              0              0              0
            539              0              0              0              0              0              0
            540              0              0              0              0              0              0
            541              0              0              0              0              0              0
            542              0              0              0              0              0              0
            543              0              0              0              0              0              0
            544              0              0              0              0              0              0
            545              0              0              0              0              0              0
            546              0              0              0              0              0              0
            547              0              0              0              0              0              0
            548              0              0              0              0              0              0
            549              0              0              0              0              0              0
            550              0              0              0              0              0              0
            551              0              0              0              0              0              0
            552              0              0              0              0              0              0
            553              0              0              0              0              0              0
            554              0              0              0              0              0              0
            555              0              0              0              0              0              0
            556              0              0              0              0              0              0
            557              0              0              0              0              0              0
            558              0              0              0              0              0              0
            559              0              0              0              0              0              0
            560              0              0              0              0              0              0
            561              0              0              0              0              0              0
            562              0              0              0              0              0              0
            563              0              0              0              0              0              0
            564              0              0              0              0              0              0
            565              0              0              0              0              0              0
            566              0              0              0              0              0              0
            567              0              0              0              0              0              0
            568              0              0              0              0              0              0
            569              0              0              0              0              0              0
            570              0              0              0              0              0              0
            571              0              0              0              0              0              0
            572              0              0              0              0              0              0
            573              0              0              0              0              0              0
            574              0              0              0              0              0              0
            575              0              0              0              0              0              0
            576              0              0              0              0              0              0
            577              0              0              0              0              0              0
            578              0              0              0              0              0              0
            579              0              0              0              0              0              0
            580              0              0              0              0              0              0
            581              0              0              0              0              0              0
            582              0              0              0              0              0              0
            583              0              0              0              0              0              0
            584              0              0              0              0              0              0
            585              0              0              0              0              0              0
            586              0              0              0              0              0              0
            587              0              0              0              0              0              0
            588              0              0              0              0              0              0
            589              0              0              0              0              0              0
            590              0              0              0              0              0              0
            591              0              0              0              0              0              0
            592              0              0              0              0              0              0
            593              0              0              0              0              0              0
            594              0              0              0              0              0              0
            595              0              0              0              0              0              0
            596              0              0              0              0              0              0
            597              0              0              0              0              0              0
            598              0              0              0              0              0              0
            599              0              0              0              0              0              0
            600              0              0              0              0              0              0
            601              0              0              0              0              0              0
            602              0              0              0              0              0              0
            603              0              0              0              0              0              0
            604              0              0              0              0              0              0
            605              0              0              0              0              0              0
            606              0              0              0              0              0              0
            607              0              0              0              0              0              0
            608              0              0              0              0              0              0
            609              0              0              0              0              0              0
            610              0              0              0              0              0              0
            611              0              0              0              0              0              0
            612              0              0              0              0              0              0
            613              0              0              0              0              0              0
            614              0              0              0              0              0              0
            615              0              0              0              0              0              0
            616              0              0              0              0              0              0
            617              0              0              0              0              0              0
            618              0              0              0              0              0              0
            619              0              0              0              0              0              0
            620              0              0              0              0              0              0
            621              0              0              0              0              0              0
            622              0              0              0              0              0              0
            623              0              0              0              0              0              0
            624              0              0              0              0              0              0
            625              0              0              0              0              0              0
            626              0              0              0              0              0              0
            627              0              0              0              0              0              0
            628              0              0              0              0              0              0
            629              0              0              0              0              0              0
            630              0              0              0              0              0              0
            631              0              0              0              0              0              0
            632              0              0              0              0              0              0
            633              0              0              0              0              0              0
            634              0              0              0              0              0              0
            635              0              0              0              0              0              0
            636              0              0              0              0              0              0
            637              0              0              0              0              0              0
            638              0              0              0              0              0              0
            639              0              0              0              0              0              0
            640              0              0              0              0              0              0
            641              0              0              0              0              0              0
            642              0              0              0              0              0              0
            643              0              0              0              0              0              0
            644              0              0              0              0              0              0
            645              0              0              0              0              0              0
            646              0              0              0              0              0              0
            647              0              0              0              0              0              0
            648              0              0              0              0              0              0
            649              0              0              0              0              0              0
            650              0              0              0              0              0              0
            651              0              0              0              0              0              0
            652              0              0              0              0              0              0
            653              0              0              0              0              0              0
            654              0              0              0              0              0              0
            655              0              0              0              0              0              0
            656              0              0              0              0              0              0
            657              0              0              0              0              0              0
            658              0              0              0              0              0              0
            659              0              0              0              0              0              0
            660              0              0              0              0              0              0
            661              0              0              0              0              0              0
            662              0              0              0              0              0              0
            663              0              0              0              0              0              0
            664              0              0              0              0              0              0
            665              0              0              0              0              0              0
            666              0              0              0              0              0              0
            667              0              0              0              0              0              0
            668              0              0              0              0              0              0
            669              0              0              0              0              0              0
            670              0              0              0              0              0              0
            671              0              0              0              0              0              0
            672              0              0              0              0              0              0
            673              0              0              0              0              0              0
            674              0              0              0              0              0              0
            675              0              0              0              0              0              0
            676              0              0              0              0              0              0
            677              0              0              0              0              0              0
            678              0              0              0              0              0              0
            679              0              0              0              0              0              0
            680              0              0              0              0              0              0
            681              0              0              0              0              0              0
            682              0              0              0              0              0              0
            683              0              0              0              0              0              0
            684              0              0              0              0              0              0
            685              0              0              0              0              0              0
            686              0              0              0              0              0              0
            687              0              0              0              0              0              0
            688              0              0              0              0              0              0
            689              0              0              0              0              0              0
            690              0              0              0              0              0              0
            691              0              0              0              0              0              0
            692              0              0              0              0              0              0
            693              0              0              0              0              0              0
            694              0              0              0              0              0              0
            695              0              0              0              0              0              0
            696              0              0              0              0              0              0
            697              0              0              0              0              0              0
            698              0              0              0              0              0              0
            699              0              0              0              0              0              0
            700              0              0              0              0              0              0
            701              0              0              0              0              0              0
            702              0              0              0              0              0              0
            703              0              0              0              0              0              0
            704              0              0              0              0              0              0
            705              0              0              0              0              0              0
            706              0              0              0              0              0              0
            707              0              0              0              0              0              0
            708              0              0              0              0              0              0
            709              0              0              0              0              0              0
            710              0              0              0              0              0              0
            711              0              0              0              0              0              0
            712              0              0              0              0              0              0
            713              0              0              0              0              0              0
            714              0              0              0              0              0              0
            715              0              0              0              0              0              0
            716              0              0              0              0              0              0
            717              0              0              0              0              0              0
            718              0              0              0              0              0              0
            719              0              0              0              0              0              0
            720              0              0              0              0              0              0
            721              0              0              0              0              0              0
            722              0              0              0              0              0              0
            723              0              0              0              0              0              0
            724              0              0              0              0              0              0
            725              0              0              0              0              0              0
            726              0              0              0              0              0              0
            727              0              0              0              0              0              0
            728              0              0              0              0              0              0
            729              0              0              0              0              0              0
            730              0              0              0              0              0              0
            731              0              0              0              0              0              0
            732              0              0              0              0              0              0
            733              0              0              0              0              0              0
            734              0              0              0              0              0              0
            735              0              0              0              0              0              0
            736              0              0              0              0              0              0
            737              0              0              0              0              0              0
            738              0              0              0              0              0              0
            739              0              0              0              0              0              0
            740              0              0              0              0              0              0
            741              0              0              0              0              0              0
            742              0              0              0              0              0              0
            743              0              0              0              0              0              0
            744              0              0              0              0              0              0
            745              0              0              0              0              0              0
            746              0              0              0              0              0              0
            747              0              0              0              0              0              0
            748              0              0              0              0              0              0
            749              0              0              0              0              0              0
            750              0              0              0              0              0              0
            751              0              0              0              0              0              0
            752              0              0              0              0              0              0
            753              0              0              0              0              0              0
            754              0              0              0              0              0              0
            755              0              0              0              0              0              0
            756              0              0              0              0              0              0
            757              0              0              0              0              0              0
            758              0              0              0              0              0              0
            759              0              0              0              0              0              0
            760              0              0              0              0              0              0
            761              0              0              0              0              0              0
            762              0              0              0              0              0              0
            763              0              0              0              0              0              0
            764              0              0              0              0              0              0
            765              0              0              0              0              0              0
            766              0              0              0              0              0              0
            767              0              0              0              0              0              0
            768              0              0              0              0              0              0
            769              0              0              0              0              0              0
            770              0              0              0              0              0              0
            771              0              0              0              0              0              0
            772              0              0              0              0              0              0
            773              0              0              0              0              0              0
            774              0              0              0              0              0              0
            775              0              0              0              0              0              0
            776              0              0              0              0              0              0
            777              0              0              0              0              0              0
            778              0              0              0              0              0              0
            779              0              0              0              0              0              0
            780              0              0              0              0              0              0
            781              0              0              0              0              0              0
            782              0              0              0              0              0              0
            783              0              0              0              0              0              0
            784              0              0              0              0              0              0
            785              0              0              0              0              0              0
            786              0              0              0              0              0              0
            787              0              0              0              0              0              0
            788              0              0              0              0              0              0
            789              0              0              0              0              0              0
            790              0              0              0              0              0              0
            791              0              0              0              0              0              0
            792              0              0              0              0              0              0
            793              0              0              0              0              0              0
            794              0              0              0              0              0              0
            795              0              0              0              0              0              0
            796              0              0              0              0              0              0
            797              0              0              0              0              0              0
            798              0              0              0              0              0              0
            799              0              0              0              0              0              0
            800              0              0              0              0              0              0
            801              0              0              0              0              0              0
            802              0              0              0              0              0              0
            803              0              0              0              0              0              0
            804              0              0              0              0              0              0
            805              0              0              0              0              0              0
            806              0              0              0              0              0              0
            807              0              0              0              0              0              0
            808              0              0              0              0              0              0
            809              0              0              0              0              0              0
            810              0              0              0              0              0              0
            811              0              0              0              0              0              0
            812              0              0              0              0              0              0
            813              0              0              0              0              0              0
            814              0              0              0              0              0              0
            815              0              0              0              0              0              0
            816              0              0              0              0              0              0
            817              0              0              0              0              0              0
            818              0              0              0              0              0              0
            819              0              0              0              0              0              0
            820              0              0              0              0              0              0
            821              0              0              0              0              0              0
            822              0              0              0              0              0              0
            823              0              0              0              0              0              0
            824              0              0              0              0              0              0
            825              0              0              0              0              0              0
            826              0              0              0              0              0              0
            827              0              0              0              0              0              0
            828              0              0              0              0              0              0
            829              0              0              0              0              0              0
            830              0              0              0              0              0              0
            831              0              0              0              0              0              0
            832              0              0              0              0              0              0
            833              0              0              0              0              0              0
            834              0              0              0              0              0              0
            835              0              0              0              0              0              0
            836              0              0              0              0              0              0
            837              0              0              0              0              0              0
            838              0              0              0              0              0              0
            839              0              0              0              0              0              0
            840              0              0              0              0              0              0
            841              0              0              0              0              0              0
            842              0              0              0              0              0              0
            843              0              0              0              0              0              0
            844              0              0              0              0              0              0
            845              0              0              0              0              0              0
            846              0              0              0              0              0              0
            847              0              0              0              0              0              0
            848              0              0              0              0              0              0
            849              0              0              0              0              0              0
            850              0              0              0              0              0              0
            851              0              0              0              0              0              0
            852              0              0              0              0              0              0
            853              0              0              0              0              0              0
            854              0              0              0              0              0              0
            855              0              0              0              0              0              0
            856              0              0              0              0              0              0
            857              0              0              0              0              0              0
            858              0              0              0              0              0              0
            859              0              0              0              0              0              0
            860              0              0              0              0              0              0
            861              0              0              0              0              0              0
            862              0              0              0              0              0              0
            863              0              0              0              0              0              0
            864              0              0              0              0              0              0
            865              0              0              0              0              0              0
            866              0              0              0              0              0              0
            867              0              0              0              0              0              0
            868              0              0              0              0              0              0
            869              0              0              0              0              0              0
            870              0              0              0              0              0              0
            871              0              0              0              0              0              0
            872              0              0              0              0              0              0
            873              0              0              0              0              0              0
            874              0              0              0              0              0              0
            875              0              0              0              0              0              0
            876              0              0              0              0              0              0
            877              0              0              0              0              0              0
            878              0              0              0              0              0              0
            879              0              0              0              0              0              0
            880              0              0              0              0              0              0
            881              0              0              0              0              0              0
            882              0              0              0              0              0              0
            883              0              0              0              0              0              0
            884              0              0              0              0              0              0
            885              0              0              0              0              0              0
            886              0              0              0              0              0              0
            887              0              0              0              0              0              0
            888              0              0              0              0              0              0
            889              0              0              0              0              0              0
            890              0              0              0              0              0              0
            891              0              0              0              0              0              0
            892              0              0              0              0              0              0
            893              0              0              0              0              0              0
            894              0              0              0              0              0              0
            895              0              0              0              0              0              0
            896              0              0              0              0              0              0
            897              0              0              0              0              0              0
            898              0              0              0              0              0              0
            899              0              0              0              0              0              0
            900              0              0              0              0              0              0
            901              0              0              0              0              0              0
            902              0              0              0              0              0              0
            903              0              0              0              0              0              0
            904              0              0              0              0              0              0
            905              0              0              0              0              0              0
            906              0              0              0              0              0              0
            907              0              0              0              0              0              0
            908              0              0              0              0              0              0
            909              0              0              0              0              0              0
            910              0              0              0              0              0              0
            911              0              0              0              0              0              0
            912              0              0              0              0              0              0
            913              0              0              0              0              0              0
            914              0              0              0              0              0              0
            915              0              0              0              0              0              0
            916              0              0              0              0              0              0
            917              0              0              0              0              0              0
            918              0              0              0              0              0              0
            919              0              0              0              0              0              0
            920              0              0              0              0              0              0
            921              0              0              0              0              0              0
            922              0              0              0              0              0              0
            923              0              0              0              0              0              0
            924              0              0              0              0              0              0
            925              0              0              0              0              0              0
            926              0              0              0              0              0              0
            927              0              0              0              0              0              0
            928              0              0              0              0              0              0
            929              0              0              0              0              0              0
            930              0              0              0              0              0              0
            931              0              0              0              0              0              0
            932              0              0              0              0              0              0
            933              0              0              0              0              0              0
            934              0              0              0              0              0              0
            935              0              0              0              0              0              0
            936              0              0              0              0              0              0
            937              0              0              0              0              0              0
            938              0              0              0              0              0              0
            939              0              0              0              0              0              0
            940              0              0              0              0              0              0
            941              0              0              0              0              0              0
            942              0              0              0              0              0              0
            943              0              0              0              0              0              0
            944              0              0              0              0              0              0
            945              0              0              0              0              0              0
            946              0              0              0              0              0              0
            947              0              0              0              0              0              0
            948              0              0              0              0              0              0
            949              0              0              0              0              0              0
            950              0              0              0              0              0              0
            951              0              0              0              0              0              0
            952              0              0              0              0              0              0
            953              0              0              0              0              0              0
            954              0              0              0              0              0              0
            955              0              0              0              0              0              0
            956              0              0              0              0              0              0
            957              0              0              0              0              0              0
            958              0              0              0              0              0              0
            959              0              0              0              0              0              0
            960              0              0              0              0              0              0
            961              0              0              0              0              0              0
            962              0              0              0              0              0              0
            963              0              0              0              0              0              0
            964              0              0              0              0              0              0
            965              0              0              0              0              0              0
            966              0              0              0              0              0              0
            967              0              0              0              0              0              0
            968              0              0              0              0              0              0
            969              0              0              0              0              0              0
            970              0              0              0              0              0              0
            971              0              0              0              0              0              0
            972              0              0              0              0              0              0
            973              0              0              0              0              0              0
            974              0              0              0              0              0              0
            975              0              0              0              0              0              0
            976              0              0              0              0              0              0
            977              0              0              0              0              0              0
            978              0              0              0              0              0              0
            979              0              0              0              0              0              0
            980              0              0              0              0              0              0
            981              0              0              0              0              0              0
            982              0              0              0              0              0              0
            983              0              0              0              0              0              0
            984              0              0              0              0              0              0
            985              0              0              0              0              0              0
            986              0              0              0              0              0              0
            987              0              0              0              0              0              0
            988              0              0              0              0              0              0
            989              0              0              0              0              0              0
            990              0              0              0              0              0              0
            991              0              0              0              0              0              0
            992              0              0              0              0              0              0
            993              0              0              0              0              0              0
            994              0              0              0              0              0              0
            995              0              0              0              0              0              0
            996              0              0              0              0              0              0
            997              0              0              0              0              0              0
            998              0              0              0              0              0              0
            999              0              0              0              0              0              0
           1000              0              0              0              0              0              0
