# m_bbZ-mbbZ750        central        num_err    min (scale)        num_err    max (scale)        num_err
              0              0              0              0              0              0              0
              1              0              0              0              0              0              0
              2              0              0              0              0              0              0
              3              0              0              0              0              0              0
              4              0              0              0              0              0              0
              5              0              0              0              0              0              0
              6              0              0              0              0              0              0
              7              0              0              0              0              0              0
              8              0              0              0              0              0              0
              9              0              0              0              0              0              0
             10              0              0              0              0              0              0
             11              0              0              0              0              0              0
             12              0              0              0              0              0              0
             13   0.0015789516   0.0015788726   0.0010354541   0.0010354024   0.0022664266   0.0022663133
             14   0.0031579032   0.0031577453   0.0012576629   0.0058574156   0.0035702561   0.0022178558
             15   0.0031579032   0.0022328631   0.0025020809   0.0017692321   0.0039136054   0.0027693141
             16    0.011052661   0.0041773043   0.0082569028   0.0031233438    0.014320288   0.0054302296
             17    0.015789516   0.0049928336    0.011977311   0.0037974921    0.021130212   0.0067603328
             18    0.020927571   0.0062305981    0.016436935    0.004735248     0.02662361   0.0084911698
             19    0.025498479   0.0063783693    0.019710724    0.004949078    0.033341177   0.0084123143
             20    0.045789596   0.0085024893    0.036421369   0.0067911457    0.059339976    0.011120945
             21    0.033157983   0.0072353033    0.025981073   0.0056932801    0.043813205   0.0096433828
             22    0.047585794   0.0086901284    0.036593597   0.0066959682    0.063569467    0.011687881
             23    0.078947579    0.011164293    0.063532573   0.0090194817    0.099956302    0.014240781
             24    0.071052821    0.010824205    0.057178911   0.0086824292     0.08877391     0.01431532
             25    0.094737095    0.012432056    0.075416407   0.0098548291     0.12282605    0.016467355
             26      0.1042108    0.013019717    0.086904842    0.010851752     0.12596541    0.016390301
             27      0.1239118    0.014395985    0.098863585    0.011368825     0.16021364    0.019185726
             28     0.13184958    0.014914814     0.10491505    0.011790196     0.17112369    0.020205673
             29     0.16894782    0.016634425     0.13791672    0.013437464     0.21137083    0.022389735
             30     0.22787067    0.018993365     0.18346631    0.015341857     0.29095162    0.024433036
             31     0.20684266    0.018208393     0.16760484    0.014733303     0.26173689    0.023293456
             32     0.24631645    0.019720062     0.19833041    0.015935564     0.31461389    0.025366571
             33     0.28894814     0.02135857     0.23370816    0.017599681      0.3667599    0.028126071
             34     0.30157975    0.022047643     0.24406931    0.017823503     0.38251969    0.029144427
             35     0.37896643    0.024663789     0.30698928    0.019921546     0.48011168    0.031775844
             36     0.40300432    0.025531654     0.33109945    0.020657962     0.50050076     0.03357905
             37     0.43831813    0.026625687     0.35526419    0.021411378     0.55498926    0.035469799
             38     0.45022005     0.02713152      0.3695846    0.021919137     0.56005661    0.035845439
             39     0.51039612    0.028575428      0.4148387    0.023188318     0.64393041     0.03697399
             40     0.55582409    0.030041561     0.45232125    0.024275139     0.70017123    0.038756001
             41     0.60334342    0.031109661     0.48966049    0.025126378     0.76299612    0.040029027
             42     0.68842373    0.033193651     0.56074021    0.026956534     0.86629016    0.042423493
             43     0.71378135    0.033719732     0.58242045    0.027437154     0.89607283    0.043194379
             44     0.79507523    0.035521454     0.64904102    0.029046973     0.99756344    0.045115824
             45     0.90667347     0.03784315     0.74014026    0.031124888      1.1376444    0.048171047
             46     0.88263393    0.037395897       0.723408     0.03067566      1.1015959    0.047192326
             47     0.90965026    0.038292714     0.74928579    0.031396414      1.1275567    0.048387128
             48     0.99000264    0.039660306     0.81394674    0.032688314      1.2304987    0.049898462
             49      1.1489057    0.042788994     0.94804318    0.035383355      1.4209068    0.053604095
             50      1.1589505    0.042891324     0.94853497    0.035197383      1.4497167    0.054177406
             51      1.3136877    0.045595567      1.0905624     0.03804578       1.611447    0.056631847
             52      1.4179881    0.047473496      1.1675283    0.039271262      1.7594653    0.060210651
             53      1.5236883    0.049248685      1.2538413    0.040469218      1.8923446    0.062025326
             54      1.6373728    0.050989496      1.3454852    0.041944389      2.0375435     0.06405155
             55      1.6405307    0.051135948      1.3579349    0.042238444      2.0214402    0.063941383
             56      1.7859033    0.053287751      1.4764123    0.044076103      2.2045079    0.066432378
             57       1.845833    0.054028793      1.5280702    0.044924341      2.2741878    0.067250983
             58      2.0636897    0.057209478      1.7047026    0.047315933      2.5505972    0.071303461
             59      2.2200059    0.059369012      1.8368064    0.049198623      2.7377375    0.073878744
             60      2.3495871    0.061150427       1.944986    0.050545879      2.8957716    0.076240263
             61      2.5185573    0.063136532      2.0858778    0.052370571      3.1023067    0.078224567
             62      2.5784279    0.064034734      2.1449518    0.053192484      3.1570908    0.079730063
             63       2.868955    0.067373124      2.3809377    0.056005845       3.524492    0.083402544
             64      2.8896483    0.067617116      2.3973344    0.056167079      3.5515958    0.083695787
             65      3.0757977    0.069932659      2.5520415    0.057937597      3.7801014    0.087009337
             66      3.4373776    0.073799608      2.8627219    0.061456744      4.2032302    0.091175493
             67      3.6394834    0.076094097      3.0307813    0.063223899      4.4512958    0.094590076
             68      4.0216447    0.079772821      3.3453763    0.066416452      4.9263266    0.098433353
             69      4.2363874    0.081900756      3.5268871    0.068286763      5.1839702      0.1010391
             70      4.4006714    0.083469431      3.6781675    0.069907041      5.3562717      0.1028154
             71       4.792118     0.08714812      4.0032373    0.073001343      5.8374305     0.10850618
             72      4.9347979    0.088465559      4.1223174    0.074188156      6.0118861     0.10955849
             73      5.4289475    0.092794568      4.5478186    0.077737322      6.5888569     0.11398045
             74      6.0196032    0.097690622      5.0369603    0.081827259      7.3172143     0.11965679
             75      6.3855163     0.10057397      5.3342253    0.084061367      7.7804966     0.12334107
             76      6.9783777     0.10515512      5.8395405     0.08807683      8.4831625     0.12882866
             77      7.7431786     0.11078056      6.4759274    0.092650309      9.4203388     0.13568224
             78      8.1653244     0.11373045      6.8398155    0.095340427      9.9134422     0.13912722
             79      8.9440022     0.11913885      7.5102887    0.099992117        10.8233      0.1457237
             80      9.8878373     0.12503074      8.2836538     0.10484809      12.003763     0.15260577
             81      10.888631     0.13131689      9.1450718     0.11034279      13.174152     0.15995329
             82      11.978609     0.13777159      10.058951      0.1157056       14.49703     0.16793883
             83      13.776064     0.14767875      11.599742      0.1248152      16.611623      0.1804117
             84      15.516238     0.15676349      13.062935     0.13200288      18.715367     0.19054511
             85      17.923034     0.16841049      15.087863     0.14187871      21.621865     0.20461221
             86      20.706601     0.18107204      17.454774     0.15270193      24.935079     0.22012184
             87      25.381339     0.20035283      21.393916     0.16919161      30.569145     0.24290637
             88      31.778005     0.22425709      26.834068     0.18948064      38.180837     0.27157481
             89      42.221481     0.25837266       35.69787     0.21855948      50.643677     0.31219799
             90       63.42502     0.31661416      53.659489     0.26803525      76.014708     0.38187936
             91      100.87255     0.39899987       85.46541     0.33933583      120.66112     0.48372558
             92      154.81761     0.49393001      131.10976     0.41899294      185.31794     0.59538281
             93      213.22772     0.57935202      180.52797     0.49086114      255.33941     0.69819867
             94       274.6935     0.65706971      232.70521     0.55740483      328.69428     0.79284003
             95      330.01801      0.7197032      279.63825      0.6130335      394.79049     0.87439133
             96      377.28295     0.76896947      319.66168     0.65239479      451.40197     0.92628788
             97      418.36857     0.80946584      354.65258     0.68771426       500.2346     0.97708472
             98      453.33065     0.84212173      384.18896     0.71424345      542.25976      1.0138608
             99      477.87457     0.86440162      405.11974     0.73327094      571.39543      1.0399603
            100      500.12829      0.8840384      424.05941     0.75092261      597.88768      1.0661505
            101      516.77265     0.89849351      438.21436     0.76254141      617.73351      1.0808008
            102      526.13484     0.90654191       446.1636     0.76964192      628.93361      1.0917116
            103      534.20988     0.91328555      453.08163     0.77528075      638.48162      1.0983404
            104      536.08103     0.91486365      454.75236     0.77885851      640.58428      1.1065322
            105      537.35353     0.91601668      455.91209     0.77911989      641.98026      1.1057053
            106      536.76903     0.91566048      455.49145     0.77889466      641.16541      1.1058049
            107      533.29951     0.91265431      452.43468     0.77489734      637.26285      1.0978577
            108      527.24503     0.90753825      447.27859     0.77094938       630.0943      1.0928346
            109      523.64714     0.90484881      444.39103     0.76907789      625.50776      1.0907134
            110      514.96863     0.89727869      437.12395     0.76398545      614.97779      1.0835669
            111      505.41143     0.88907809      428.82474     0.75487192        603.945      1.0695165
            112      498.35097     0.88338657      422.91021     0.75053053      595.38851      1.0637953
            113      491.63728     0.87730646      417.30366      0.7477755      587.21901      1.0620349
            114      480.19294     0.86682032      407.54728     0.74171635       573.6538      1.0572503
            115      470.94964     0.85850066      399.64048     0.72947282      562.74714      1.0332001
            116      458.14265     0.84765325      388.83274     0.72260563      547.34919      1.0271695
            117       449.1777     0.83930177        381.039     0.71245283      537.00633      1.0101824
            118      439.86857     0.83049462      373.13901      0.7049655      525.89857     0.99926939
            119      430.80079     0.82222733       365.5257     0.69863061       514.9252     0.99073443
            120      421.25261     0.81307278      357.26143     0.69001359      503.83349     0.97893878
            121      411.50713     0.80340783      348.93727     0.68165753      492.30169     0.96708357
            122      401.43299     0.79526135      340.38864     0.67542975      480.27374     0.96058454
            123      391.65385     0.78523538       332.0677     0.66625434      468.64055     0.94636563
            124      383.15905     0.77658786      324.75862     0.65880553      458.68786     0.93625573
            125      372.76263     0.76721684       315.9643     0.65052724      446.21966     0.92546547
            126      364.73048     0.75893637      309.20841     0.64393352      436.51659     0.91664273
            127      356.29447      0.7499339      301.95001     0.63768319      426.63073     0.90914636
            128      348.13713      0.7407853      294.98607     0.62856529      416.96877     0.89557129
            129      340.78678     0.73290175      288.71148     0.62155256      408.26267     0.88532563
            130      331.57251     0.72308296      280.92793     0.61325487      397.18985     0.87481272
            131      323.02129     0.73360823      273.63168     0.61890693      387.04844     0.89070621
            132      317.09005     0.70693049      268.53747     0.59916208      380.08202     0.85388497
            133      309.06059     0.69844759       261.6119     0.59233196       370.6999     0.84653487
            134       302.7883     0.69204924      256.29701     0.58627839      363.19419     0.83781023
            135       294.6108      0.6840401      249.49373     0.58260119      353.17297     0.83640475
            136      288.18296     0.67372952      243.85177     0.57083692       345.8422     0.81439893
            137      281.11724     0.66743441      237.81094     0.56456584      337.48499      0.8071484
            138      276.09306     0.66097834      233.56579     0.55922095      331.45205     0.79931022
            139      269.85756     0.65450327      228.28245     0.55703736      323.98673      0.8011351
            140      263.55855     0.64498307      222.82086     0.54577233      316.67916     0.78056371
            141      256.92881      0.6425793      217.25014     0.54272909      308.65353     0.77931809
            142      253.64621     0.63314108      214.43247     0.53574207      304.79431     0.76693685
            143      246.69277     0.62425211      208.48273     0.52796302      296.57619      0.7560984
            144      240.62264     0.61996269      203.29352     0.52425598      289.39387       0.753552
            145      235.49064     0.61043325      199.00613     0.51640534      283.13729     0.74052902
            146      231.52871     0.60516467      195.61749     0.51163569      278.45312     0.73327089
            147      227.37123       0.601692      192.02319     0.50848204      273.60928     0.73101382
            148      221.35016     0.59224388      186.85797     0.50039057       266.5156     0.71886255
            149      216.34204      0.5868939      182.63938     0.49542913      260.47237     0.71237326
            150      211.80442     0.57852046      178.79535     0.49030734      255.03925     0.70532624
            151        207.387     0.57564698      175.03557     0.48586477      249.77861     0.69995059
            152      202.92392     0.56780971      171.10236      0.4788367      244.71237     0.68978337
            153      199.35858     0.57708616      168.14024     0.48482342       240.3348     0.70604868
            154      196.26738     0.55771022      165.48763     0.47140145      236.69683     0.68044145
            155      191.06954     0.55327688      161.14172     0.46702987      230.36174     0.67577179
            156      188.37991     0.54795384      158.77368     0.46182221      227.30321     0.66648561
            157      184.69183     0.54158515      155.56943     0.45621102      223.03194     0.65904162
            158      181.27538     0.53680579      152.72196     0.45237209       218.8531     0.65308367
            159      177.02404     0.53048292       149.0557     0.44705113        213.876      0.6462307
            160      174.06802     0.52608148      146.60318      0.4431494      210.24033     0.64054935
            161      170.08719     0.51995286      143.16441     0.43789438      205.59162     0.63351684
            162      168.13208     0.51660424      141.50088     0.43502611      203.26103     0.62967125
            163       164.4537      0.5116155      138.39442     0.43184751      198.83694     0.62614257
            164      160.45411     0.50511169      134.98773     0.42510905      194.07629     0.61537741
            165      158.83709     0.50575977      133.54198     0.42521247      192.27622     0.61828365
            166      156.11634      0.5080732      131.23383     0.42589494      189.02205      0.6219568
            167      152.53699     0.49400049      128.18675      0.4153401      184.75832     0.60377164
            168      149.30323     0.48711611      125.43658     0.40951382      180.90206     0.59424798
            169      147.90486      0.4884637      124.24989     0.41116543      179.23025     0.60059174
            170      145.26085     0.48043265      121.94866     0.40356757      176.17254     0.58675562
            171      143.45613     0.47954368      120.42889     0.40259375      173.99297     0.58610606
            172      139.56905      0.4715415      117.11855      0.3959162      169.36569     0.57675658
            173      137.10267     0.46729848      115.05439     0.39239255      166.36362     0.57203494
            174      134.93076     0.46731851      113.15749     0.39156263      163.86313     0.57289991
            175      132.48659      0.4594722      111.16499     0.38675062      160.79281     0.56439297
            176       130.0972     0.45618949      109.06622     0.38240979      158.06292     0.55865613
            177      128.30818     0.45140072      107.54506     0.37873886      155.92916     0.55288246
            178      126.44079     0.44920778      105.96321     0.37666089      153.68914     0.55089537
            179      125.01399     0.44916538      104.75666     0.37648438      151.97536     0.55212576
            180       122.3518      0.4420109      102.52636     0.37048689      148.73868     0.54153002
            181      119.74402     0.43651625      100.26261      0.3657742      145.71161     0.53471404
            182      118.80922     0.43600733      99.477683     0.36565994      144.57723     0.53592128
            183      116.35707     0.43719591      97.388847     0.36529789      141.65811     0.53803159
            184      113.54425     0.42491215      95.012229     0.35607713      138.27448     0.52145413
            185      112.23431     0.42197463      93.923245     0.35358247      136.66698     0.51734961
            186      111.98022     0.42247737      93.643402     0.35360043      136.47967     0.51958034
            187        109.397     0.41858561      91.479393     0.35046148      133.33868     0.51458119
            188      107.28702      0.4274027      89.658561     0.35564945      130.86919     0.52825704
            189      106.17923     0.41142128      88.740627     0.34437789      129.50427     0.50697087
            190      104.78849     0.40845913      87.503035     0.34154393      127.94433     0.50247668
            191      102.98338     0.40744731      86.042353     0.34176875      125.65685     0.50602687
            192      100.55493     0.40525899      83.953599     0.33804932      122.80051     0.49938801
            193      99.761233     0.40330541      83.280291     0.33646442      121.85082     0.49726991
            194      98.700393     0.40550073      82.348419     0.33755616      120.63885     0.50108222
            195       96.83979     0.39234739      80.805575     0.32772599      118.34755     0.48283956
            196      94.678546     0.39001939      78.984677     0.32559044      115.73776     0.48085372
            197      93.892234     0.39572659      78.309219     0.32939974      114.81148      0.4895899
            198       92.21956     0.38280389      76.883623     0.31946039      112.82141     0.47169097
            199      91.059443     0.38106035      75.925039     0.31801475      111.38631     0.46986163
            200      89.759218     0.37991965      74.786249     0.31661699      109.89402      0.4690482
            201      88.795109      0.3771387      73.981431     0.31429772      108.71614     0.46518434
            202      88.045783     0.37426688      73.324233     0.31202473      107.85745     0.46157615
            203      86.576435     0.39412326      72.061049     0.32650118      106.12678     0.48904553
            204      85.442351     0.36937937      71.170322     0.30846698      104.64205     0.45702823
            205      84.219793     0.36748435      70.109182     0.30618982      103.22183     0.45469507
            206      82.654921     0.39517639      68.782963     0.32524907      101.34514     0.49515122
            207       81.93128      0.3650923       68.15172     0.30355713      100.50909     0.45191221
            208      80.334052     0.35876239      66.781906     0.29845456      98.623174     0.44360141
            209      79.695459     0.35963058      66.295294     0.29902499      97.759688     0.44512037
            210      78.876229     0.35460745       65.56982     0.29503213      96.833393      0.4385481
            211      77.787204     0.35219448      64.668926     0.29301152      95.487755     0.43545959
            212      76.924179     0.35111016      63.952011     0.29228074      94.426589     0.43448647
            213      75.394302     0.34730564      62.623155     0.28923145       92.64974     0.43125556
            214      74.568886     0.34514457      61.909227     0.28681009      91.685758     0.42718301
            215       74.29678     0.34466385      61.630285      0.2862168      91.444797     0.42710724
            216      72.920152     0.34402555      60.511663     0.28545323      89.708011     0.42671133
            217      71.778066     0.33981428      59.553824     0.28205449      88.321031     0.42194243
            218      70.831927     0.33862962      58.759756     0.28092417      87.172169     0.42001642
            219      69.632327     0.33310689      57.794266     0.27720249      85.642631     0.41322799
            220      68.924661     0.33190821      57.194833     0.27677063        84.7933     0.41495223
            221      67.706655     0.32973542      56.140239     0.27373683       83.37212     0.41022162
            222      67.493524     0.35542434      55.931148     0.29236118        83.1661     0.44479148
            223      66.740974     0.32751855      55.321506      0.2716179      82.213799     0.40627532
            224      65.011444     0.32161323      53.870077     0.26672877      80.114592     0.39914228
            225      64.664857     0.32130367      53.578866     0.26653207      79.694042     0.39892681
            226      65.078581     0.32562837      53.907249     0.26970241      80.228686     0.40493252
            227      63.330014      0.3206126      52.417802     0.26541679      78.145498     0.39926483
            228      62.707332     0.31663477      51.925691     0.26245978      77.335642     0.39340214
            229      61.920368     0.31428632      51.262162     0.26075841      76.385231     0.39115589
            230      61.464237     0.31356149       50.88888     0.25981892      75.814083     0.38929161
            231      60.566057     0.31392464      50.136291     0.25986224      74.721598     0.39082144
            232      60.112282     0.31029545       49.73585     0.25775059      74.205907      0.3881313
            233      58.671809      0.3059273      48.523087     0.25336032      72.464088     0.38075016
            234      58.350361     0.30587232      48.237323     0.25305924      72.101902     0.38052981
            235      57.819964     0.30344229      47.807962     0.25116089      71.430477     0.37726551
            236      57.180937     0.30152685      47.230238     0.24945228      70.727414     0.37552155
            237       56.35549     0.30136935      46.591268     0.24919455       69.63036       0.375606
            238      55.635143     0.29797591      46.009443     0.24683824      68.715529     0.37085986
            239      55.407965     0.29715267      45.785626     0.24585003      68.498239     0.36985177
            240      54.753463     0.29819971       45.22213     0.24626637      67.728296     0.37170948
            241      54.247392     0.29387027      44.763756     0.24280873      67.173725     0.36639094
            242      53.121433     0.29452747      43.834832     0.24303773      65.778982     0.36783192
            243      52.373225     0.31497561      43.233195     0.25780046      64.823445     0.39672513
            244      52.555746     0.29291947       43.34623     0.24151949      65.115614     0.36578485
            245      51.402614     0.28642689      42.425394     0.23662517       63.63415     0.35686305
            246      50.630425     0.28986982      41.738254     0.23866817      62.765579     0.36269887
            247       50.52254     0.28403563      41.671247     0.23452914      62.592778     0.35427822
            248      49.926101     0.28270021      41.178092     0.23339211      61.855496     0.35263612
            249      49.133326     0.28485388      40.490798     0.23461452      60.931779     0.35623084
            250      48.425417     0.27949237      39.931146     0.23063804      60.011655     0.34903608
            251       48.66377     0.27950356      40.098979     0.23065668      60.357638     0.35010381
            252      47.841295     0.27653599      39.430178     0.22818715      59.321166     0.34518468
            253      47.531317     0.29284554      39.142817     0.23989074      58.992183     0.36826436
            254       46.72826     0.27370925      38.484807     0.22573474      57.990269      0.3430268
            255      46.384394     0.27188554      38.171414     0.22408567      57.615813     0.33987903
            256      45.409821      0.2705433      37.349761     0.22267923      56.439147     0.33851339
            257      45.378582     0.27040864      37.336786     0.22298576      56.377816     0.33979202
            258          45.11     0.27570945      37.136956     0.22655516      56.006415     0.34610994
            259      44.754026     0.26820336      36.805576     0.22081567       55.63144     0.33545134
            260      43.721335     0.26382048      35.982185     0.21744733      54.301864     0.33013162
            261      43.650464     0.26342796      35.898432     0.21716389      54.259488     0.32991333
            262      42.742019     0.27114298       35.16095     0.22247793      53.111422     0.34054769
            263       42.91171     0.26139712      35.311001     0.21556224      53.303764     0.32670294
            264       42.30175     0.25957576      34.751589     0.21351354      52.646526     0.32477187
            265      41.987933     0.25897289      34.511263     0.21311004      52.224634      0.3239076
            266      41.727375     0.29301427      34.293601     0.23847393      51.905508     0.37045423
            267      40.631279     0.25414669      33.365246     0.20897074      50.591078     0.31874851
            268      40.661344     0.25566928      33.392867     0.21022377      50.622268     0.32083376
            269      40.576048     0.25655412      33.357191     0.21095039      50.455708     0.32128119
            270      39.648831     0.25156332       32.54618     0.20660962       49.38755     0.31555791
            271      39.683333     0.25344403      32.553018     0.20805316      49.467645     0.31783972
            272      39.193484      0.2775224      32.166197     0.22526993      48.830864     0.35246172
            273      38.772447     0.24825298      31.824328     0.20400383      48.299623     0.31149806
            274      38.266369     0.24899189      31.374289     0.20418777      47.728538      0.3130465
            275      38.177137     0.24714252      31.348424     0.20313433      47.534219     0.30976407
            276      37.499973     0.24461986      30.782085     0.20106403      46.708888     0.30674567
            277      37.048375     0.24298242      30.386124      0.1995509      46.189967     0.30463639
            278      37.067736     0.25220288      30.395072     0.20627775      46.225367     0.31753748
            279      36.624698     0.24309926      30.042821     0.19947549        45.6531     0.30508463
            280      36.085065     0.24027961      29.590593     0.19724038      44.996863     0.30160174
            281      36.015648     0.24094471      29.514924     0.19760494      44.942765     0.30244947
            282      35.540487     0.23803798      29.173976     0.19599918      44.264971     0.29918284
            283      34.995644     0.23663691      28.661987      0.1939635       43.69855     0.29738296
            284      34.702834      0.2351013      28.451936     0.19297954      43.280808     0.29499549
            285      35.097427     0.23689367      28.758044     0.19426054      43.802642     0.29769548
            286      34.128562     0.23283925      27.961147     0.19105865       42.59846     0.29232573
            287      34.359321     0.23656184      28.111416     0.19349177      42.953202     0.29783158
            288      33.804416     0.23455311      27.698754     0.19222843      42.187164     0.29499616
            289      33.274051     0.23093285      27.257555     0.18973126      41.536479      0.2910028
            290       33.34282      0.2305078      27.287835     0.18885971      41.667166     0.29000767
            291      32.530363     0.22825575       26.62785     0.18703254       40.64254      0.2868614
            292      32.257557     0.22641216      26.421282     0.18658006      40.272394     0.28670954
            293      32.117676     0.22744905      26.298879     0.18627405       40.11052     0.28609591
            294      31.882601     0.22582936        26.0941     0.18496686      39.838278     0.28391479
            295      31.243879     0.22308642      25.577569     0.18291246      39.028862     0.28037509
            296      31.620973     0.22460531      25.866123     0.18392167      39.534533     0.28233681
            297      30.860743      0.2253715      25.259706     0.18438385      38.556688     0.28377415
            298      30.318629     0.21965712      24.823437     0.18006999       37.86621     0.27593037
            299      30.508538     0.22466235      24.966743      0.1838889       38.12361      0.2828802
            300      30.086285     0.21978229      24.622522     0.18000057      37.593623     0.27653439
            301       29.72964     0.21755922      24.305895     0.17808959        37.1908     0.27355109
            302      29.483115     0.21685704      24.086189     0.17742058      36.913145     0.27300173
            303       29.23928     0.21764223      23.892008     0.17795225      36.598875     0.27400372
            304      29.668251     0.22021949      24.230959     0.17989199      37.155338     0.27754483
            305      29.068741     0.21565543      23.773487     0.17660474      36.348706     0.27140094
            306      28.370728     0.21349218      23.186912     0.17460855      35.502705     0.26890806
            307      28.479802     0.21442891      23.259817     0.17516626      35.667205     0.27035197
            308      28.010982     0.21155501       22.89362     0.17317517      35.050474     0.26709192
            309       27.77567     0.21057461      22.697041     0.17232467       34.76332     0.26505189
            310      27.699954     0.21179291      22.635253     0.17308001      34.667825     0.26687242
            311      27.502061      0.2125017      22.466197     0.17374604       34.43242     0.26753787
            312      27.023348     0.20739771      22.070575     0.16954732      33.841122      0.2612013
            313      27.267521     0.21232817      22.274357     0.17326017      34.138984     0.26789796
            314      26.797049     0.21884168      21.849397     0.17760301       33.61982     0.27776395
            315      26.614612      0.2063672      21.721154     0.16862411      33.355537     0.26032393
            316      26.172089     0.20417919      21.396411     0.16723065      32.737607     0.25743501
            317      26.063802     0.21593695       21.25859     0.17565457      32.686939     0.27312694
            318      25.606872     0.20293815      20.902187     0.16618127      32.085445     0.25774035
            319      26.023819     0.20384064      21.253734     0.16666056      32.588273     0.25685414
            320      25.324742     0.20224219      20.642336     0.16496411      31.782721     0.25515427
            321      25.287619     0.20138923      20.626585     0.16443594      31.710444      0.2539485
            322      24.913687     0.19889673      20.327583     0.16253514      31.231265     0.25047275
            323      25.298219     0.21885003      20.618103     0.17728159      31.753067      0.2782758
            324      24.842604     0.19943294      20.268001     0.16331749       31.14409     0.25221556
            325      24.171752     0.19655104      19.695372     0.16043225      30.341601     0.24799643
            326      24.380093     0.20208084      19.868652     0.16474899      30.596683     0.25565107
            327      23.972743     0.19532075      19.531785     0.15949254      30.086796      0.2463259
            328      23.811206     0.19491311      19.382115     0.15890412      29.905245     0.24618602
            329      23.618699     0.19464353      19.241754     0.15890352      29.634486      0.2454714
            330      23.632571     0.19420059      19.247231     0.15855734      29.654179     0.24493391
            331      23.273531     0.19324758      18.943339       0.157596      29.231391     0.24406328
            332      23.045287     0.19203882      18.754375      0.1566901      28.939462     0.24242291
            333      23.112025     0.19202874      18.808208     0.15660224      29.009415     0.24243268
            334       22.51412     0.18990818      18.324765     0.15484757      28.243639     0.24006554
            335      22.642301     0.19050959      18.450297     0.15772677      28.378659     0.24300116
            336      22.537344      0.1901409      18.313206     0.15476882      28.322555     0.24025547
            337      22.024879      0.1872867       17.90545      0.1526453      27.667185     0.23645529
            338      22.139395     0.19182751      17.978145     0.15577252      27.834255     0.24299329
            339      21.932074     0.18856493      17.811708     0.15330846      27.573018     0.23853832
            340      21.861612     0.18678917      17.754878     0.15197546      27.483283     0.23649968
            341      21.107695     0.18322165      17.128396     0.14900277       26.55659     0.23168654
            342      21.392947     0.18498794      17.382458     0.15058357      26.879494     0.23406154
            343      21.220566      0.1843642      17.225084     0.14986251      26.692585     0.23350618
            344      20.880438     0.18224868      16.943911     0.14827513      26.272785     0.23052176
            345      20.721595      0.1825427      16.832646     0.14852815      26.044086     0.23088203
            346      20.684263     0.18185617      16.777781      0.1477761       26.03855     0.23028286
            347      20.354503     0.18083337      16.495586     0.14681995      25.646804     0.22905488
            348      19.975188     0.18078831      16.204264     0.14696308      25.142165     0.23003932
            349      20.550407     0.18083362      16.656738     0.14697726      25.888607     0.22922906
            350      20.033699     0.18022548      16.231578     0.14628624       25.24834     0.22880459
            351      20.143578     0.17978976      16.304934     0.14585649      25.411449      0.2278887
            352      19.805577     0.17884533      16.036948     0.14509122      24.978889     0.22696645
            353      19.587416     0.17704388      15.851953     0.14362007      24.716642     0.22477282
            354      19.568935     0.17688878      15.827174     0.14333787      24.708011     0.22454641
            355      19.379777     0.17652559      15.665981     0.14291173      24.485296     0.22456609
            356      19.410026     0.17596368      15.703192     0.14269488      24.502592     0.22346033
            357      18.991484     0.17434678      15.345033     0.14113126      24.005697     0.22156482
            358      18.909974     0.17409458      15.298774     0.14118884        23.8684     0.22093722
            359      18.769602     0.17280001      15.181746     0.14011441      23.697871     0.21924297
            360      18.677965     0.17282927      15.095675      0.1402154      23.602942     0.22020443
            361      18.550217     0.17545259      14.981259     0.14177485      23.458313     0.22322067
            362      18.060826     0.17026117      14.594378     0.13775501      22.826686     0.21657747
            363      18.059681     0.16963627      14.575111     0.13718048      22.855158     0.21581577
            364      17.808601     0.16843716      14.398435     0.13689811      22.495449     0.21456286
            365       17.74139     0.17251063      14.306785      0.1391143      22.473271     0.22054992
            366      17.818677     0.17013829      14.387295     0.13762113      22.538828     0.21671398
            367      17.849753     0.16862411      14.401314     0.13629353      22.595796     0.21499417
            368      17.590265     0.16781967      14.178197     0.13555333      22.290985     0.21381557
            369      17.472469     0.16706257      14.108245     0.13515581      22.101439     0.21244591
            370      17.436155     0.16705838      14.055211     0.13495826      22.094373      0.2126904
            371      17.464808     0.16720375      14.088103     0.13528617      22.115298     0.21315458
            372      17.115694     0.16590851      13.792407     0.13394117      21.696456     0.21142391
            373      16.879112      0.1653914      13.589562     0.13329827      21.414546     0.21118184
            374      16.695848     0.16320102      13.447026     0.13173099      21.173395      0.2079347
            375      16.668953     0.16279735      13.442997      0.1316112      21.112057     0.20728091
            376      16.710634     0.16389688      13.464691     0.13227553      21.184143      0.2091181
            377      16.466945     0.16217093      13.255147     0.13083765      20.897229     0.20672715
            378      16.283205     0.16182467      13.122958     0.13063238      20.637867     0.20647913
            379      16.553575     0.16264623      13.317195     0.13121084      21.020302     0.20761707
            380       16.22615      0.1608618      13.038024     0.12954366      20.630525     0.20554528
            381      15.707421     0.15917315      12.636615     0.12827218       19.94492     0.20317735
            382      15.731097     0.15978951      12.658589     0.12866355      19.971076     0.20415044
            383      15.637873     0.15966085      12.560245     0.12839661      19.891171     0.20420362
            384      15.580439     0.15919938      12.531478     0.12822409      19.787654     0.20324025
            385      15.496636     0.15748276      12.470256     0.12690905      19.672292     0.20105395
            386      15.398404       0.156714      12.367764     0.12615751      19.584984     0.20025479
            387      15.511222     0.15747325       12.46569     0.12680573      19.717819     0.20129001
            388      15.265689     0.15598713      12.267748     0.12562519      19.405331     0.19922606
            389      15.240415     0.15577398      12.246104     0.12541717      19.376044     0.19904656
            390      14.932291     0.15441322      12.007016     0.12434448      18.970861      0.1973326
            391      14.972699      0.1545789       12.03169     0.12461102      19.035468     0.19767058
            392      14.758097     0.15342166      11.858097     0.12351699      18.764427     0.19620693
            393      14.649694     0.15422306      11.753472     0.12392892      18.656597     0.19761861
            394      14.474328      0.1520455      11.616536     0.12228463      18.424122     0.19448148
            395      14.562553     0.15354779       11.69172     0.12343918      18.530292     0.19643262
            396      14.386947      0.1514175      11.545664     0.12175311      18.316212     0.19385496
            397      14.452415     0.15230426      11.599647      0.1224025      18.397121     0.19496891
            398      14.464381     0.15249392      11.602502     0.12253897      18.423034     0.19528132
            399      14.073046     0.14963478      11.275391     0.12014255      17.947183      0.1917751
            400      13.875005      0.1505247      11.117089     0.12072166      17.692719     0.19300043
            401      14.020162     0.15062742      11.241447     0.12092392      17.864683     0.19304359
            402      13.824246     0.14906736      11.090572     0.11975204      17.604815     0.19091521
            403      13.461854     0.14649028      10.778689     0.11755185      17.179341     0.18776109
            404      13.418224     0.14641316      10.738642     0.11743003      17.131301     0.18776839
            405       13.58904     0.14788289       10.88389      0.1186766      17.336359      0.1895631
            406      13.344558      0.1458352      10.673788     0.11688692      17.046945     0.18711369
            407      13.309716     0.15054687      10.654535     0.12078073      16.987714     0.19305656
            408      13.416639     0.14660684      10.719508     0.11737145      17.159734     0.18831927
            409       13.11169     0.14658976      10.501174     0.11778807      16.728329      0.1885119
            410      13.019065      0.1440068      10.409307     0.11542383      16.640097     0.18500961
            411      12.936155     0.14385226      10.347222      0.1152337      16.526347     0.18473775
            412      12.996196     0.14426456      10.391427     0.11554669       16.60987     0.18543311
            413       12.90612      0.1434328      10.313448     0.11478321      16.503599     0.18436018
            414      12.750794     0.14314147      10.195874     0.11466467      16.293215     0.18371743
            415       12.81415     0.14335778        10.2487     0.11512097      16.371876     0.18484877
            416      12.706745     0.14227493      10.152715     0.11395915      16.251667     0.18280231
            417      12.592065     0.14170301      10.054965     0.11338684      16.115057     0.18223748
            418      12.031955     0.13855105      9.6022016     0.11075807      15.408261     0.17847939
            419      12.256379     0.13985206      9.8064414     0.11420724      15.651954     0.18520822
            420       12.22669     0.13967812      9.7660311     0.11178886      15.641894     0.17950772
            421      12.218831     0.13998582      9.7565728     0.11197295      15.638651     0.18003431
            422      11.839181     0.13945703      9.4496545     0.11143938      15.158239     0.17954339
            423      11.910154     0.13799017      9.5107396     0.11036469       15.24163     0.17750348
            424      11.901096      0.1413829      9.5011115     0.11289521      15.232896     0.18211234
            425      11.797291     0.14177027      9.4137314     0.11308519       15.10812     0.18285518
            426      11.931471     0.14255127        9.51948     0.11389448      15.284277     0.18412601
            427      11.798822     0.13979109      9.4102562     0.11165615      15.119984     0.18056867
            428      11.477965     0.13539015      9.1536128     0.10814525      14.709018     0.17452687
            429      11.369341      0.1353746      9.0617676     0.10807996      14.577863     0.17434712
            430      11.620749     0.13675288      9.2732898     0.10928969      14.883812     0.17602887
            431       11.23558     0.13404099      8.9589131     0.10707984      14.400232     0.17255735
            432      11.400567     0.13585786      9.0749084     0.10830412      14.638227     0.17529438
            433      11.489082     0.14334916      9.1545495     0.11380279      14.736795     0.18576299
            434      11.216048     0.13400655      8.9341923     0.10691478      14.391877     0.17280669
            435      11.115009     0.13404844      8.8752322      0.1071508       14.22622     0.17254578
            436      10.960182     0.13203521      8.7323399     0.10546238      14.060541     0.17003721
            437      11.018707     0.13277918      8.7737918     0.10594932      14.142807      0.1712107
            438      10.814322     0.13249041      8.6128635      0.1057573       13.87733     0.17091903
            439      10.938749      0.1321144      8.6965916     0.10522405      14.064169     0.17064775
            440      10.888982     0.13182071      8.6571156     0.10507701      13.998852     0.17027548
            441      10.842581     0.13144633      8.6291598     0.10488777      13.925043     0.16969454
            442      10.854943     0.13202432       8.634105     0.10515981      13.950513     0.17056959
            443      10.502955       0.129641      8.3661405     0.10344884      13.478394      0.1675047
            444       10.52623     0.12991586      8.3776225     0.10354811       13.51801      0.1676771
            445      10.628963     0.13000934       8.454266     0.10363808      13.659216     0.16777219
            446      10.430535     0.12953387      8.3000151     0.10331681      13.398172     0.16721407
            447      10.152146     0.12733037      8.0885154     0.10167765       13.02354     0.16432496
            448       10.29859     0.12887549      8.1898647     0.10271891      13.237185     0.16628167
            449      10.069852     0.12795931      8.0028741     0.10203877      12.952029     0.16516069
            450      10.332956     0.12911614      8.1960789     0.10261671      13.316388     0.16703325
            451      10.027959     0.12742141       7.971146     0.10261486      12.895476     0.16652262
            452      10.045286     0.12860473      7.9890271      0.1025158      12.909769     0.16592935
            453      10.219484     0.12819898      8.1188441     0.10208828      13.149781     0.16564405
            454       10.14015     0.12796085      8.0489506     0.10177267      13.058705     0.16544454
            455      9.7930096      0.1257533       7.788288     0.10029738      12.586459     0.16225785
            456       9.634419     0.12571666      7.6531933     0.10012126      12.397581     0.16235499
            457      9.5790602     0.12432516      7.6124002    0.099079948      12.321044     0.16051758
            458      9.7111875     0.12825652      7.7114431     0.10196978      12.501367     0.16595868
            459      9.6229991     0.13300621      7.6376896     0.10569185      12.394308     0.17222348
            460      9.5483102     0.12438204      7.5515915    0.098569577      12.343314      0.1615327
            461      9.5097778     0.12574349      7.5336567    0.099936146       12.27222     0.16267437
            462       9.355766     0.12348905      7.4225461    0.098295002       12.05427     0.15965377
            463      9.3483597      0.1227283       7.424818    0.097702288      12.031783     0.15879419
            464      9.4501409      0.1252965       7.508983     0.09995483       12.15695     0.16187301
            465      9.3142319     0.12297297      7.3912917    0.097858984      11.998744     0.15905722
            466      8.9981974     0.12150049      7.1397433    0.096887725      11.592785     0.15741425
            467      9.1485974     0.12284774      7.2466933    0.097620203      11.807466     0.15899776
            468      8.8486146     0.12182934      7.0216001    0.096992762      11.397794     0.15741591
            469      9.0116195     0.12101868       7.133818    0.096032157      11.636509     0.15679238
            470      8.7992178     0.12006565      6.9565653    0.095237263      11.377361     0.15557842
            471      8.9632172     0.14095926      7.0941256     0.11224001      11.576627      0.1814112
            472      8.5797509     0.11863459      6.8042974    0.094355394      11.059052     0.15354645
            473      8.7726955     0.11911852      6.9734849    0.094891765       11.28154      0.1543753
            474      8.7526339     0.12020543      6.9307461    0.095429702      11.299949      0.1556994
            475      8.7736732     0.12862038      6.9363787     0.10182528      11.346487     0.16694838
            476      8.4371345     0.11846471      6.6992113    0.094442108      10.862521      0.1539337
            477      8.4489743     0.11719473      6.6908875    0.093134311      10.907517     0.15209239
            478      8.5903905     0.11880593      6.8098665    0.094534722       11.07719     0.15382304
            479      8.3219889     0.11710618      6.5917938    0.092911903      10.740795     0.15182046
            480      8.4233509     0.11749689      6.6613289    0.093098874      10.890467     0.15259172
            481      8.5281521     0.11886955      6.7446847     0.09434919      11.024864     0.15401539
            482      8.3414519     0.11689327      6.5891897    0.092539364      10.796055     0.15188394
            483      8.3455916     0.11768534      6.5940827    0.093298151      10.799353     0.15264363
            484      8.1375272     0.11544418      6.4306035    0.091549086      10.527703     0.14971552
            485      8.3263801     0.11695466      6.5788689    0.092739621      10.774213     0.15176646
            486      8.0678971     0.11553375      6.3751946    0.091484713      10.438793      0.1501429
            487      8.1180118      0.1168682       6.408397    0.092466987      10.514708     0.15192648
            488      8.0216692     0.11552239      6.3401609    0.091674776      10.377169     0.15004065
            489      7.7305273     0.11228384      6.1100056    0.088962983      9.9992595      0.1458679
            490      8.0242184     0.12195781      6.3466596    0.096858493      10.371822     0.15784546
            491      7.8025378     0.11897933      6.1709299    0.094094486      10.085924     0.15511902
            492      7.7988744     0.11461307      6.1589242    0.090871618       10.09733     0.14866307
            493      7.7562155     0.11298895      6.1203761    0.089541647      10.051244     0.14682344
            494      7.8348209     0.11312597      6.1838852    0.089635685      10.149151     0.14680201
            495       7.750868     0.11253335      6.1223828    0.089152364      10.031828     0.14613544
            496       7.672373     0.11531121      6.0642379    0.091179861       9.923798     0.15003738
            497      7.6094615      0.1110914      6.0077246    0.087949107      9.8545948     0.14435168
            498      7.6432163     0.11592274      6.0193816    0.091643396      9.9233363     0.15068927
            499       7.544086     0.11077603      5.9612058    0.087681547      9.7614147     0.14409154
            500       7.651981     0.11501648      6.0335394     0.09086402      9.9230339     0.14960198
            501      7.5616115      0.1106411      5.9701164    0.087720169      9.7913601     0.14388265
            502      7.4528221     0.11031903      5.8767368    0.087075373      9.6644223     0.14381037
            503      7.4441616     0.11039012      5.8577041    0.087212258      9.6726202     0.14381634
            504      7.3238415     0.11005341      5.7820215    0.087349271      9.4854169     0.14344554
            505      7.3046457     0.10792601      5.7537573    0.085218317      9.4821673     0.14053148
            506      7.2694354     0.10888119      5.7335787    0.086065453      9.4242201      0.1417034
            507      7.2110263     0.10836362      5.6892456    0.085765895      9.3450076     0.14082175
            508      7.0682421     0.10885126      5.5712357    0.086048333       9.169511     0.14154725
            509      7.1105587     0.10838385      5.6066449    0.085842354      9.2206628     0.14088134
            510      7.0423145     0.10684904      5.5524853    0.084504217      9.1331371     0.13891719
            511      7.1289604     0.11211291      5.6173477    0.088822568      9.2502792     0.14541467
            512       7.061507     0.16124558      5.5665761     0.12593918      9.1593262     0.21135529
            513      6.8968301     0.10777768      5.4307699    0.085187796      8.9558854     0.14018604
            514      7.0825716     0.10863225      5.5802595    0.085968709      9.1913415     0.14113783
            515      7.0784151     0.10820635      5.5726107    0.085440513      9.1934471     0.14089032
            516      6.9006345     0.10598477      5.4422366    0.083745123      8.9464611      0.1380409
            517      6.9304992     0.10836582         5.4543    0.085858677      9.0037064     0.14060258
            518      6.7139574     0.10517335      5.2871663    0.083124499      8.7183445     0.13687724
            519      6.8748096     0.10762724      5.4133856    0.084867539      8.9281405     0.14046169
            520       6.614887     0.10441903      5.2190447    0.082773553      8.5723508     0.13562299
            521      6.5389054     0.10445968       5.140702    0.082513212        8.50519     0.13598556
            522      6.7010874     0.10519186       5.290236    0.083473647      8.6799294     0.13652662
            523      6.4995405     0.10239762      5.1170474    0.080821289      8.4418956     0.13338204
            524      6.5944132     0.10350818      5.1840287    0.081555672      8.5765284      0.1350697
            525      6.6660517     0.10440606       5.245896     0.08250632       8.662037     0.13718031
            526      6.6697255      0.1069833      5.2464816    0.084520535      8.6694429     0.13927187
            527      6.4299779      0.1029912      5.0645498    0.081408285      8.3475397     0.13431696
            528      6.2936153     0.10204812      4.9489265    0.080470707      8.1843699     0.13308413
            529      6.3143322     0.10195555      4.9560313    0.080403486       8.226531     0.13296482
            530      6.3856414     0.10327678      5.0206266    0.081573724      8.3045423     0.13448445
            531      6.2347591     0.10176728        4.89712    0.080286315      8.1174482     0.13268858
            532      6.2766099     0.10248281      4.9292747    0.080759714      8.1721546     0.13370231
            533      5.8452072    0.096927871      4.6000847    0.076459456      7.5955831     0.12642768
            534      6.2696625     0.10425247      4.9221088    0.082039971      8.1665247     0.13611908
            535      6.1429358     0.10482818      4.8227353    0.082625288      8.0015463     0.13666312
            536      5.9135112     0.10185724      4.6353417    0.079942067      7.7148465     0.13337148
            537      6.2893631      0.1012814      4.9409138    0.079737813      8.1869317     0.13237394
            538      6.0596493    0.099728851      4.7617058    0.078460031      7.8856034     0.13031009
            539      5.8765198    0.097942841      4.6156988    0.077120755      7.6508151     0.12798708
            540       5.950383     0.09805791      4.6716138    0.077144651      7.7512797      0.1282092
            541      6.0173616    0.099364715       4.721769    0.078279139      7.8415995     0.12964679
            542       5.845215    0.096869462      4.5917736    0.076254278      7.6099246     0.12664655
            543      5.9078136    0.098813689       4.657156     0.07878731      7.6634195     0.12929848
            544      5.8247997      0.0997818      4.5767098    0.078855695      7.5808674     0.13000739
            545      5.7369489    0.097431652      4.5042368    0.076829881      7.4717697     0.12723202
            546      5.8626561     0.10086199      4.6031373    0.079596973      7.6356829     0.13150045
            547      5.7014613    0.096590589      4.4756393    0.076155472      7.4274246     0.12597319
            548      5.6538326    0.095812186      4.4258757    0.075214782      7.3864587     0.12545891
            549      5.5998261    0.096557119      4.4039872    0.076252777      7.2818062     0.12578368
            550      5.6397558    0.096125444      4.4324986    0.075787018      7.3382512     0.12547147
            551       5.790812    0.097760674      4.5409715     0.07694666      7.5525423      0.1276925
            552      5.6093817    0.096748786      4.4043319    0.076370053      7.3057161     0.12606269
            553      5.5119959    0.096166373      4.3265448    0.075752196      7.1818355     0.12559517
            554       5.692172     0.09613858      4.4615343    0.075523961      7.4263479     0.12577839
            555      5.4082045    0.094014209       4.241536     0.07382464      7.0522897     0.12328025
            556      5.4765035    0.095825006      4.3024659    0.075819444      7.1303825      0.1262206
            557      5.3909296    0.095590862      4.2335374    0.075401531      7.0203333      0.1248237
            558      5.3005423     0.09492983      4.1539296    0.074654086      6.9175477     0.12430904
            559      5.3548022    0.099889868      4.1913934    0.078217453      6.9967103     0.13103991
            560      5.4339639    0.094674141      4.2567717    0.074363533      7.0942117      0.1240317
            561      5.2888221    0.094718747      4.1452203     0.07447871      6.9010494     0.12386173
            562      5.3539433    0.094902641      4.1853354    0.074386329      7.0042537     0.12442444
            563      5.4483257     0.09670996      4.2722247    0.076412523      7.1045827     0.12591578
            564      5.2155441    0.092181544      4.0832038    0.072418557      6.8132753     0.12070747
            565      5.1082571    0.092627579      3.9997872     0.07287811       6.672306      0.1210582
            566      5.4315303    0.094052704      4.2501017    0.073795613      7.0993293     0.12328844
            567      5.1130871    0.093787494      4.0306082    0.076929818      6.6335743     0.12899445
            568      5.1347951    0.092999925      4.0180963    0.073004055      6.7106121     0.12179266
            569      5.1969763    0.093960219      4.0658834    0.074008918       6.793075     0.12262284
            570      4.9733718    0.090250191       3.888685    0.070857108      6.5055923     0.11819193
            571      5.1072924    0.091753648      4.0035373    0.072221729      6.6628431     0.11991305
            572      4.8708894    0.089029137      3.8146619    0.069915515      6.3609981     0.11655866
            573      4.8928858    0.089654731      3.8308106    0.070485395      6.3914625     0.11722041
            574      5.1594487    0.097761302      4.0408894    0.076840232      6.7368354     0.12826894
            575      5.0316588    0.090207374      3.9273916    0.070593986      6.5938706     0.11853714
            576      4.8794508    0.089402963      3.8153227    0.070208496      6.3820645     0.11704231
            577      4.7333063    0.088011883      3.6983025    0.069023122      6.1963975     0.11535799
            578      5.1125355    0.091396086      3.9949981    0.071647989      6.6908254     0.11983831
            579      4.8978354    0.089991267      3.8204391    0.070286427      6.4219509     0.11840793
            580      4.8765171    0.088934435      3.8104692    0.069709654      6.3832163     0.11663847
            581      4.6722812     0.08730738      3.6479472    0.068485611      6.1201979      0.1144406
            582      4.7907856      0.0888194      3.7464632    0.069603711       6.265539      0.1166081
            583        4.82499    0.088539103      3.7785352    0.069670124      6.3010078     0.11662104
            584      4.7635899    0.087794722      3.7191018    0.068744717      6.2403683     0.11530501
            585      4.7353522    0.090520268      3.6968052    0.071277974       6.204328     0.11816257
            586      4.6601318    0.088711124      3.6535683    0.069898298      6.0787112     0.11590306
            587       4.742775    0.089737516      3.7087857    0.070277641      6.2032337      0.1181767
            588      4.6772764    0.092817366      3.6474236    0.072932126      6.1349933      0.1214505
            589      4.6591711    0.087668027      3.6410654    0.068745473        6.09811     0.11495417
            590      4.5917664     0.09213563      3.5938978    0.072382949      5.9993742     0.12037079
            591      4.5801433     0.08654796      3.5652492    0.067535776      6.0184309     0.11397577
            592      4.5855159    0.086294721      3.5883212    0.067720147      5.9926554     0.11311256
            593      4.3146593    0.083951215      3.3713794    0.065913788      5.6471626     0.10992848
            594      4.4100745    0.087958092      3.4388052    0.069216561      5.7844336     0.11486207
            595      4.4833547    0.084758423      3.4957947    0.066204275      5.8804146     0.11154003
            596      4.3603733    0.083390199      3.3947518    0.065145222      5.7289641     0.10982282
            597      4.5594434    0.087670402      3.5523605    0.068313943      5.9857447     0.11559634
            598      4.4852301    0.084782671       3.494054    0.066243926      5.8893079     0.11171253
            599       4.427022    0.084416222      3.4517315    0.066011798      5.8079971     0.11098309
            600      4.2800418    0.084711656      3.3367972    0.066412073      5.6163637      0.1113088
            601      4.4931064    0.085257928      3.5033182    0.066669539      5.8939142     0.11205825
            602      4.2232481    0.086382769       3.293358    0.067481495      5.5393561     0.11361964
            603      4.2807627      0.0844034      3.3413316    0.066025617      5.6100492      0.1111043
            604      4.3777611    0.090617277      3.4235132    0.071666646      5.7258103     0.11776912
            605      4.2614635    0.090004648      3.3205362    0.070726421      5.5936407     0.11761524
            606      4.2438147    0.084918973       3.315094    0.066615426       5.557825     0.11161673
            607      4.2121271    0.084060834      3.2955343    0.066853777      5.5060752     0.11104885
            608      4.1970304    0.084446239      3.2710423    0.066251575       5.508415       0.110619
            609      4.2405925    0.084036213      3.3031131    0.065739579      5.5685032     0.11048229
            610      4.1258416    0.082608908      3.2075854    0.064366926      5.4284129     0.10892383
            611      4.0124907    0.080494394      3.1184039     0.06271631       5.281016     0.10617221
            612      4.0678637    0.084921213      3.1736099     0.06656027      5.3335737      0.1113763
            613      4.0922696    0.081994742      3.1907932    0.064156904      5.3685719     0.10776442
            614      4.1295509    0.082268534       3.220644    0.064380048       5.416115     0.10806241
            615      4.0660377     0.08121759      3.1639331    0.063422203      5.3448925     0.10693653
            616      3.8812768    0.079854173      3.0248547     0.06242209      5.0942624     0.10501099
            617      3.9609362    0.084459492      3.0828132    0.066325133       5.205843     0.11058365
            618      3.9452556    0.080337859      3.0774067    0.062937841      5.1730176     0.10545334
            619      3.8968379    0.080464447      3.0378335    0.062690867      5.1131941     0.10618083
            620      3.9345266    0.079762886      3.0670237    0.062294518       5.162632     0.10500661
            621      3.9862459    0.080602482      3.1082037    0.063099733      5.2289471       0.105876
            622      3.9819153    0.082777143      3.1083489    0.064809419      5.2176507     0.10881479
            623      3.9087371    0.081612638      3.0454024    0.063821076      5.1308505     0.10723882
            624      3.8502348    0.078689376      2.9935451    0.061367392      5.0654796     0.10370624
            625      3.7886825    0.078910554      2.9578638    0.061708362      4.9638158     0.10377689
            626      3.8999153    0.079675138      3.0385341    0.062178407      5.1202497     0.10494122
            627      3.8628342    0.080370445      3.0079331    0.062955752        5.07417     0.10560477
            628       3.842952    0.081309881       2.991689    0.063620325      5.0495283      0.1068102
            629       3.806383    0.079273396      2.9713533    0.062143815      4.9882794     0.10415678
            630      3.8239906    0.080161227      2.9767894    0.062734543      5.0238927     0.10523659
            631      3.7321578     0.07870593      2.8986443    0.061452132      4.9157042     0.10360614
            632      3.6046266    0.077105033      2.8069248    0.060193512      4.7351407     0.10153737
            633       3.603493    0.082930517      2.7979906    0.065014571      4.7469374     0.10863883
            634      3.7335297    0.078455361      2.9136686    0.061315182      4.8930039     0.10330331
            635      3.5378123    0.075923282      2.7537328    0.059332942      4.6491032    0.099913118
            636       3.641102    0.077802354      2.8284441    0.060890482      4.7946663     0.10221579
            637      3.7316567    0.079273922      2.8997917    0.061924992      4.9117831     0.10427252
            638      3.6708902    0.078659421      2.8556882     0.06148179      4.8267336     0.10343457
            639      3.5706996    0.075616861      2.7784463    0.059003854      4.6938914    0.099606112
            640      3.5676126     0.07634326      2.7709713    0.059447424      4.6990639      0.1007722
            641      3.4694932    0.077004125      2.6916059    0.059761357      4.5742816     0.10191397
            642      3.6382883    0.079215975      2.8254261    0.061833071      4.7926449     0.10422903
            643      3.7137558    0.077820662       2.898223    0.060947032       4.867829     0.10240247
            644      3.4469812     0.07439806      2.6897159    0.059328684      4.5199293    0.099287941
            645      3.6848815    0.082933194      2.8681118    0.065162939      4.8423082      0.1084722
            646      3.4253831    0.079189708      2.6649423    0.061700182      4.5032304     0.10459048
            647      3.3501066     0.07429884      2.6011333    0.057983896      4.4128561    0.097808419
            648      3.2768179    0.073252597      2.5450714    0.057036803      4.3158418    0.096725155
            649      3.2794547    0.072914925      2.5486892    0.056804796      4.3160212    0.096241631
            650      3.3533715    0.074243023      2.5986782    0.057964657      4.4263506     0.09812748
            651      3.4530343    0.075877593      2.6813229    0.059055922      4.5488879      0.1001777
            652      3.3766178    0.073943688      2.6215458    0.057621253      4.4489995    0.097665067
            653      3.4055456     0.07456366      2.6465559    0.058110233      4.4823183    0.098313702
            654      3.3363892    0.073396627      2.5908816    0.057161626      4.3947324    0.096843199
            655      3.3396537    0.073235064      2.6010317    0.057165161      4.3856404    0.096502017
            656      3.3919998    0.079579319      2.6336403    0.061891875      4.4689633     0.10506018
            657      3.3275165    0.081250379      2.5906496    0.063246415      4.3718611     0.10722023
            658       3.243568     0.07252928      2.5189973    0.056449114      4.2723615    0.095805321
            659      3.1533685    0.070946131      2.4430526    0.055059341      4.1629149    0.093890136
            660      3.2870704    0.072889942      2.5472216    0.056668384      4.3387507    0.096318755
            661      3.2282594    0.072460334       2.503209    0.056258577      4.2588279    0.095905012
            662      3.2267863    0.072950932      2.5047431    0.056735017      4.2526432    0.096528747
            663      3.2848597    0.072791598      2.5540736    0.056646017      4.3213928    0.096317635
            664      3.2256391    0.074588936       2.512134     0.05841969      4.2363291     0.09792882
            665      3.2737302    0.073251195       2.542772     0.05701137       4.311045    0.096736356
            666      3.1036665    0.071305145      2.4062441     0.05542436      4.0950372    0.094273269
            667      3.1270175    0.083278354      2.4256514    0.064917907      4.1236843     0.10961479
            668      3.1484371    0.072322098      2.4493305    0.056341371      4.1397921    0.095436467
            669      3.1739724    0.099817359       2.457051    0.077123528      4.1935361     0.13236064
            670      3.0725014    0.071975182      2.3811245    0.056091993      4.0553804    0.094928285
            671      3.0608156    0.069996966      2.3709593    0.054365088      4.0424331      0.0927356
            672      2.9874086    0.070170659      2.3201699    0.054686889      3.9346879    0.092536003
            673      3.0875206    0.073885181      2.3956982    0.057404975      4.0705851    0.097723218
            674      3.0452381     0.07218244      2.3625951    0.056408556      4.0151174    0.094904694
            675       3.116614     0.07355879      2.4177222    0.057219326      4.1094771    0.097126449
            676      3.1187495    0.071699376      2.4201301    0.055756685      4.1114433    0.094894977
            677      3.0457186     0.06999457      2.3508279    0.054111411      4.0365835    0.092968545
            678      3.0122087    0.072205885       2.337969    0.056386367      3.9697057    0.095103874
            679      3.0192755     0.12315167      2.3398403    0.095347992      3.9848037      0.1626169
            680      2.8817238    0.067926789      2.2340667    0.052809352      3.8026776     0.09000536
            681      2.9233526    0.069325349       2.265203    0.053836885      3.8592355    0.091742893
            682      2.9192836    0.068934123      2.2626017    0.053600074      3.8529153    0.091228296
            683      2.8511942    0.068775914      2.2086836    0.053296905      3.7650102    0.091298975
            684       2.932362    0.069890342      2.2679311    0.054233138      3.8783085    0.092544263
            685       2.886877    0.071907137      2.2361142    0.056091392      3.8125755    0.094861535
            686      2.8227148     0.06854341      2.1827777    0.053242481      3.7337052    0.090688228
            687      2.7825416    0.067016885      2.1553198    0.052163054      3.6748981    0.088534897
            688      2.8996733    0.069815665      2.2490016    0.054405882      3.8244405     0.09205098
            689      2.8447084    0.067915974      2.2085213    0.052989922      3.7480164    0.089488792
            690      3.1542564     0.16234179      2.4461132     0.12591327      4.1606385     0.21409574
            691      2.7614895    0.076819591      2.1339259    0.059264023       3.655621     0.10214186
            692      2.8314688    0.067539653      2.1873596    0.052268248      3.7493016    0.089638116
            693      2.7235254      0.0689923      2.1098405    0.053620463      3.5962794     0.09118248
            694      2.7020795     0.06600072      2.0933707    0.051276574      3.5674144    0.087340136
            695      2.8219763    0.067334955      2.1809573    0.052175455      3.7352088    0.089264752
            696      2.7675074    0.066902244      2.1410567     0.05186325      3.6586564    0.088625485
            697      2.8621532     0.07092303      2.2148337    0.055073566      3.7833384    0.093786431
            698      2.7242401    0.071118306      2.1161971    0.056230035      3.5878211    0.092773416
            699      2.7143021    0.066697651      2.0973087    0.051714504      3.5936258    0.088396404
            700      2.5702276    0.065074374      1.9852676    0.050322157      3.4039676    0.086492905
            701      2.7484332    0.068077047      2.1314431    0.052791683      3.6253516    0.090197395
            702      2.8219726    0.068057933      2.1827237    0.052827209      3.7323475    0.090088245
            703      2.5323285    0.066165646      1.9593971     0.05135054      3.3477255     0.08753881
            704      2.6807707    0.066539044      2.0733622    0.051666779      3.5456609    0.088048902
            705      2.7499994    0.073573951      2.1223178    0.056979779      3.6451345    0.097514999
            706      2.5729232    0.065273315      1.9965064    0.050928028      3.3918392    0.086092372
            707      2.4481075    0.062746856      1.8988575    0.048825535       3.228636    0.082930798
            708      2.6756329    0.096231809      2.0710607    0.074826423      3.5360913     0.12678708
            709      2.4415386    0.064535901      1.8860643    0.050204214      3.2332237    0.085250498
            710      2.4626252    0.063092037      1.9005294    0.048777593      3.2643378    0.083810211
            711       2.540986    0.064617275      1.9666637    0.050263559       3.358252     0.08541569
            712       2.513736    0.063461897      1.9424312    0.049109031      3.3277788    0.084253277
            713      2.5884051    0.070012926      2.0049809    0.054930839      3.4187025    0.091711827
            714      2.5503299    0.064755809      1.9622874    0.049900628      3.3906519    0.086274002
            715      2.5035743    0.063704025      1.9410439    0.049612154      3.3028883    0.084108964
            716      2.5161709    0.063720674      1.9479121    0.049436555      3.3245172    0.084374982
            717      2.5018955    0.065499918       1.930096    0.050671273      3.3175181    0.086974658
            718      2.5470769    0.084118778      1.9645875    0.064369689      3.3785802     0.11271085
            719      2.5392091     0.07419739      1.9616799    0.057627679      3.3617763    0.097936365
            720      2.5471366    0.066863618       1.969478    0.052252173      3.3696169    0.087908211
            721      2.4540425    0.063123899      1.8977178    0.048787635      3.2466613    0.083953575
            722      2.4959137    0.065568013      1.9289835    0.050904663      3.3034577    0.086747579
            723      2.5187992    0.067828447      1.9517365    0.053194517      3.3248489    0.088887393
            724      2.4223064    0.063301969      1.8689764    0.049102486        3.21146    0.083824537
            725      2.3786247    0.063057711      1.8307057    0.048594526      3.1609968    0.084003082
            726      2.3086645    0.061082452      1.7860054    0.047368469      3.0524944    0.080942706
            727       2.379849    0.062568667      1.8382231    0.048494422      3.1513857     0.08291394
            728      2.3460972    0.061060059      1.8128715    0.047265443      3.1057274    0.081050311
            729      2.4115143    0.062922355      1.8640107    0.048791879      3.1916844    0.083381802
            730      2.3100269    0.060926417      1.7800626     0.04701888      3.0667585    0.081101248
            731      2.3484092    0.063075046      1.8071032    0.048847094      3.1216392    0.083622214
            732      2.3857434    0.062524723      1.8405171    0.048322292       3.163736    0.083107375
            733      2.2206072    0.059865347      1.7148481    0.046112663       2.941543    0.079984762
            734       2.324649    0.062707704       1.800383    0.048723406      3.0702798     0.08295452
            735      2.3262523    0.084092962      1.7948768    0.064764227      3.0841152      0.1118769
            736      2.3891399    0.062854072      1.8499791    0.048834523      3.1560429    0.083146091
            737      2.2771606    0.060301454       1.751022    0.046413217      3.0297371    0.080490323
            738      2.1970958    0.059338108      1.6964252    0.045882007       2.911222    0.078835302
            739      2.2782084    0.061521455      1.7534054    0.047506027      3.0278785    0.081797762
            740      2.2503101    0.059847196      1.7366923    0.046287915      2.9826004    0.079475905
            741      2.2031576    0.059845263      1.6989036    0.046343342      2.9226621    0.079400632
            742      2.1475499    0.058879758      1.6504614    0.045345655      2.8585894    0.078504758
            743      2.3465155    0.067880784      1.8096621    0.053353613       3.112921    0.088788257
            744      2.1542261    0.059698348      1.6616407    0.046284672      2.8572577    0.079157153
            745       2.242584    0.059926695      1.7276976    0.046247904      2.9779032    0.079768743
            746      2.1905997    0.059465341      1.6845173    0.045907056      2.9142043    0.079114796
            747      2.2371355    0.064205773      1.7246512    0.050117794      2.9684297    0.084505119
            748      2.1825059    0.061937388      1.6871359    0.048359246      2.8881363    0.081524741
            749      2.2311886    0.061930377      1.7213314    0.047993033      2.9587498    0.082111708
            750              0              0              0              0              0              0
            751              0              0              0              0              0              0
            752              0              0              0              0              0              0
            753              0              0              0              0              0              0
            754              0              0              0              0              0              0
            755              0              0              0              0              0              0
            756              0              0              0              0              0              0
            757              0              0              0              0              0              0
            758              0              0              0              0              0              0
            759              0              0              0              0              0              0
            760              0              0              0              0              0              0
            761              0              0              0              0              0              0
            762              0              0              0              0              0              0
            763              0              0              0              0              0              0
            764              0              0              0              0              0              0
            765              0              0              0              0              0              0
            766              0              0              0              0              0              0
            767              0              0              0              0              0              0
            768              0              0              0              0              0              0
            769              0              0              0              0              0              0
            770              0              0              0              0              0              0
            771              0              0              0              0              0              0
            772              0              0              0              0              0              0
            773              0              0              0              0              0              0
            774              0              0              0              0              0              0
            775              0              0              0              0              0              0
            776              0              0              0              0              0              0
            777              0              0              0              0              0              0
            778              0              0              0              0              0              0
            779              0              0              0              0              0              0
            780              0              0              0              0              0              0
            781              0              0              0              0              0              0
            782              0              0              0              0              0              0
            783              0              0              0              0              0              0
            784              0              0              0              0              0              0
            785              0              0              0              0              0              0
            786              0              0              0              0              0              0
            787              0              0              0              0              0              0
            788              0              0              0              0              0              0
            789              0              0              0              0              0              0
            790              0              0              0              0              0              0
            791              0              0              0              0              0              0
            792              0              0              0              0              0              0
            793              0              0              0              0              0              0
            794              0              0              0              0              0              0
            795              0              0              0              0              0              0
            796              0              0              0              0              0              0
            797              0              0              0              0              0              0
            798              0              0              0              0              0              0
            799              0              0              0              0              0              0
            800              0              0              0              0              0              0
            801              0              0              0              0              0              0
            802              0              0              0              0              0              0
            803              0              0              0              0              0              0
            804              0              0              0              0              0              0
            805              0              0              0              0              0              0
            806              0              0              0              0              0              0
            807              0              0              0              0              0              0
            808              0              0              0              0              0              0
            809              0              0              0              0              0              0
            810              0              0              0              0              0              0
            811              0              0              0              0              0              0
            812              0              0              0              0              0              0
            813              0              0              0              0              0              0
            814              0              0              0              0              0              0
            815              0              0              0              0              0              0
            816              0              0              0              0              0              0
            817              0              0              0              0              0              0
            818              0              0              0              0              0              0
            819              0              0              0              0              0              0
            820              0              0              0              0              0              0
            821              0              0              0              0              0              0
            822              0              0              0              0              0              0
            823              0              0              0              0              0              0
            824              0              0              0              0              0              0
            825              0              0              0              0              0              0
            826              0              0              0              0              0              0
            827              0              0              0              0              0              0
            828              0              0              0              0              0              0
            829              0              0              0              0              0              0
            830              0              0              0              0              0              0
            831              0              0              0              0              0              0
            832              0              0              0              0              0              0
            833              0              0              0              0              0              0
            834              0              0              0              0              0              0
            835              0              0              0              0              0              0
            836              0              0              0              0              0              0
            837              0              0              0              0              0              0
            838              0              0              0              0              0              0
            839              0              0              0              0              0              0
            840              0              0              0              0              0              0
            841              0              0              0              0              0              0
            842              0              0              0              0              0              0
            843              0              0              0              0              0              0
            844              0              0              0              0              0              0
            845              0              0              0              0              0              0
            846              0              0              0              0              0              0
            847              0              0              0              0              0              0
            848              0              0              0              0              0              0
            849              0              0              0              0              0              0
            850              0              0              0              0              0              0
            851              0              0              0              0              0              0
            852              0              0              0              0              0              0
            853              0              0              0              0              0              0
            854              0              0              0              0              0              0
            855              0              0              0              0              0              0
            856              0              0              0              0              0              0
            857              0              0              0              0              0              0
            858              0              0              0              0              0              0
            859              0              0              0              0              0              0
            860              0              0              0              0              0              0
            861              0              0              0              0              0              0
            862              0              0              0              0              0              0
            863              0              0              0              0              0              0
            864              0              0              0              0              0              0
            865              0              0              0              0              0              0
            866              0              0              0              0              0              0
            867              0              0              0              0              0              0
            868              0              0              0              0              0              0
            869              0              0              0              0              0              0
            870              0              0              0              0              0              0
            871              0              0              0              0              0              0
            872              0              0              0              0              0              0
            873              0              0              0              0              0              0
            874              0              0              0              0              0              0
            875              0              0              0              0              0              0
            876              0              0              0              0              0              0
            877              0              0              0              0              0              0
            878              0              0              0              0              0              0
            879              0              0              0              0              0              0
            880              0              0              0              0              0              0
            881              0              0              0              0              0              0
            882              0              0              0              0              0              0
            883              0              0              0              0              0              0
            884              0              0              0              0              0              0
            885              0              0              0              0              0              0
            886              0              0              0              0              0              0
            887              0              0              0              0              0              0
            888              0              0              0              0              0              0
            889              0              0              0              0              0              0
            890              0              0              0              0              0              0
            891              0              0              0              0              0              0
            892              0              0              0              0              0              0
            893              0              0              0              0              0              0
            894              0              0              0              0              0              0
            895              0              0              0              0              0              0
            896              0              0              0              0              0              0
            897              0              0              0              0              0              0
            898              0              0              0              0              0              0
            899              0              0              0              0              0              0
            900              0              0              0              0              0              0
            901              0              0              0              0              0              0
            902              0              0              0              0              0              0
            903              0              0              0              0              0              0
            904              0              0              0              0              0              0
            905              0              0              0              0              0              0
            906              0              0              0              0              0              0
            907              0              0              0              0              0              0
            908              0              0              0              0              0              0
            909              0              0              0              0              0              0
            910              0              0              0              0              0              0
            911              0              0              0              0              0              0
            912              0              0              0              0              0              0
            913              0              0              0              0              0              0
            914              0              0              0              0              0              0
            915              0              0              0              0              0              0
            916              0              0              0              0              0              0
            917              0              0              0              0              0              0
            918              0              0              0              0              0              0
            919              0              0              0              0              0              0
            920              0              0              0              0              0              0
            921              0              0              0              0              0              0
            922              0              0              0              0              0              0
            923              0              0              0              0              0              0
            924              0              0              0              0              0              0
            925              0              0              0              0              0              0
            926              0              0              0              0              0              0
            927              0              0              0              0              0              0
            928              0              0              0              0              0              0
            929              0              0              0              0              0              0
            930              0              0              0              0              0              0
            931              0              0              0              0              0              0
            932              0              0              0              0              0              0
            933              0              0              0              0              0              0
            934              0              0              0              0              0              0
            935              0              0              0              0              0              0
            936              0              0              0              0              0              0
            937              0              0              0              0              0              0
            938              0              0              0              0              0              0
            939              0              0              0              0              0              0
            940              0              0              0              0              0              0
            941              0              0              0              0              0              0
            942              0              0              0              0              0              0
            943              0              0              0              0              0              0
            944              0              0              0              0              0              0
            945              0              0              0              0              0              0
            946              0              0              0              0              0              0
            947              0              0              0              0              0              0
            948              0              0              0              0              0              0
            949              0              0              0              0              0              0
            950              0              0              0              0              0              0
            951              0              0              0              0              0              0
            952              0              0              0              0              0              0
            953              0              0              0              0              0              0
            954              0              0              0              0              0              0
            955              0              0              0              0              0              0
            956              0              0              0              0              0              0
            957              0              0              0              0              0              0
            958              0              0              0              0              0              0
            959              0              0              0              0              0              0
            960              0              0              0              0              0              0
            961              0              0              0              0              0              0
            962              0              0              0              0              0              0
            963              0              0              0              0              0              0
            964              0              0              0              0              0              0
            965              0              0              0              0              0              0
            966              0              0              0              0              0              0
            967              0              0              0              0              0              0
            968              0              0              0              0              0              0
            969              0              0              0              0              0              0
            970              0              0              0              0              0              0
            971              0              0              0              0              0              0
            972              0              0              0              0              0              0
            973              0              0              0              0              0              0
            974              0              0              0              0              0              0
            975              0              0              0              0              0              0
            976              0              0              0              0              0              0
            977              0              0              0              0              0              0
            978              0              0              0              0              0              0
            979              0              0              0              0              0              0
            980              0              0              0              0              0              0
            981              0              0              0              0              0              0
            982              0              0              0              0              0              0
            983              0              0              0              0              0              0
            984              0              0              0              0              0              0
            985              0              0              0              0              0              0
            986              0              0              0              0              0              0
            987              0              0              0              0              0              0
            988              0              0              0              0              0              0
            989              0              0              0              0              0              0
            990              0              0              0              0              0              0
            991              0              0              0              0              0              0
            992              0              0              0              0              0              0
            993              0              0              0              0              0              0
            994              0              0              0              0              0              0
            995              0              0              0              0              0              0
            996              0              0              0              0              0              0
            997              0              0              0              0              0              0
            998              0              0              0              0              0              0
            999              0              0              0              0              0              0
           1000              0              0              0              0              0              0
