#m_bbZ-mbbZ1000        central        num_err    min (scale)        num_err    max (scale)        num_err
              0              0              0              0              0              0              0
              1              0              0              0              0              0              0
              2              0              0              0              0              0              0
              3              0              0              0              0              0              0
              4              0              0              0              0              0              0
              5              0              0              0              0              0              0
              6              0              0              0              0              0              0
              7              0              0              0              0              0              0
              8              0              0              0              0              0              0
              9              0              0              0              0              0              0
             10              0              0              0              0              0              0
             11              0              0              0              0              0              0
             12              0              0              0              0              0              0
             13   0.0014696026   0.0014695291   0.0014696026   0.0014695291   0.0014696026   0.0014695291
             14              0              0              0              0              0              0
             15    0.008195008   0.0037151012    0.008195008   0.0037151012    0.008195008   0.0037151012
             16   0.0029253673   0.0056925976   0.0029253673   0.0056925976   0.0029253673   0.0056925976
             17   0.0023795232   0.0070211399   0.0023795232   0.0070211399   0.0023795232   0.0070211399
             18    0.038759364    0.014251229    0.038759364    0.014251229    0.038759364    0.014251229
             19     0.01074724   0.0093723051     0.01074724   0.0093723051     0.01074724   0.0093723051
             20    0.047294563   0.0092368578    0.047294563   0.0092368578    0.047294563   0.0092368578
             21    0.039302713    0.010221549    0.039302713    0.010221549    0.039302713    0.010221549
             22    0.083479577    0.015637818    0.083479577    0.015637818    0.083479577    0.015637818
             23    0.088263498     0.01538016    0.088263498     0.01538016    0.088263498     0.01538016
             24     0.14692404     0.01826172     0.14692404     0.01826172     0.14692404     0.01826172
             25      0.1021797     0.01610846      0.1021797     0.01610846      0.1021797     0.01610846
             26     0.16386743    0.022402066     0.16386743    0.022402066     0.16386743    0.022402066
             27     0.20534761    0.025329289     0.20534761    0.025329289     0.20534761    0.025329289
             28       0.226349    0.025853776       0.226349    0.025853776       0.226349    0.025853776
             29       0.250976    0.024281764       0.250976    0.024281764       0.250976    0.024281764
             30     0.25933691    0.026194822     0.25933691    0.026194822     0.25933691    0.026194822
             31     0.30388257    0.032481683     0.30388257    0.032481683     0.30388257    0.032481683
             32     0.38388232    0.031298497     0.38388232    0.031298497     0.38388232    0.031298497
             33     0.38475662    0.033546699     0.38475662    0.033546699     0.38475662    0.033546699
             34     0.52421022    0.039891615     0.52421022    0.039891615     0.52421022    0.039891615
             35      0.5272104    0.036064773      0.5272104    0.036064773      0.5272104    0.036064773
             36        0.59229    0.038347914        0.59229    0.038347914        0.59229    0.038347914
             37     0.57951794    0.035388664     0.57951794    0.035388664     0.57951794    0.035388664
             38     0.67201299    0.059605564     0.67201299    0.059605564     0.67201299    0.059605564
             39     0.73581771    0.044765667     0.73581771    0.044765667     0.73581771    0.044765667
             40     0.89547826     0.04938508     0.89547826     0.04938508     0.89547826     0.04938508
             41     0.82239914    0.046369616     0.82239914    0.046369616     0.82239914    0.046369616
             42     0.93164078    0.056662671     0.93164078    0.056662671     0.93164078    0.056662671
             43       1.106063    0.085021147       1.106063    0.085021147       1.106063    0.085021147
             44       1.161761    0.077838086       1.161761    0.077838086       1.161761    0.077838086
             45      1.2675389    0.076411936      1.2675389    0.076411936      1.2675389    0.076411936
             46      1.3397554    0.061331163      1.3397554    0.061331163      1.3397554    0.061331163
             47      1.4469692    0.069152012      1.4469692    0.069152012      1.4469692    0.069152012
             48       1.623602    0.080754586       1.623602    0.080754586       1.623602    0.080754586
             49      1.8302198     0.20660115      1.8302198     0.20660115      1.8302198     0.20660115
             50      1.7118208    0.076538087      1.7118208    0.076538087      1.7118208    0.076538087
             51       2.033022    0.080217834       2.033022    0.080217834       2.033022    0.080217834
             52      1.8760878    0.072074013      1.8760878    0.072074013      1.8760878    0.072074013
             53      2.1230977    0.083960278      2.1230977    0.083960278      2.1230977    0.083960278
             54      2.1483915    0.079698576      2.1483915    0.079698576      2.1483915    0.079698576
             55      2.3587148     0.10829667      2.3587148     0.10829667      2.3587148     0.10829667
             56      2.6090841    0.098660327      2.6090841    0.098660327      2.6090841    0.098660327
             57      2.9251385     0.13601721      2.9251385     0.13601721      2.9251385     0.13601721
             58      2.9415098     0.10617395      2.9415098     0.10617395      2.9415098     0.10617395
             59      3.1532841      0.1047085      3.1532841      0.1047085      3.1532841      0.1047085
             60      3.4247022     0.12917402      3.4247022     0.12917402      3.4247022     0.12917402
             61      3.4947819     0.16695629      3.4947819     0.16695629      3.4947819     0.16695629
             62      3.8687124     0.14741161      3.8687124     0.14741161      3.8687124     0.14741161
             63      3.9899702      0.1137292      3.9899702      0.1137292      3.9899702      0.1137292
             64      4.5609412     0.15315215      4.5609412     0.15315215      4.5609412     0.15315215
             65      4.4680422     0.17665369      4.4680422     0.17665369      4.4680422     0.17665369
             66      4.8209853     0.12561311      4.8209853     0.12561311      4.8209853     0.12561311
             67      5.1703603     0.14055908      5.1703603     0.14055908      5.1703603     0.14055908
             68      5.4807379     0.14014423      5.4807379     0.14014423      5.4807379     0.14014423
             69      5.8933886     0.16822762      5.8933886     0.16822762      5.8933886     0.16822762
             70      6.3825516     0.17467888      6.3825516     0.17467888      6.3825516     0.17467888
             71      6.9329052     0.20654848      6.9329052     0.20654848      6.9329052     0.20654848
             72      7.5782647     0.26652237      7.5782647     0.26652237      7.5782647     0.26652237
             73      7.9003212     0.21981017      7.9003212     0.21981017      7.9003212     0.21981017
             74      8.8177052     0.18656579      8.8177052     0.18656579      8.8177052     0.18656579
             75      9.1539118     0.22481743      9.1539118     0.22481743      9.1539118     0.22481743
             76       10.26187     0.34029445       10.26187     0.34029445       10.26187     0.34029445
             77      10.630948     0.20285634      10.630948     0.20285634      10.630948     0.20285634
             78       11.94045     0.33954327       11.94045     0.33954327       11.94045     0.33954327
             79      12.962907     0.37947474      12.962907     0.37947474      12.962907     0.37947474
             80      14.341405     0.39526635      14.341405     0.39526635      14.341405     0.39526635
             81      16.649027     0.42978101      16.649027     0.42978101      16.649027     0.42978101
             82      17.745668     0.30828594      17.745668     0.30828594      17.745668     0.30828594
             83      19.275346     0.30430827      19.275346     0.30430827      19.275346     0.30430827
             84      22.685125     0.35892038      22.685125     0.35892038      22.685125     0.35892038
             85      25.309146     0.38000495      25.309146     0.38000495      25.309146     0.38000495
             86       30.64588      0.4313705       30.64588      0.4313705       30.64588      0.4313705
             87      36.304352     0.45889364      36.304352     0.45889364      36.304352     0.45889364
             88      45.789349      0.5768123      45.789349      0.5768123      45.789349      0.5768123
             89      61.514772      0.7304272      61.514772      0.7304272      61.514772      0.7304272
             90      91.121336     0.88237255      91.121336     0.88237255      91.121336     0.88237255
             91      143.65125     0.96163934      143.65125     0.96163934      143.65125     0.96163934
             92      222.93146      1.2976159      222.93146      1.2976159      222.93146      1.2976159
             93      307.37216      1.5224753      307.37216      1.5224753      307.37216      1.5224753
             94      393.14413      1.7559437      393.14413      1.7559437      393.14413      1.7559437
             95      473.95435      1.9720647      473.95435      1.9720647      473.95435      1.9720647
             96      541.70119      1.9792342      541.70119      1.9792342      541.70119      1.9792342
             97      600.72857      2.0728119      600.72857      2.0728119      600.72857      2.0728119
             98      655.24714      2.2735611      655.24714      2.2735611      655.24714      2.2735611
             99      696.37036      2.3651039      696.37036      2.3651039      696.37036      2.3651039
            100        724.019      2.3268696        724.019      2.3268696        724.019      2.3268696
            101         747.11      2.3782817         747.11      2.3782817         747.11      2.3782817
            102      768.57665      2.3658139      768.57665      2.3658139      768.57665      2.3658139
            103      773.99555      2.4055151      773.99555      2.4055151      773.99555      2.4055151
            104      785.55488      2.4440385      785.55488      2.4440385      785.55488      2.4440385
            105      786.84112      2.5267738      786.84112      2.5267738      786.84112      2.5267738
            106      784.86116      2.3133892      784.86116      2.3133892      784.86116      2.3133892
            107      783.20783      2.3278548      783.20783      2.3278548      783.20783      2.3278548
            108      778.47828      2.3972329      778.47828      2.3972329      778.47828      2.3972329
            109      772.42749      2.4270912      772.42749      2.4270912      772.42749      2.4270912
            110      757.76879      2.2661806      757.76879      2.2661806      757.76879      2.2661806
            111      747.65734        2.30417      747.65734        2.30417      747.65734        2.30417
            112      740.04674      2.3389371      740.04674      2.3389371      740.04674      2.3389371
            113      729.30599      2.3474971      729.30599      2.3474971      729.30599      2.3474971
            114      716.73064      2.3197462      716.73064      2.3197462      716.73064      2.3197462
            115      701.81714      2.2740483      701.81714      2.2740483      701.81714      2.2740483
            116      689.25016      2.2684453      689.25016      2.2684453      689.25016      2.2684453
            117      672.58414      2.1545464      672.58414      2.1545464      672.58414      2.1545464
            118      665.22742      2.3103186      665.22742      2.3103186      665.22742      2.3103186
            119      648.01051      2.1854804      648.01051      2.1854804      648.01051      2.1854804
            120      630.88603      2.0920103      630.88603      2.0920103      630.88603      2.0920103
            121      619.30997      2.1680561      619.30997      2.1680561      619.30997      2.1680561
            122      605.43382      2.0974427      605.43382      2.0974427      605.43382      2.0974427
            123      588.61041      1.9730814      588.61041      1.9730814      588.61041      1.9730814
            124      579.17792      1.9656576      579.17792      1.9656576      579.17792      1.9656576
            125      568.85961      2.0510851      568.85961      2.0510851      568.85961      2.0510851
            126       551.0398      1.9360628       551.0398      1.9360628       551.0398      1.9360628
            127      538.50797      1.9520696      538.50797      1.9520696      538.50797      1.9520696
            128      530.73912      1.9436911      530.73912      1.9436911      530.73912      1.9436911
            129       518.8146      1.8784315       518.8146      1.8784315       518.8146      1.8784315
            130      504.50404      1.8446107      504.50404      1.8446107      504.50404      1.8446107
            131      492.06079      1.7831576      492.06079      1.7831576      492.06079      1.7831576
            132       485.9221      1.9229864       485.9221      1.9229864       485.9221      1.9229864
            133      469.33733       1.803615      469.33733       1.803615      469.33733       1.803615
            134      462.15508      1.8278037      462.15508      1.8278037      462.15508      1.8278037
            135      453.29325      1.8119414      453.29325      1.8119414      453.29325      1.8119414
            136      442.52686      1.7219761      442.52686      1.7219761      442.52686      1.7219761
            137       429.9801      1.6489952       429.9801      1.6489952       429.9801      1.6489952
            138      423.73078      1.7296866      423.73078      1.7296866      423.73078      1.7296866
            139      411.97301      1.6167531      411.97301      1.6167531      411.97301      1.6167531
            140      400.99453      1.5670515      400.99453      1.5670515      400.99453      1.5670515
            141      392.50267      1.6069462      392.50267      1.6069462      392.50267      1.6069462
            142      387.33118      1.6839325      387.33118      1.6839325      387.33118      1.6839325
            143      379.74741       1.648752      379.74741       1.648752      379.74741       1.648752
            144      368.92963      1.5735966      368.92963      1.5735966      368.92963      1.5735966
            145      363.20445      1.5834746      363.20445      1.5834746      363.20445      1.5834746
            146      355.17405      1.5725009      355.17405      1.5725009      355.17405      1.5725009
            147      348.26864      1.5516358      348.26864      1.5516358      348.26864      1.5516358
            148      340.47011      1.5496777      340.47011      1.5496777      340.47011      1.5496777
            149      331.34786      1.4787825      331.34786      1.4787825      331.34786      1.4787825
            150      326.75306      1.4998611      326.75306      1.4998611      326.75306      1.4998611
            151      318.80548      1.4314458      318.80548      1.4314458      318.80548      1.4314458
            152      311.97917      1.3453335      311.97917      1.3453335      311.97917      1.3453335
            153      307.19484      1.4370283      307.19484      1.4370283      307.19484      1.4370283
            154      299.56628      1.4084039      299.56628      1.4084039      299.56628      1.4084039
            155      293.10342      1.3517358      293.10342      1.3517358      293.10342      1.3517358
            156      288.43312      1.3624697      288.43312      1.3624697      288.43312      1.3624697
            157      285.27268      1.4672235      285.27268      1.4672235      285.27268      1.4672235
            158      277.77464      1.2987523      277.77464      1.2987523      277.77464      1.2987523
            159       272.8812      1.3612345       272.8812      1.3612345       272.8812      1.3612345
            160      268.33926      1.3687078      268.33926      1.3687078      268.33926      1.3687078
            161      261.49805      1.3054723      261.49805      1.3054723      261.49805      1.3054723
            162      257.05565      1.3107616      257.05565      1.3107616      257.05565      1.3107616
            163      252.83809      1.2852196      252.83809      1.2852196      252.83809      1.2852196
            164      247.84428      1.2546703      247.84428      1.2546703      247.84428      1.2546703
            165      245.91182      1.3447368      245.91182      1.3447368      245.91182      1.3447368
            166      241.75452      1.3065019      241.75452      1.3065019      241.75452      1.3065019
            167      233.84782      1.2181559      233.84782      1.2181559      233.84782      1.2181559
            168      231.96842      1.2800578      231.96842      1.2800578      231.96842      1.2800578
            169      228.25857      1.2022663      228.25857      1.2022663      228.25857      1.2022663
            170      223.13114       1.169125      223.13114       1.169125      223.13114       1.169125
            171       217.5246      1.1748936       217.5246      1.1748936       217.5246      1.1748936
            172      213.17313      1.1013001      213.17313      1.1013001      213.17313      1.1013001
            173      211.58163      1.1986446      211.58163      1.1986446      211.58163      1.1986446
            174      208.80768      1.2122894      208.80768      1.2122894      208.80768      1.2122894
            175      203.87086      1.1769729      203.87086      1.1769729      203.87086      1.1769729
            176      204.39126      1.1846725      204.39126      1.1846725      204.39126      1.1846725
            177       198.2611      1.1882954       198.2611      1.1882954       198.2611      1.1882954
            178       193.7543      1.1135432       193.7543      1.1135432       193.7543      1.1135432
            179      189.59618      1.0890116      189.59618      1.0890116      189.59618      1.0890116
            180      186.06338       1.076613      186.06338       1.076613      186.06338       1.076613
            181      183.69799      1.0916152      183.69799      1.0916152      183.69799      1.0916152
            182      181.73184      1.0881368      181.73184      1.0881368      181.73184      1.0881368
            183      177.41885      1.1090559      177.41885      1.1090559      177.41885      1.1090559
            184       176.1206      1.1037568       176.1206      1.1037568       176.1206      1.1037568
            185      173.79341      1.0719667      173.79341      1.0719667      173.79341      1.0719667
            186       171.0066      1.0416751       171.0066      1.0416751       171.0066      1.0416751
            187      167.40262      1.0342246      167.40262      1.0342246      167.40262      1.0342246
            188      164.24946      1.0166875      164.24946      1.0166875      164.24946      1.0166875
            189      162.65714       1.113885      162.65714       1.113885      162.65714       1.113885
            190      158.64341     0.99914777      158.64341     0.99914777      158.64341     0.99914777
            191      157.93727      1.0425622      157.93727      1.0425622      157.93727      1.0425622
            192      154.26196      1.0539894      154.26196      1.0539894      154.26196      1.0539894
            193      152.55963      1.1155003      152.55963      1.1155003      152.55963      1.1155003
            194      150.85011      1.0294533      150.85011      1.0294533      150.85011      1.0294533
            195      147.88846     0.99228739      147.88846     0.99228739      147.88846     0.99228739
            196      144.94985     0.96121899      144.94985     0.96121899      144.94985     0.96121899
            197       143.7339     0.96301884       143.7339     0.96301884       143.7339     0.96301884
            198      142.11067     0.99270122      142.11067     0.99270122      142.11067     0.99270122
            199      140.19817     0.97523826      140.19817     0.97523826      140.19817     0.97523826
            200      138.71345      1.0430839      138.71345      1.0430839      138.71345      1.0430839
            201      135.73135       1.012896      135.73135       1.012896      135.73135       1.012896
            202      134.80467     0.99561498      134.80467     0.99561498      134.80467     0.99561498
            203      132.32999     0.96054537      132.32999     0.96054537      132.32999     0.96054537
            204       129.3015       0.901457       129.3015       0.901457       129.3015       0.901457
            205      128.57487     0.93177208      128.57487     0.93177208      128.57487     0.93177208
            206      127.63674     0.95221709      127.63674     0.95221709      127.63674     0.95221709
            207      124.65976     0.93365652      124.65976     0.93365652      124.65976     0.93365652
            208      122.87352     0.88521851      122.87352     0.88521851      122.87352     0.88521851
            209      120.46606     0.80224775      120.46606     0.80224775      120.46606     0.80224775
            210      119.06636     0.84647017      119.06636     0.84647017      119.06636     0.84647017
            211      116.47743     0.80125191      116.47743     0.80125191      116.47743     0.80125191
            212       115.5956     0.82778792       115.5956     0.82778792       115.5956     0.82778792
            213      114.69369     0.88037785      114.69369     0.88037785      114.69369     0.88037785
            214      113.09218      0.8952972      113.09218      0.8952972      113.09218      0.8952972
            215      111.43887     0.87177109      111.43887     0.87177109      111.43887     0.87177109
            216      111.86445       1.034142      111.86445       1.034142      111.86445       1.034142
            217      109.33811      0.8770415      109.33811      0.8770415      109.33811      0.8770415
            218      107.75791     0.95229826      107.75791     0.95229826      107.75791     0.95229826
            219      105.88525     0.86024947      105.88525     0.86024947      105.88525     0.86024947
            220      104.99041     0.93388597      104.99041     0.93388597      104.99041     0.93388597
            221      102.73927     0.81303389      102.73927     0.81303389      102.73927     0.81303389
            222      100.92308      0.7698141      100.92308      0.7698141      100.92308      0.7698141
            223      100.73944     0.87938812      100.73944     0.87938812      100.73944     0.87938812
            224      100.36615     0.85244029      100.36615     0.85244029      100.36615     0.85244029
            225      97.981425     0.88963011      97.981425     0.88963011      97.981425     0.88963011
            226      97.358399     0.76194887      97.358399     0.76194887      97.358399     0.76194887
            227      94.600193     0.77357651      94.600193     0.77357651      94.600193     0.77357651
            228      93.374122     0.82857034      93.374122     0.82857034      93.374122     0.82857034
            229      94.683595      0.9750854      94.683595      0.9750854      94.683595      0.9750854
            230       92.47686     0.83115236       92.47686     0.83115236       92.47686     0.83115236
            231      89.982766     0.88404829      89.982766     0.88404829      89.982766     0.88404829
            232         87.394     0.69603119         87.394     0.69603119         87.394     0.69603119
            233      88.443275     0.72042293      88.443275     0.72042293      88.443275     0.72042293
            234      88.348299     0.75139834      88.348299     0.75139834      88.348299     0.75139834
            235       87.82302     0.82815284       87.82302     0.82815284       87.82302     0.82815284
            236      84.984593     0.75688463      84.984593     0.75688463      84.984593     0.75688463
            237      84.044313     0.73200706      84.044313     0.73200706      84.044313     0.73200706
            238      82.249884      0.6610955      82.249884      0.6610955      82.249884      0.6610955
            239      81.169195     0.66878531      81.169195     0.66878531      81.169195     0.66878531
            240      80.865101     0.77169897      80.865101     0.77169897      80.865101     0.77169897
            241      80.635086      0.7289198      80.635086      0.7289198      80.635086      0.7289198
            242      80.623827     0.78303025      80.623827     0.78303025      80.623827     0.78303025
            243      78.297365     0.73010884      78.297365     0.73010884      78.297365     0.73010884
            244       77.31435     0.66366567       77.31435     0.66366567       77.31435     0.66366567
            245      76.510302     0.78051585      76.510302     0.78051585      76.510302     0.78051585
            246      75.248353     0.68561857      75.248353     0.68561857      75.248353     0.68561857
            247      73.875839     0.67192974      73.875839     0.67192974      73.875839     0.67192974
            248      73.793763     0.77301615      73.793763     0.77301615      73.793763     0.77301615
            249      71.992945      0.6208661      71.992945      0.6208661      71.992945      0.6208661
            250      73.035009     0.70763898      73.035009     0.70763898      73.035009     0.70763898
            251      70.569228     0.73624297      70.569228     0.73624297      70.569228     0.73624297
            252      71.031566     0.71275765      71.031566     0.71275765      71.031566     0.71275765
            253      70.447004      0.7217595      70.447004      0.7217595      70.447004      0.7217595
            254      69.529738     0.70656557      69.529738     0.70656557      69.529738     0.70656557
            255      69.262417     0.75661416      69.262417     0.75661416      69.262417     0.75661416
            256      67.707346      0.7042011      67.707346      0.7042011      67.707346      0.7042011
            257      67.660574     0.71371832      67.660574     0.71371832      67.660574     0.71371832
            258      66.209613     0.69981564      66.209613     0.69981564      66.209613     0.69981564
            259       66.38538      0.7827702       66.38538      0.7827702       66.38538      0.7827702
            260      63.919759     0.66123292      63.919759     0.66123292      63.919759     0.66123292
            261      62.620934     0.64471877      62.620934     0.64471877      62.620934     0.64471877
            262      63.352198     0.62766176      63.352198     0.62766176      63.352198     0.62766176
            263       63.32055     0.78135608       63.32055     0.78135608       63.32055     0.78135608
            264      61.350507     0.68571061      61.350507     0.68571061      61.350507     0.68571061
            265      60.982736      0.6433995      60.982736      0.6433995      60.982736      0.6433995
            266      61.146965     0.71486969      61.146965     0.71486969      61.146965     0.71486969
            267      59.736447      0.6526378      59.736447      0.6526378      59.736447      0.6526378
            268      58.248546     0.61078561      58.248546     0.61078561      58.248546     0.61078561
            269      58.166927     0.66697572      58.166927     0.66697572      58.166927     0.66697572
            270      57.066815     0.61250914      57.066815     0.61250914      57.066815     0.61250914
            271      58.148827     0.70983268      58.148827     0.70983268      58.148827     0.70983268
            272      56.510091     0.66767568      56.510091     0.66767568      56.510091     0.66767568
            273      56.681448     0.65826117      56.681448     0.65826117      56.681448     0.65826117
            274      56.345278     0.65837951      56.345278     0.65837951      56.345278     0.65837951
            275      54.538645     0.55256339      54.538645     0.55256339      54.538645     0.55256339
            276      53.385128     0.62411295      53.385128     0.62411295      53.385128     0.62411295
            277      54.429374      0.6417443      54.429374      0.6417443      54.429374      0.6417443
            278        52.8342     0.59861364        52.8342     0.59861364        52.8342     0.59861364
            279      52.425095      0.6329866      52.425095      0.6329866      52.425095      0.6329866
            280      51.474311     0.53674673      51.474311     0.53674673      51.474311     0.53674673
            281      52.073129     0.64731536      52.073129     0.64731536      52.073129     0.64731536
            282      52.427347     0.63170868      52.427347     0.63170868      52.427347     0.63170868
            283      50.952378     0.69654071      50.952378     0.69654071      50.952378     0.69654071
            284      50.013818     0.58080437      50.013818     0.58080437      50.013818     0.58080437
            285      49.335008     0.54339065      49.335008     0.54339065      49.335008     0.54339065
            286      49.437011      0.5624197      49.437011      0.5624197      49.437011      0.5624197
            287      48.670062     0.56845247      48.670062     0.56845247      48.670062     0.56845247
            288      48.807454     0.62955411      48.807454     0.62955411      48.807454     0.62955411
            289      47.517091     0.56726848      47.517091     0.56726848      47.517091     0.56726848
            290      46.588678     0.57736369      46.588678     0.57736369      46.588678     0.57736369
            291      46.241589     0.58507282      46.241589     0.58507282      46.241589     0.58507282
            292      45.607066     0.56093351      45.607066     0.56093351      45.607066     0.56093351
            293      46.389527     0.60046027      46.389527     0.60046027      46.389527     0.60046027
            294       44.29983     0.54252418       44.29983     0.54252418       44.29983     0.54252418
            295      45.949395     0.59350409      45.949395     0.59350409      45.949395     0.59350409
            296       43.95207     0.56659879       43.95207     0.56659879       43.95207     0.56659879
            297      44.807932     0.67656884      44.807932     0.67656884      44.807932     0.67656884
            298      43.819242      0.6663956      43.819242      0.6663956      43.819242      0.6663956
            299      42.699262     0.52828257      42.699262     0.52828257      42.699262     0.52828257
            300      42.852096     0.57120291      42.852096     0.57120291      42.852096     0.57120291
            301      42.420502     0.52679266      42.420502     0.52679266      42.420502     0.52679266
            302      40.864193     0.52756701      40.864193     0.52756701      40.864193     0.52756701
            303      41.912436     0.53548398      41.912436     0.53548398      41.912436     0.53548398
            304      41.876747     0.64045982      41.876747     0.64045982      41.876747     0.64045982
            305      40.553077     0.46842081      40.553077     0.46842081      40.553077     0.46842081
            306      40.599096     0.54038766      40.599096     0.54038766      40.599096     0.54038766
            307      39.429222      0.5182162      39.429222      0.5182162      39.429222      0.5182162
            308       39.79887     0.48999166       39.79887     0.48999166       39.79887     0.48999166
            309      39.549233     0.47189438      39.549233     0.47189438      39.549233     0.47189438
            310       38.20269     0.46385086       38.20269     0.46385086       38.20269     0.46385086
            311      38.599158     0.57017551      38.599158     0.57017551      38.599158     0.57017551
            312      37.856046     0.48067921      37.856046     0.48067921      37.856046     0.48067921
            313        38.1678     0.54252938        38.1678     0.54252938        38.1678     0.54252938
            314      36.881368     0.55684612      36.881368     0.55684612      36.881368     0.55684612
            315       37.44981     0.48648203       37.44981     0.48648203       37.44981     0.48648203
            316       36.71504     0.50973616       36.71504     0.50973616       36.71504     0.50973616
            317      36.320194     0.51398751      36.320194     0.51398751      36.320194     0.51398751
            318      36.384796     0.56588338      36.384796     0.56588338      36.384796     0.56588338
            319      35.909959     0.50868753      35.909959     0.50868753      35.909959     0.50868753
            320       35.65582     0.57644698       35.65582     0.57644698       35.65582     0.57644698
            321      34.923344     0.45749801      34.923344     0.45749801      34.923344     0.45749801
            322      33.161239     0.40307304      33.161239     0.40307304      33.161239     0.40307304
            323      35.300559     0.56104686      35.300559     0.56104686      35.300559     0.56104686
            324      33.421293     0.48308457      33.421293     0.48308457      33.421293     0.48308457
            325      33.439106     0.44711516      33.439106     0.44711516      33.439106     0.44711516
            326      33.809423      0.5440696      33.809423      0.5440696      33.809423      0.5440696
            327      34.154669     0.59434582      34.154669     0.59434582      34.154669     0.59434582
            328      32.747425     0.46074328      32.747425     0.46074328      32.747425     0.46074328
            329      33.541595     0.47865995      33.541595     0.47865995      33.541595     0.47865995
            330      32.057658     0.47860479      32.057658     0.47860479      32.057658     0.47860479
            331      32.876744     0.59933853      32.876744     0.59933853      32.876744     0.59933853
            332      31.540068      0.4183697      31.540068      0.4183697      31.540068      0.4183697
            333      31.406357     0.42850245      31.406357     0.42850245      31.406357     0.42850245
            334      31.665214      0.5444503      31.665214      0.5444503      31.665214      0.5444503
            335      31.242828     0.52267622      31.242828     0.52267622      31.242828     0.52267622
            336      30.971282     0.49620128      30.971282     0.49620128      30.971282     0.49620128
            337      29.677378      0.4159072      29.677378      0.4159072      29.677378      0.4159072
            338      30.139714     0.39456364      30.139714     0.39456364      30.139714     0.39456364
            339       30.31221     0.45985467       30.31221     0.45985467       30.31221     0.45985467
            340      29.199695     0.40621195      29.199695     0.40621195      29.199695     0.40621195
            341      29.494118      0.4563803      29.494118      0.4563803      29.494118      0.4563803
            342       28.25959     0.36788658       28.25959     0.36788658       28.25959     0.36788658
            343      29.704792     0.52742971      29.704792     0.52742971      29.704792     0.52742971
            344       28.49725      0.4273048       28.49725      0.4273048       28.49725      0.4273048
            345      28.044851     0.50765301      28.044851     0.50765301      28.044851     0.50765301
            346      27.846662     0.48656861      27.846662     0.48656861      27.846662     0.48656861
            347      28.329203     0.45985055      28.329203     0.45985055      28.329203     0.45985055
            348      27.859953     0.43132921      27.859953     0.43132921      27.859953     0.43132921
            349      27.715295     0.40113214      27.715295     0.40113214      27.715295     0.40113214
            350      28.624278     0.57679424      28.624278     0.57679424      28.624278     0.57679424
            351       27.39509     0.49506659       27.39509     0.49506659       27.39509     0.49506659
            352      26.553661     0.41740779      26.553661     0.41740779      26.553661     0.41740779
            353      26.162693     0.41024323      26.162693     0.41024323      26.162693     0.41024323
            354      26.646148     0.44831766      26.646148     0.44831766      26.646148     0.44831766
            355      26.030058     0.48476506      26.030058     0.48476506      26.030058     0.48476506
            356      25.356596     0.34752534      25.356596     0.34752534      25.356596     0.34752534
            357      25.558584     0.44276989      25.558584     0.44276989      25.558584     0.44276989
            358      25.749462     0.47247858      25.749462     0.47247858      25.749462     0.47247858
            359      25.891868     0.59332063      25.891868     0.59332063      25.891868     0.59332063
            360      24.463833     0.41633914      24.463833     0.41633914      24.463833     0.41633914
            361      25.220889     0.42563655      25.220889     0.42563655      25.220889     0.42563655
            362      24.673723     0.46912528      24.673723     0.46912528      24.673723     0.46912528
            363      24.230804     0.38638657      24.230804     0.38638657      24.230804     0.38638657
            364      24.649352     0.39882461      24.649352     0.39882461      24.649352     0.39882461
            365      24.623196     0.50212298      24.623196     0.50212298      24.623196     0.50212298
            366      23.607865     0.43787157      23.607865     0.43787157      23.607865     0.43787157
            367      23.443044     0.40404611      23.443044     0.40404611      23.443044     0.40404611
            368       23.84243     0.41941687       23.84243     0.41941687       23.84243     0.41941687
            369      23.584549     0.42364863      23.584549     0.42364863      23.584549     0.42364863
            370      22.654436     0.37303256      22.654436     0.37303256      22.654436     0.37303256
            371      24.089447     0.57034398      24.089447     0.57034398      24.089447     0.57034398
            372      22.524604     0.39527383      22.524604     0.39527383      22.524604     0.39527383
            373      22.598673     0.50373652      22.598673     0.50373652      22.598673     0.50373652
            374      22.245183     0.39031494      22.245183     0.39031494      22.245183     0.39031494
            375      22.506992     0.43642951      22.506992     0.43642951      22.506992     0.43642951
            376      22.050088     0.36156057      22.050088     0.36156057      22.050088     0.36156057
            377      21.891611     0.43860064      21.891611     0.43860064      21.891611     0.43860064
            378      21.737371     0.51474792      21.737371     0.51474792      21.737371     0.51474792
            379      22.351475     0.59062637      22.351475     0.59062637      22.351475     0.59062637
            380      20.987907     0.32371824      20.987907     0.32371824      20.987907     0.32371824
            381      21.344793     0.47251764      21.344793     0.47251764      21.344793     0.47251764
            382      20.804248     0.40472748      20.804248     0.40472748      20.804248     0.40472748
            383      20.877834     0.31284917      20.877834     0.31284917      20.877834     0.31284917
            384      20.310861     0.34415991      20.310861     0.34415991      20.310861     0.34415991
            385      20.640672     0.41836875      20.640672     0.41836875      20.640672     0.41836875
            386      20.824779     0.40245947      20.824779     0.40245947      20.824779     0.40245947
            387      20.183106     0.39379295      20.183106     0.39379295      20.183106     0.39379295
            388      20.335739     0.39607323      20.335739     0.39607323      20.335739     0.39607323
            389      20.286456     0.40385478      20.286456     0.40385478      20.286456     0.40385478
            390      20.229382     0.44818572      20.229382     0.44818572      20.229382     0.44818572
            391       19.40583     0.31453328       19.40583     0.31453328       19.40583     0.31453328
            392      19.681103     0.42243907      19.681103     0.42243907      19.681103     0.42243907
            393      19.381588     0.44507911      19.381588     0.44507911      19.381588     0.44507911
            394      19.521422     0.43613842      19.521422     0.43613842      19.521422     0.43613842
            395      19.302926     0.47253375      19.302926     0.47253375      19.302926     0.47253375
            396      19.361611     0.41132279      19.361611     0.41132279      19.361611     0.41132279
            397       18.95481      0.4655761       18.95481      0.4655761       18.95481      0.4655761
            398      17.830806     0.28343675      17.830806     0.28343675      17.830806     0.28343675
            399      18.960691     0.43832179      18.960691     0.43832179      18.960691     0.43832179
            400      18.240674     0.32883661      18.240674     0.32883661      18.240674     0.32883661
            401      18.462598     0.40640796      18.462598     0.40640796      18.462598     0.40640796
            402      18.144656     0.40861867      18.144656     0.40861867      18.144656     0.40861867
            403      17.865791     0.45489507      17.865791     0.45489507      17.865791     0.45489507
            404      18.020958     0.39736535      18.020958     0.39736535      18.020958     0.39736535
            405      17.600747     0.32005949      17.600747     0.32005949      17.600747     0.32005949
            406      17.339985     0.33758822      17.339985     0.33758822      17.339985     0.33758822
            407      17.288198     0.37667558      17.288198     0.37667558      17.288198     0.37667558
            408      17.264104     0.37940864      17.264104     0.37940864      17.264104     0.37940864
            409      16.986582     0.36272561      16.986582     0.36272561      16.986582     0.36272561
            410      16.506689     0.32576957      16.506689     0.32576957      16.506689     0.32576957
            411      17.085886     0.36531861      17.085886     0.36531861      17.085886     0.36531861
            412      16.532041      0.3598788      16.532041      0.3598788      16.532041      0.3598788
            413      17.070026      0.4700121      17.070026      0.4700121      17.070026      0.4700121
            414      17.022189     0.45989445      17.022189     0.45989445      17.022189     0.45989445
            415      16.479382     0.44640248      16.479382     0.44640248      16.479382     0.44640248
            416      16.270152     0.33457786      16.270152     0.33457786      16.270152     0.33457786
            417      16.873707     0.41436744      16.873707     0.41436744      16.873707     0.41436744
            418      16.258031     0.38539459      16.258031     0.38539459      16.258031     0.38539459
            419      16.074488     0.34128672      16.074488     0.34128672      16.074488     0.34128672
            420      15.723518     0.28950613      15.723518     0.28950613      15.723518     0.28950613
            421      15.696999     0.34188901      15.696999     0.34188901      15.696999     0.34188901
            422      15.897926     0.39185126      15.897926     0.39185126      15.897926     0.39185126
            423      14.831212     0.27729913      14.831212     0.27729913      14.831212     0.27729913
            424      15.204121     0.35110356      15.204121     0.35110356      15.204121     0.35110356
            425      15.392502     0.35630021      15.392502     0.35630021      15.392502     0.35630021
            426      14.717286     0.27060922      14.717286     0.27060922      14.717286     0.27060922
            427      15.087373     0.36288314      15.087373     0.36288314      15.087373     0.36288314
            428      14.339105     0.24235485      14.339105     0.24235485      14.339105     0.24235485
            429      14.827293     0.43495733      14.827293     0.43495733      14.827293     0.43495733
            430      14.508664     0.29577016      14.508664     0.29577016      14.508664     0.29577016
            431      14.432355     0.28525551      14.432355     0.28525551      14.432355     0.28525551
            432      14.997078     0.34064954      14.997078     0.34064954      14.997078     0.34064954
            433      14.458183     0.32382359      14.458183     0.32382359      14.458183     0.32382359
            434      14.468279     0.35693271      14.468279     0.35693271      14.468279     0.35693271
            435       14.74425     0.42886139       14.74425     0.42886139       14.74425     0.42886139
            436      14.236447     0.32892579      14.236447     0.32892579      14.236447     0.32892579
            437      14.445081      0.5085383      14.445081      0.5085383      14.445081      0.5085383
            438      13.538921      0.2712254      13.538921      0.2712254      13.538921      0.2712254
            439      13.444101     0.25471782      13.444101     0.25471782      13.444101     0.25471782
            440      13.494777     0.35676866      13.494777     0.35676866      13.494777     0.35676866
            441       13.34779     0.34154097       13.34779     0.34154097       13.34779     0.34154097
            442      13.220584     0.31384098      13.220584     0.31384098      13.220584     0.31384098
            443      13.659182      0.4564361      13.659182      0.4564361      13.659182      0.4564361
            444      13.401597     0.34062014      13.401597     0.34062014      13.401597     0.34062014
            445      13.397334     0.33036861      13.397334     0.33036861      13.397334     0.33036861
            446      13.190124     0.42606263      13.190124     0.42606263      13.190124     0.42606263
            447      12.830621     0.31185108      12.830621     0.31185108      12.830621     0.31185108
            448      13.929479     0.50407273      13.929479     0.50407273      13.929479     0.50407273
            449      12.631683     0.32357636      12.631683     0.32357636      12.631683     0.32357636
            450      12.199576     0.26081234      12.199576     0.26081234      12.199576     0.26081234
            451      12.496703     0.29959681      12.496703     0.29959681      12.496703     0.29959681
            452      12.759846     0.38161446      12.759846     0.38161446      12.759846     0.38161446
            453      12.207639      0.3217871      12.207639      0.3217871      12.207639      0.3217871
            454      12.156357     0.36496852      12.156357     0.36496852      12.156357     0.36496852
            455      11.795116     0.23740365      11.795116     0.23740365      11.795116     0.23740365
            456      12.317827     0.34889226      12.317827     0.34889226      12.317827     0.34889226
            457      11.920233     0.28186998      11.920233     0.28186998      11.920233     0.28186998
            458       11.61843     0.25319832       11.61843     0.25319832       11.61843     0.25319832
            459      12.096924     0.39943096      12.096924     0.39943096      12.096924     0.39943096
            460      11.689757      0.2433089      11.689757      0.2433089      11.689757      0.2433089
            461      11.957636     0.27908127      11.957636     0.27908127      11.957636     0.27908127
            462      12.294633     0.41818092      12.294633     0.41818092      12.294633     0.41818092
            463      11.866857     0.38375025      11.866857     0.38375025      11.866857     0.38375025
            464      12.055365      0.3666451      12.055365      0.3666451      12.055365      0.3666451
            465      11.446301     0.31526376      11.446301     0.31526376      11.446301     0.31526376
            466      11.142388     0.21628004      11.142388     0.21628004      11.142388     0.21628004
            467      11.933498     0.44766559      11.933498     0.44766559      11.933498     0.44766559
            468      11.179131     0.26609022      11.179131     0.26609022      11.179131     0.26609022
            469      11.821767     0.39197998      11.821767     0.39197998      11.821767     0.39197998
            470      10.845411     0.27578242      10.845411     0.27578242      10.845411     0.27578242
            471      11.105158       0.285278      11.105158       0.285278      11.105158       0.285278
            472       11.69286     0.38082221       11.69286     0.38082221       11.69286     0.38082221
            473      10.917822      0.3278942      10.917822      0.3278942      10.917822      0.3278942
            474      11.444672     0.41070746      11.444672     0.41070746      11.444672     0.41070746
            475      10.368399     0.22319248      10.368399     0.22319248      10.368399     0.22319248
            476       10.70713     0.26590069       10.70713     0.26590069       10.70713     0.26590069
            477      10.431362     0.21737984      10.431362     0.21737984      10.431362     0.21737984
            478      11.161952      0.3684811      11.161952      0.3684811      11.161952      0.3684811
            479      9.9143449     0.25420591      9.9143449     0.25420591      9.9143449     0.25420591
            480      10.331079     0.27943056      10.331079     0.27943056      10.331079     0.27943056
            481      10.070302      0.2067902      10.070302      0.2067902      10.070302      0.2067902
            482      10.359103     0.36964867      10.359103     0.36964867      10.359103     0.36964867
            483      10.453402      0.2770634      10.453402      0.2770634      10.453402      0.2770634
            484      10.229727     0.27341236      10.229727     0.27341236      10.229727     0.27341236
            485      10.056505     0.31113171      10.056505     0.31113171      10.056505     0.31113171
            486      10.119372     0.29083885      10.119372     0.29083885      10.119372     0.29083885
            487      9.2403395     0.21349534      9.2403395     0.21349534      9.2403395     0.21349534
            488      9.8410445     0.23418833      9.8410445     0.23418833      9.8410445     0.23418833
            489      10.515273     0.44089248      10.515273     0.44089248      10.515273     0.44089248
            490      9.5643513     0.25999526      9.5643513     0.25999526      9.5643513     0.25999526
            491      9.7985883      0.3083733      9.7985883      0.3083733      9.7985883      0.3083733
            492      9.2326574     0.24807107      9.2326574     0.24807107      9.2326574     0.24807107
            493      9.4046576     0.22626195      9.4046576     0.22626195      9.4046576     0.22626195
            494      9.8585664     0.33452457      9.8585664     0.33452457      9.8585664     0.33452457
            495      9.4767894     0.33808006      9.4767894     0.33808006      9.4767894     0.33808006
            496      9.2962588     0.24202041      9.2962588     0.24202041      9.2962588     0.24202041
            497      9.4093124     0.37287324      9.4093124     0.37287324      9.4093124     0.37287324
            498      9.7097615     0.31481257      9.7097615     0.31481257      9.7097615     0.31481257
            499      9.1851823     0.22245645      9.1851823     0.22245645      9.1851823     0.22245645
            500        9.15713     0.26016634        9.15713     0.26016634        9.15713     0.26016634
            501      9.2658965     0.28514255      9.2658965     0.28514255      9.2658965     0.28514255
            502      8.8096503     0.18887656      8.8096503     0.18887656      8.8096503     0.18887656
            503       9.100061     0.30125408       9.100061     0.30125408       9.100061     0.30125408
            504      8.7740575     0.21461854      8.7740575     0.21461854      8.7740575     0.21461854
            505      8.6651579     0.23646971      8.6651579     0.23646971      8.6651579     0.23646971
            506      8.1692153     0.17796461      8.1692153     0.17796461      8.1692153     0.17796461
            507      8.6490536     0.28346964      8.6490536     0.28346964      8.6490536     0.28346964
            508      8.5075046     0.18010108      8.5075046     0.18010108      8.5075046     0.18010108
            509      8.0370302     0.17365824      8.0370302     0.17365824      8.0370302     0.17365824
            510       8.567956     0.22570973       8.567956     0.22570973       8.567956     0.22570973
            511      8.6091535     0.22156722      8.6091535     0.22156722      8.6091535     0.22156722
            512      8.8408821     0.38260206      8.8408821     0.38260206      8.8408821     0.38260206
            513      8.2815745     0.22230729      8.2815745     0.22230729      8.2815745     0.22230729
            514      8.4294462     0.24946984      8.4294462     0.24946984      8.4294462     0.24946984
            515       8.357621     0.27439491       8.357621     0.27439491       8.357621     0.27439491
            516      8.8730751     0.33612047      8.8730751     0.33612047      8.8730751     0.33612047
            517      8.1540707      0.2419468      8.1540707      0.2419468      8.1540707      0.2419468
            518      8.2472172     0.25615225      8.2472172     0.25615225      8.2472172     0.25615225
            519      7.8773524     0.20354448      7.8773524     0.20354448      7.8773524     0.20354448
            520      7.7160718     0.25765104      7.7160718     0.25765104      7.7160718     0.25765104
            521      7.9304622     0.21326481      7.9304622     0.21326481      7.9304622     0.21326481
            522      8.0639961     0.24072238      8.0639961     0.24072238      8.0639961     0.24072238
            523      7.7361977      0.2185208      7.7361977      0.2185208      7.7361977      0.2185208
            524      8.0300979     0.30596413      8.0300979     0.30596413      8.0300979     0.30596413
            525      7.6890018      0.2504961      7.6890018      0.2504961      7.6890018      0.2504961
            526       7.650444     0.23823903       7.650444     0.23823903       7.650444     0.23823903
            527      7.8770794     0.29996942      7.8770794     0.29996942      7.8770794     0.29996942
            528      7.6801738     0.21232333      7.6801738     0.21232333      7.6801738     0.21232333
            529      7.8542258     0.34129691      7.8542258     0.34129691      7.8542258     0.34129691
            530      7.3196978      0.1565449      7.3196978      0.1565449      7.3196978      0.1565449
            531      7.4203143      0.1901621      7.4203143      0.1901621      7.4203143      0.1901621
            532       7.346756     0.23292536       7.346756     0.23292536       7.346756     0.23292536
            533      7.2583103     0.20435107      7.2583103     0.20435107      7.2583103     0.20435107
            534      7.4638498     0.28583771      7.4638498     0.28583771      7.4638498     0.28583771
            535      7.3057856     0.23991616      7.3057856     0.23991616      7.3057856     0.23991616
            536      7.3667745      0.2091204      7.3667745      0.2091204      7.3667745      0.2091204
            537      7.1073542     0.19572601      7.1073542     0.19572601      7.1073542     0.19572601
            538      7.0893774     0.18685459      7.0893774     0.18685459      7.0893774     0.18685459
            539      7.1025959     0.21290796      7.1025959     0.21290796      7.1025959     0.21290796
            540      6.9219269     0.23757645      6.9219269     0.23757645      6.9219269     0.23757645
            541      7.0554427     0.27216738      7.0554427     0.27216738      7.0554427     0.27216738
            542      6.8285725     0.21651588      6.8285725     0.21651588      6.8285725     0.21651588
            543      6.7230201     0.20925563      6.7230201     0.20925563      6.7230201     0.20925563
            544      7.0927683     0.28136131      7.0927683     0.28136131      7.0927683     0.28136131
            545       6.739606     0.20640115       6.739606     0.20640115       6.739606     0.20640115
            546      6.7542559      0.2211196      6.7542559      0.2211196      6.7542559      0.2211196
            547      6.7470162      0.1965126      6.7470162      0.1965126      6.7470162      0.1965126
            548      6.7384365     0.26796131      6.7384365     0.26796131      6.7384365     0.26796131
            549      6.7683585     0.22193866      6.7683585     0.22193866      6.7683585     0.22193866
            550       6.326375     0.15940779       6.326375     0.15940779       6.326375     0.15940779
            551      6.2791333     0.16504552      6.2791333     0.16504552      6.2791333     0.16504552
            552      6.6478033     0.29485926      6.6478033     0.29485926      6.6478033     0.29485926
            553      6.5239816     0.26413842      6.5239816     0.26413842      6.5239816     0.26413842
            554      7.0843688     0.33477274      7.0843688     0.33477274      7.0843688     0.33477274
            555      6.6433791     0.33693293      6.6433791     0.33693293      6.6433791     0.33693293
            556      6.7385273     0.29536774      6.7385273     0.29536774      6.7385273     0.29536774
            557      6.5684159      0.2742358      6.5684159      0.2742358      6.5684159      0.2742358
            558      6.3273653     0.17832556      6.3273653     0.17832556      6.3273653     0.17832556
            559      6.4138389     0.19901274      6.4138389     0.19901274      6.4138389     0.19901274
            560      6.1230549     0.19509463      6.1230549     0.19509463      6.1230549     0.19509463
            561      6.3850502     0.22354502      6.3850502     0.22354502      6.3850502     0.22354502
            562      6.2917736     0.25236875      6.2917736     0.25236875      6.2917736     0.25236875
            563      6.3348037       0.224319      6.3348037       0.224319      6.3348037       0.224319
            564      6.0694555     0.15591328      6.0694555     0.15591328      6.0694555     0.15591328
            565      6.2799358     0.32786087      6.2799358     0.32786087      6.2799358     0.32786087
            566      6.0732534     0.18708524      6.0732534     0.18708524      6.0732534     0.18708524
            567      5.8261774     0.14585015      5.8261774     0.14585015      5.8261774     0.14585015
            568       5.749914     0.22675947       5.749914     0.22675947       5.749914     0.22675947
            569      5.9818972     0.21270685      5.9818972     0.21270685      5.9818972     0.21270685
            570      6.6022857     0.37214019      6.6022857     0.37214019      6.6022857     0.37214019
            571      5.9176237     0.19303727      5.9176237     0.19303727      5.9176237     0.19303727
            572      5.7651644     0.19181089      5.7651644     0.19181089      5.7651644     0.19181089
            573      5.5056484     0.13842673      5.5056484     0.13842673      5.5056484     0.13842673
            574      5.7617381     0.15339341      5.7617381     0.15339341      5.7617381     0.15339341
            575       5.964936     0.26606126       5.964936     0.26606126       5.964936     0.26606126
            576       5.791114     0.18978322       5.791114     0.18978322       5.791114     0.18978322
            577      5.4059844     0.15510611      5.4059844     0.15510611      5.4059844     0.15510611
            578      5.8661803     0.19283818      5.8661803     0.19283818      5.8661803     0.19283818
            579      5.4212167     0.19724961      5.4212167     0.19724961      5.4212167     0.19724961
            580      5.5356594     0.19360519      5.5356594     0.19360519      5.5356594     0.19360519
            581      5.5997302     0.17883555      5.5997302     0.17883555      5.5997302     0.17883555
            582      5.2539251     0.21229181      5.2539251     0.21229181      5.2539251     0.21229181
            583      5.6372735     0.20896007      5.6372735     0.20896007      5.6372735     0.20896007
            584       5.833562     0.31133559       5.833562     0.31133559       5.833562     0.31133559
            585      5.4908424     0.20717415      5.4908424     0.20717415      5.4908424     0.20717415
            586      5.4182829     0.24839752      5.4182829     0.24839752      5.4182829     0.24839752
            587      5.6633129     0.24000238      5.6633129     0.24000238      5.6633129     0.24000238
            588      5.3067425     0.22129762      5.3067425     0.22129762      5.3067425     0.22129762
            589      5.3361869     0.18921449      5.3361869     0.18921449      5.3361869     0.18921449
            590      5.1463888     0.19084693      5.1463888     0.19084693      5.1463888     0.19084693
            591      5.5491987        0.34002      5.5491987        0.34002      5.5491987        0.34002
            592      5.1811348     0.23594968      5.1811348     0.23594968      5.1811348     0.23594968
            593      5.1233254      0.1742082      5.1233254      0.1742082      5.1233254      0.1742082
            594      5.4527778      0.3047381      5.4527778      0.3047381      5.4527778      0.3047381
            595      5.1738023     0.17346832      5.1738023     0.17346832      5.1738023     0.17346832
            596      5.1453877     0.20453318      5.1453877     0.20453318      5.1453877     0.20453318
            597      5.0369617     0.17608327      5.0369617     0.17608327      5.0369617     0.17608327
            598      4.9793476     0.17897945      4.9793476     0.17897945      4.9793476     0.17897945
            599      5.1886611     0.26162206      5.1886611     0.26162206      5.1886611     0.26162206
            600       4.803584     0.13538044       4.803584     0.13538044       4.803584     0.13538044
            601      4.7279849     0.16058958      4.7279849     0.16058958      4.7279849     0.16058958
            602      4.7910818     0.14428896      4.7910818     0.14428896      4.7910818     0.14428896
            603      4.7855174     0.19695639      4.7855174     0.19695639      4.7855174     0.19695639
            604      5.1107399     0.21962201      5.1107399     0.21962201      5.1107399     0.21962201
            605      5.0419983     0.16493268      5.0419983     0.16493268      5.0419983     0.16493268
            606      4.9475126     0.25963058      4.9475126     0.25963058      4.9475126     0.25963058
            607      4.6662812     0.16108925      4.6662812     0.16108925      4.6662812     0.16108925
            608       4.695684     0.18746634       4.695684     0.18746634       4.695684     0.18746634
            609      4.4724565     0.15577644      4.4724565     0.15577644      4.4724565     0.15577644
            610      4.5878633      0.1417492      4.5878633      0.1417492      4.5878633      0.1417492
            611      4.9147005     0.30701968      4.9147005     0.30701968      4.9147005     0.30701968
            612      4.3446959     0.11133391      4.3446959     0.11133391      4.3446959     0.11133391
            613      4.6597758     0.19053842      4.6597758     0.19053842      4.6597758     0.19053842
            614      4.5012873     0.17702626      4.5012873     0.17702626      4.5012873     0.17702626
            615      4.5454491     0.12649321      4.5454491     0.12649321      4.5454491     0.12649321
            616      4.5834278     0.14243908      4.5834278     0.14243908      4.5834278     0.14243908
            617      4.6202293     0.14332519      4.6202293     0.14332519      4.6202293     0.14332519
            618      4.4522536     0.16183301      4.4522536     0.16183301      4.4522536     0.16183301
            619      4.4157306      0.1426492      4.4157306      0.1426492      4.4157306      0.1426492
            620      4.3369269     0.13069788      4.3369269     0.13069788      4.3369269     0.13069788
            621      4.7945904     0.29008678      4.7945904     0.29008678      4.7945904     0.29008678
            622      4.6331147      0.2355934      4.6331147      0.2355934      4.6331147      0.2355934
            623       4.075859      0.1221206       4.075859      0.1221206       4.075859      0.1221206
            624      4.7111934     0.21583748      4.7111934     0.21583748      4.7111934     0.21583748
            625      3.9965281     0.11287757      3.9965281     0.11287757      3.9965281     0.11287757
            626      4.1542548     0.12675021      4.1542548     0.12675021      4.1542548     0.12675021
            627      4.3107436     0.14293215      4.3107436     0.14293215      4.3107436     0.14293215
            628       4.147344     0.16033169       4.147344     0.16033169       4.147344     0.16033169
            629      4.2893751     0.31163547      4.2893751     0.31163547      4.2893751     0.31163547
            630      4.2614093      0.1738909      4.2614093      0.1738909      4.2614093      0.1738909
            631      4.2613465      0.2483712      4.2613465      0.2483712      4.2613465      0.2483712
            632      4.0306688     0.13388721      4.0306688     0.13388721      4.0306688     0.13388721
            633      4.2552853     0.19963499      4.2552853     0.19963499      4.2552853     0.19963499
            634      3.8008669     0.10566689      3.8008669     0.10566689      3.8008669     0.10566689
            635       3.851475     0.11268431       3.851475     0.11268431       3.851475     0.11268431
            636      3.9885204     0.17219911      3.9885204     0.17219911      3.9885204     0.17219911
            637       3.808937     0.10997219       3.808937     0.10997219       3.808937     0.10997219
            638      3.9485158     0.12814645      3.9485158     0.12814645      3.9485158     0.12814645
            639      3.8149135     0.12837553      3.8149135     0.12837553      3.8149135     0.12837553
            640      3.8484265     0.12571745      3.8484265     0.12571745      3.8484265     0.12571745
            641      4.1082656     0.20834006      4.1082656     0.20834006      4.1082656     0.20834006
            642      4.0532567      0.2136479      4.0532567      0.2136479      4.0532567      0.2136479
            643       4.155464     0.18543397       4.155464     0.18543397       4.155464     0.18543397
            644       3.583829     0.10619758       3.583829     0.10619758       3.583829     0.10619758
            645      3.9421592     0.16476126      3.9421592     0.16476126      3.9421592     0.16476126
            646      3.9204488     0.22988863      3.9204488     0.22988863      3.9204488     0.22988863
            647      3.7680585     0.15564073      3.7680585     0.15564073      3.7680585     0.15564073
            648      3.8375175     0.13169436      3.8375175     0.13169436      3.8375175     0.13169436
            649      3.7488548     0.15160949      3.7488548     0.15160949      3.7488548     0.15160949
            650      3.8215089     0.15288318      3.8215089     0.15288318      3.8215089     0.15288318
            651      3.7330702     0.13850469      3.7330702     0.13850469      3.7330702     0.13850469
            652      3.9428684     0.25238202      3.9428684     0.25238202      3.9428684     0.25238202
            653      3.7352067     0.15096576      3.7352067     0.15096576      3.7352067     0.15096576
            654      3.8339491     0.22488965      3.8339491     0.22488965      3.8339491     0.22488965
            655      3.5955442     0.10463948      3.5955442     0.10463948      3.5955442     0.10463948
            656      3.8324514     0.17788178      3.8324514     0.17788178      3.8324514     0.17788178
            657      3.4493769     0.12253592      3.4493769     0.12253592      3.4493769     0.12253592
            658      3.7303492     0.24728344      3.7303492     0.24728344      3.7303492     0.24728344
            659      3.4228474     0.10819589      3.4228474     0.10819589      3.4228474     0.10819589
            660      3.4841696     0.10741195      3.4841696     0.10741195      3.4841696     0.10741195
            661      3.7474877     0.18982984      3.7474877     0.18982984      3.7474877     0.18982984
            662      3.4118954     0.12069956      3.4118954     0.12069956      3.4118954     0.12069956
            663      3.6103965     0.22408392      3.6103965     0.22408392      3.6103965     0.22408392
            664       3.175844    0.094037813       3.175844    0.094037813       3.175844    0.094037813
            665       3.415412     0.11288073       3.415412     0.11288073       3.415412     0.11288073
            666       3.213608    0.099066346       3.213608    0.099066346       3.213608    0.099066346
            667       3.317799     0.10517503       3.317799     0.10517503       3.317799     0.10517503
            668      3.5428924     0.22629596      3.5428924     0.22629596      3.5428924     0.22629596
            669      3.2716901     0.12790233      3.2716901     0.12790233      3.2716901     0.12790233
            670      3.4236139     0.13809741      3.4236139     0.13809741      3.4236139     0.13809741
            671      3.6915368     0.31377029      3.6915368     0.31377029      3.6915368     0.31377029
            672      3.4390666     0.16937332      3.4390666     0.16937332      3.4390666     0.16937332
            673      3.3881452     0.17622284      3.3881452     0.17622284      3.3881452     0.17622284
            674      3.3444311     0.15512541      3.3444311     0.15512541      3.3444311     0.15512541
            675      3.0346102     0.08086596      3.0346102     0.08086596      3.0346102     0.08086596
            676      3.4020492     0.24376721      3.4020492     0.24376721      3.4020492     0.24376721
            677      3.1320241     0.11425453      3.1320241     0.11425453      3.1320241     0.11425453
            678        3.31305     0.19553376        3.31305     0.19553376        3.31305     0.19553376
            679      3.1548568     0.13876294      3.1548568     0.13876294      3.1548568     0.13876294
            680      3.4438696     0.16874305      3.4438696     0.16874305      3.4438696     0.16874305
            681      3.2097592     0.12690288      3.2097592     0.12690288      3.2097592     0.12690288
            682      3.0505861     0.11291995      3.0505861     0.11291995      3.0505861     0.11291995
            683      2.9891126     0.17139646      2.9891126     0.17139646      2.9891126     0.17139646
            684      3.1215204     0.11146182      3.1215204     0.11146182      3.1215204     0.11146182
            685      3.1077394     0.12698035      3.1077394     0.12698035      3.1077394     0.12698035
            686      2.9227164     0.11599252      2.9227164     0.11599252      2.9227164     0.11599252
            687      3.0024831    0.099016827      3.0024831    0.099016827      3.0024831    0.099016827
            688      3.0807905     0.19587904      3.0807905     0.19587904      3.0807905     0.19587904
            689      2.8802382    0.082935632      2.8802382    0.082935632      2.8802382    0.082935632
            690      2.9311125    0.094337239      2.9311125    0.094337239      2.9311125    0.094337239
            691      2.9604385     0.10306742      2.9604385     0.10306742      2.9604385     0.10306742
            692      3.0787727      0.2022874      3.0787727      0.2022874      3.0787727      0.2022874
            693       3.053327     0.20768596       3.053327     0.20768596       3.053327     0.20768596
            694      3.1270467      0.1707016      3.1270467      0.1707016      3.1270467      0.1707016
            695      3.0632937     0.14765178      3.0632937     0.14765178      3.0632937     0.14765178
            696      2.9023035     0.10243676      2.9023035     0.10243676      2.9023035     0.10243676
            697      3.0657322     0.11902989      3.0657322     0.11902989      3.0657322     0.11902989
            698      2.8468888    0.098627015      2.8468888    0.098627015      2.8468888    0.098627015
            699      2.7344926     0.10728519      2.7344926     0.10728519      2.7344926     0.10728519
            700      2.6968184     0.12625251      2.6968184     0.12625251      2.6968184     0.12625251
            701       3.111956      0.2291577       3.111956      0.2291577       3.111956      0.2291577
            702      2.8550662     0.10981434      2.8550662     0.10981434      2.8550662     0.10981434
            703      2.9601499     0.22288396      2.9601499     0.22288396      2.9601499     0.22288396
            704      2.8340197     0.11951134      2.8340197     0.11951134      2.8340197     0.11951134
            705      2.6365503    0.086560162      2.6365503    0.086560162      2.6365503    0.086560162
            706       2.923931     0.18423042       2.923931     0.18423042       2.923931     0.18423042
            707      2.7492007     0.10761864      2.7492007     0.10761864      2.7492007     0.10761864
            708      2.7082073     0.13105927      2.7082073     0.13105927      2.7082073     0.13105927
            709      2.7954803    0.098099021      2.7954803    0.098099021      2.7954803    0.098099021
            710      2.7186428    0.097503952      2.7186428    0.097503952      2.7186428    0.097503952
            711      2.7933591     0.16566386      2.7933591     0.16566386      2.7933591     0.16566386
            712       2.727687     0.10577363       2.727687     0.10577363       2.727687     0.10577363
            713      2.7546613     0.13891781      2.7546613     0.13891781      2.7546613     0.13891781
            714      2.5329881    0.077961068      2.5329881    0.077961068      2.5329881    0.077961068
            715      2.4159056    0.089045247      2.4159056    0.089045247      2.4159056    0.089045247
            716       2.673657     0.13996496       2.673657     0.13996496       2.673657     0.13996496
            717      2.5225842     0.10267531      2.5225842     0.10267531      2.5225842     0.10267531
            718      2.5839367     0.09420338      2.5839367     0.09420338      2.5839367     0.09420338
            719      2.5404428        0.10095      2.5404428        0.10095      2.5404428        0.10095
            720      2.5544565     0.10491509      2.5544565     0.10491509      2.5544565     0.10491509
            721      2.4803828    0.090815104      2.4803828    0.090815104      2.4803828    0.090815104
            722      2.5133459     0.14605581      2.5133459     0.14605581      2.5133459     0.14605581
            723      2.3386592     0.11268076      2.3386592     0.11268076      2.3386592     0.11268076
            724      2.6311114      0.1153483      2.6311114      0.1153483      2.6311114      0.1153483
            725      2.3640131    0.079960211      2.3640131    0.079960211      2.3640131    0.079960211
            726      2.4985634     0.10988669      2.4985634     0.10988669      2.4985634     0.10988669
            727      2.7237983     0.13999599      2.7237983     0.13999599      2.7237983     0.13999599
            728       2.598181     0.10603656       2.598181     0.10603656       2.598181     0.10603656
            729      2.4633779     0.10626896      2.4633779     0.10626896      2.4633779     0.10626896
            730      2.5374551     0.11037917      2.5374551     0.11037917      2.5374551     0.11037917
            731       2.687838     0.18327097       2.687838     0.18327097       2.687838     0.18327097
            732      2.2508249    0.083625636      2.2508249    0.083625636      2.2508249    0.083625636
            733        2.39518     0.10195401        2.39518     0.10195401        2.39518     0.10195401
            734      2.5259482     0.12415889      2.5259482     0.12415889      2.5259482     0.12415889
            735      2.5587089      0.1487282      2.5587089      0.1487282      2.5587089      0.1487282
            736      2.2203312    0.078346213      2.2203312    0.078346213      2.2203312    0.078346213
            737       2.352246    0.088245701       2.352246    0.088245701       2.352246    0.088245701
            738       2.301799    0.082250077       2.301799    0.082250077       2.301799    0.082250077
            739      2.2844551    0.078794169      2.2844551    0.078794169      2.2844551    0.078794169
            740      2.5081076     0.15453413      2.5081076     0.15453413      2.5081076     0.15453413
            741      2.3008833    0.087792336      2.3008833    0.087792336      2.3008833    0.087792336
            742      2.1474149     0.06744802      2.1474149     0.06744802      2.1474149     0.06744802
            743       2.358297     0.13688092       2.358297     0.13688092       2.358297     0.13688092
            744      2.4352546     0.16415575      2.4352546     0.16415575      2.4352546     0.16415575
            745       2.268119     0.17265622       2.268119     0.17265622       2.268119     0.17265622
            746      2.1546783    0.094406276      2.1546783    0.094406276      2.1546783    0.094406276
            747       2.071587    0.071849811       2.071587    0.071849811       2.071587    0.071849811
            748      2.1973356    0.088966985      2.1973356    0.088966985      2.1973356    0.088966985
            749      2.1419427     0.12382035      2.1419427     0.12382035      2.1419427     0.12382035
            750      2.4230445     0.20013455      2.4230445     0.20013455      2.4230445     0.20013455
            751      2.3075058    0.095706157      2.3075058    0.095706157      2.3075058    0.095706157
            752       2.235631     0.13337999       2.235631     0.13337999       2.235631     0.13337999
            753       2.173318     0.10378532       2.173318     0.10378532       2.173318     0.10378532
            754      2.0543385    0.074685772      2.0543385    0.074685772      2.0543385    0.074685772
            755      2.0945752     0.07062973      2.0945752     0.07062973      2.0945752     0.07062973
            756      2.0734419    0.069484984      2.0734419    0.069484984      2.0734419    0.069484984
            757      2.1339501     0.08776843      2.1339501     0.08776843      2.1339501     0.08776843
            758      2.2342186     0.15282524      2.2342186     0.15282524      2.2342186     0.15282524
            759      2.1762021     0.19456584      2.1762021     0.19456584      2.1762021     0.19456584
            760      2.3745595     0.15870015      2.3745595     0.15870015      2.3745595     0.15870015
            761      2.2968003     0.22784712      2.2968003     0.22784712      2.2968003     0.22784712
            762      2.2599102     0.12601989      2.2599102     0.12601989      2.2599102     0.12601989
            763      2.3137989     0.12741614      2.3137989     0.12741614      2.3137989     0.12741614
            764      2.0568654      0.1074625      2.0568654      0.1074625      2.0568654      0.1074625
            765      2.0991213     0.13333745      2.0991213     0.13333745      2.0991213     0.13333745
            766      2.0003428    0.079894625      2.0003428    0.079894625      2.0003428    0.079894625
            767      2.0586042    0.088235029      2.0586042    0.088235029      2.0586042    0.088235029
            768      1.9136673    0.064527486      1.9136673    0.064527486      1.9136673    0.064527486
            769      1.9628461    0.077525943      1.9628461    0.077525943      1.9628461    0.077525943
            770      2.0066095    0.099824813      2.0066095    0.099824813      2.0066095    0.099824813
            771      1.8861847    0.072223193      1.8861847    0.072223193      1.8861847    0.072223193
            772      1.8601817     0.10502053      1.8601817     0.10502053      1.8601817     0.10502053
            773      2.3312011       0.252927      2.3312011       0.252927      2.3312011       0.252927
            774      2.0268532      0.1749138      2.0268532      0.1749138      2.0268532      0.1749138
            775      2.1921228     0.21498616      2.1921228     0.21498616      2.1921228     0.21498616
            776      1.9751957     0.14438524      1.9751957     0.14438524      1.9751957     0.14438524
            777      2.0170528    0.090891587      2.0170528    0.090891587      2.0170528    0.090891587
            778      1.8268659    0.080255481      1.8268659    0.080255481      1.8268659    0.080255481
            779      2.1124323     0.18997733      2.1124323     0.18997733      2.1124323     0.18997733
            780      1.8891127    0.087562669      1.8891127    0.087562669      1.8891127    0.087562669
            781      1.8101344    0.081134932      1.8101344    0.081134932      1.8101344    0.081134932
            782      1.8953598     0.10218523      1.8953598     0.10218523      1.8953598     0.10218523
            783      1.7986389    0.063849093      1.7986389    0.063849093      1.7986389    0.063849093
            784      1.8191416    0.085973671      1.8191416    0.085973671      1.8191416    0.085973671
            785      1.8761628    0.089193932      1.8761628    0.089193932      1.8761628    0.089193932
            786      1.8868927      0.1437612      1.8868927      0.1437612      1.8868927      0.1437612
            787      1.8515966    0.069233178      1.8515966    0.069233178      1.8515966    0.069233178
            788      2.0003241      0.1024493      2.0003241      0.1024493      2.0003241      0.1024493
            789       1.831607    0.090982359       1.831607    0.090982359       1.831607    0.090982359
            790      1.8634983    0.098758504      1.8634983    0.098758504      1.8634983    0.098758504
            791      1.7448886    0.075344284      1.7448886    0.075344284      1.7448886    0.075344284
            792       1.846313     0.15313314       1.846313     0.15313314       1.846313     0.15313314
            793      1.7711958    0.098626877      1.7711958    0.098626877      1.7711958    0.098626877
            794      1.6831933    0.057180244      1.6831933    0.057180244      1.6831933    0.057180244
            795      1.7851557    0.092597414      1.7851557    0.092597414      1.7851557    0.092597414
            796      1.7210533    0.090044371      1.7210533    0.090044371      1.7210533    0.090044371
            797      1.7178173    0.064853194      1.7178173    0.064853194      1.7178173    0.064853194
            798      2.0321811     0.27878923      2.0321811     0.27878923      2.0321811     0.27878923
            799      1.7602768    0.081071442      1.7602768    0.081071442      1.7602768    0.081071442
            800      1.6171317    0.062414231      1.6171317    0.062414231      1.6171317    0.062414231
            801      1.8380408     0.21027621      1.8380408     0.21027621      1.8380408     0.21027621
            802      1.6398938    0.063649462      1.6398938    0.063649462      1.6398938    0.063649462
            803      1.6333369    0.061856284      1.6333369    0.061856284      1.6333369    0.061856284
            804      1.7088518     0.07437758      1.7088518     0.07437758      1.7088518     0.07437758
            805      1.8660115     0.17499051      1.8660115     0.17499051      1.8660115     0.17499051
            806      1.7107697    0.077916184      1.7107697    0.077916184      1.7107697    0.077916184
            807      1.7603927     0.11126736      1.7603927     0.11126736      1.7603927     0.11126736
            808      1.6280409    0.071232643      1.6280409    0.071232643      1.6280409    0.071232643
            809         1.7558     0.12078349         1.7558     0.12078349         1.7558     0.12078349
            810      1.8767226     0.22050302      1.8767226     0.22050302      1.8767226     0.22050302
            811      1.8918837     0.19946575      1.8918837     0.19946575      1.8918837     0.19946575
            812      1.8641309      0.1370963      1.8641309      0.1370963      1.8641309      0.1370963
            813      1.6942698    0.081775411      1.6942698    0.081775411      1.6942698    0.081775411
            814      1.7027964     0.11615241      1.7027964     0.11615241      1.7027964     0.11615241
            815       1.539635    0.091547871       1.539635    0.091547871       1.539635    0.091547871
            816       1.812189     0.18952836       1.812189     0.18952836       1.812189     0.18952836
            817      1.8612672    0.083499026      1.8612672    0.083499026      1.8612672    0.083499026
            818      1.5620068    0.070444576      1.5620068    0.070444576      1.5620068    0.070444576
            819      1.5459298    0.088419501      1.5459298    0.088419501      1.5459298    0.088419501
            820      1.8541252     0.17566537      1.8541252     0.17566537      1.8541252     0.17566537
            821      1.5884323    0.083644713      1.5884323    0.083644713      1.5884323    0.083644713
            822      1.6120135      0.1022475      1.6120135      0.1022475      1.6120135      0.1022475
            823      1.6279895    0.070079456      1.6279895    0.070079456      1.6279895    0.070079456
            824      1.6417434    0.098468742      1.6417434    0.098468742      1.6417434    0.098468742
            825      1.4768928    0.055647112      1.4768928    0.055647112      1.4768928    0.055647112
            826      1.8169447     0.29290281      1.8169447     0.29290281      1.8169447     0.29290281
            827      1.5344824     0.10755729      1.5344824     0.10755729      1.5344824     0.10755729
            828      1.5062583    0.080172651      1.5062583    0.080172651      1.5062583    0.080172651
            829        1.66756     0.18197577        1.66756     0.18197577        1.66756     0.18197577
            830      1.6447902     0.13447208      1.6447902     0.13447208      1.6447902     0.13447208
            831      1.6404724      0.1384204      1.6404724      0.1384204      1.6404724      0.1384204
            832      1.4251045    0.081728111      1.4251045    0.081728111      1.4251045    0.081728111
            833      1.5484524     0.16937185      1.5484524     0.16937185      1.5484524     0.16937185
            834      1.4328693    0.065976053      1.4328693    0.065976053      1.4328693    0.065976053
            835       1.351507    0.053595213       1.351507    0.053595213       1.351507    0.053595213
            836      1.3718182    0.072582721      1.3718182    0.072582721      1.3718182    0.072582721
            837      1.3256604    0.051446741      1.3256604    0.051446741      1.3256604    0.051446741
            838      1.4259772    0.082366227      1.4259772    0.082366227      1.4259772    0.082366227
            839      1.5127113     0.13563502      1.5127113     0.13563502      1.5127113     0.13563502
            840      1.3669452    0.071345715      1.3669452    0.071345715      1.3669452    0.071345715
            841      1.7405132     0.20931255      1.7405132     0.20931255      1.7405132     0.20931255
            842      1.4863571     0.15758132      1.4863571     0.15758132      1.4863571     0.15758132
            843       1.447879    0.079744694       1.447879    0.079744694       1.447879    0.079744694
            844      1.3920699      0.0797669      1.3920699      0.0797669      1.3920699      0.0797669
            845        1.53651    0.089763744        1.53651    0.089763744        1.53651    0.089763744
            846      1.3843929    0.070167755      1.3843929    0.070167755      1.3843929    0.070167755
            847      1.4789897    0.095004283      1.4789897    0.095004283      1.4789897    0.095004283
            848      1.7462584      0.2352812      1.7462584      0.2352812      1.7462584      0.2352812
            849      1.2957226    0.051706142      1.2957226    0.051706142      1.2957226    0.051706142
            850      1.4665195     0.08627282      1.4665195     0.08627282      1.4665195     0.08627282
            851       1.570916     0.17549991       1.570916     0.17549991       1.570916     0.17549991
            852      1.4235034    0.077696031      1.4235034    0.077696031      1.4235034    0.077696031
            853      1.3709649    0.076695105      1.3709649    0.076695105      1.3709649    0.076695105
            854      1.3369121    0.068712113      1.3369121    0.068712113      1.3369121    0.068712113
            855       1.522661     0.13724011       1.522661     0.13724011       1.522661     0.13724011
            856      1.3793853    0.072362128      1.3793853    0.072362128      1.3793853    0.072362128
            857      1.6829055     0.24340454      1.6829055     0.24340454      1.6829055     0.24340454
            858      1.2663261    0.050266217      1.2663261    0.050266217      1.2663261    0.050266217
            859      1.3783831    0.090732327      1.3783831    0.090732327      1.3783831    0.090732327
            860      1.3155275    0.059191173      1.3155275    0.059191173      1.3155275    0.059191173
            861      1.2410934    0.065960147      1.2410934    0.065960147      1.2410934    0.065960147
            862      1.2787944    0.056654623      1.2787944    0.056654623      1.2787944    0.056654623
            863      1.2840492    0.086402918      1.2840492    0.086402918      1.2840492    0.086402918
            864       1.377115     0.10170171       1.377115     0.10170171       1.377115     0.10170171
            865      1.3424362    0.072613389      1.3424362    0.072613389      1.3424362    0.072613389
            866      1.2651852    0.063504797      1.2651852    0.063504797      1.2651852    0.063504797
            867        1.50488     0.15136794        1.50488     0.15136794        1.50488     0.15136794
            868      1.4231783     0.11374593      1.4231783     0.11374593      1.4231783     0.11374593
            869       1.222338    0.051545866       1.222338    0.051545866       1.222338    0.051545866
            870      1.5467936      0.1989957      1.5467936      0.1989957      1.5467936      0.1989957
            871      1.4033636     0.11896685      1.4033636     0.11896685      1.4033636     0.11896685
            872      1.2614314    0.054762476      1.2614314    0.054762476      1.2614314    0.054762476
            873      1.2167819    0.060579611      1.2167819    0.060579611      1.2167819    0.060579611
            874      1.4333031       0.106783      1.4333031       0.106783      1.4333031       0.106783
            875      1.3656185     0.13647513      1.3656185     0.13647513      1.3656185     0.13647513
            876      1.1937153    0.050623084      1.1937153    0.050623084      1.1937153    0.050623084
            877      1.1533997    0.051135251      1.1533997    0.051135251      1.1533997    0.051135251
            878      1.3032174     0.11860769      1.3032174     0.11860769      1.3032174     0.11860769
            879      1.2434464    0.068684977      1.2434464    0.068684977      1.2434464    0.068684977
            880      1.1772773    0.060185517      1.1772773    0.060185517      1.1772773    0.060185517
            881      1.1921508    0.049786311      1.1921508    0.049786311      1.1921508    0.049786311
            882      1.4255267     0.11829498      1.4255267     0.11829498      1.4255267     0.11829498
            883      1.1844335    0.069696505      1.1844335    0.069696505      1.1844335    0.069696505
            884      1.1568807    0.062926489      1.1568807    0.062926489      1.1568807    0.062926489
            885       1.235603    0.084985217       1.235603    0.084985217       1.235603    0.084985217
            886      1.2233463    0.057734847      1.2233463    0.057734847      1.2233463    0.057734847
            887      1.1880898    0.064171094      1.1880898    0.064171094      1.1880898    0.064171094
            888      1.1548255    0.078133466      1.1548255    0.078133466      1.1548255    0.078133466
            889       1.446256     0.15709718       1.446256     0.15709718       1.446256     0.15709718
            890      1.1226086    0.053449484      1.1226086    0.053449484      1.1226086    0.053449484
            891      1.1990022    0.058788579      1.1990022    0.058788579      1.1990022    0.058788579
            892      1.0583216    0.051360662      1.0583216    0.051360662      1.0583216    0.051360662
            893      1.1988679    0.065731684      1.1988679    0.065731684      1.1988679    0.065731684
            894      1.3687963     0.22257982      1.3687963     0.22257982      1.3687963     0.22257982
            895      1.0923097    0.092293353      1.0923097    0.092293353      1.0923097    0.092293353
            896       1.110308     0.08566906       1.110308     0.08566906       1.110308     0.08566906
            897      1.0096559     0.04996487      1.0096559     0.04996487      1.0096559     0.04996487
            898      1.1331554     0.06391765      1.1331554     0.06391765      1.1331554     0.06391765
            899      1.1514928     0.06522404      1.1514928     0.06522404      1.1514928     0.06522404
            900      1.1407927    0.051595629      1.1407927    0.051595629      1.1407927    0.051595629
            901      1.2114991    0.075708275      1.2114991    0.075708275      1.2114991    0.075708275
            902     0.97977884    0.048129285     0.97977884    0.048129285     0.97977884    0.048129285
            903       1.153896    0.093422914       1.153896    0.093422914       1.153896    0.093422914
            904      1.0858198    0.064108291      1.0858198    0.064108291      1.0858198    0.064108291
            905      1.0564026    0.049901542      1.0564026    0.049901542      1.0564026    0.049901542
            906      1.3946293     0.26029208      1.3946293     0.26029208      1.3946293     0.26029208
            907      1.0683576    0.049454171      1.0683576    0.049454171      1.0683576    0.049454171
            908      1.1217708     0.15512527      1.1217708     0.15512527      1.1217708     0.15512527
            909      1.1000925    0.069738108      1.1000925    0.069738108      1.1000925    0.069738108
            910      1.3130447     0.21857384      1.3130447     0.21857384      1.3130447     0.21857384
            911      1.1617481    0.095890935      1.1617481    0.095890935      1.1617481    0.095890935
            912      0.9548585     0.05246531      0.9548585     0.05246531      0.9548585     0.05246531
            913      1.1524828     0.14472962      1.1524828     0.14472962      1.1524828     0.14472962
            914      1.0556194    0.060188513      1.0556194    0.060188513      1.0556194    0.060188513
            915     0.92928931     0.05839211     0.92928931     0.05839211     0.92928931     0.05839211
            916      1.0517123    0.058824184      1.0517123    0.058824184      1.0517123    0.058824184
            917      1.3239986     0.19547557      1.3239986     0.19547557      1.3239986     0.19547557
            918     0.97490216    0.047364532     0.97490216    0.047364532     0.97490216    0.047364532
            919     0.91548808    0.045672305     0.91548808    0.045672305     0.91548808    0.045672305
            920      1.1966395     0.16737715      1.1966395     0.16737715      1.1966395     0.16737715
            921      1.0225809    0.055606713      1.0225809    0.055606713      1.0225809    0.055606713
            922      1.2402384     0.13202335      1.2402384     0.13202335      1.2402384     0.13202335
            923      1.0453049    0.053325502      1.0453049    0.053325502      1.0453049    0.053325502
            924     0.98382041    0.053242151     0.98382041    0.053242151     0.98382041    0.053242151
            925      1.0046484     0.07627027      1.0046484     0.07627027      1.0046484     0.07627027
            926      1.0397169    0.084250675      1.0397169    0.084250675      1.0397169    0.084250675
            927      1.2189122     0.16752803      1.2189122     0.16752803      1.2189122     0.16752803
            928      0.9530707    0.054409151      0.9530707    0.054409151      0.9530707    0.054409151
            929     0.88982541    0.045747157     0.88982541    0.045747157     0.88982541    0.045747157
            930     0.92943868    0.048575467     0.92943868    0.048575467     0.92943868    0.048575467
            931      1.1142815     0.12680852      1.1142815     0.12680852      1.1142815     0.12680852
            932     0.94683107    0.065484805     0.94683107    0.065484805     0.94683107    0.065484805
            933      1.1892793     0.21031001      1.1892793     0.21031001      1.1892793     0.21031001
            934      1.0671588    0.072507362      1.0671588    0.072507362      1.0671588    0.072507362
            935      0.9404331    0.045154159      0.9404331    0.045154159      0.9404331    0.045154159
            936     0.93283252    0.043112367     0.93283252    0.043112367     0.93283252    0.043112367
            937      1.0643127    0.099947139      1.0643127    0.099947139      1.0643127    0.099947139
            938      1.1271763     0.20402335      1.1271763     0.20402335      1.1271763     0.20402335
            939      1.1155243     0.18841297      1.1155243     0.18841297      1.1155243     0.18841297
            940     0.92563154    0.050437307     0.92563154    0.050437307     0.92563154    0.050437307
            941     0.99634616     0.17122987     0.99634616     0.17122987     0.99634616     0.17122987
            942      1.0854919     0.26574767      1.0854919     0.26574767      1.0854919     0.26574767
            943      1.0251912     0.12297424      1.0251912     0.12297424      1.0251912     0.12297424
            944      0.9474638    0.068016857      0.9474638    0.068016857      0.9474638    0.068016857
            945       0.878662    0.058749432       0.878662    0.058749432       0.878662    0.058749432
            946     0.93210855    0.075655802     0.93210855    0.075655802     0.93210855    0.075655802
            947     0.82220646     0.04279374     0.82220646     0.04279374     0.82220646     0.04279374
            948     0.85337741    0.084438637     0.85337741    0.084438637     0.85337741    0.084438637
            949     0.92994788    0.090166626     0.92994788    0.090166626     0.92994788    0.090166626
            950     0.89466569    0.052045146     0.89466569    0.052045146     0.89466569    0.052045146
            951     0.92211104    0.077213794     0.92211104    0.077213794     0.92211104    0.077213794
            952      1.2087272      0.1920992      1.2087272      0.1920992      1.2087272      0.1920992
            953     0.97031835    0.082519964     0.97031835    0.082519964     0.97031835    0.082519964
            954      0.7592635    0.042067798      0.7592635    0.042067798      0.7592635    0.042067798
            955      1.0947171     0.17525779      1.0947171     0.17525779      1.0947171     0.17525779
            956     0.84976995    0.047781546     0.84976995    0.047781546     0.84976995    0.047781546
            957      0.9187224    0.069553244      0.9187224    0.069553244      0.9187224    0.069553244
            958     0.79237221     0.04291941     0.79237221     0.04291941     0.79237221     0.04291941
            959     0.89516243    0.064722558     0.89516243    0.064722558     0.89516243    0.064722558
            960     0.81897504    0.050220485     0.81897504    0.050220485     0.81897504    0.050220485
            961     0.80130564    0.048023694     0.80130564    0.048023694     0.80130564    0.048023694
            962       0.769429    0.046797615       0.769429    0.046797615       0.769429    0.046797615
            963     0.97745425    0.068060624     0.97745425    0.068060624     0.97745425    0.068060624
            964     0.75685208    0.045442439     0.75685208    0.045442439     0.75685208    0.045442439
            965     0.84047583    0.066438562     0.84047583    0.066438562     0.84047583    0.066438562
            966     0.80073349    0.051779679     0.80073349    0.051779679     0.80073349    0.051779679
            967     0.85603746    0.049014668     0.85603746    0.049014668     0.85603746    0.049014668
            968     0.89036718    0.075127501     0.89036718    0.075127501     0.89036718    0.075127501
            969     0.88048646    0.075546243     0.88048646    0.075546243     0.88048646    0.075546243
            970     0.81635864    0.046741677     0.81635864    0.046741677     0.81635864    0.046741677
            971     0.96350836    0.067907006     0.96350836    0.067907006     0.96350836    0.067907006
            972     0.86794323    0.089661046     0.86794323    0.089661046     0.86794323    0.089661046
            973     0.83424895    0.051674556     0.83424895    0.051674556     0.83424895    0.051674556
            974     0.79433924    0.043348802     0.79433924    0.043348802     0.79433924    0.043348802
            975     0.81432633    0.051927636     0.81432633    0.051927636     0.81432633    0.051927636
            976     0.81926674    0.052822237     0.81926674    0.052822237     0.81926674    0.052822237
            977     0.85944277    0.074827102     0.85944277    0.074827102     0.85944277    0.074827102
            978     0.73745357    0.037241826     0.73745357    0.037241826     0.73745357    0.037241826
            979      0.7746005    0.058535199      0.7746005    0.058535199      0.7746005    0.058535199
            980     0.81770406    0.042404919     0.81770406    0.042404919     0.81770406    0.042404919
            981     0.94803291    0.084422479     0.94803291    0.084422479     0.94803291    0.084422479
            982      1.0545437     0.18517984      1.0545437     0.18517984      1.0545437     0.18517984
            983      0.6503714     0.03944198      0.6503714     0.03944198      0.6503714     0.03944198
            984     0.98945017     0.17179986     0.98945017     0.17179986     0.98945017     0.17179986
            985     0.75471392    0.073604986     0.75471392    0.073604986     0.75471392    0.073604986
            986     0.74047017    0.052550957     0.74047017    0.052550957     0.74047017    0.052550957
            987     0.78421493     0.07116453     0.78421493     0.07116453     0.78421493     0.07116453
            988     0.82067316    0.064622007     0.82067316    0.064622007     0.82067316    0.064622007
            989     0.76107345    0.057182118     0.76107345    0.057182118     0.76107345    0.057182118
            990     0.68602735    0.033033135     0.68602735    0.033033135     0.68602735    0.033033135
            991     0.75922967     0.04984742     0.75922967     0.04984742     0.75922967     0.04984742
            992      0.7091475     0.05102257      0.7091475     0.05102257      0.7091475     0.05102257
            993     0.66875041    0.041818566     0.66875041    0.041818566     0.66875041    0.041818566
            994      0.6843447    0.035070794      0.6843447    0.035070794      0.6843447    0.035070794
            995     0.75248756    0.065118199     0.75248756    0.065118199     0.75248756    0.065118199
            996     0.71179595    0.037781849     0.71179595    0.037781849     0.71179595    0.037781849
            997     0.89638398     0.13683881     0.89638398     0.13683881     0.89638398     0.13683881
            998      0.7182559     0.04491093      0.7182559     0.04491093      0.7182559     0.04491093
            999     0.75178086    0.051511761     0.75178086    0.051511761     0.75178086    0.051511761
           1000     0.75178086    0.051511761     0.75178086    0.051511761     0.75178086    0.051511761
