#   m_bbZ-ptj20        central        num_err    min (scale)        num_err    max (scale)        num_err
              0              0              0              0              0              0              0
              1              0              0              0              0              0              0
              2              0              0              0              0              0              0
              3              0              0              0              0              0              0
              4              0              0              0              0              0              0
              5              0              0              0              0              0              0
              6              0              0              0              0              0              0
              7              0              0              0              0              0              0
              8              0              0              0              0              0              0
              9              0              0              0              0              0              0
             10              0              0              0              0              0              0
             11              0              0              0              0              0              0
             12              0              0              0              0              0              0
             13              0              0              0              0              0              0
             14              0              0              0              0              0              0
             15              0              0              0              0              0              0
             16    0.001247345   0.0021634044    0.001247345   0.0021634044    0.001247345   0.0021634044
             17              0              0              0              0              0              0
             18 -0.00023990455   0.0019452356 -0.00023990455   0.0019452356 -0.00023990455   0.0019452356
             19              0              0              0              0              0              0
             20              0              0              0              0              0              0
             21   0.0037474721   0.0021634959   0.0037474721   0.0021634959   0.0037474721   0.0021634959
             22   0.0013920826   0.0027426116   0.0013920826   0.0027426116   0.0013920826   0.0027426116
             23    0.014485596   0.0044217781    0.014485596   0.0044217781    0.014485596   0.0044217781
             24    0.012732337   0.0040293811    0.012732337   0.0040293811    0.012732337   0.0040293811
             25    0.015396057   0.0044459235    0.015396057   0.0044459235    0.015396057   0.0044459235
             26    0.012818187   0.0052812164    0.012818187   0.0052812164    0.012818187   0.0052812164
             27    0.021185278   0.0064269015    0.021185278   0.0064269015    0.021185278   0.0064269015
             28    0.030442257   0.0062370501    0.030442257   0.0062370501    0.030442257   0.0062370501
             29    0.047963784   0.0091082301    0.047963784   0.0091082301    0.047963784   0.0091082301
             30    0.026952337   0.0075201412    0.026952337   0.0075201412    0.026952337   0.0075201412
             31    0.053457043    0.010678466    0.053457043    0.010678466    0.053457043    0.010678466
             32    0.074109221     0.01455485    0.074109221     0.01455485    0.074109221     0.01455485
             33    0.060846105     0.01081681    0.060846105     0.01081681    0.060846105     0.01081681
             34    0.078474118    0.011097771    0.078474118    0.011097771    0.078474118    0.011097771
             35    0.099803338    0.012570595    0.099803338    0.012570595    0.099803338    0.012570595
             36    0.097043179    0.011889561    0.097043179    0.011889561    0.097043179    0.011889561
             37     0.12761319     0.01431074     0.12761319     0.01431074     0.12761319     0.01431074
             38     0.12722639    0.015292549     0.12722639    0.015292549     0.12722639    0.015292549
             39     0.16455968    0.016469113     0.16455968    0.016469113     0.16455968    0.016469113
             40     0.18112429    0.018565584     0.18112429    0.018565584     0.18112429    0.018565584
             41     0.13844982    0.015574829     0.13844982    0.015574829     0.13844982    0.015574829
             42     0.17769364    0.018904696     0.17769364    0.018904696     0.17769364    0.018904696
             43     0.22255666    0.020251897     0.22255666    0.020251897     0.22255666    0.020251897
             44     0.27190871    0.022826468     0.27190871    0.022826468     0.27190871    0.022826468
             45     0.23349444    0.019829811     0.23349444    0.019829811     0.23349444    0.019829811
             46     0.28261017    0.023193408     0.28261017    0.023193408     0.28261017    0.023193408
             47     0.34290871    0.025381377     0.34290871    0.025381377     0.34290871    0.025381377
             48     0.37011717    0.040382005     0.37011717    0.040382005     0.37011717    0.040382005
             49     0.38782854    0.027264873     0.38782854    0.027264873     0.38782854    0.027264873
             50     0.40965115    0.028212669     0.40965115    0.028212669     0.40965115    0.028212669
             51     0.50875379    0.029678278     0.50875379    0.029678278     0.50875379    0.029678278
             52     0.46539374    0.028587411     0.46539374    0.028587411     0.46539374    0.028587411
             53     0.49559196    0.030212556     0.49559196    0.030212556     0.49559196    0.030212556
             54     0.50795453    0.030230344     0.50795453    0.030230344     0.50795453    0.030230344
             55     0.60349914    0.034177213     0.60349914    0.034177213     0.60349914    0.034177213
             56     0.65329845    0.037869904     0.65329845    0.037869904     0.65329845    0.037869904
             57     0.72626223     0.03824983     0.72626223     0.03824983     0.72626223     0.03824983
             58     0.73440881    0.037520959     0.73440881    0.037520959     0.73440881    0.037520959
             59     0.88935997    0.052033321     0.88935997    0.052033321     0.88935997    0.052033321
             60     0.90768687    0.046548131     0.90768687    0.046548131     0.90768687    0.046548131
             61     0.91497084    0.044647072     0.91497084    0.044647072     0.91497084    0.044647072
             62     0.93293129    0.045899114     0.93293129    0.045899114     0.93293129    0.045899114
             63      1.1225012    0.048476842      1.1225012    0.048476842      1.1225012    0.048476842
             64      1.2269496      0.0547565      1.2269496      0.0547565      1.2269496      0.0547565
             65      1.2816213    0.054627856      1.2816213    0.054627856      1.2816213    0.054627856
             66       1.320943    0.052492953       1.320943    0.052492953       1.320943    0.052492953
             67      1.4904731    0.055969126      1.4904731    0.055969126      1.4904731    0.055969126
             68      1.6193194    0.070157083      1.6193194    0.070157083      1.6193194    0.070157083
             69      1.5442286     0.05592361      1.5442286     0.05592361      1.5442286     0.05592361
             70      1.9548391    0.092756518      1.9548391    0.092756518      1.9548391    0.092756518
             71      2.1040332     0.15527109      2.1040332     0.15527109      2.1040332     0.15527109
             72      2.1082477    0.075041381      2.1082477    0.075041381      2.1082477    0.075041381
             73      2.2438548    0.070750187      2.2438548    0.070750187      2.2438548    0.070750187
             74      2.5460424    0.072271705      2.5460424    0.072271705      2.5460424    0.072271705
             75      2.7456975     0.08430963      2.7456975     0.08430963      2.7456975     0.08430963
             76      2.9603555     0.08805186      2.9603555     0.08805186      2.9603555     0.08805186
             77      3.1759586    0.090473054      3.1759586    0.090473054      3.1759586    0.090473054
             78      3.8953708     0.24870404      3.8953708     0.24870404      3.8953708     0.24870404
             79        3.73419     0.10037894        3.73419     0.10037894        3.73419     0.10037894
             80      4.2385317     0.10824411      4.2385317     0.10824411      4.2385317     0.10824411
             81       4.851364     0.11552453       4.851364     0.11552453       4.851364     0.11552453
             82      5.3318839     0.13228274      5.3318839     0.13228274      5.3318839     0.13228274
             83      5.7820074     0.12901515      5.7820074     0.12901515      5.7820074     0.12901515
             84      6.7012918      0.1725943      6.7012918      0.1725943      6.7012918      0.1725943
             85      7.4076618     0.14202459      7.4076618     0.14202459      7.4076618     0.14202459
             86      8.7902042     0.15478669      8.7902042     0.15478669      8.7902042     0.15478669
             87      10.705938     0.19981676      10.705938     0.19981676      10.705938     0.19981676
             88        12.9191     0.19470686        12.9191     0.19470686        12.9191     0.19470686
             89      17.032164     0.34664579      17.032164     0.34664579      17.032164     0.34664579
             90      24.069426     0.30201363      24.069426     0.30201363      24.069426     0.30201363
             91      37.125116     0.36458246      37.125116     0.36458246      37.125116     0.36458246
             92      56.938783     0.43554868      56.938783     0.43554868      56.938783     0.43554868
             93       80.52794      0.5369286       80.52794      0.5369286       80.52794      0.5369286
             94      105.10395     0.79444789      105.10395     0.79444789      105.10395     0.79444789
             95      130.76953      0.7258204      130.76953      0.7258204      130.76953      0.7258204
             96      153.28438     0.75235073      153.28438     0.75235073      153.28438     0.75235073
             97      177.91947     0.91287072      177.91947     0.91287072      177.91947     0.91287072
             98      197.08754     0.96097366      197.08754     0.96097366      197.08754     0.96097366
             99      215.69648      1.0000896      215.69648      1.0000896      215.69648      1.0000896
            100      231.88051      1.0951675      231.88051      1.0951675      231.88051      1.0951675
            101      244.93176      1.0319613      244.93176      1.0319613      244.93176      1.0319613
            102      256.03484      1.0448155      256.03484      1.0448155      256.03484      1.0448155
            103      265.26569      1.1669532      265.26569      1.1669532      265.26569      1.1669532
            104      275.49226      1.2172823      275.49226      1.2172823      275.49226      1.2172823
            105       281.3949      1.1947312       281.3949      1.1947312       281.3949      1.1947312
            106      284.67605      1.1183087      284.67605      1.1183087      284.67605      1.1183087
            107      290.32969      1.1375475      290.32969      1.1375475      290.32969      1.1375475
            108      293.47183      1.2699105      293.47183      1.2699105      293.47183      1.2699105
            109       293.8717      1.2471492       293.8717      1.2471492       293.8717      1.2471492
            110      295.90617      1.1908532      295.90617      1.1908532      295.90617      1.1908532
            111      295.61895      1.2113199      295.61895      1.2113199      295.61895      1.2113199
            112      297.28374      1.2900491      297.28374      1.2900491      297.28374      1.2900491
            113      295.69376      1.2637202      295.69376      1.2637202      295.69376      1.2637202
            114      293.44967      1.2313265      293.44967      1.2313265      293.44967      1.2313265
            115      292.83303       1.248962      292.83303       1.248962      292.83303       1.248962
            116      291.24658      1.2841041      291.24658      1.2841041      291.24658      1.2841041
            117      288.15942      1.2460848      288.15942      1.2460848      288.15942      1.2460848
            118      287.09993      1.2156842      287.09993      1.2156842      287.09993      1.2156842
            119      282.29701      1.2025031      282.29701      1.2025031      282.29701      1.2025031
            120      280.20496      1.2566094      280.20496      1.2566094      280.20496      1.2566094
            121      277.29095      1.1996263      277.29095      1.1996263      277.29095      1.1996263
            122      274.04049      1.2475149      274.04049      1.2475149      274.04049      1.2475149
            123      267.64273      1.1716387      267.64273      1.1716387      267.64273      1.1716387
            124      265.69753      1.1725271      265.69753      1.1725271      265.69753      1.1725271
            125      263.21882      1.2256629      263.21882      1.2256629      263.21882      1.2256629
            126       257.5188      1.1256314       257.5188      1.1256314       257.5188      1.1256314
            127      253.36494      1.1183404      253.36494      1.1183404      253.36494      1.1183404
            128      251.39319      1.1321402      251.39319      1.1321402      251.39319      1.1321402
            129      250.92273      1.2808455      250.92273      1.2808455      250.92273      1.2808455
            130       244.0974      1.1029893       244.0974      1.1029893       244.0974      1.1029893
            131      239.92423      1.1334856      239.92423      1.1334856      239.92423      1.1334856
            132       237.1575      1.1403734       237.1575      1.1403734       237.1575      1.1403734
            133      232.07014      1.1115299      232.07014      1.1115299      232.07014      1.1115299
            134      231.21704      1.1442403      231.21704      1.1442403      231.21704      1.1442403
            135      226.39084      1.0999031      226.39084      1.0999031      226.39084      1.0999031
            136      222.88298      1.1240322      222.88298      1.1240322      222.88298      1.1240322
            137      218.86361      1.0714644      218.86361      1.0714644      218.86361      1.0714644
            138      216.37843      1.0818706      216.37843      1.0818706      216.37843      1.0818706
            139      212.98248      1.1125316      212.98248      1.1125316      212.98248      1.1125316
            140      206.90241       1.006488      206.90241       1.006488      206.90241       1.006488
            141      207.14503      1.1352642      207.14503      1.1352642      207.14503      1.1352642
            142      201.79892      1.1136451      201.79892      1.1136451      201.79892      1.1136451
            143      200.76229       1.104827      200.76229       1.104827      200.76229       1.104827
            144      196.09501       1.072898      196.09501       1.072898      196.09501       1.072898
            145      192.45512      1.0781901      192.45512      1.0781901      192.45512      1.0781901
            146       191.0451      1.0954426       191.0451      1.0954426       191.0451      1.0954426
            147      188.59777       1.058075      188.59777       1.058075      188.59777       1.058075
            148      183.67251     0.98621326      183.67251     0.98621326      183.67251     0.98621326
            149      181.84415      1.0476436      181.84415      1.0476436      181.84415      1.0476436
            150      179.82882      1.0548839      179.82882      1.0548839      179.82882      1.0548839
            151        175.933     0.97731993        175.933     0.97731993        175.933     0.97731993
            152      172.91097     0.94026864      172.91097     0.94026864      172.91097     0.94026864
            153      170.56004      1.0007406      170.56004      1.0007406      170.56004      1.0007406
            154      167.00332      1.0010802      167.00332      1.0010802      167.00332      1.0010802
            155      165.46968     0.99006924      165.46968     0.99006924      165.46968     0.99006924
            156      161.31958     0.96087625      161.31958     0.96087625      161.31958     0.96087625
            157      160.93902      1.0027388      160.93902      1.0027388      160.93902      1.0027388
            158      158.50168     0.93587371      158.50168     0.93587371      158.50168     0.93587371
            159       156.3458     0.94868013       156.3458     0.94868013       156.3458     0.94868013
            160      154.00142     0.99915105      154.00142     0.99915105      154.00142     0.99915105
            161      151.01867     0.98915974      151.01867     0.98915974      151.01867     0.98915974
            162      149.09472     0.98206667      149.09472     0.98206667      149.09472     0.98206667
            163      147.82992      0.9397743      147.82992      0.9397743      147.82992      0.9397743
            164      144.72918     0.92744169      144.72918     0.92744169      144.72918     0.92744169
            165      142.83153     0.89135556      142.83153     0.89135556      142.83153     0.89135556
            166      141.10597     0.92243437      141.10597     0.92243437      141.10597     0.92243437
            167      138.06529     0.91323299      138.06529     0.91323299      138.06529     0.91323299
            168      136.50571     0.92856344      136.50571     0.92856344      136.50571     0.92856344
            169      133.92883     0.83040593      133.92883     0.83040593      133.92883     0.83040593
            170      132.24383     0.84887391      132.24383     0.84887391      132.24383     0.84887391
            171      130.32229     0.87602105      130.32229     0.87602105      130.32229     0.87602105
            172      127.93712     0.80617489      127.93712     0.80617489      127.93712     0.80617489
            173      127.13063     0.90361131      127.13063     0.90361131      127.13063     0.90361131
            174       126.2159     0.91330228       126.2159     0.91330228       126.2159     0.91330228
            175      124.12613     0.93836429      124.12613     0.93836429      124.12613     0.93836429
            176       122.9108      0.8403909       122.9108      0.8403909       122.9108      0.8403909
            177      120.47672      0.8749073      120.47672      0.8749073      120.47672      0.8749073
            178       118.2091     0.83812923       118.2091     0.83812923       118.2091     0.83812923
            179      116.57427     0.80299178      116.57427     0.80299178      116.57427     0.80299178
            180      114.24004     0.77728669      114.24004     0.77728669      114.24004     0.77728669
            181      112.78551     0.80789734      112.78551     0.80789734      112.78551     0.80789734
            182      112.73771     0.79789804      112.73771     0.79789804      112.73771     0.79789804
            183      110.14418     0.76660449      110.14418     0.76660449      110.14418     0.76660449
            184       108.8627     0.77270898       108.8627     0.77270898       108.8627     0.77270898
            185      107.78517     0.79291852      107.78517     0.79291852      107.78517     0.79291852
            186      106.55009     0.80708787      106.55009     0.80708787      106.55009     0.80708787
            187      104.27636      0.7454829      104.27636      0.7454829      104.27636      0.7454829
            188       103.6955     0.73942715       103.6955     0.73942715       103.6955     0.73942715
            189      102.55885     0.89918903      102.55885     0.89918903      102.55885     0.89918903
            190      100.01358     0.76265792      100.01358     0.76265792      100.01358     0.76265792
            191      100.34116     0.78170867      100.34116     0.78170867      100.34116     0.78170867
            192      98.755749     0.84552124      98.755749     0.84552124      98.755749     0.84552124
            193      97.270316     0.86092549      97.270316     0.86092549      97.270316     0.86092549
            194       96.28805     0.79546212       96.28805     0.79546212       96.28805     0.79546212
            195      95.813383     0.83980588      95.813383     0.83980588      95.813383     0.83980588
            196      92.889491     0.67214441      92.889491     0.67214441      92.889491     0.67214441
            197      92.352663     0.73298501      92.352663     0.73298501      92.352663     0.73298501
            198      91.570042     0.72915184      91.570042     0.72915184      91.570042     0.72915184
            199      90.896368     0.77701122      90.896368     0.77701122      90.896368     0.77701122
            200      90.532319     0.81222161      90.532319     0.81222161      90.532319     0.81222161
            201       88.71502     0.81024426       88.71502     0.81024426       88.71502     0.81024426
            202      88.056544     0.80521747      88.056544     0.80521747      88.056544     0.80521747
            203      85.560767     0.72988054      85.560767     0.72988054      85.560767     0.72988054
            204      84.882375     0.69263145      84.882375     0.69263145      84.882375     0.69263145
            205      84.278123     0.68556419      84.278123     0.68556419      84.278123     0.68556419
            206      83.304392      0.7707172      83.304392      0.7707172      83.304392      0.7707172
            207      82.682515     0.77572069      82.682515     0.77572069      82.682515     0.77572069
            208      80.962425     0.70412274      80.962425     0.70412274      80.962425     0.70412274
            209       79.49095     0.60776715       79.49095     0.60776715       79.49095     0.60776715
            210      78.183372     0.63403068      78.183372     0.63403068      78.183372     0.63403068
            211      77.417674     0.64565315      77.417674     0.64565315      77.417674     0.64565315
            212      77.159095     0.69658785      77.159095     0.69658785      77.159095     0.69658785
            213      76.837803     0.72137927      76.837803     0.72137927      76.837803     0.72137927
            214      75.604066     0.67954509      75.604066     0.67954509      75.604066     0.67954509
            215      74.293034     0.69774384      74.293034     0.69774384      74.293034     0.69774384
            216      74.462332     0.80181825      74.462332     0.80181825      74.462332     0.80181825
            217      73.128245     0.70262326      73.128245     0.70262326      73.128245     0.70262326
            218      72.700226      0.8067087      72.700226      0.8067087      72.700226      0.8067087
            219       70.40382     0.65822616       70.40382     0.65822616       70.40382     0.65822616
            220      71.566675     0.82048563      71.566675     0.82048563      71.566675     0.82048563
            221       69.50783     0.65837232       69.50783     0.65837232       69.50783     0.65837232
            222      68.414373     0.61735616      68.414373     0.61735616      68.414373     0.61735616
            223      69.597221      0.7720217      69.597221      0.7720217      69.597221      0.7720217
            224      68.336347     0.69479846      68.336347     0.69479846      68.336347     0.69479846
            225      66.764113     0.75469839      66.764113     0.75469839      66.764113     0.75469839
            226      66.223414     0.61493316      66.223414     0.61493316      66.223414     0.61493316
            227      64.952703     0.59437926      64.952703     0.59437926      64.952703     0.59437926
            228      63.367736     0.67342144      63.367736     0.67342144      63.367736     0.67342144
            229       65.01699     0.83869746       65.01699     0.83869746       65.01699     0.83869746
            230       63.98321     0.70362651       63.98321     0.70362651       63.98321     0.70362651
            231      62.288558     0.78381052      62.288558     0.78381052      62.288558     0.78381052
            232        60.8451     0.56821276        60.8451     0.56821276        60.8451     0.56821276
            233      60.911935     0.59112117      60.911935     0.59112117      60.911935     0.59112117
            234      60.863446     0.59830477      60.863446     0.59830477      60.863446     0.59830477
            235      60.809133     0.69619053      60.809133     0.69619053      60.809133     0.69619053
            236      59.238508     0.63137905      59.238508     0.63137905      59.238508     0.63137905
            237      58.706065     0.62980683      58.706065     0.62980683      58.706065     0.62980683
            238       57.10951     0.55104419       57.10951     0.55104419       57.10951     0.55104419
            239      57.179028     0.58419267      57.179028     0.58419267      57.179028     0.58419267
            240      56.611649     0.61814781      56.611649     0.61814781      56.611649     0.61814781
            241      56.293172     0.60046718      56.293172     0.60046718      56.293172     0.60046718
            242      56.770287     0.66850162      56.770287     0.66850162      56.770287     0.66850162
            243      54.501562      0.5941373      54.501562      0.5941373      54.501562      0.5941373
            244      54.520068     0.57442935      54.520068     0.57442935      54.520068     0.57442935
            245      53.606965     0.67183113      53.606965     0.67183113      53.606965     0.67183113
            246      53.468894     0.59209816      53.468894     0.59209816      53.468894     0.59209816
            247       52.08945     0.53795385       52.08945     0.53795385       52.08945     0.53795385
            248      52.309809     0.63865489      52.309809     0.63865489      52.309809     0.63865489
            249       51.12297     0.52730235       51.12297     0.52730235       51.12297     0.52730235
            250      52.490728     0.62663753      52.490728     0.62663753      52.490728     0.62663753
            251      50.059092     0.54456367      50.059092     0.54456367      50.059092     0.54456367
            252      50.450054     0.58844155      50.450054     0.58844155      50.450054     0.58844155
            253      50.667437     0.64130031      50.667437     0.64130031      50.667437     0.64130031
            254      49.831693     0.56403873      49.831693     0.56403873      49.831693     0.56403873
            255      49.190169      0.6199301      49.190169      0.6199301      49.190169      0.6199301
            256      48.506807     0.58002625      48.506807     0.58002625      48.506807     0.58002625
            257       48.31779     0.57051488       48.31779     0.57051488       48.31779     0.57051488
            258      47.130668     0.59870455      47.130668     0.59870455      47.130668     0.59870455
            259      47.869635     0.68915583      47.869635     0.68915583      47.869635     0.68915583
            260      45.872661     0.55869961      45.872661     0.55869961      45.872661     0.55869961
            261      45.567004     0.57897824      45.567004     0.57897824      45.567004     0.57897824
            262      45.924739      0.5457212      45.924739      0.5457212      45.924739      0.5457212
            263      45.934765     0.67038012      45.934765     0.67038012      45.934765     0.67038012
            264      44.178433     0.55692924      44.178433     0.55692924      44.178433     0.55692924
            265      44.718119     0.59160801      44.718119     0.59160801      44.718119     0.59160801
            266      44.713858     0.63295759      44.713858     0.63295759      44.713858     0.63295759
            267      42.876535     0.51042825      42.876535     0.51042825      42.876535     0.51042825
            268      42.339228     0.53112457      42.339228     0.53112457      42.339228     0.53112457
            269      42.081325     0.51907859      42.081325     0.51907859      42.081325     0.51907859
            270      41.214756     0.51647178      41.214756     0.51647178      41.214756     0.51647178
            271      42.046274      0.5942424      42.046274      0.5942424      42.046274      0.5942424
            272      41.387429     0.60672931      41.387429     0.60672931      41.387429     0.60672931
            273      40.893268     0.53093375      40.893268     0.53093375      40.893268     0.53093375
            274      41.081291     0.56895342      41.081291     0.56895342      41.081291     0.56895342
            275       39.78096     0.46781311       39.78096     0.46781311       39.78096     0.46781311
            276      39.298883     0.56506029      39.298883     0.56506029      39.298883     0.56506029
            277      39.552782     0.52660535      39.552782     0.52660535      39.552782     0.52660535
            278      38.972409     0.53916044      38.972409     0.53916044      38.972409     0.53916044
            279      38.670595     0.58545544      38.670595     0.58545544      38.670595     0.58545544
            280      37.568225     0.44635738      37.568225     0.44635738      37.568225     0.44635738
            281      38.259603     0.56812937      38.259603     0.56812937      38.259603     0.56812937
            282      38.531653     0.55705628      38.531653     0.55705628      38.531653     0.55705628
            283       37.80428     0.62680126       37.80428     0.62680126       37.80428     0.62680126
            284      36.987527     0.50361416      36.987527     0.50361416      36.987527     0.50361416
            285       36.61183     0.45708203       36.61183     0.45708203       36.61183     0.45708203
            286      36.714773     0.50753156      36.714773     0.50753156      36.714773     0.50753156
            287      36.003807     0.51039582      36.003807     0.51039582      36.003807     0.51039582
            288      35.917677     0.55956003      35.917677     0.55956003      35.917677     0.55956003
            289      35.527112     0.46694743      35.527112     0.46694743      35.527112     0.46694743
            290      34.431335     0.52120222      34.431335     0.52120222      34.431335     0.52120222
            291      34.298184     0.52443613      34.298184     0.52443613      34.298184     0.52443613
            292      33.939481     0.46208168      33.939481     0.46208168      33.939481     0.46208168
            293      34.497068     0.52865654      34.497068     0.52865654      34.497068     0.52865654
            294      33.255931     0.50076448      33.255931     0.50076448      33.255931     0.50076448
            295         34.363     0.51511627         34.363     0.51511627         34.363     0.51511627
            296      32.344333      0.4084163      32.344333      0.4084163      32.344333      0.4084163
            297      33.378688     0.58399627      33.378688     0.58399627      33.378688     0.58399627
            298      32.733031     0.62003569      32.733031     0.62003569      32.733031     0.62003569
            299      31.985607     0.46133137      31.985607     0.46133137      31.985607     0.46133137
            300      31.879107      0.4726179      31.879107      0.4726179      31.879107      0.4726179
            301      31.547035     0.45918257      31.547035     0.45918257      31.547035     0.45918257
            302      30.888425     0.47762656      30.888425     0.47762656      30.888425     0.47762656
            303      31.222185     0.42357386      31.222185     0.42357386      31.222185     0.42357386
            304      31.373835     0.58729408      31.373835     0.58729408      31.373835     0.58729408
            305       30.77329     0.41170484       30.77329     0.41170484       30.77329     0.41170484
            306      30.734505     0.48959957      30.734505     0.48959957      30.734505     0.48959957
            307       29.77353     0.46560721       29.77353     0.46560721       29.77353     0.46560721
            308      29.817778     0.40667586      29.817778     0.40667586      29.817778     0.40667586
            309      29.509212     0.41305169      29.509212     0.41305169      29.509212     0.41305169
            310      28.974303     0.40913834      28.974303     0.40913834      28.974303     0.40913834
            311      29.052616     0.49405404      29.052616     0.49405404      29.052616     0.49405404
            312      28.937809     0.42976626      28.937809     0.42976626      28.937809     0.42976626
            313      29.010183     0.50232374      29.010183     0.50232374      29.010183     0.50232374
            314      27.925514     0.49516234      27.925514     0.49516234      27.925514     0.49516234
            315      27.861428     0.38425126      27.861428     0.38425126      27.861428     0.38425126
            316      28.010726     0.44996832      28.010726     0.44996832      28.010726     0.44996832
            317      27.666869     0.46132479      27.666869     0.46132479      27.666869     0.46132479
            318      27.989026     0.52967017      27.989026     0.52967017      27.989026     0.52967017
            319      27.203304     0.43684488      27.203304     0.43684488      27.203304     0.43684488
            320      27.175415     0.51539197      27.175415     0.51539197      27.175415     0.51539197
            321      26.603138     0.39351992      26.603138     0.39351992      26.603138     0.39351992
            322      25.324079     0.35364841      25.324079     0.35364841      25.324079     0.35364841
            323      26.812443     0.49242125      26.812443     0.49242125      26.812443     0.49242125
            324       25.71275     0.45065555       25.71275     0.45065555       25.71275     0.45065555
            325      25.281787      0.3743129      25.281787      0.3743129      25.281787      0.3743129
            326      25.705338     0.47649945      25.705338     0.47649945      25.705338     0.47649945
            327      25.842359       0.464812      25.842359       0.464812      25.842359       0.464812
            328      24.960544     0.41430042      24.960544     0.41430042      24.960544     0.41430042
            329      25.477026     0.38591812      25.477026     0.38591812      25.477026     0.38591812
            330       24.54034     0.41270158       24.54034     0.41270158       24.54034     0.41270158
            331      24.981419     0.55631091      24.981419     0.55631091      24.981419     0.55631091
            332      24.250261     0.36043817      24.250261     0.36043817      24.250261     0.36043817
            333      23.977156     0.38281085      23.977156     0.38281085      23.977156     0.38281085
            334      24.592467     0.49656475      24.592467     0.49656475      24.592467     0.49656475
            335      23.912605     0.45486583      23.912605     0.45486583      23.912605     0.45486583
            336      23.926361     0.45471903      23.926361     0.45471903      23.926361     0.45471903
            337      22.795401     0.36007723      22.795401     0.36007723      22.795401     0.36007723
            338      23.229482     0.35513653      23.229482     0.35513653      23.229482     0.35513653
            339      23.386213     0.40840153      23.386213     0.40840153      23.386213     0.40840153
            340      22.278255      0.3350214      22.278255      0.3350214      22.278255      0.3350214
            341      22.226177     0.34418425      22.226177     0.34418425      22.226177     0.34418425
            342      21.888557     0.32778543      21.888557     0.32778543      21.888557     0.32778543
            343      23.417942     0.50351921      23.417942     0.50351921      23.417942     0.50351921
            344      21.880523      0.3689444      21.880523      0.3689444      21.880523      0.3689444
            345      21.849425     0.48082454      21.849425     0.48082454      21.849425     0.48082454
            346      20.904233     0.35383418      20.904233     0.35383418      20.904233     0.35383418
            347      22.137394     0.42918992      22.137394     0.42918992      22.137394     0.42918992
            348      21.725521     0.38993748      21.725521     0.38993748      21.725521     0.38993748
            349       21.89084     0.36903503       21.89084     0.36903503       21.89084     0.36903503
            350       22.31168     0.49415853       22.31168     0.49415853       22.31168     0.49415853
            351      21.588773     0.45820021      21.588773     0.45820021      21.588773     0.45820021
            352      20.748146     0.38729639      20.748146     0.38729639      20.748146     0.38729639
            353      20.557062     0.37833246      20.557062     0.37833246      20.557062     0.37833246
            354      20.645647     0.40526827      20.645647     0.40526827      20.645647     0.40526827
            355      20.388877     0.45690009      20.388877     0.45690009      20.388877     0.45690009
            356      20.081926     0.31815803      20.081926     0.31815803      20.081926     0.31815803
            357      19.904424     0.40102673      19.904424     0.40102673      19.904424     0.40102673
            358      20.238288     0.44524147      20.238288     0.44524147      20.238288     0.44524147
            359      20.334489     0.54773127      20.334489     0.54773127      20.334489     0.54773127
            360      19.243515     0.36903757      19.243515     0.36903757      19.243515     0.36903757
            361      19.853198     0.39255463      19.853198     0.39255463      19.853198     0.39255463
            362      19.316738     0.41401471      19.316738     0.41401471      19.316738     0.41401471
            363      19.052016     0.35472467      19.052016     0.35472467      19.052016     0.35472467
            364      19.286925     0.36778268      19.286925     0.36778268      19.286925     0.36778268
            365      19.393978     0.47487066      19.393978     0.47487066      19.393978     0.47487066
            366      18.329241     0.37637476      18.329241     0.37637476      18.329241     0.37637476
            367      18.383424     0.32369057      18.383424     0.32369057      18.383424     0.32369057
            368      18.783262     0.37717477      18.783262     0.37717477      18.783262     0.37717477
            369      18.320654     0.37191418      18.320654     0.37191418      18.320654     0.37191418
            370      17.656351     0.33298483      17.656351     0.33298483      17.656351     0.33298483
            371      18.698334     0.50567046      18.698334     0.50567046      18.698334     0.50567046
            372      17.741952     0.35606302      17.741952     0.35606302      17.741952     0.35606302
            373      17.762814     0.47156627      17.762814     0.47156627      17.762814     0.47156627
            374      17.502071     0.33459985      17.502071     0.33459985      17.502071     0.33459985
            375      17.796902     0.40130503      17.796902     0.40130503      17.796902     0.40130503
            376       16.97663     0.28349453       16.97663     0.28349453       16.97663     0.28349453
            377      17.435019     0.37674236      17.435019     0.37674236      17.435019     0.37674236
            378      17.138203     0.47057787      17.138203     0.47057787      17.138203     0.47057787
            379       17.95228     0.57457347       17.95228     0.57457347       17.95228     0.57457347
            380      16.563093     0.28682133      16.563093     0.28682133      16.563093     0.28682133
            381      17.123261     0.45607588      17.123261     0.45607588      17.123261     0.45607588
            382       16.44099     0.36236949       16.44099     0.36236949       16.44099     0.36236949
            383      16.414112     0.28216065      16.414112     0.28216065      16.414112     0.28216065
            384      15.941249      0.3083381      15.941249      0.3083381      15.941249      0.3083381
            385      16.468469     0.39559843      16.468469     0.39559843      16.468469     0.39559843
            386         16.701     0.38167264         16.701     0.38167264         16.701     0.38167264
            387      16.128871     0.37125823      16.128871     0.37125823      16.128871     0.37125823
            388      16.053193     0.35580694      16.053193     0.35580694      16.053193     0.35580694
            389      15.940286     0.36927911      15.940286     0.36927911      15.940286     0.36927911
            390      16.293812     0.42202854      16.293812     0.42202854      16.293812     0.42202854
            391      15.501873     0.28908906      15.501873     0.28908906      15.501873     0.28908906
            392      15.776779       0.376258      15.776779       0.376258      15.776779       0.376258
            393       15.36677     0.42563823       15.36677     0.42563823       15.36677     0.42563823
            394      15.557133     0.41733796      15.557133     0.41733796      15.557133     0.41733796
            395      15.330467     0.44744257      15.330467     0.44744257      15.330467     0.44744257
            396      15.381443     0.35166008      15.381443     0.35166008      15.381443     0.35166008
            397      15.213861     0.44616936      15.213861     0.44616936      15.213861     0.44616936
            398      14.091626     0.25326092      14.091626     0.25326092      14.091626     0.25326092
            399      14.933132     0.34780925      14.933132     0.34780925      14.933132     0.34780925
            400      14.490021     0.29415356      14.490021     0.29415356      14.490021     0.29415356
            401       14.86598     0.38742013       14.86598     0.38742013       14.86598     0.38742013
            402      14.381759     0.36831848      14.381759     0.36831848      14.381759     0.36831848
            403      14.356021     0.43770967      14.356021     0.43770967      14.356021     0.43770967
            404      14.494966     0.37902347      14.494966     0.37902347      14.494966     0.37902347
            405      14.107753     0.29766134      14.107753     0.29766134      14.107753     0.29766134
            406      13.845202     0.31752182      13.845202     0.31752182      13.845202     0.31752182
            407      13.883844     0.34961981      13.883844     0.34961981      13.883844     0.34961981
            408      13.850298     0.36172763      13.850298     0.36172763      13.850298     0.36172763
            409      13.659698     0.32404516      13.659698     0.32404516      13.659698     0.32404516
            410      13.414146     0.30602369      13.414146     0.30602369      13.414146     0.30602369
            411      13.722888     0.33712439      13.722888     0.33712439      13.722888     0.33712439
            412      13.426444      0.3372752      13.426444      0.3372752      13.426444      0.3372752
            413      14.041741     0.45866337      14.041741     0.45866337      14.041741     0.45866337
            414      13.556717     0.37760819      13.556717     0.37760819      13.556717     0.37760819
            415      13.556874     0.43305167      13.556874     0.43305167      13.556874     0.43305167
            416      13.185028     0.31137916      13.185028     0.31137916      13.185028     0.31137916
            417      13.580813     0.36788643      13.580813     0.36788643      13.580813     0.36788643
            418      13.028756     0.35807517      13.028756     0.35807517      13.028756     0.35807517
            419      12.933615     0.32009053      12.933615     0.32009053      12.933615     0.32009053
            420      12.617217     0.24764675      12.617217     0.24764675      12.617217     0.24764675
            421      12.621011     0.30729999      12.621011     0.30729999      12.621011     0.30729999
            422      12.985738      0.3801527      12.985738      0.3801527      12.985738      0.3801527
            423         11.976     0.25087127         11.976     0.25087127         11.976     0.25087127
            424      12.231235     0.31054447      12.231235     0.31054447      12.231235     0.31054447
            425      12.525473     0.34060861      12.525473     0.34060861      12.525473     0.34060861
            426      11.904291     0.25224339      11.904291     0.25224339      11.904291     0.25224339
            427      12.242835     0.34807928      12.242835     0.34807928      12.242835     0.34807928
            428      11.666384      0.2262021      11.666384      0.2262021      11.666384      0.2262021
            429      12.020885     0.41721374      12.020885     0.41721374      12.020885     0.41721374
            430      11.478259     0.24977136      11.478259     0.24977136      11.478259     0.24977136
            431      11.841021     0.26847834      11.841021     0.26847834      11.841021     0.26847834
            432      12.283059     0.29007414      12.283059     0.29007414      12.283059     0.29007414
            433      11.636578     0.29655109      11.636578     0.29655109      11.636578     0.29655109
            434      11.753342     0.32038861      11.753342     0.32038861      11.753342     0.32038861
            435      12.108118     0.40790823      12.108118     0.40790823      12.108118     0.40790823
            436      11.574365     0.26920833      11.574365     0.26920833      11.574365     0.26920833
            437      11.916403     0.50043481      11.916403     0.50043481      11.916403     0.50043481
            438      11.102123     0.24943902      11.102123     0.24943902      11.102123     0.24943902
            439      10.897094     0.22869935      10.897094     0.22869935      10.897094     0.22869935
            440      11.068501     0.34440953      11.068501     0.34440953      11.068501     0.34440953
            441      10.974343     0.29867872      10.974343     0.29867872      10.974343     0.29867872
            442      10.602009     0.28318579      10.602009     0.28318579      10.602009     0.28318579
            443      10.968166     0.44163346      10.968166     0.44163346      10.968166     0.44163346
            444      10.794837     0.26957352      10.794837     0.26957352      10.794837     0.26957352
            445      11.086555     0.32042941      11.086555     0.32042941      11.086555     0.32042941
            446      10.865252      0.4138568      10.865252      0.4138568      10.865252      0.4138568
            447      10.363687     0.29742821      10.363687     0.29742821      10.363687     0.29742821
            448      11.482251     0.49319356      11.482251     0.49319356      11.482251     0.49319356
            449      10.353545     0.31167466      10.353545     0.31167466      10.353545     0.31167466
            450      10.075844     0.24596372      10.075844     0.24596372      10.075844     0.24596372
            451      10.099771      0.2707589      10.099771      0.2707589      10.099771      0.2707589
            452      10.584983     0.37241475      10.584983     0.37241475      10.584983     0.37241475
            453      10.125527     0.31233937      10.125527     0.31233937      10.125527     0.31233937
            454      10.127369     0.35665768      10.127369     0.35665768      10.127369     0.35665768
            455      9.5933692     0.19900754      9.5933692     0.19900754      9.5933692     0.19900754
            456      9.9382463     0.28034244      9.9382463     0.28034244      9.9382463     0.28034244
            457      9.7674332     0.26821036      9.7674332     0.26821036      9.7674332     0.26821036
            458      9.4238015      0.2349715      9.4238015      0.2349715      9.4238015      0.2349715
            459      9.8808087     0.38481564      9.8808087     0.38481564      9.8808087     0.38481564
            460       9.456811      0.2238073       9.456811      0.2238073       9.456811      0.2238073
            461      9.8384316     0.26166881      9.8384316     0.26166881      9.8384316     0.26166881
            462      10.081247     0.38219226      10.081247     0.38219226      10.081247     0.38219226
            463      9.8228632     0.37517565      9.8228632     0.37517565      9.8228632     0.37517565
            464      9.8341277     0.35197727      9.8341277     0.35197727      9.8341277     0.35197727
            465       9.418808     0.30332078       9.418808     0.30332078       9.418808     0.30332078
            466       9.158253     0.20150363       9.158253     0.20150363       9.158253     0.20150363
            467      9.6969679     0.42315951      9.6969679     0.42315951      9.6969679     0.42315951
            468      9.0044674     0.24436139      9.0044674     0.24436139      9.0044674     0.24436139
            469      9.8487659     0.37605891      9.8487659     0.37605891      9.8487659     0.37605891
            470       8.940419      0.2563457       8.940419      0.2563457       8.940419      0.2563457
            471      9.3227614     0.27542719      9.3227614     0.27542719      9.3227614     0.27542719
            472      9.5221724     0.35457646      9.5221724     0.35457646      9.5221724     0.35457646
            473      8.9617167     0.30419983      8.9617167     0.30419983      8.9617167     0.30419983
            474      9.2748473     0.33582116      9.2748473     0.33582116      9.2748473     0.33582116
            475      8.6653266     0.21170456      8.6653266     0.21170456      8.6653266     0.21170456
            476      8.7401973       0.241252      8.7401973       0.241252      8.7401973       0.241252
            477      8.5669732     0.19112023      8.5669732     0.19112023      8.5669732     0.19112023
            478      9.3395321     0.35825715      9.3395321     0.35825715      9.3395321     0.35825715
            479      8.0754969     0.24043384      8.0754969     0.24043384      8.0754969     0.24043384
            480      8.5026095     0.26353961      8.5026095     0.26353961      8.5026095     0.26353961
            481      8.2904429     0.18903233      8.2904429     0.18903233      8.2904429     0.18903233
            482      8.4617898     0.30080852      8.4617898     0.30080852      8.4617898     0.30080852
            483      8.4782244     0.25437588      8.4782244     0.25437588      8.4782244     0.25437588
            484       8.426162     0.25498953       8.426162     0.25498953       8.426162     0.25498953
            485      8.3526121     0.30085264      8.3526121     0.30085264      8.3526121     0.30085264
            486      8.2704908     0.22618991      8.2704908     0.22618991      8.2704908     0.22618991
            487      7.5622574     0.17833595      7.5622574     0.17833595      7.5622574     0.17833595
            488      8.0933817     0.20957286      8.0933817     0.20957286      8.0933817     0.20957286
            489       8.836278     0.43101999       8.836278     0.43101999       8.836278     0.43101999
            490      7.8343383     0.20390854      7.8343383     0.20390854      7.8343383     0.20390854
            491      8.0998467      0.2956621      8.0998467      0.2956621      8.0998467      0.2956621
            492      7.6273945     0.23500146      7.6273945     0.23500146      7.6273945     0.23500146
            493      7.7395919     0.20696743      7.7395919     0.20696743      7.7395919     0.20696743
            494      8.1625868     0.32284634      8.1625868     0.32284634      8.1625868     0.32284634
            495      7.8667645     0.32777441      7.8667645     0.32777441      7.8667645     0.32777441
            496      7.7899002     0.22899549      7.7899002     0.22899549      7.7899002     0.22899549
            497      7.8497105     0.36540006      7.8497105     0.36540006      7.8497105     0.36540006
            498      8.1248668     0.29948094      8.1248668     0.29948094      8.1248668     0.29948094
            499      7.5104683     0.20321467      7.5104683     0.20321467      7.5104683     0.20321467
            500      7.7462435      0.2440193      7.7462435      0.2440193      7.7462435      0.2440193
            501      7.6839692     0.27120422      7.6839692     0.27120422      7.6839692     0.27120422
            502      7.2180781      0.1688201      7.2180781      0.1688201      7.2180781      0.1688201
            503      7.6164938      0.2935227      7.6164938      0.2935227      7.6164938      0.2935227
            504      7.1703568     0.18928167      7.1703568     0.18928167      7.1703568     0.18928167
            505      7.1708637     0.22320445      7.1708637     0.22320445      7.1708637     0.22320445
            506      6.8619873     0.16503673      6.8619873     0.16503673      6.8619873     0.16503673
            507      7.1224389      0.2733649      7.1224389      0.2733649      7.1224389      0.2733649
            508      7.0287269     0.16236267      7.0287269     0.16236267      7.0287269     0.16236267
            509      6.7000021     0.15937601      6.7000021     0.15937601      6.7000021     0.15937601
            510      7.3323995     0.21770739      7.3323995     0.21770739      7.3323995     0.21770739
            511      7.1267533      0.2048859      7.1267533      0.2048859      7.1267533      0.2048859
            512      7.2967474     0.35938927      7.2967474     0.35938927      7.2967474     0.35938927
            513      6.9696428     0.21206475      6.9696428     0.21206475      6.9696428     0.21206475
            514      6.9445715       0.233557      6.9445715       0.233557      6.9445715       0.233557
            515       6.969856     0.25044264       6.969856     0.25044264       6.969856     0.25044264
            516      7.2818777     0.30876677      7.2818777     0.30876677      7.2818777     0.30876677
            517      6.7097373     0.22796172      6.7097373     0.22796172      6.7097373     0.22796172
            518      6.9720489     0.24638637      6.9720489     0.24638637      6.9720489     0.24638637
            519       6.602198     0.19384846       6.602198     0.19384846       6.602198     0.19384846
            520       6.473818     0.24762279       6.473818     0.24762279       6.473818     0.24762279
            521      6.7423554     0.20602584      6.7423554     0.20602584      6.7423554     0.20602584
            522      6.8027924     0.23315813      6.8027924     0.23315813      6.8027924     0.23315813
            523      6.1450736     0.14721283      6.1450736     0.14721283      6.1450736     0.14721283
            524      6.8197066     0.29901557      6.8197066     0.29901557      6.8197066     0.29901557
            525      6.4014003     0.24108762      6.4014003     0.24108762      6.4014003     0.24108762
            526      6.4900164     0.22756865      6.4900164     0.22756865      6.4900164     0.22756865
            527      6.6476713     0.29154139      6.6476713     0.29154139      6.6476713     0.29154139
            528      6.4822483     0.20423637      6.4822483     0.20423637      6.4822483     0.20423637
            529      6.6682376     0.33530552      6.6682376     0.33530552      6.6682376     0.33530552
            530      6.0742114     0.14202887      6.0742114     0.14202887      6.0742114     0.14202887
            531      6.2855692     0.17866004      6.2855692     0.17866004      6.2855692     0.17866004
            532      6.2419674      0.2253655      6.2419674      0.2253655      6.2419674      0.2253655
            533      5.9917563     0.18100461      5.9917563     0.18100461      5.9917563     0.18100461
            534      6.2199365     0.25788466      6.2199365     0.25788466      6.2199365     0.25788466
            535      6.0603921     0.22269273      6.0603921     0.22269273      6.0603921     0.22269273
            536      6.2563209     0.19992858      6.2563209     0.19992858      6.2563209     0.19992858
            537      5.9348139     0.18315838      5.9348139     0.18315838      5.9348139     0.18315838
            538      5.8622307     0.17423346      5.8622307     0.17423346      5.8622307     0.17423346
            539      5.9204274     0.19848414      5.9204274     0.19848414      5.9204274     0.19848414
            540      5.7645247     0.22551915      5.7645247     0.22551915      5.7645247     0.22551915
            541      6.0815389     0.26696265      6.0815389     0.26696265      6.0815389     0.26696265
            542      5.7161908     0.19962638      5.7161908     0.19962638      5.7161908     0.19962638
            543      5.7206961     0.20087436      5.7206961     0.20087436      5.7206961     0.20087436
            544      5.9776653     0.27192457      5.9776653     0.27192457      5.9776653     0.27192457
            545      5.5966951     0.18519084      5.5966951     0.18519084      5.5966951     0.18519084
            546      5.7293412     0.21398611      5.7293412     0.21398611      5.7293412     0.21398611
            547      5.6405919      0.1827314      5.6405919      0.1827314      5.6405919      0.1827314
            548      5.6978528     0.25764911      5.6978528     0.25764911      5.6978528     0.25764911
            549       5.707986     0.21509301       5.707986     0.21509301       5.707986     0.21509301
            550      5.1706056     0.14182368      5.1706056     0.14182368      5.1706056     0.14182368
            551      5.3858621     0.15643284      5.3858621     0.15643284      5.3858621     0.15643284
            552      5.5807095     0.28653164      5.5807095     0.28653164      5.5807095     0.28653164
            553      5.4220199     0.24337033      5.4220199     0.24337033      5.4220199     0.24337033
            554      5.8581466     0.32077939      5.8581466     0.32077939      5.8581466     0.32077939
            555      5.7101957     0.33244383      5.7101957     0.33244383      5.7101957     0.33244383
            556      5.7589546      0.2907848      5.7589546      0.2907848      5.7589546      0.2907848
            557       5.593343     0.26938464       5.593343     0.26938464       5.593343     0.26938464
            558      5.2525842     0.16167311      5.2525842     0.16167311      5.2525842     0.16167311
            559      5.4235311      0.1826872      5.4235311      0.1826872      5.4235311      0.1826872
            560      5.1526961     0.16385741      5.1526961     0.16385741      5.1526961     0.16385741
            561      5.4620512     0.21219152      5.4620512     0.21219152      5.4620512     0.21219152
            562      5.3697423     0.24669735      5.3697423     0.24669735      5.3697423     0.24669735
            563      5.3249768     0.21044397      5.3249768     0.21044397      5.3249768     0.21044397
            564      5.0242321     0.14383397      5.0242321     0.14383397      5.0242321     0.14383397
            565      5.2620547     0.30480946      5.2620547     0.30480946      5.2620547     0.30480946
            566      5.1574291     0.17857254      5.1574291     0.17857254      5.1574291     0.17857254
            567      4.8967847     0.13589718      4.8967847     0.13589718      4.8967847     0.13589718
            568      4.8616361     0.21939708      4.8616361     0.21939708      4.8616361     0.21939708
            569      4.8668393     0.16632373      4.8668393     0.16632373      4.8668393     0.16632373
            570      5.5143619     0.36152356      5.5143619     0.36152356      5.5143619     0.36152356
            571      4.9839201     0.16544627      4.9839201     0.16544627      4.9839201     0.16544627
            572      4.8452165     0.17962374      4.8452165     0.17962374      4.8452165     0.17962374
            573      4.5676889     0.12219588      4.5676889     0.12219588      4.5676889     0.12219588
            574      4.8366584     0.14411104      4.8366584     0.14411104      4.8366584     0.14411104
            575      5.0325522     0.25690339      5.0325522     0.25690339      5.0325522     0.25690339
            576      4.9157989     0.18289335      4.9157989     0.18289335      4.9157989     0.18289335
            577      4.5910923     0.14684923      4.5910923     0.14684923      4.5910923     0.14684923
            578       4.865822     0.17064729       4.865822     0.17064729       4.865822     0.17064729
            579      4.5583628     0.18234346      4.5583628     0.18234346      4.5583628     0.18234346
            580      4.6473776     0.18464028      4.6473776     0.18464028      4.6473776     0.18464028
            581      4.5231639     0.12312708      4.5231639     0.12312708      4.5231639     0.12312708
            582      4.4324881     0.20559388      4.4324881     0.20559388      4.4324881     0.20559388
            583      4.7694118     0.18340855      4.7694118     0.18340855      4.7694118     0.18340855
            584      4.7391509     0.27245454      4.7391509     0.27245454      4.7391509     0.27245454
            585      4.6362549     0.19849074      4.6362549     0.19849074      4.6362549     0.19849074
            586      4.5672558     0.23915957      4.5672558     0.23915957      4.5672558     0.23915957
            587      4.7825601     0.23172339      4.7825601     0.23172339      4.7825601     0.23172339
            588      4.5029796     0.21275251      4.5029796     0.21275251      4.5029796     0.21275251
            589      4.5396567     0.18019661      4.5396567     0.18019661      4.5396567     0.18019661
            590      4.3440461     0.18211395      4.3440461     0.18211395      4.3440461     0.18211395
            591      4.7019546     0.33356884      4.7019546     0.33356884      4.7019546     0.33356884
            592      4.3026537      0.2205786      4.3026537      0.2205786      4.3026537      0.2205786
            593      4.1603982      0.1347756      4.1603982      0.1347756      4.1603982      0.1347756
            594      4.6999444     0.30106665      4.6999444     0.30106665      4.6999444     0.30106665
            595      4.2704592     0.15686135      4.2704592     0.15686135      4.2704592     0.15686135
            596        4.37252     0.19704105        4.37252     0.19704105        4.37252     0.19704105
            597      4.3354021     0.17071458      4.3354021     0.17071458      4.3354021     0.17071458
            598      4.3436229     0.17494916      4.3436229     0.17494916      4.3436229     0.17494916
            599       4.491735     0.25648586       4.491735     0.25648586       4.491735     0.25648586
            600      4.1437511     0.12946376      4.1437511     0.12946376      4.1437511     0.12946376
            601      4.0195115     0.15388388      4.0195115     0.15388388      4.0195115     0.15388388
            602      4.0463183     0.13592454      4.0463183     0.13592454      4.0463183     0.13592454
            603      4.1048361     0.18979268      4.1048361     0.18979268      4.1048361     0.18979268
            604      4.3732723     0.21305977      4.3732723     0.21305977      4.3732723     0.21305977
            605      4.2567417     0.15126009      4.2567417     0.15126009      4.2567417     0.15126009
            606      4.2700525     0.25613661      4.2700525     0.25613661      4.2700525     0.25613661
            607      3.8573382     0.12006359      3.8573382     0.12006359      3.8573382     0.12006359
            608      4.0433369     0.18273008      4.0433369     0.18273008      4.0433369     0.18273008
            609      3.8533984     0.15100902      3.8533984     0.15100902      3.8533984     0.15100902
            610      3.8945644     0.13437445      3.8945644     0.13437445      3.8945644     0.13437445
            611      4.1591913     0.29812689      4.1591913     0.29812689      4.1591913     0.29812689
            612      3.7397298     0.10235024      3.7397298     0.10235024      3.7397298     0.10235024
            613      3.9628348     0.18572945      3.9628348     0.18572945      3.9628348     0.18572945
            614      3.7850239      0.1707731      3.7850239      0.1707731      3.7850239      0.1707731
            615      3.8351439     0.11101792      3.8351439     0.11101792      3.8351439     0.11101792
            616      3.9451588     0.13472839      3.9451588     0.13472839      3.9451588     0.13472839
            617      3.9459948     0.13634676      3.9459948     0.13634676      3.9459948     0.13634676
            618      3.7079239     0.13037449      3.7079239     0.13037449      3.7079239     0.13037449
            619      3.8340299     0.13748451      3.8340299     0.13748451      3.8340299     0.13748451
            620      3.7801386     0.12638422      3.7801386     0.12638422      3.7801386     0.12638422
            621      4.0643285     0.26873285      4.0643285     0.26873285      4.0643285     0.26873285
            622       3.878204     0.19694335       3.878204     0.19694335       3.878204     0.19694335
            623      3.4606761     0.11324489      3.4606761     0.11324489      3.4606761     0.11324489
            624      4.0242317     0.20582191      4.0242317     0.20582191      4.0242317     0.20582191
            625      3.3427543    0.098229509      3.3427543    0.098229509      3.3427543    0.098229509
            626      3.6155224     0.12129147      3.6155224     0.12129147      3.6155224     0.12129147
            627      3.6906688     0.13132835      3.6906688     0.13132835      3.6906688     0.13132835
            628      3.5624159     0.15586281      3.5624159     0.15586281      3.5624159     0.15586281
            629      3.7392618     0.30843401      3.7392618     0.30843401      3.7392618     0.30843401
            630      3.6738625     0.16964328      3.6738625     0.16964328      3.6738625     0.16964328
            631      3.7127307     0.24560057      3.7127307     0.24560057      3.7127307     0.24560057
            632      3.4092716     0.11237132      3.4092716     0.11237132      3.4092716     0.11237132
            633      3.6012158      0.1947143      3.6012158      0.1947143      3.6012158      0.1947143
            634      3.2842871    0.097916232      3.2842871    0.097916232      3.2842871    0.097916232
            635      3.3482551      0.1081038      3.3482551      0.1081038      3.3482551      0.1081038
            636      3.4312373     0.16744674      3.4312373     0.16744674      3.4312373     0.16744674
            637      3.1985938     0.09218695      3.1985938     0.09218695      3.1985938     0.09218695
            638      3.3264565     0.11228129      3.3264565     0.11228129      3.3264565     0.11228129
            639      3.3194985     0.12345255      3.3194985     0.12345255      3.3194985     0.12345255
            640       3.212182     0.11117683       3.212182     0.11117683       3.212182     0.11117683
            641       3.468346     0.19741684       3.468346     0.19741684       3.468346     0.19741684
            642      3.4632685     0.20947845      3.4632685     0.20947845      3.4632685     0.20947845
            643      3.5815633     0.17936479      3.5815633     0.17936479      3.5815633     0.17936479
            644      2.9478241    0.091393281      2.9478241    0.091393281      2.9478241    0.091393281
            645      3.4181846     0.15941862      3.4181846     0.15941862      3.4181846     0.15941862
            646      3.3859957     0.22671589      3.3859957     0.22671589      3.3859957     0.22671589
            647       3.248068     0.15084906       3.248068     0.15084906       3.248068     0.15084906
            648      3.2633925     0.12481281      3.2633925     0.12481281      3.2633925     0.12481281
            649      3.2609295     0.14790955      3.2609295     0.14790955      3.2609295     0.14790955
            650      3.2656797     0.14805103      3.2656797     0.14805103      3.2656797     0.14805103
            651      3.2229723     0.13153576      3.2229723     0.13153576      3.2229723     0.13153576
            652      3.4397882      0.2482834      3.4397882      0.2482834      3.4397882      0.2482834
            653      3.1884755     0.13450689      3.1884755     0.13450689      3.1884755     0.13450689
            654       3.289508     0.21733911       3.289508     0.21733911       3.289508     0.21733911
            655      3.1153197    0.097900469      3.1153197    0.097900469      3.1153197    0.097900469
            656       3.298895     0.17360251       3.298895     0.17360251       3.298895     0.17360251
            657       2.970425     0.11354372       2.970425     0.11354372       2.970425     0.11354372
            658      3.2434605     0.24300917      3.2434605     0.24300917      3.2434605     0.24300917
            659      2.9488019     0.10101041      2.9488019     0.10101041      2.9488019     0.10101041
            660      2.9050508    0.098489088      2.9050508    0.098489088      2.9050508    0.098489088
            661      3.1968925     0.18233251      3.1968925     0.18233251      3.1968925     0.18233251
            662      2.8706097    0.095627933      2.8706097    0.095627933      2.8706097    0.095627933
            663      3.1266307     0.22191246      3.1266307     0.22191246      3.1266307     0.22191246
            664      2.7054775    0.087397136      2.7054775    0.087397136      2.7054775    0.087397136
            665      2.8928797    0.091221709      2.8928797    0.091221709      2.8928797    0.091221709
            666      2.8069165     0.09387214      2.8069165     0.09387214      2.8069165     0.09387214
            667      2.7882644     0.09104987      2.7882644     0.09104987      2.7882644     0.09104987
            668        3.06365     0.22124842        3.06365     0.22124842        3.06365     0.22124842
            669      2.8431343     0.12270949      2.8431343     0.12270949      2.8431343     0.12270949
            670      2.9205692     0.11354992      2.9205692     0.11354992      2.9205692     0.11354992
            671      3.2304624     0.30939401      3.2304624     0.30939401      3.2304624     0.30939401
            672      2.9984348     0.16564261      2.9984348     0.16564261      2.9984348     0.16564261
            673      2.8676167     0.13089183      2.8676167     0.13089183      2.8676167     0.13089183
            674      2.9186143     0.15104271      2.9186143     0.15104271      2.9186143     0.15104271
            675      2.6145829    0.073889218      2.6145829    0.073889218      2.6145829    0.073889218
            676      2.9730882     0.24144252      2.9730882     0.24144252      2.9730882     0.24144252
            677      2.6135542    0.099364827      2.6135542    0.099364827      2.6135542    0.099364827
            678      2.8587271     0.19061574      2.8587271     0.19061574      2.8587271     0.19061574
            679      2.6683734      0.1257429      2.6683734      0.1257429      2.6683734      0.1257429
            680      2.9686905     0.16393907      2.9686905     0.16393907      2.9686905     0.16393907
            681      2.7718637     0.12022459      2.7718637     0.12022459      2.7718637     0.12022459
            682      2.5832365     0.10275399      2.5832365     0.10275399      2.5832365     0.10275399
            683      2.5494557     0.16681055      2.5494557     0.16681055      2.5494557     0.16681055
            684      2.6416346     0.10316006      2.6416346     0.10316006      2.6416346     0.10316006
            685      2.6413926     0.11566177      2.6413926     0.11566177      2.6413926     0.11566177
            686      2.4791106     0.10619087      2.4791106     0.10619087      2.4791106     0.10619087
            687      2.5488517    0.089414979      2.5488517    0.089414979      2.5488517    0.089414979
            688      2.6709493     0.19343057      2.6709493     0.19343057      2.6709493     0.19343057
            689      2.4739866    0.073677966      2.4739866    0.073677966      2.4739866    0.073677966
            690      2.5587558    0.090167186      2.5587558    0.090167186      2.5587558    0.090167186
            691      2.5420956    0.097281118      2.5420956    0.097281118      2.5420956    0.097281118
            692      2.6607902     0.19840893      2.6607902     0.19840893      2.6607902     0.19840893
            693        2.67244     0.20502219        2.67244     0.20502219        2.67244     0.20502219
            694      2.7355517     0.16761445      2.7355517     0.16761445      2.7355517     0.16761445
            695      2.6612133       0.140548      2.6612133       0.140548      2.6612133       0.140548
            696      2.5114361    0.096615387      2.5114361    0.096615387      2.5114361    0.096615387
            697      2.5873795     0.10692873      2.5873795     0.10692873      2.5873795     0.10692873
            698      2.4697145    0.092482823      2.4697145    0.092482823      2.4697145    0.092482823
            699      2.4115588     0.10407371      2.4115588     0.10407371      2.4115588     0.10407371
            700      2.3598554     0.12339289      2.3598554     0.12339289      2.3598554     0.12339289
            701      2.6801768     0.21891457      2.6801768     0.21891457      2.6801768     0.21891457
            702      2.4875527     0.10459587      2.4875527     0.10459587      2.4875527     0.10459587
            703      2.5778087     0.22060953      2.5778087     0.22060953      2.5778087     0.22060953
            704      2.4704431     0.11414869      2.4704431     0.11414869      2.4704431     0.11414869
            705      2.2761181    0.077280865      2.2761181    0.077280865      2.2761181    0.077280865
            706      2.5126858     0.17673185      2.5126858     0.17673185      2.5126858     0.17673185
            707       2.322422    0.084540449       2.322422    0.084540449       2.322422    0.084540449
            708      2.3429046     0.12339973      2.3429046     0.12339973      2.3429046     0.12339973
            709      2.3886274    0.086578362      2.3886274    0.086578362      2.3886274    0.086578362
            710      2.3637626    0.093155717      2.3637626    0.093155717      2.3637626    0.093155717
            711      2.4649011     0.16298321      2.4649011     0.16298321      2.4649011     0.16298321
            712      2.3561133    0.097885007      2.3561133    0.097885007      2.3561133    0.097885007
            713      2.4052744      0.1349957      2.4052744      0.1349957      2.4052744      0.1349957
            714      2.1692135    0.072985419      2.1692135    0.072985419      2.1692135    0.072985419
            715      2.0762228    0.079330335      2.0762228    0.079330335      2.0762228    0.079330335
            716      2.3184054     0.13226685      2.3184054     0.13226685      2.3184054     0.13226685
            717      2.2373829     0.10035503      2.2373829     0.10035503      2.2373829     0.10035503
            718      2.2101207     0.08912627      2.2101207     0.08912627      2.2101207     0.08912627
            719      2.2415882    0.092605294      2.2415882    0.092605294      2.2415882    0.092605294
            720       2.244553     0.10088781       2.244553     0.10088781       2.244553     0.10088781
            721       2.154247    0.087240599       2.154247    0.087240599       2.154247    0.087240599
            722      2.1749855     0.13743871      2.1749855     0.13743871      2.1749855     0.13743871
            723      2.0187215     0.10884611      2.0187215     0.10884611      2.0187215     0.10884611
            724      2.1672403    0.079919636      2.1672403    0.079919636      2.1672403    0.079919636
            725      2.0365674    0.072202504      2.0365674    0.072202504      2.0365674    0.072202504
            726      2.1656311     0.10023168      2.1656311     0.10023168      2.1656311     0.10023168
            727      2.3603756     0.12908548      2.3603756     0.12908548      2.3603756     0.12908548
            728      2.2903537     0.10127768      2.2903537     0.10127768      2.2903537     0.10127768
            729       2.149776    0.095894069       2.149776    0.095894069       2.149776    0.095894069
            730      2.1692236    0.099069553      2.1692236    0.099069553      2.1692236    0.099069553
            731      2.3344214     0.18010769      2.3344214     0.18010769      2.3344214     0.18010769
            732       1.880267    0.065227308       1.880267    0.065227308       1.880267    0.065227308
            733      2.0538467    0.096025426      2.0538467    0.096025426      2.0538467    0.096025426
            734      2.1003487    0.091058795      2.1003487    0.091058795      2.1003487    0.091058795
            735      2.2536676     0.14608419      2.2536676     0.14608419      2.2536676     0.14608419
            736      1.9628276    0.074835082      1.9628276    0.074835082      1.9628276    0.074835082
            737      2.0615967    0.084593695      2.0615967    0.084593695      2.0615967    0.084593695
            738      1.9903739    0.075018078      1.9903739    0.075018078      1.9903739    0.075018078
            739      1.9525979     0.07199177      1.9525979     0.07199177      1.9525979     0.07199177
            740      2.1560939     0.14822452      2.1560939     0.14822452      2.1560939     0.14822452
            741      1.9755719    0.082099489      1.9755719    0.082099489      1.9755719    0.082099489
            742      1.8443973    0.061902755      1.8443973    0.061902755      1.8443973    0.061902755
            743      1.9898726      0.1214322      1.9898726      0.1214322      1.9898726      0.1214322
            744      2.1856548     0.16236443      2.1856548     0.16236443      2.1856548     0.16236443
            745      1.9258465     0.16969828      1.9258465     0.16969828      1.9258465     0.16969828
            746      1.8783414    0.091332148      1.8783414    0.091332148      1.8783414    0.091332148
            747      1.8252958    0.068644323      1.8252958    0.068644323      1.8252958    0.068644323
            748      1.8217778    0.062497743      1.8217778    0.062497743      1.8217778    0.062497743
            749       1.867937     0.11805152       1.867937     0.11805152       1.867937     0.11805152
            750      2.0807269     0.19575603      2.0807269     0.19575603      2.0807269     0.19575603
            751      1.9699587    0.085645818      1.9699587    0.085645818      1.9699587    0.085645818
            752      1.9655565     0.12978126      1.9655565     0.12978126      1.9655565     0.12978126
            753      1.9322188     0.10148313      1.9322188     0.10148313      1.9322188     0.10148313
            754      1.7809191    0.068730694      1.7809191    0.068730694      1.7809191    0.068730694
            755      1.8091175    0.065163623      1.8091175    0.065163623      1.8091175    0.065163623
            756      1.8398595    0.065098598      1.8398595    0.065098598      1.8398595    0.065098598
            757      1.7941195    0.074372788      1.7941195    0.074372788      1.7941195    0.074372788
            758      2.0020824     0.14966223      2.0020824     0.14966223      2.0020824     0.14966223
            759      1.9667675     0.19337442      1.9667675     0.19337442      1.9667675     0.19337442
            760      1.8700238    0.084374158      1.8700238    0.084374158      1.8700238    0.084374158
            761      2.0275836     0.22594398      2.0275836     0.22594398      2.0275836     0.22594398
            762      1.9926082     0.12281054      1.9926082     0.12281054      1.9926082     0.12281054
            763      1.9641755     0.10956415      1.9641755     0.10956415      1.9641755     0.10956415
            764      1.7897661    0.093880261      1.7897661    0.093880261      1.7897661    0.093880261
            765       1.857148     0.13096203       1.857148     0.13096203       1.857148     0.13096203
            766      1.7319071    0.074372387      1.7319071    0.074372387      1.7319071    0.074372387
            767      1.8063763    0.084331983      1.8063763    0.084331983      1.8063763    0.084331983
            768       1.657893    0.059900956       1.657893    0.059900956       1.657893    0.059900956
            769      1.6993391    0.072114569      1.6993391    0.072114569      1.6993391    0.072114569
            770      1.7501601    0.096159094      1.7501601    0.096159094      1.7501601    0.096159094
            771      1.6312639    0.064080199      1.6312639    0.064080199      1.6312639    0.064080199
            772      1.6259892     0.10139575      1.6259892     0.10139575      1.6259892     0.10139575
            773      2.1270958     0.25037357      2.1270958     0.25037357      2.1270958     0.25037357
            774      1.7486515     0.17133049      1.7486515     0.17133049      1.7486515     0.17133049
            775      1.9231416     0.21342322      1.9231416     0.21342322      1.9231416     0.21342322
            776      1.7360041     0.14257918      1.7360041     0.14257918      1.7360041     0.14257918
            777      1.7589533    0.078621668      1.7589533    0.078621668      1.7589533    0.078621668
            778      1.6212853    0.075925878      1.6212853    0.075925878      1.6212853    0.075925878
            779      1.8606836     0.18548049      1.8606836     0.18548049      1.8606836     0.18548049
            780      1.6350085    0.082597461      1.6350085    0.082597461      1.6350085    0.082597461
            781      1.5674954    0.075756507      1.5674954    0.075756507      1.5674954    0.075756507
            782      1.6428061    0.098582712      1.6428061    0.098582712      1.6428061    0.098582712
            783      1.6074508    0.060251359      1.6074508    0.060251359      1.6074508    0.060251359
            784      1.6101024    0.083408676      1.6101024    0.083408676      1.6101024    0.083408676
            785       1.645043    0.085415019       1.645043    0.085415019       1.645043    0.085415019
            786       1.693049     0.14142385       1.693049     0.14142385       1.693049     0.14142385
            787      1.6040912    0.061640466      1.6040912    0.061640466      1.6040912    0.061640466
            788      1.7807379    0.099744931      1.7807379    0.099744931      1.7807379    0.099744931
            789      1.5751042    0.084737489      1.5751042    0.084737489      1.5751042    0.084737489
            790       1.638193    0.096220665       1.638193    0.096220665       1.638193    0.096220665
            791      1.5380345    0.072146017      1.5380345    0.072146017      1.5380345    0.072146017
            792      1.6281155     0.15100483      1.6281155     0.15100483      1.6281155     0.15100483
            793      1.5372125    0.094919971      1.5372125    0.094919971      1.5372125    0.094919971
            794      1.4640088    0.052291625      1.4640088    0.052291625      1.4640088    0.052291625
            795      1.5233556    0.077567292      1.5233556    0.077567292      1.5233556    0.077567292
            796      1.5051928     0.07942261      1.5051928     0.07942261      1.5051928     0.07942261
            797      1.5321144     0.06173463      1.5321144     0.06173463      1.5321144     0.06173463
            798      1.7374579     0.27328004      1.7374579     0.27328004      1.7374579     0.27328004
            799      1.5504858    0.077889869      1.5504858    0.077889869      1.5504858    0.077889869
            800      1.4144583    0.054927028      1.4144583    0.054927028      1.4144583    0.054927028
            801      1.5090161     0.19838177      1.5090161     0.19838177      1.5090161     0.19838177
            802      1.4193601    0.057239301      1.4193601    0.057239301      1.4193601    0.057239301
            803      1.4495622     0.05844154      1.4495622     0.05844154      1.4495622     0.05844154
            804      1.4678658    0.067012544      1.4678658    0.067012544      1.4678658    0.067012544
            805      1.6234586     0.17262515      1.6234586     0.17262515      1.6234586     0.17262515
            806      1.4592336    0.069324665      1.4592336    0.069324665      1.4592336    0.069324665
            807       1.559398     0.10858709       1.559398     0.10858709       1.559398     0.10858709
            808      1.4229067    0.062613703      1.4229067    0.062613703      1.4229067    0.062613703
            809       1.528268     0.11868433       1.528268     0.11868433       1.528268     0.11868433
            810      1.6728899     0.21929584      1.6728899     0.21929584      1.6728899     0.21929584
            811      1.6705755      0.1972789      1.6705755      0.1972789      1.6705755      0.1972789
            812       1.649455     0.13315614       1.649455     0.13315614       1.649455     0.13315614
            813      1.4582074    0.077364026      1.4582074    0.077364026      1.4582074    0.077364026
            814       1.501689     0.11032829       1.501689     0.11032829       1.501689     0.11032829
            815      1.3199713      0.0737027      1.3199713      0.0737027      1.3199713      0.0737027
            816      1.5771358     0.18495008      1.5771358     0.18495008      1.5771358     0.18495008
            817      1.6194114    0.078106637      1.6194114    0.078106637      1.6194114    0.078106637
            818        1.36007    0.064674734        1.36007    0.064674734        1.36007    0.064674734
            819      1.3011628    0.063946515      1.3011628    0.063946515      1.3011628    0.063946515
            820      1.6421099     0.17287542      1.6421099     0.17287542      1.6421099     0.17287542
            821      1.3671985    0.071765688      1.3671985    0.071765688      1.3671985    0.071765688
            822       1.413219    0.098740979       1.413219    0.098740979       1.413219    0.098740979
            823      1.4498842    0.067865125      1.4498842    0.067865125      1.4498842    0.067865125
            824      1.4376589    0.095118745      1.4376589    0.095118745      1.4376589    0.095118745
            825      1.3013321    0.049770857      1.3013321    0.049770857      1.3013321    0.049770857
            826      1.6244732     0.29214872      1.6244732     0.29214872      1.6244732     0.29214872
            827      1.3790124     0.10605152      1.3790124     0.10605152      1.3790124     0.10605152
            828      1.3428921     0.07792426      1.3428921     0.07792426      1.3428921     0.07792426
            829       1.483743     0.18101547       1.483743     0.18101547       1.483743     0.18101547
            830      1.4531644     0.13248329      1.4531644     0.13248329      1.4531644     0.13248329
            831      1.4651307     0.13604198      1.4651307     0.13604198      1.4651307     0.13604198
            832       1.168398    0.046112245       1.168398    0.046112245       1.168398    0.046112245
            833      1.3814248     0.16852171      1.3814248     0.16852171      1.3814248     0.16852171
            834      1.2368963    0.060609315      1.2368963    0.060609315      1.2368963    0.060609315
            835      1.1757573    0.048326564      1.1757573    0.048326564      1.1757573    0.048326564
            836      1.1986064    0.067056124      1.1986064    0.067056124      1.1986064    0.067056124
            837      1.1690008    0.048405089      1.1690008    0.048405089      1.1690008    0.048405089
            838      1.2469793    0.080104437      1.2469793    0.080104437      1.2469793    0.080104437
            839      1.3643107     0.13414922      1.3643107     0.13414922      1.3643107     0.13414922
            840      1.1721655    0.052642876      1.1721655    0.052642876      1.1721655    0.052642876
            841      1.5624628     0.20792702      1.5624628     0.20792702      1.5624628     0.20792702
            842       1.302401     0.15627137       1.302401     0.15627137       1.302401     0.15627137
            843      1.2228836    0.067482892      1.2228836    0.067482892      1.2228836    0.067482892
            844      1.2330614    0.076777652      1.2330614    0.076777652      1.2330614    0.076777652
            845      1.3506311    0.087084192      1.3506311    0.087084192      1.3506311    0.087084192
            846      1.2227725     0.06680701      1.2227725     0.06680701      1.2227725     0.06680701
            847      1.3153895    0.091951984      1.3153895    0.091951984      1.3153895    0.091951984
            848      1.5903452     0.23436802      1.5903452     0.23436802      1.5903452     0.23436802
            849       1.156147    0.048582737       1.156147    0.048582737       1.156147    0.048582737
            850      1.2988379    0.083213323      1.2988379    0.083213323      1.2988379    0.083213323
            851      1.3812856      0.1737973      1.3812856      0.1737973      1.3812856      0.1737973
            852      1.1940704    0.067161533      1.1940704    0.067161533      1.1940704    0.067161533
            853      1.1984866    0.074531029      1.1984866    0.074531029      1.1984866    0.074531029
            854      1.1521899    0.062262972      1.1521899    0.062262972      1.1521899    0.062262972
            855      1.3610671     0.13590906      1.3610671     0.13590906      1.3610671     0.13590906
            856      1.2012646    0.063039724      1.2012646    0.063039724      1.2012646    0.063039724
            857      1.5443954     0.24282936      1.5443954     0.24282936      1.5443954     0.24282936
            858      1.0959078    0.043774542      1.0959078    0.043774542      1.0959078    0.043774542
            859      1.2036231    0.088138041      1.2036231    0.088138041      1.2036231    0.088138041
            860      1.1579714    0.056845426      1.1579714    0.056845426      1.1579714    0.056845426
            861      1.0857157    0.062185856      1.0857157    0.062185856      1.0857157    0.062185856
            862      1.1300588    0.052417417      1.1300588    0.052417417      1.1300588    0.052417417
            863      1.1333818    0.083902841      1.1333818    0.083902841      1.1333818    0.083902841
            864      1.2423745      0.1001266      1.2423745      0.1001266      1.2423745      0.1001266
            865      1.1989774    0.070736072      1.1989774    0.070736072      1.1989774    0.070736072
            866      1.1054927    0.059791596      1.1054927    0.059791596      1.1054927    0.059791596
            867      1.3294824     0.14968432      1.3294824     0.14968432      1.3294824     0.14968432
            868       1.255793     0.10399591       1.255793     0.10399591       1.255793     0.10399591
            869      1.0638669    0.047409431      1.0638669    0.047409431      1.0638669    0.047409431
            870      1.3341219     0.17843258      1.3341219     0.17843258      1.3341219     0.17843258
            871      1.2404141     0.11587019      1.2404141     0.11587019      1.2404141     0.11587019
            872       1.110566    0.049043038       1.110566    0.049043038       1.110566    0.049043038
            873      1.0883584    0.058468811      1.0883584    0.058468811      1.0883584    0.058468811
            874      1.2319928     0.10021965      1.2319928     0.10021965      1.2319928     0.10021965
            875      1.2146262     0.13533442      1.2146262     0.13533442      1.2146262     0.13533442
            876      1.0637203    0.047618312      1.0637203    0.047618312      1.0637203    0.047618312
            877      1.0134585    0.047993248      1.0134585    0.047993248      1.0134585    0.047993248
            878      1.1792007      0.1172201      1.1792007      0.1172201      1.1792007      0.1172201
            879      1.0614362    0.065734181      1.0614362    0.065734181      1.0614362    0.065734181
            880      1.0407643    0.057635345      1.0407643    0.057635345      1.0407643    0.057635345
            881       1.027943    0.045168403       1.027943    0.045168403       1.027943    0.045168403
            882      1.2841327     0.11582595      1.2841327     0.11582595      1.2841327     0.11582595
            883      1.0418804    0.067330835      1.0418804    0.067330835      1.0418804    0.067330835
            884      1.0366523      0.0557128      1.0366523      0.0557128      1.0366523      0.0557128
            885      1.1074976    0.083054922      1.1074976    0.083054922      1.1074976    0.083054922
            886      1.0956708    0.054920419      1.0956708    0.054920419      1.0956708    0.054920419
            887      1.0739004    0.061840403      1.0739004    0.061840403      1.0739004    0.061840403
            888      1.0174581     0.07556416      1.0174581     0.07556416      1.0174581     0.07556416
            889      1.2950606     0.15447247      1.2950606     0.15447247      1.2950606     0.15447247
            890     0.99709087    0.047046363     0.99709087    0.047046363     0.99709087    0.047046363
            891      1.0601785    0.054820039      1.0601785    0.054820039      1.0601785    0.054820039
            892     0.94501905    0.049004403     0.94501905    0.049004403     0.94501905    0.049004403
            893      1.0370075    0.061136555      1.0370075    0.061136555      1.0370075    0.061136555
            894      1.2416367     0.22183773      1.2416367     0.22183773      1.2416367     0.22183773
            895      1.0065427    0.091367594      1.0065427    0.091367594      1.0065427    0.091367594
            896      0.9819014    0.083747396      0.9819014    0.083747396      0.9819014    0.083747396
            897     0.87919342    0.045706944     0.87919342    0.045706944     0.87919342    0.045706944
            898      1.0168744    0.061170385      1.0168744    0.061170385      1.0168744    0.061170385
            899      1.0297234    0.063636527      1.0297234    0.063636527      1.0297234    0.063636527
            900      1.0044291    0.048047271      1.0044291    0.048047271      1.0044291    0.048047271
            901      1.0886348    0.073543728      1.0886348    0.073543728      1.0886348    0.073543728
            902     0.86640971    0.045462465     0.86640971    0.045462465     0.86640971    0.045462465
            903     0.97901129    0.069262807     0.97901129    0.069262807     0.97901129    0.069262807
            904     0.93907997    0.057055832     0.93907997    0.057055832     0.93907997    0.057055832
            905     0.91696191    0.045637287     0.91696191    0.045637287     0.91696191    0.045637287
            906      1.1350455     0.22158242      1.1350455     0.22158242      1.1350455     0.22158242
            907     0.95280264    0.045832861     0.95280264    0.045832861     0.95280264    0.045832861
            908      1.0299248     0.15443492      1.0299248     0.15443492      1.0299248     0.15443492
            909     0.99700441    0.067417277     0.99700441    0.067417277     0.99700441    0.067417277
            910      1.1877085     0.21801974      1.1877085     0.21801974      1.1877085     0.21801974
            911     0.96142216     0.06595468     0.96142216     0.06595468     0.96142216     0.06595468
            912     0.84701256    0.050234391     0.84701256    0.050234391     0.84701256    0.050234391
            913      1.0205547     0.14305057      1.0205547     0.14305057      1.0205547     0.14305057
            914      0.9362008    0.058533381      0.9362008    0.058533381      0.9362008    0.058533381
            915     0.84749071    0.057435508     0.84749071    0.057435508     0.84749071    0.057435508
            916     0.94462632      0.0564925     0.94462632      0.0564925     0.94462632      0.0564925
            917      1.2108298     0.19372003      1.2108298     0.19372003      1.2108298     0.19372003
            918     0.86213062       0.044744     0.86213062       0.044744     0.86213062       0.044744
            919     0.80565717    0.042467542     0.80565717    0.042467542     0.80565717    0.042467542
            920      1.0650782     0.16617147      1.0650782     0.16617147      1.0650782     0.16617147
            921     0.92015212    0.053102413     0.92015212    0.053102413     0.92015212    0.053102413
            922      1.0923087     0.12922965      1.0923087     0.12922965      1.0923087     0.12922965
            923     0.91986857    0.049625586     0.91986857    0.049625586     0.91986857    0.049625586
            924     0.87334168    0.049881606     0.87334168    0.049881606     0.87334168    0.049881606
            925     0.92152776    0.075085951     0.92152776    0.075085951     0.92152776    0.075085951
            926     0.93500369    0.082572037     0.93500369    0.082572037     0.93500369    0.082572037
            927      1.1260396     0.16671887      1.1260396     0.16671887      1.1260396     0.16671887
            928     0.86924634    0.052598254     0.86924634    0.052598254     0.86924634    0.052598254
            929     0.79928662    0.043885252     0.79928662    0.043885252     0.79928662    0.043885252
            930     0.81951893     0.04519498     0.81951893     0.04519498     0.81951893     0.04519498
            931      1.0011153      0.1249469      1.0011153      0.1249469      1.0011153      0.1249469
            932     0.84479453    0.064012583     0.84479453    0.064012583     0.84479453    0.064012583
            933      1.0391668     0.20932156      1.0391668     0.20932156      1.0391668     0.20932156
            934     0.92008595    0.064796136     0.92008595    0.064796136     0.92008595    0.064796136
            935     0.85295386    0.042114233     0.85295386    0.042114233     0.85295386    0.042114233
            936     0.81730676    0.038669799     0.81730676    0.038669799     0.81730676    0.038669799
            937     0.95075968    0.098307074     0.95075968    0.098307074     0.95075968    0.098307074
            938      1.0120748     0.20284212      1.0120748     0.20284212      1.0120748     0.20284212
            939      1.0215826     0.18780115      1.0215826     0.18780115      1.0215826     0.18780115
            940     0.79596493     0.04418301     0.79596493     0.04418301     0.79596493     0.04418301
            941     0.90918235     0.17072945     0.90918235     0.17072945     0.90918235     0.17072945
            942      1.0070919       0.265422      1.0070919       0.265422      1.0070919       0.265422
            943      0.9561013     0.12247248      0.9561013     0.12247248      0.9561013     0.12247248
            944     0.82195465    0.066117931     0.82195465    0.066117931     0.82195465    0.066117931
            945     0.79248645    0.056904256     0.79248645    0.056904256     0.79248645    0.056904256
            946     0.74298413    0.063184048     0.74298413    0.063184048     0.74298413    0.063184048
            947     0.74058149    0.040287897     0.74058149    0.040287897     0.74058149    0.040287897
            948     0.76041315    0.083221017     0.76041315    0.083221017     0.76041315    0.083221017
            949      0.8311469    0.088719891      0.8311469    0.088719891      0.8311469    0.088719891
            950     0.77009494    0.048307777     0.77009494    0.048307777     0.77009494    0.048307777
            951     0.81478137    0.074311281     0.81478137    0.074311281     0.81478137    0.074311281
            952      1.0638409     0.18869068      1.0638409     0.18869068      1.0638409     0.18869068
            953     0.83276737    0.067108903     0.83276737    0.067108903     0.83276737    0.067108903
            954     0.67765441    0.040004096     0.67765441    0.040004096     0.67765441    0.040004096
            955     0.91671402     0.14994419     0.91671402     0.14994419     0.91671402     0.14994419
            956     0.74120773    0.045535806     0.74120773    0.045535806     0.74120773    0.045535806
            957     0.81259632    0.067751422     0.81259632    0.067751422     0.81259632    0.067751422
            958     0.68476213    0.037772729     0.68476213    0.037772729     0.68476213    0.037772729
            959     0.77650669     0.05571258     0.77650669     0.05571258     0.77650669     0.05571258
            960     0.72593343     0.04654297     0.72593343     0.04654297     0.72593343     0.04654297
            961     0.66467823    0.043427439     0.66467823    0.043427439     0.66467823    0.043427439
            962     0.66878607    0.043940299     0.66878607    0.043940299     0.66878607    0.043940299
            963     0.88769612    0.066768972     0.88769612    0.066768972     0.88769612    0.066768972
            964     0.68105838    0.044065599     0.68105838    0.044065599     0.68105838    0.044065599
            965     0.73720718    0.064167512     0.73720718    0.064167512     0.73720718    0.064167512
            966      0.7017903    0.049183174      0.7017903    0.049183174      0.7017903    0.049183174
            967     0.74910232    0.043664089     0.74910232    0.043664089     0.74910232    0.043664089
            968     0.79380677    0.072551767     0.79380677    0.072551767     0.79380677    0.072551767
            969     0.70206595    0.035232769     0.70206595    0.035232769     0.70206595    0.035232769
            970     0.71125657    0.043476209     0.71125657    0.043476209     0.71125657    0.043476209
            971      0.8464745     0.06455461      0.8464745     0.06455461      0.8464745     0.06455461
            972     0.79750572    0.088260221     0.79750572    0.088260221     0.79750572    0.088260221
            973     0.74044796    0.048890911     0.74044796    0.048890911     0.74044796    0.048890911
            974     0.70989625    0.039078334     0.70989625    0.039078334     0.70989625    0.039078334
            975     0.74237008    0.050023729     0.74237008    0.050023729     0.74237008    0.050023729
            976     0.69328975    0.048929807     0.69328975    0.048929807     0.69328975    0.048929807
            977     0.77517005    0.072287999     0.77517005    0.072287999     0.77517005    0.072287999
            978     0.62735946    0.034395907     0.62735946    0.034395907     0.62735946    0.034395907
            979     0.71131433    0.057504535     0.71131433    0.057504535     0.71131433    0.057504535
            980     0.72580084    0.040464346     0.72580084    0.040464346     0.72580084    0.040464346
            981     0.82322407    0.078294206     0.82322407    0.078294206     0.82322407    0.078294206
            982      0.9867111     0.18472504      0.9867111     0.18472504      0.9867111     0.18472504
            983     0.56404418    0.036050246     0.56404418    0.036050246     0.56404418    0.036050246
            984     0.90691602     0.17111948     0.90691602     0.17111948     0.90691602     0.17111948
            985     0.68226007    0.066127267     0.68226007    0.066127267     0.68226007    0.066127267
            986     0.66606454    0.050830247     0.66606454    0.050830247     0.66606454    0.050830247
            987     0.65283117    0.047714845     0.65283117    0.047714845     0.65283117    0.047714845
            988     0.72541765    0.062429217     0.72541765    0.062429217     0.72541765    0.062429217
            989     0.65568967     0.05427239     0.65568967     0.05427239     0.65568967     0.05427239
            990     0.61473124    0.030423458     0.61473124    0.030423458     0.61473124    0.030423458
            991     0.68705711    0.048388331     0.68705711    0.048388331     0.68705711    0.048388331
            992     0.63303772    0.049699911     0.63303772    0.049699911     0.63303772    0.049699911
            993     0.58767176    0.038616839     0.58767176    0.038616839     0.58767176    0.038616839
            994     0.59685876    0.033100972     0.59685876    0.033100972     0.59685876    0.033100972
            995     0.67747227    0.063742908     0.67747227    0.063742908     0.67747227    0.063742908
            996     0.63991444    0.033002786     0.63991444    0.033002786     0.63991444    0.033002786
            997     0.78163018     0.13432292     0.78163018     0.13432292     0.78163018     0.13432292
            998     0.62133895     0.04036468     0.62133895     0.04036468     0.62133895     0.04036468
            999     0.66421097    0.048881989     0.66421097    0.048881989     0.66421097    0.048881989
           1000     0.66421097    0.048881989     0.66421097    0.048881989     0.66421097    0.048881989
