            bin (pT_b)   qTcut           contribution/subprocess            dsigma +-            error     chi2_dof   n_run [total]   (removed)   events / bin

         0           5   0.01            NNLO.QT-CS.42.RRA              0.10501116 +-       0.00067783
--------------------------------------------------------------------------------------------------------------------------------------------------------------
         0           5   0.01            dd~_epvebb~sc~                 0.04434169 +-       0.00039521       0.8016       0 [    3]      (   0)          23114
         0           5   0.01            uu~_epvebb~sc~                 0.06066947 +-       0.00055069       0.9738       0 [    3]      (   0)          22565

         0           5   0.05            NNLO.QT-CS.42.RRA              0.10501116 +-       0.00067783
--------------------------------------------------------------------------------------------------------------------------------------------------------------
         0           5   0.05            dd~_epvebb~sc~                 0.04434169 +-       0.00039521       0.8016       0 [    3]      (   0)          23109
         0           5   0.05            uu~_epvebb~sc~                 0.06066947 +-       0.00055069       0.9738       0 [    3]      (   0)          22557

         0           5   0.1             NNLO.QT-CS.42.RRA              0.10501116 +-       0.00067783
--------------------------------------------------------------------------------------------------------------------------------------------------------------
         0           5   0.1             dd~_epvebb~sc~                 0.04434169 +-       0.00039521       0.8016       0 [    3]      (   0)          23100
         0           5   0.1             uu~_epvebb~sc~                 0.06066947 +-       0.00055069       0.9738       0 [    3]      (   0)          22553

         0           5   0.15            NNLO.QT-CS.42.RRA              0.10500146 +-       0.00067780
--------------------------------------------------------------------------------------------------------------------------------------------------------------
         0           5   0.15            dd~_epvebb~sc~                 0.04433686 +-       0.00039519       0.7954       0 [    3]      (   0)          23092
         0           5   0.15            uu~_epvebb~sc~                 0.06066460 +-       0.00055067       0.9726       0 [    3]      (   0)          22546

         0           5   0.2             NNLO.QT-CS.42.RRA              0.10500146 +-       0.00067780
--------------------------------------------------------------------------------------------------------------------------------------------------------------
         0           5   0.2             dd~_epvebb~sc~                 0.04433686 +-       0.00039519       0.7954       0 [    3]      (   0)          23083
         0           5   0.2             uu~_epvebb~sc~                 0.06066460 +-       0.00055067       0.9726       0 [    3]      (   0)          22543

         0           5   0.25            NNLO.QT-CS.42.RRA              0.10500144 +-       0.00067780
--------------------------------------------------------------------------------------------------------------------------------------------------------------
         0           5   0.25            dd~_epvebb~sc~                 0.04433684 +-       0.00039519       0.7954       0 [    3]      (   0)          23078
         0           5   0.25            uu~_epvebb~sc~                 0.06066460 +-       0.00055067       0.9726       0 [    3]      (   0)          22537

         0           5   0.5             NNLO.QT-CS.42.RRA              0.10499534 +-       0.00067779
--------------------------------------------------------------------------------------------------------------------------------------------------------------
         0           5   0.5             dd~_epvebb~sc~                 0.04433075 +-       0.00039517       0.7859       0 [    3]      (   0)          23053
         0           5   0.5             uu~_epvebb~sc~                 0.06066459 +-       0.00055067       0.9725       0 [    3]      (   0)          22513

==============================================================================================================================================================

         5          10   0.01            NNLO.QT-CS.42.RRA              0.15909072 +-       0.00085323
--------------------------------------------------------------------------------------------------------------------------------------------------------------
         5          10   0.01            dd~_epvebb~sc~                 0.06802701 +-       0.00050308        1.212       0 [    3]      (   0)          25986
         5          10   0.01            uu~_epvebb~sc~                 0.09106371 +-       0.00068914        1.200       0 [    3]      (   0)          25269

         5          10   0.05            NNLO.QT-CS.42.RRA              0.15909072 +-       0.00085323
--------------------------------------------------------------------------------------------------------------------------------------------------------------
         5          10   0.05            dd~_epvebb~sc~                 0.06802701 +-       0.00050308        1.212       0 [    3]      (   0)          25983
         5          10   0.05            uu~_epvebb~sc~                 0.09106371 +-       0.00068914        1.200       0 [    3]      (   0)          25269

         5          10   0.1             NNLO.QT-CS.42.RRA              0.15908921 +-       0.00085323
--------------------------------------------------------------------------------------------------------------------------------------------------------------
         5          10   0.1             dd~_epvebb~sc~                 0.06802701 +-       0.00050308        1.212       0 [    3]      (   0)          25983
         5          10   0.1             uu~_epvebb~sc~                 0.09106220 +-       0.00068914        1.204       0 [    3]      (   0)          25268

         5          10   0.15            NNLO.QT-CS.42.RRA              0.15908921 +-       0.00085323
--------------------------------------------------------------------------------------------------------------------------------------------------------------
         5          10   0.15            dd~_epvebb~sc~                 0.06802701 +-       0.00050308        1.212       0 [    3]      (   0)          25982
         5          10   0.15            uu~_epvebb~sc~                 0.09106220 +-       0.00068914        1.204       0 [    3]      (   0)          25268

         5          10   0.2             NNLO.QT-CS.42.RRA              0.15908848 +-       0.00085323
--------------------------------------------------------------------------------------------------------------------------------------------------------------
         5          10   0.2             dd~_epvebb~sc~                 0.06802701 +-       0.00050308        1.212       0 [    3]      (   0)          25982
         5          10   0.2             uu~_epvebb~sc~                 0.09106148 +-       0.00068914        1.204       0 [    3]      (   0)          25267

         5          10   0.25            NNLO.QT-CS.42.RRA              0.15908820 +-       0.00085323
--------------------------------------------------------------------------------------------------------------------------------------------------------------
         5          10   0.25            dd~_epvebb~sc~                 0.06802701 +-       0.00050308        1.212       0 [    3]      (   0)          25982
         5          10   0.25            uu~_epvebb~sc~                 0.09106119 +-       0.00068914        1.203       0 [    3]      (   0)          25266

         5          10   0.5             NNLO.QT-CS.42.RRA              0.15907002 +-       0.00085318
--------------------------------------------------------------------------------------------------------------------------------------------------------------
         5          10   0.5             dd~_epvebb~sc~                 0.06802178 +-       0.00050307        1.230       0 [    3]      (   0)          25976
         5          10   0.5             uu~_epvebb~sc~                 0.09104824 +-       0.00068909        1.176       0 [    3]      (   0)          25260

==============================================================================================================================================================

        10          15   0.01            NNLO.QT-CS.42.RRA              0.12604475 +-       0.00078669
--------------------------------------------------------------------------------------------------------------------------------------------------------------
        10          15   0.01            dd~_epvebb~sc~                 0.05308056 +-       0.00045739       0.3827       0 [    3]      (   0)          18914
        10          15   0.01            uu~_epvebb~sc~                 0.07296419 +-       0.00064006       0.4868       0 [    3]      (   0)          18482

        10          15   0.05            NNLO.QT-CS.42.RRA              0.12604475 +-       0.00078669
--------------------------------------------------------------------------------------------------------------------------------------------------------------
        10          15   0.05            dd~_epvebb~sc~                 0.05308056 +-       0.00045739       0.3827       0 [    3]      (   0)          18913
        10          15   0.05            uu~_epvebb~sc~                 0.07296419 +-       0.00064006       0.4868       0 [    3]      (   0)          18482

        10          15   0.1             NNLO.QT-CS.42.RRA              0.12604457 +-       0.00078669
--------------------------------------------------------------------------------------------------------------------------------------------------------------
        10          15   0.1             dd~_epvebb~sc~                 0.05308056 +-       0.00045739       0.3827       0 [    3]      (   0)          18913
        10          15   0.1             uu~_epvebb~sc~                 0.07296401 +-       0.00064006       0.4866       0 [    3]      (   0)          18481

        10          15   0.15            NNLO.QT-CS.42.RRA              0.12604243 +-       0.00078669
--------------------------------------------------------------------------------------------------------------------------------------------------------------
        10          15   0.15            dd~_epvebb~sc~                 0.05308056 +-       0.00045739       0.3827       0 [    3]      (   0)          18912
        10          15   0.15            uu~_epvebb~sc~                 0.07296187 +-       0.00064006       0.4899       0 [    3]      (   0)          18480

        10          15   0.2             NNLO.QT-CS.42.RRA              0.12604221 +-       0.00078669
--------------------------------------------------------------------------------------------------------------------------------------------------------------
        10          15   0.2             dd~_epvebb~sc~                 0.05308056 +-       0.00045739       0.3827       0 [    3]      (   0)          18912
        10          15   0.2             uu~_epvebb~sc~                 0.07296165 +-       0.00064006       0.4902       0 [    3]      (   0)          18479

        10          15   0.25            NNLO.QT-CS.42.RRA              0.12604221 +-       0.00078669
--------------------------------------------------------------------------------------------------------------------------------------------------------------
        10          15   0.25            dd~_epvebb~sc~                 0.05308056 +-       0.00045739       0.3827       0 [    3]      (   0)          18909
        10          15   0.25            uu~_epvebb~sc~                 0.07296165 +-       0.00064006       0.4902       0 [    3]      (   0)          18478

        10          15   0.5             NNLO.QT-CS.42.RRA              0.12602418 +-       0.00078661
--------------------------------------------------------------------------------------------------------------------------------------------------------------
        10          15   0.5             dd~_epvebb~sc~                 0.05307393 +-       0.00045738       0.3735       0 [    3]      (   0)          18903
        10          15   0.5             uu~_epvebb~sc~                 0.07295025 +-       0.00063997       0.4732       0 [    3]      (   0)          18475

==============================================================================================================================================================

        15          20   0.01            NNLO.QT-CS.42.RRA             0.093473075 +-      0.000691101
--------------------------------------------------------------------------------------------------------------------------------------------------------------
        15          20   0.01            dd~_epvebb~sc~                0.039529797 +-      0.000403692      0.06008       0 [    3]      (   0)          13770
        15          20   0.01            uu~_epvebb~sc~                0.053943278 +-      0.000560940       0.7520       0 [    3]      (   0)          13607

        15          20   0.05            NNLO.QT-CS.42.RRA             0.093473075 +-      0.000691101
--------------------------------------------------------------------------------------------------------------------------------------------------------------
        15          20   0.05            dd~_epvebb~sc~                0.039529797 +-      0.000403692      0.06008       0 [    3]      (   0)          13770
        15          20   0.05            uu~_epvebb~sc~                0.053943278 +-      0.000560940       0.7520       0 [    3]      (   0)          13607

        15          20   0.1             NNLO.QT-CS.42.RRA             0.093473075 +-      0.000691101
--------------------------------------------------------------------------------------------------------------------------------------------------------------
        15          20   0.1             dd~_epvebb~sc~                0.039529797 +-      0.000403692      0.06008       0 [    3]      (   0)          13770
        15          20   0.1             uu~_epvebb~sc~                0.053943278 +-      0.000560940       0.7520       0 [    3]      (   0)          13607

        15          20   0.15            NNLO.QT-CS.42.RRA             0.093473075 +-      0.000691101
--------------------------------------------------------------------------------------------------------------------------------------------------------------
        15          20   0.15            dd~_epvebb~sc~                0.039529797 +-      0.000403692      0.06008       0 [    3]      (   0)          13770
        15          20   0.15            uu~_epvebb~sc~                0.053943278 +-      0.000560940       0.7520       0 [    3]      (   0)          13607

        15          20   0.2             NNLO.QT-CS.42.RRA             0.093473075 +-      0.000691101
--------------------------------------------------------------------------------------------------------------------------------------------------------------
        15          20   0.2             dd~_epvebb~sc~                0.039529797 +-      0.000403692      0.06008       0 [    3]      (   0)          13770
        15          20   0.2             uu~_epvebb~sc~                0.053943278 +-      0.000560940       0.7520       0 [    3]      (   0)          13607

        15          20   0.25            NNLO.QT-CS.42.RRA             0.093473075 +-      0.000691101
--------------------------------------------------------------------------------------------------------------------------------------------------------------
        15          20   0.25            dd~_epvebb~sc~                0.039529797 +-      0.000403692      0.06008       0 [    3]      (   0)          13769
        15          20   0.25            uu~_epvebb~sc~                0.053943278 +-      0.000560940       0.7520       0 [    3]      (   0)          13606

        15          20   0.5             NNLO.QT-CS.42.RRA             0.093451026 +-      0.000691019
--------------------------------------------------------------------------------------------------------------------------------------------------------------
        15          20   0.5             dd~_epvebb~sc~                0.039514092 +-      0.000403573      0.05323       0 [    3]      (   0)          13763
        15          20   0.5             uu~_epvebb~sc~                0.053936933 +-      0.000560924       0.7606       0 [    3]      (   0)          13604

==============================================================================================================================================================

        20          25   0.01            NNLO.QT-CS.42.RRA             0.071092942 +-      0.000604679
--------------------------------------------------------------------------------------------------------------------------------------------------------------
        20          25   0.01            dd~_epvebb~sc~                0.029820269 +-      0.000353085       0.4372       0 [    3]      (   0)          10461
        20          25   0.01            uu~_epvebb~sc~                0.041272673 +-      0.000490884       0.2923       0 [    3]      (   0)          10412

        20          25   0.05            NNLO.QT-CS.42.RRA             0.071092942 +-      0.000604679
--------------------------------------------------------------------------------------------------------------------------------------------------------------
        20          25   0.05            dd~_epvebb~sc~                0.029820269 +-      0.000353085       0.4372       0 [    3]      (   0)          10461
        20          25   0.05            uu~_epvebb~sc~                0.041272673 +-      0.000490884       0.2923       0 [    3]      (   0)          10412

        20          25   0.1             NNLO.QT-CS.42.RRA             0.071092942 +-      0.000604679
--------------------------------------------------------------------------------------------------------------------------------------------------------------
        20          25   0.1             dd~_epvebb~sc~                0.029820269 +-      0.000353085       0.4372       0 [    3]      (   0)          10461
        20          25   0.1             uu~_epvebb~sc~                0.041272673 +-      0.000490884       0.2923       0 [    3]      (   0)          10412

        20          25   0.15            NNLO.QT-CS.42.RRA             0.071092942 +-      0.000604679
--------------------------------------------------------------------------------------------------------------------------------------------------------------
        20          25   0.15            dd~_epvebb~sc~                0.029820269 +-      0.000353085       0.4372       0 [    3]      (   0)          10461
        20          25   0.15            uu~_epvebb~sc~                0.041272673 +-      0.000490884       0.2923       0 [    3]      (   0)          10412

        20          25   0.2             NNLO.QT-CS.42.RRA             0.071092942 +-      0.000604679
--------------------------------------------------------------------------------------------------------------------------------------------------------------
        20          25   0.2             dd~_epvebb~sc~                0.029820269 +-      0.000353085       0.4372       0 [    3]      (   0)          10461
        20          25   0.2             uu~_epvebb~sc~                0.041272673 +-      0.000490884       0.2923       0 [    3]      (   0)          10412

        20          25   0.25            NNLO.QT-CS.42.RRA             0.071092942 +-      0.000604679
--------------------------------------------------------------------------------------------------------------------------------------------------------------
        20          25   0.25            dd~_epvebb~sc~                0.029820269 +-      0.000353085       0.4372       0 [    3]      (   0)          10461
        20          25   0.25            uu~_epvebb~sc~                0.041272673 +-      0.000490884       0.2923       0 [    3]      (   0)          10412

        20          25   0.5             NNLO.QT-CS.42.RRA             0.071085680 +-      0.000604653
--------------------------------------------------------------------------------------------------------------------------------------------------------------
        20          25   0.5             dd~_epvebb~sc~                0.029814576 +-      0.000353043       0.4519       0 [    3]      (   0)          10460
        20          25   0.5             uu~_epvebb~sc~                0.041271104 +-      0.000490883       0.2895       0 [    3]      (   0)          10411

==============================================================================================================================================================

        25          30   0.01            NNLO.QT-CS.42.RRA             0.055393196 +-      0.000544086
--------------------------------------------------------------------------------------------------------------------------------------------------------------
        25          30   0.01            dd~_epvebb~sc~                0.023032091 +-      0.000312912       0.7029       0 [    3]      (   0)           8229
        25          30   0.01            uu~_epvebb~sc~                0.032361105 +-      0.000445102      0.05948       0 [    3]      (   0)           8268

        25          30   0.05            NNLO.QT-CS.42.RRA             0.055393196 +-      0.000544086
--------------------------------------------------------------------------------------------------------------------------------------------------------------
        25          30   0.05            dd~_epvebb~sc~                0.023032091 +-      0.000312912       0.7029       0 [    3]      (   0)           8229
        25          30   0.05            uu~_epvebb~sc~                0.032361105 +-      0.000445102      0.05948       0 [    3]      (   0)           8268

        25          30   0.1             NNLO.QT-CS.42.RRA             0.055393196 +-      0.000544086
--------------------------------------------------------------------------------------------------------------------------------------------------------------
        25          30   0.1             dd~_epvebb~sc~                0.023032091 +-      0.000312912       0.7029       0 [    3]      (   0)           8229
        25          30   0.1             uu~_epvebb~sc~                0.032361105 +-      0.000445102      0.05948       0 [    3]      (   0)           8268

        25          30   0.15            NNLO.QT-CS.42.RRA             0.055393196 +-      0.000544086
--------------------------------------------------------------------------------------------------------------------------------------------------------------
        25          30   0.15            dd~_epvebb~sc~                0.023032091 +-      0.000312912       0.7029       0 [    3]      (   0)           8229
        25          30   0.15            uu~_epvebb~sc~                0.032361105 +-      0.000445102      0.05948       0 [    3]      (   0)           8267

        25          30   0.2             NNLO.QT-CS.42.RRA             0.055393196 +-      0.000544086
--------------------------------------------------------------------------------------------------------------------------------------------------------------
        25          30   0.2             dd~_epvebb~sc~                0.023032091 +-      0.000312912       0.7029       0 [    3]      (   0)           8229
        25          30   0.2             uu~_epvebb~sc~                0.032361105 +-      0.000445102      0.05948       0 [    3]      (   0)           8267

        25          30   0.25            NNLO.QT-CS.42.RRA             0.055393196 +-      0.000544086
--------------------------------------------------------------------------------------------------------------------------------------------------------------
        25          30   0.25            dd~_epvebb~sc~                0.023032091 +-      0.000312912       0.7029       0 [    3]      (   0)           8229
        25          30   0.25            uu~_epvebb~sc~                0.032361105 +-      0.000445102      0.05948       0 [    3]      (   0)           8267

        25          30   0.5             NNLO.QT-CS.42.RRA             0.055383139 +-      0.000544063
--------------------------------------------------------------------------------------------------------------------------------------------------------------
        25          30   0.5             dd~_epvebb~sc~                0.023022034 +-      0.000312872       0.7051       0 [    3]      (   0)           8223
        25          30   0.5             uu~_epvebb~sc~                0.032361105 +-      0.000445102      0.05948       0 [    3]      (   0)           8267

==============================================================================================================================================================

        30          35   0.01            NNLO.QT-CS.42.RRA             0.041907182 +-      0.000463383
--------------------------------------------------------------------------------------------------------------------------------------------------------------
        30          35   0.01            dd~_epvebb~sc~                0.017646918 +-      0.000269874       0.5188       0 [    3]      (   0)           6514
        30          35   0.01            uu~_epvebb~sc~                0.024260264 +-      0.000376685       0.2295       0 [    3]      (   0)           6411

        30          35   0.05            NNLO.QT-CS.42.RRA             0.041907182 +-      0.000463383
--------------------------------------------------------------------------------------------------------------------------------------------------------------
        30          35   0.05            dd~_epvebb~sc~                0.017646918 +-      0.000269874       0.5188       0 [    3]      (   0)           6513
        30          35   0.05            uu~_epvebb~sc~                0.024260264 +-      0.000376685       0.2295       0 [    3]      (   0)           6411

        30          35   0.1             NNLO.QT-CS.42.RRA             0.041907182 +-      0.000463383
--------------------------------------------------------------------------------------------------------------------------------------------------------------
        30          35   0.1             dd~_epvebb~sc~                0.017646918 +-      0.000269874       0.5188       0 [    3]      (   0)           6513
        30          35   0.1             uu~_epvebb~sc~                0.024260264 +-      0.000376685       0.2295       0 [    3]      (   0)           6411

        30          35   0.15            NNLO.QT-CS.42.RRA             0.041907182 +-      0.000463383
--------------------------------------------------------------------------------------------------------------------------------------------------------------
        30          35   0.15            dd~_epvebb~sc~                0.017646918 +-      0.000269874       0.5188       0 [    3]      (   0)           6513
        30          35   0.15            uu~_epvebb~sc~                0.024260264 +-      0.000376685       0.2295       0 [    3]      (   0)           6411

        30          35   0.2             NNLO.QT-CS.42.RRA             0.041907182 +-      0.000463383
--------------------------------------------------------------------------------------------------------------------------------------------------------------
        30          35   0.2             dd~_epvebb~sc~                0.017646918 +-      0.000269874       0.5188       0 [    3]      (   0)           6511
        30          35   0.2             uu~_epvebb~sc~                0.024260264 +-      0.000376685       0.2295       0 [    3]      (   0)           6411

        30          35   0.25            NNLO.QT-CS.42.RRA             0.041905920 +-      0.000463382
--------------------------------------------------------------------------------------------------------------------------------------------------------------
        30          35   0.25            dd~_epvebb~sc~                0.017646918 +-      0.000269874       0.5188       0 [    3]      (   0)           6511
        30          35   0.25            uu~_epvebb~sc~                0.024259002 +-      0.000376683       0.2271       0 [    3]      (   0)           6410

        30          35   0.5             NNLO.QT-CS.42.RRA             0.041900355 +-      0.000463350
--------------------------------------------------------------------------------------------------------------------------------------------------------------
        30          35   0.5             dd~_epvebb~sc~                0.017646918 +-      0.000269874       0.5188       0 [    3]      (   0)           6511
        30          35   0.5             uu~_epvebb~sc~                0.024253437 +-      0.000376645       0.2288       0 [    3]      (   0)           6409

==============================================================================================================================================================

        35          40   0.01            NNLO.QT-CS.42.RRA             0.033239154 +-      0.000409385
--------------------------------------------------------------------------------------------------------------------------------------------------------------
        35          40   0.01            dd~_epvebb~sc~                0.013741921 +-      0.000238005        1.064       0 [    3]      (   0)           5199
        35          40   0.01            uu~_epvebb~sc~                0.019497233 +-      0.000333092       0.2353       0 [    3]      (   0)           5375

        35          40   0.05            NNLO.QT-CS.42.RRA             0.033239154 +-      0.000409385
--------------------------------------------------------------------------------------------------------------------------------------------------------------
        35          40   0.05            dd~_epvebb~sc~                0.013741921 +-      0.000238005        1.064       0 [    3]      (   0)           5199
        35          40   0.05            uu~_epvebb~sc~                0.019497233 +-      0.000333092       0.2353       0 [    3]      (   0)           5375

        35          40   0.1             NNLO.QT-CS.42.RRA             0.033239154 +-      0.000409385
--------------------------------------------------------------------------------------------------------------------------------------------------------------
        35          40   0.1             dd~_epvebb~sc~                0.013741921 +-      0.000238005        1.064       0 [    3]      (   0)           5199
        35          40   0.1             uu~_epvebb~sc~                0.019497233 +-      0.000333092       0.2353       0 [    3]      (   0)           5375

        35          40   0.15            NNLO.QT-CS.42.RRA             0.033236511 +-      0.000409377
--------------------------------------------------------------------------------------------------------------------------------------------------------------
        35          40   0.15            dd~_epvebb~sc~                0.013741921 +-      0.000238005        1.064       0 [    3]      (   0)           5199
        35          40   0.15            uu~_epvebb~sc~                0.019494590 +-      0.000333082       0.2408       0 [    3]      (   0)           5374

        35          40   0.2             NNLO.QT-CS.42.RRA             0.033236511 +-      0.000409377
--------------------------------------------------------------------------------------------------------------------------------------------------------------
        35          40   0.2             dd~_epvebb~sc~                0.013741921 +-      0.000238005        1.064       0 [    3]      (   0)           5199
        35          40   0.2             uu~_epvebb~sc~                0.019494590 +-      0.000333082       0.2408       0 [    3]      (   0)           5374

        35          40   0.25            NNLO.QT-CS.42.RRA             0.033236511 +-      0.000409377
--------------------------------------------------------------------------------------------------------------------------------------------------------------
        35          40   0.25            dd~_epvebb~sc~                0.013741921 +-      0.000238005        1.064       0 [    3]      (   0)           5199
        35          40   0.25            uu~_epvebb~sc~                0.019494590 +-      0.000333082       0.2408       0 [    3]      (   0)           5374

        35          40   0.5             NNLO.QT-CS.42.RRA             0.033236511 +-      0.000409377
--------------------------------------------------------------------------------------------------------------------------------------------------------------
        35          40   0.5             dd~_epvebb~sc~                0.013741921 +-      0.000238005        1.064       0 [    3]      (   0)           5199
        35          40   0.5             uu~_epvebb~sc~                0.019494590 +-      0.000333082       0.2408       0 [    3]      (   0)           5374

==============================================================================================================================================================

        40          45   0.01            NNLO.QT-CS.42.RRA             0.026721840 +-      0.000369341
--------------------------------------------------------------------------------------------------------------------------------------------------------------
        40          45   0.01            dd~_epvebb~sc~                0.010556393 +-      0.000206224      0.02527       0 [    3]      (   0)           4182
        40          45   0.01            uu~_epvebb~sc~                0.016165447 +-      0.000306405       0.4276       0 [    3]      (   0)           4445

        40          45   0.05            NNLO.QT-CS.42.RRA             0.026721840 +-      0.000369341
--------------------------------------------------------------------------------------------------------------------------------------------------------------
        40          45   0.05            dd~_epvebb~sc~                0.010556393 +-      0.000206224      0.02527       0 [    3]      (   0)           4182
        40          45   0.05            uu~_epvebb~sc~                0.016165447 +-      0.000306405       0.4276       0 [    3]      (   0)           4445

        40          45   0.1             NNLO.QT-CS.42.RRA             0.026721840 +-      0.000369341
--------------------------------------------------------------------------------------------------------------------------------------------------------------
        40          45   0.1             dd~_epvebb~sc~                0.010556393 +-      0.000206224      0.02527       0 [    3]      (   0)           4182
        40          45   0.1             uu~_epvebb~sc~                0.016165447 +-      0.000306405       0.4276       0 [    3]      (   0)           4445

        40          45   0.15            NNLO.QT-CS.42.RRA             0.026721840 +-      0.000369341
--------------------------------------------------------------------------------------------------------------------------------------------------------------
        40          45   0.15            dd~_epvebb~sc~                0.010556393 +-      0.000206224      0.02527       0 [    3]      (   0)           4182
        40          45   0.15            uu~_epvebb~sc~                0.016165447 +-      0.000306405       0.4276       0 [    3]      (   0)           4445

        40          45   0.2             NNLO.QT-CS.42.RRA             0.026721840 +-      0.000369341
--------------------------------------------------------------------------------------------------------------------------------------------------------------
        40          45   0.2             dd~_epvebb~sc~                0.010556393 +-      0.000206224      0.02527       0 [    3]      (   0)           4182
        40          45   0.2             uu~_epvebb~sc~                0.016165447 +-      0.000306405       0.4276       0 [    3]      (   0)           4445

        40          45   0.25            NNLO.QT-CS.42.RRA             0.026721840 +-      0.000369341
--------------------------------------------------------------------------------------------------------------------------------------------------------------
        40          45   0.25            dd~_epvebb~sc~                0.010556393 +-      0.000206224      0.02527       0 [    3]      (   0)           4182
        40          45   0.25            uu~_epvebb~sc~                0.016165447 +-      0.000306405       0.4276       0 [    3]      (   0)           4445

        40          45   0.5             NNLO.QT-CS.42.RRA             0.026721840 +-      0.000369341
--------------------------------------------------------------------------------------------------------------------------------------------------------------
        40          45   0.5             dd~_epvebb~sc~                0.010556393 +-      0.000206224      0.02527       0 [    3]      (   0)           4180
        40          45   0.5             uu~_epvebb~sc~                0.016165447 +-      0.000306405       0.4276       0 [    3]      (   0)           4444

==============================================================================================================================================================

        45          50   0.01            NNLO.QT-CS.42.RRA             0.021601243 +-      0.000331056
--------------------------------------------------------------------------------------------------------------------------------------------------------------
        45          50   0.01            dd~_epvebb~sc~                0.008659239 +-      0.000186340      0.08978       0 [    3]      (   0)           3558
        45          50   0.01            uu~_epvebb~sc~                0.012942004 +-      0.000273634       0.2121       0 [    3]      (   0)           3769

        45          50   0.05            NNLO.QT-CS.42.RRA             0.021601243 +-      0.000331056
--------------------------------------------------------------------------------------------------------------------------------------------------------------
        45          50   0.05            dd~_epvebb~sc~                0.008659239 +-      0.000186340      0.08978       0 [    3]      (   0)           3558
        45          50   0.05            uu~_epvebb~sc~                0.012942004 +-      0.000273634       0.2121       0 [    3]      (   0)           3769

        45          50   0.1             NNLO.QT-CS.42.RRA             0.021601243 +-      0.000331056
--------------------------------------------------------------------------------------------------------------------------------------------------------------
        45          50   0.1             dd~_epvebb~sc~                0.008659239 +-      0.000186340      0.08978       0 [    3]      (   0)           3558
        45          50   0.1             uu~_epvebb~sc~                0.012942004 +-      0.000273634       0.2121       0 [    3]      (   0)           3769

        45          50   0.15            NNLO.QT-CS.42.RRA             0.021601243 +-      0.000331056
--------------------------------------------------------------------------------------------------------------------------------------------------------------
        45          50   0.15            dd~_epvebb~sc~                0.008659239 +-      0.000186340      0.08978       0 [    3]      (   0)           3557
        45          50   0.15            uu~_epvebb~sc~                0.012942004 +-      0.000273634       0.2121       0 [    3]      (   0)           3769

        45          50   0.2             NNLO.QT-CS.42.RRA             0.021601243 +-      0.000331056
--------------------------------------------------------------------------------------------------------------------------------------------------------------
        45          50   0.2             dd~_epvebb~sc~                0.008659239 +-      0.000186340      0.08978       0 [    3]      (   0)           3557
        45          50   0.2             uu~_epvebb~sc~                0.012942004 +-      0.000273634       0.2121       0 [    3]      (   0)           3769

        45          50   0.25            NNLO.QT-CS.42.RRA             0.021601243 +-      0.000331056
--------------------------------------------------------------------------------------------------------------------------------------------------------------
        45          50   0.25            dd~_epvebb~sc~                0.008659239 +-      0.000186340      0.08978       0 [    3]      (   0)           3556
        45          50   0.25            uu~_epvebb~sc~                0.012942004 +-      0.000273634       0.2121       0 [    3]      (   0)           3769

        45          50   0.5             NNLO.QT-CS.42.RRA             0.021601243 +-      0.000331056
--------------------------------------------------------------------------------------------------------------------------------------------------------------
        45          50   0.5             dd~_epvebb~sc~                0.008659239 +-      0.000186340      0.08978       0 [    3]      (   0)           3556
        45          50   0.5             uu~_epvebb~sc~                0.012942004 +-      0.000273634       0.2121       0 [    3]      (   0)           3768

==============================================================================================================================================================

        50          55   0.01            NNLO.QT-CS.42.RRA             0.017720768 +-      0.000294657
--------------------------------------------------------------------------------------------------------------------------------------------------------------
        50          55   0.01            dd~_epvebb~sc~                0.007180357 +-      0.000166012     0.001816       0 [    3]      (   0)           3047
        50          55   0.01            uu~_epvebb~sc~                0.010540411 +-      0.000243439        1.175       0 [    3]      (   0)           3148

        50          55   0.05            NNLO.QT-CS.42.RRA             0.017720768 +-      0.000294657
--------------------------------------------------------------------------------------------------------------------------------------------------------------
        50          55   0.05            dd~_epvebb~sc~                0.007180357 +-      0.000166012     0.001816       0 [    3]      (   0)           3047
        50          55   0.05            uu~_epvebb~sc~                0.010540411 +-      0.000243439        1.175       0 [    3]      (   0)           3147

        50          55   0.1             NNLO.QT-CS.42.RRA             0.017720768 +-      0.000294657
--------------------------------------------------------------------------------------------------------------------------------------------------------------
        50          55   0.1             dd~_epvebb~sc~                0.007180357 +-      0.000166012     0.001816       0 [    3]      (   0)           3047
        50          55   0.1             uu~_epvebb~sc~                0.010540411 +-      0.000243439        1.175       0 [    3]      (   0)           3146

        50          55   0.15            NNLO.QT-CS.42.RRA             0.017720768 +-      0.000294657
--------------------------------------------------------------------------------------------------------------------------------------------------------------
        50          55   0.15            dd~_epvebb~sc~                0.007180357 +-      0.000166012     0.001816       0 [    3]      (   0)           3047
        50          55   0.15            uu~_epvebb~sc~                0.010540411 +-      0.000243439        1.175       0 [    3]      (   0)           3146

        50          55   0.2             NNLO.QT-CS.42.RRA             0.017720768 +-      0.000294657
--------------------------------------------------------------------------------------------------------------------------------------------------------------
        50          55   0.2             dd~_epvebb~sc~                0.007180357 +-      0.000166012     0.001816       0 [    3]      (   0)           3047
        50          55   0.2             uu~_epvebb~sc~                0.010540411 +-      0.000243439        1.175       0 [    3]      (   0)           3146

        50          55   0.25            NNLO.QT-CS.42.RRA             0.017720768 +-      0.000294657
--------------------------------------------------------------------------------------------------------------------------------------------------------------
        50          55   0.25            dd~_epvebb~sc~                0.007180357 +-      0.000166012     0.001816       0 [    3]      (   0)           3047
        50          55   0.25            uu~_epvebb~sc~                0.010540411 +-      0.000243439        1.175       0 [    3]      (   0)           3146

        50          55   0.5             NNLO.QT-CS.42.RRA             0.017703166 +-      0.000294478
--------------------------------------------------------------------------------------------------------------------------------------------------------------
        50          55   0.5             dd~_epvebb~sc~                0.007169908 +-      0.000165845     0.001712       0 [    3]      (   0)           3045
        50          55   0.5             uu~_epvebb~sc~                0.010533258 +-      0.000243336        1.176       0 [    3]      (   0)           3145

==============================================================================================================================================================

        55          60   0.01            NNLO.QT-CS.42.RRA             0.015294789 +-      0.000272216
--------------------------------------------------------------------------------------------------------------------------------------------------------------
        55          60   0.01            dd~_epvebb~sc~                0.006271947 +-      0.000156783       0.4910       0 [    3]      (   0)           2649
        55          60   0.01            uu~_epvebb~sc~                0.009022842 +-      0.000222533       0.6460       0 [    3]      (   0)           2785

        55          60   0.05            NNLO.QT-CS.42.RRA             0.015294789 +-      0.000272216
--------------------------------------------------------------------------------------------------------------------------------------------------------------
        55          60   0.05            dd~_epvebb~sc~                0.006271947 +-      0.000156783       0.4910       0 [    3]      (   0)           2649
        55          60   0.05            uu~_epvebb~sc~                0.009022842 +-      0.000222533       0.6460       0 [    3]      (   0)           2785

        55          60   0.1             NNLO.QT-CS.42.RRA             0.015294789 +-      0.000272216
--------------------------------------------------------------------------------------------------------------------------------------------------------------
        55          60   0.1             dd~_epvebb~sc~                0.006271947 +-      0.000156783       0.4910       0 [    3]      (   0)           2649
        55          60   0.1             uu~_epvebb~sc~                0.009022842 +-      0.000222533       0.6460       0 [    3]      (   0)           2785

        55          60   0.15            NNLO.QT-CS.42.RRA             0.015294789 +-      0.000272216
--------------------------------------------------------------------------------------------------------------------------------------------------------------
        55          60   0.15            dd~_epvebb~sc~                0.006271947 +-      0.000156783       0.4910       0 [    3]      (   0)           2649
        55          60   0.15            uu~_epvebb~sc~                0.009022842 +-      0.000222533       0.6460       0 [    3]      (   0)           2785

        55          60   0.2             NNLO.QT-CS.42.RRA             0.015294789 +-      0.000272216
--------------------------------------------------------------------------------------------------------------------------------------------------------------
        55          60   0.2             dd~_epvebb~sc~                0.006271947 +-      0.000156783       0.4910       0 [    3]      (   0)           2649
        55          60   0.2             uu~_epvebb~sc~                0.009022842 +-      0.000222533       0.6460       0 [    3]      (   0)           2785

        55          60   0.25            NNLO.QT-CS.42.RRA             0.015294789 +-      0.000272216
--------------------------------------------------------------------------------------------------------------------------------------------------------------
        55          60   0.25            dd~_epvebb~sc~                0.006271947 +-      0.000156783       0.4910       0 [    3]      (   0)           2649
        55          60   0.25            uu~_epvebb~sc~                0.009022842 +-      0.000222533       0.6460       0 [    3]      (   0)           2785

        55          60   0.5             NNLO.QT-CS.42.RRA             0.015294789 +-      0.000272216
--------------------------------------------------------------------------------------------------------------------------------------------------------------
        55          60   0.5             dd~_epvebb~sc~                0.006271947 +-      0.000156783       0.4910       0 [    3]      (   0)           2648
        55          60   0.5             uu~_epvebb~sc~                0.009022842 +-      0.000222533       0.6460       0 [    3]      (   0)           2784

==============================================================================================================================================================

        60          65   0.01            NNLO.QT-CS.42.RRA             0.011963166 +-      0.000236139
--------------------------------------------------------------------------------------------------------------------------------------------------------------
        60          65   0.01            dd~_epvebb~sc~                0.004939155 +-      0.000135062      0.02681       0 [    3]      (   0)           2252
        60          65   0.01            uu~_epvebb~sc~                0.007024012 +-      0.000193701       0.1989       0 [    3]      (   0)           2278

        60          65   0.05            NNLO.QT-CS.42.RRA             0.011963166 +-      0.000236139
--------------------------------------------------------------------------------------------------------------------------------------------------------------
        60          65   0.05            dd~_epvebb~sc~                0.004939155 +-      0.000135062      0.02681       0 [    3]      (   0)           2252
        60          65   0.05            uu~_epvebb~sc~                0.007024012 +-      0.000193701       0.1989       0 [    3]      (   0)           2278

        60          65   0.1             NNLO.QT-CS.42.RRA             0.011963166 +-      0.000236139
--------------------------------------------------------------------------------------------------------------------------------------------------------------
        60          65   0.1             dd~_epvebb~sc~                0.004939155 +-      0.000135062      0.02681       0 [    3]      (   0)           2252
        60          65   0.1             uu~_epvebb~sc~                0.007024012 +-      0.000193701       0.1989       0 [    3]      (   0)           2278

        60          65   0.15            NNLO.QT-CS.42.RRA             0.011963166 +-      0.000236139
--------------------------------------------------------------------------------------------------------------------------------------------------------------
        60          65   0.15            dd~_epvebb~sc~                0.004939155 +-      0.000135062      0.02681       0 [    3]      (   0)           2252
        60          65   0.15            uu~_epvebb~sc~                0.007024012 +-      0.000193701       0.1989       0 [    3]      (   0)           2278

        60          65   0.2             NNLO.QT-CS.42.RRA             0.011959947 +-      0.000236117
--------------------------------------------------------------------------------------------------------------------------------------------------------------
        60          65   0.2             dd~_epvebb~sc~                0.004935935 +-      0.000135024      0.03134       0 [    3]      (   0)           2251
        60          65   0.2             uu~_epvebb~sc~                0.007024012 +-      0.000193701       0.1989       0 [    3]      (   0)           2277

        60          65   0.25            NNLO.QT-CS.42.RRA             0.011959947 +-      0.000236117
--------------------------------------------------------------------------------------------------------------------------------------------------------------
        60          65   0.25            dd~_epvebb~sc~                0.004935935 +-      0.000135024      0.03134       0 [    3]      (   0)           2251
        60          65   0.25            uu~_epvebb~sc~                0.007024012 +-      0.000193701       0.1989       0 [    3]      (   0)           2276

        60          65   0.5             NNLO.QT-CS.42.RRA             0.011955057 +-      0.000236089
--------------------------------------------------------------------------------------------------------------------------------------------------------------
        60          65   0.5             dd~_epvebb~sc~                0.004932478 +-      0.000134981      0.02476       0 [    3]      (   0)           2249
        60          65   0.5             uu~_epvebb~sc~                0.007022580 +-      0.000193696       0.2005       0 [    3]      (   0)           2275

==============================================================================================================================================================

        65          70   0.01            NNLO.QT-CS.42.RRA             0.011121353 +-      0.000226637
--------------------------------------------------------------------------------------------------------------------------------------------------------------
        65          70   0.01            dd~_epvebb~sc~                0.004543310 +-      0.000128992        1.041       0 [    3]      (   0)           2098
        65          70   0.01            uu~_epvebb~sc~                0.006578043 +-      0.000186347      0.01722       0 [    3]      (   0)           2118

        65          70   0.05            NNLO.QT-CS.42.RRA             0.011121353 +-      0.000226637
--------------------------------------------------------------------------------------------------------------------------------------------------------------
        65          70   0.05            dd~_epvebb~sc~                0.004543310 +-      0.000128992        1.041       0 [    3]      (   0)           2098
        65          70   0.05            uu~_epvebb~sc~                0.006578043 +-      0.000186347      0.01722       0 [    3]      (   0)           2117

        65          70   0.1             NNLO.QT-CS.42.RRA             0.011121353 +-      0.000226637
--------------------------------------------------------------------------------------------------------------------------------------------------------------
        65          70   0.1             dd~_epvebb~sc~                0.004543310 +-      0.000128992        1.041       0 [    3]      (   0)           2098
        65          70   0.1             uu~_epvebb~sc~                0.006578043 +-      0.000186347      0.01722       0 [    3]      (   0)           2117

        65          70   0.15            NNLO.QT-CS.42.RRA             0.011118480 +-      0.000226619
--------------------------------------------------------------------------------------------------------------------------------------------------------------
        65          70   0.15            dd~_epvebb~sc~                0.004540437 +-      0.000128961        1.081       0 [    3]      (   0)           2096
        65          70   0.15            uu~_epvebb~sc~                0.006578043 +-      0.000186347      0.01722       0 [    3]      (   0)           2117

        65          70   0.2             NNLO.QT-CS.42.RRA             0.011118480 +-      0.000226619
--------------------------------------------------------------------------------------------------------------------------------------------------------------
        65          70   0.2             dd~_epvebb~sc~                0.004540437 +-      0.000128961        1.081       0 [    3]      (   0)           2096
        65          70   0.2             uu~_epvebb~sc~                0.006578043 +-      0.000186347      0.01722       0 [    3]      (   0)           2117

        65          70   0.25            NNLO.QT-CS.42.RRA             0.011118480 +-      0.000226619
--------------------------------------------------------------------------------------------------------------------------------------------------------------
        65          70   0.25            dd~_epvebb~sc~                0.004540437 +-      0.000128961        1.081       0 [    3]      (   0)           2096
        65          70   0.25            uu~_epvebb~sc~                0.006578043 +-      0.000186347      0.01722       0 [    3]      (   0)           2117

        65          70   0.5             NNLO.QT-CS.42.RRA             0.011112894 +-      0.000226595
--------------------------------------------------------------------------------------------------------------------------------------------------------------
        65          70   0.5             dd~_epvebb~sc~                0.004537022 +-      0.000128937        1.060       0 [    3]      (   0)           2094
        65          70   0.5             uu~_epvebb~sc~                0.006575873 +-      0.000186335      0.01519       0 [    3]      (   0)           2115

==============================================================================================================================================================

        70          75   0.01            NNLO.QT-CS.42.RRA            0.0088721529 +-     0.0001956673
--------------------------------------------------------------------------------------------------------------------------------------------------------------
        70          75   0.01            dd~_epvebb~sc~               0.0038104699 +-     0.0001150763       0.8484       0 [    3]      (   0)           1818
        70          75   0.01            uu~_epvebb~sc~               0.0050616830 +-     0.0001582502      0.01071       0 [    3]      (   0)           1731

        70          75   0.05            NNLO.QT-CS.42.RRA            0.0088721529 +-     0.0001956673
--------------------------------------------------------------------------------------------------------------------------------------------------------------
        70          75   0.05            dd~_epvebb~sc~               0.0038104699 +-     0.0001150763       0.8484       0 [    3]      (   0)           1818
        70          75   0.05            uu~_epvebb~sc~               0.0050616830 +-     0.0001582502      0.01071       0 [    3]      (   0)           1731

        70          75   0.1             NNLO.QT-CS.42.RRA            0.0088721529 +-     0.0001956673
--------------------------------------------------------------------------------------------------------------------------------------------------------------
        70          75   0.1             dd~_epvebb~sc~               0.0038104699 +-     0.0001150763       0.8484       0 [    3]      (   0)           1818
        70          75   0.1             uu~_epvebb~sc~               0.0050616830 +-     0.0001582502      0.01071       0 [    3]      (   0)           1730

        70          75   0.15            NNLO.QT-CS.42.RRA            0.0088721529 +-     0.0001956673
--------------------------------------------------------------------------------------------------------------------------------------------------------------
        70          75   0.15            dd~_epvebb~sc~               0.0038104699 +-     0.0001150763       0.8484       0 [    3]      (   0)           1817
        70          75   0.15            uu~_epvebb~sc~               0.0050616830 +-     0.0001582502      0.01071       0 [    3]      (   0)           1730

        70          75   0.2             NNLO.QT-CS.42.RRA            0.0088721529 +-     0.0001956673
--------------------------------------------------------------------------------------------------------------------------------------------------------------
        70          75   0.2             dd~_epvebb~sc~               0.0038104699 +-     0.0001150763       0.8484       0 [    3]      (   0)           1816
        70          75   0.2             uu~_epvebb~sc~               0.0050616830 +-     0.0001582502      0.01071       0 [    3]      (   0)           1730

        70          75   0.25            NNLO.QT-CS.42.RRA            0.0088721529 +-     0.0001956673
--------------------------------------------------------------------------------------------------------------------------------------------------------------
        70          75   0.25            dd~_epvebb~sc~               0.0038104699 +-     0.0001150763       0.8484       0 [    3]      (   0)           1816
        70          75   0.25            uu~_epvebb~sc~               0.0050616830 +-     0.0001582502      0.01071       0 [    3]      (   0)           1730

        70          75   0.5             NNLO.QT-CS.42.RRA            0.0088721529 +-     0.0001956673
--------------------------------------------------------------------------------------------------------------------------------------------------------------
        70          75   0.5             dd~_epvebb~sc~               0.0038104699 +-     0.0001150763       0.8484       0 [    3]      (   0)           1816
        70          75   0.5             uu~_epvebb~sc~               0.0050616830 +-     0.0001582502      0.01071       0 [    3]      (   0)           1730

==============================================================================================================================================================

        75          80   0.01            NNLO.QT-CS.42.RRA            0.0076221716 +-     0.0001813214
--------------------------------------------------------------------------------------------------------------------------------------------------------------
        75          80   0.01            dd~_epvebb~sc~               0.0030271305 +-     0.0001024366       0.1626       0 [    3]      (   0)           1471
        75          80   0.01            uu~_epvebb~sc~               0.0045950411 +-     0.0001496134       0.2895       0 [    3]      (   0)           1646

        75          80   0.05            NNLO.QT-CS.42.RRA            0.0076221716 +-     0.0001813214
--------------------------------------------------------------------------------------------------------------------------------------------------------------
        75          80   0.05            dd~_epvebb~sc~               0.0030271305 +-     0.0001024366       0.1626       0 [    3]      (   0)           1471
        75          80   0.05            uu~_epvebb~sc~               0.0045950411 +-     0.0001496134       0.2895       0 [    3]      (   0)           1646

        75          80   0.1             NNLO.QT-CS.42.RRA            0.0076221716 +-     0.0001813214
--------------------------------------------------------------------------------------------------------------------------------------------------------------
        75          80   0.1             dd~_epvebb~sc~               0.0030271305 +-     0.0001024366       0.1626       0 [    3]      (   0)           1471
        75          80   0.1             uu~_epvebb~sc~               0.0045950411 +-     0.0001496134       0.2895       0 [    3]      (   0)           1646

        75          80   0.15            NNLO.QT-CS.42.RRA            0.0076221716 +-     0.0001813214
--------------------------------------------------------------------------------------------------------------------------------------------------------------
        75          80   0.15            dd~_epvebb~sc~               0.0030271305 +-     0.0001024366       0.1626       0 [    3]      (   0)           1471
        75          80   0.15            uu~_epvebb~sc~               0.0045950411 +-     0.0001496134       0.2895       0 [    3]      (   0)           1646

        75          80   0.2             NNLO.QT-CS.42.RRA            0.0076221716 +-     0.0001813214
--------------------------------------------------------------------------------------------------------------------------------------------------------------
        75          80   0.2             dd~_epvebb~sc~               0.0030271305 +-     0.0001024366       0.1626       0 [    3]      (   0)           1471
        75          80   0.2             uu~_epvebb~sc~               0.0045950411 +-     0.0001496134       0.2895       0 [    3]      (   0)           1645

        75          80   0.25            NNLO.QT-CS.42.RRA            0.0076221716 +-     0.0001813214
--------------------------------------------------------------------------------------------------------------------------------------------------------------
        75          80   0.25            dd~_epvebb~sc~               0.0030271305 +-     0.0001024366       0.1626       0 [    3]      (   0)           1471
        75          80   0.25            uu~_epvebb~sc~               0.0045950411 +-     0.0001496134       0.2895       0 [    3]      (   0)           1645

        75          80   0.5             NNLO.QT-CS.42.RRA            0.0076221716 +-     0.0001813214
--------------------------------------------------------------------------------------------------------------------------------------------------------------
        75          80   0.5             dd~_epvebb~sc~               0.0030271305 +-     0.0001024366       0.1626       0 [    3]      (   0)           1471
        75          80   0.5             uu~_epvebb~sc~               0.0045950411 +-     0.0001496134       0.2895       0 [    3]      (   0)           1644

==============================================================================================================================================================

        80          85   0.01            NNLO.QT-CS.42.RRA            0.0064758773 +-     0.0001626416
--------------------------------------------------------------------------------------------------------------------------------------------------------------
        80          85   0.01            dd~_epvebb~sc~               0.0026496953 +-      9.44229e-05        1.464       0 [    3]      (   0)           1368
        80          85   0.01            uu~_epvebb~sc~               0.0038261820 +-     0.0001324258       0.9138       0 [    3]      (   0)           1413

        80          85   0.05            NNLO.QT-CS.42.RRA            0.0064758773 +-     0.0001626416
--------------------------------------------------------------------------------------------------------------------------------------------------------------
        80          85   0.05            dd~_epvebb~sc~               0.0026496953 +-      9.44229e-05        1.464       0 [    3]      (   0)           1368
        80          85   0.05            uu~_epvebb~sc~               0.0038261820 +-     0.0001324258       0.9138       0 [    3]      (   0)           1413

        80          85   0.1             NNLO.QT-CS.42.RRA            0.0064758773 +-     0.0001626416
--------------------------------------------------------------------------------------------------------------------------------------------------------------
        80          85   0.1             dd~_epvebb~sc~               0.0026496953 +-      9.44229e-05        1.464       0 [    3]      (   0)           1368
        80          85   0.1             uu~_epvebb~sc~               0.0038261820 +-     0.0001324258       0.9138       0 [    3]      (   0)           1413

        80          85   0.15            NNLO.QT-CS.42.RRA            0.0064753779 +-     0.0001626409
--------------------------------------------------------------------------------------------------------------------------------------------------------------
        80          85   0.15            dd~_epvebb~sc~               0.0026496953 +-      9.44229e-05        1.464       0 [    3]      (   0)           1368
        80          85   0.15            uu~_epvebb~sc~               0.0038256827 +-     0.0001324250       0.9193       0 [    3]      (   0)           1412

        80          85   0.2             NNLO.QT-CS.42.RRA            0.0064753779 +-     0.0001626409
--------------------------------------------------------------------------------------------------------------------------------------------------------------
        80          85   0.2             dd~_epvebb~sc~               0.0026496953 +-      9.44229e-05        1.464       0 [    3]      (   0)           1367
        80          85   0.2             uu~_epvebb~sc~               0.0038256827 +-     0.0001324250       0.9193       0 [    3]      (   0)           1412

        80          85   0.25            NNLO.QT-CS.42.RRA            0.0064753779 +-     0.0001626409
--------------------------------------------------------------------------------------------------------------------------------------------------------------
        80          85   0.25            dd~_epvebb~sc~               0.0026496953 +-      9.44229e-05        1.464       0 [    3]      (   0)           1367
        80          85   0.25            uu~_epvebb~sc~               0.0038256827 +-     0.0001324250       0.9193       0 [    3]      (   0)           1412

        80          85   0.5             NNLO.QT-CS.42.RRA            0.0064753779 +-     0.0001626409
--------------------------------------------------------------------------------------------------------------------------------------------------------------
        80          85   0.5             dd~_epvebb~sc~               0.0026496953 +-      9.44229e-05        1.464       0 [    3]      (   0)           1367
        80          85   0.5             uu~_epvebb~sc~               0.0038256826 +-     0.0001324250       0.9193       0 [    3]      (   0)           1411

==============================================================================================================================================================

        85          90   0.01            NNLO.QT-CS.42.RRA            0.0060703403 +-     0.0001609802
--------------------------------------------------------------------------------------------------------------------------------------------------------------
        85          90   0.01            dd~_epvebb~sc~               0.0025150053 +-      9.17715e-05        1.084       0 [    3]      (   0)           1321
        85          90   0.01            uu~_epvebb~sc~               0.0035553350 +-     0.0001322597       0.4687       0 [    3]      (   0)           1274

        85          90   0.05            NNLO.QT-CS.42.RRA            0.0060703403 +-     0.0001609802
--------------------------------------------------------------------------------------------------------------------------------------------------------------
        85          90   0.05            dd~_epvebb~sc~               0.0025150053 +-      9.17715e-05        1.084       0 [    3]      (   0)           1320
        85          90   0.05            uu~_epvebb~sc~               0.0035553350 +-     0.0001322597       0.4687       0 [    3]      (   0)           1274

        85          90   0.1             NNLO.QT-CS.42.RRA            0.0060703403 +-     0.0001609802
--------------------------------------------------------------------------------------------------------------------------------------------------------------
        85          90   0.1             dd~_epvebb~sc~               0.0025150053 +-      9.17715e-05        1.084       0 [    3]      (   0)           1320
        85          90   0.1             uu~_epvebb~sc~               0.0035553350 +-     0.0001322597       0.4687       0 [    3]      (   0)           1273

        85          90   0.15            NNLO.QT-CS.42.RRA            0.0060703403 +-     0.0001609802
--------------------------------------------------------------------------------------------------------------------------------------------------------------
        85          90   0.15            dd~_epvebb~sc~               0.0025150053 +-      9.17715e-05        1.084       0 [    3]      (   0)           1320
        85          90   0.15            uu~_epvebb~sc~               0.0035553350 +-     0.0001322597       0.4687       0 [    3]      (   0)           1273

        85          90   0.2             NNLO.QT-CS.42.RRA            0.0060703403 +-     0.0001609802
--------------------------------------------------------------------------------------------------------------------------------------------------------------
        85          90   0.2             dd~_epvebb~sc~               0.0025150053 +-      9.17715e-05        1.084       0 [    3]      (   0)           1320
        85          90   0.2             uu~_epvebb~sc~               0.0035553350 +-     0.0001322597       0.4687       0 [    3]      (   0)           1272

        85          90   0.25            NNLO.QT-CS.42.RRA            0.0060703403 +-     0.0001609802
--------------------------------------------------------------------------------------------------------------------------------------------------------------
        85          90   0.25            dd~_epvebb~sc~               0.0025150053 +-      9.17715e-05        1.084       0 [    3]      (   0)           1320
        85          90   0.25            uu~_epvebb~sc~               0.0035553350 +-     0.0001322597       0.4687       0 [    3]      (   0)           1272

        85          90   0.5             NNLO.QT-CS.42.RRA            0.0060703403 +-     0.0001609802
--------------------------------------------------------------------------------------------------------------------------------------------------------------
        85          90   0.5             dd~_epvebb~sc~               0.0025150053 +-      9.17715e-05        1.084       0 [    3]      (   0)           1319
        85          90   0.5             uu~_epvebb~sc~               0.0035553350 +-     0.0001322597       0.4687       0 [    3]      (   0)           1271

==============================================================================================================================================================

        90          95   0.01            NNLO.QT-CS.42.RRA            0.0049171746 +-     0.0001433392
--------------------------------------------------------------------------------------------------------------------------------------------------------------
        90          95   0.01            dd~_epvebb~sc~               0.0020371710 +-      8.41922e-05      0.02816       0 [    3]      (   0)           1111
        90          95   0.01            uu~_epvebb~sc~               0.0028800036 +-     0.0001160078        2.165       0 [    3]      (   0)           1097

        90          95   0.05            NNLO.QT-CS.42.RRA            0.0049171746 +-     0.0001433392
--------------------------------------------------------------------------------------------------------------------------------------------------------------
        90          95   0.05            dd~_epvebb~sc~               0.0020371710 +-      8.41922e-05      0.02816       0 [    3]      (   0)           1110
        90          95   0.05            uu~_epvebb~sc~               0.0028800036 +-     0.0001160078        2.165       0 [    3]      (   0)           1097

        90          95   0.1             NNLO.QT-CS.42.RRA            0.0049171746 +-     0.0001433392
--------------------------------------------------------------------------------------------------------------------------------------------------------------
        90          95   0.1             dd~_epvebb~sc~               0.0020371710 +-      8.41922e-05      0.02816       0 [    3]      (   0)           1110
        90          95   0.1             uu~_epvebb~sc~               0.0028800036 +-     0.0001160078        2.165       0 [    3]      (   0)           1097

        90          95   0.15            NNLO.QT-CS.42.RRA            0.0049171746 +-     0.0001433392
--------------------------------------------------------------------------------------------------------------------------------------------------------------
        90          95   0.15            dd~_epvebb~sc~               0.0020371710 +-      8.41922e-05      0.02816       0 [    3]      (   0)           1110
        90          95   0.15            uu~_epvebb~sc~               0.0028800036 +-     0.0001160078        2.165       0 [    3]      (   0)           1097

        90          95   0.2             NNLO.QT-CS.42.RRA            0.0049171746 +-     0.0001433392
--------------------------------------------------------------------------------------------------------------------------------------------------------------
        90          95   0.2             dd~_epvebb~sc~               0.0020371710 +-      8.41922e-05      0.02816       0 [    3]      (   0)           1109
        90          95   0.2             uu~_epvebb~sc~               0.0028800036 +-     0.0001160078        2.165       0 [    3]      (   0)           1097

        90          95   0.25            NNLO.QT-CS.42.RRA            0.0049171746 +-     0.0001433392
--------------------------------------------------------------------------------------------------------------------------------------------------------------
        90          95   0.25            dd~_epvebb~sc~               0.0020371710 +-      8.41922e-05      0.02816       0 [    3]      (   0)           1109
        90          95   0.25            uu~_epvebb~sc~               0.0028800036 +-     0.0001160078        2.165       0 [    3]      (   0)           1096

        90          95   0.5             NNLO.QT-CS.42.RRA            0.0049171746 +-     0.0001433392
--------------------------------------------------------------------------------------------------------------------------------------------------------------
        90          95   0.5             dd~_epvebb~sc~               0.0020371710 +-      8.41922e-05      0.02816       0 [    3]      (   0)           1109
        90          95   0.5             uu~_epvebb~sc~               0.0028800036 +-     0.0001160078        2.165       0 [    3]      (   0)           1094

==============================================================================================================================================================

        95         100   0.01            NNLO.QT-CS.42.RRA            0.0040515586 +-     0.0001255833
--------------------------------------------------------------------------------------------------------------------------------------------------------------
        95         100   0.01            dd~_epvebb~sc~               0.0016851936 +-      7.26752e-05       0.2589       0 [    3]      (   0)            990
        95         100   0.01            uu~_epvebb~sc~               0.0023663650 +-     0.0001024182     0.007247       0 [    3]      (   0)            948

        95         100   0.05            NNLO.QT-CS.42.RRA            0.0040515586 +-     0.0001255833
--------------------------------------------------------------------------------------------------------------------------------------------------------------
        95         100   0.05            dd~_epvebb~sc~               0.0016851936 +-      7.26752e-05       0.2589       0 [    3]      (   0)            990
        95         100   0.05            uu~_epvebb~sc~               0.0023663650 +-     0.0001024182     0.007247       0 [    3]      (   0)            948

        95         100   0.1             NNLO.QT-CS.42.RRA            0.0040515586 +-     0.0001255833
--------------------------------------------------------------------------------------------------------------------------------------------------------------
        95         100   0.1             dd~_epvebb~sc~               0.0016851936 +-      7.26752e-05       0.2589       0 [    3]      (   0)            989
        95         100   0.1             uu~_epvebb~sc~               0.0023663650 +-     0.0001024182     0.007247       0 [    3]      (   0)            948

        95         100   0.15            NNLO.QT-CS.42.RRA            0.0040515586 +-     0.0001255833
--------------------------------------------------------------------------------------------------------------------------------------------------------------
        95         100   0.15            dd~_epvebb~sc~               0.0016851936 +-      7.26752e-05       0.2589       0 [    3]      (   0)            989
        95         100   0.15            uu~_epvebb~sc~               0.0023663650 +-     0.0001024182     0.007247       0 [    3]      (   0)            948

        95         100   0.2             NNLO.QT-CS.42.RRA            0.0040515586 +-     0.0001255833
--------------------------------------------------------------------------------------------------------------------------------------------------------------
        95         100   0.2             dd~_epvebb~sc~               0.0016851936 +-      7.26752e-05       0.2589       0 [    3]      (   0)            989
        95         100   0.2             uu~_epvebb~sc~               0.0023663650 +-     0.0001024182     0.007247       0 [    3]      (   0)            948

        95         100   0.25            NNLO.QT-CS.42.RRA            0.0040515586 +-     0.0001255833
--------------------------------------------------------------------------------------------------------------------------------------------------------------
        95         100   0.25            dd~_epvebb~sc~               0.0016851936 +-      7.26752e-05       0.2589       0 [    3]      (   0)            989
        95         100   0.25            uu~_epvebb~sc~               0.0023663650 +-     0.0001024182     0.007247       0 [    3]      (   0)            948

        95         100   0.5             NNLO.QT-CS.42.RRA            0.0040515586 +-     0.0001255833
--------------------------------------------------------------------------------------------------------------------------------------------------------------
        95         100   0.5             dd~_epvebb~sc~               0.0016851936 +-      7.26752e-05       0.2589       0 [    3]      (   0)            988
        95         100   0.5             uu~_epvebb~sc~               0.0023663650 +-     0.0001024182     0.007247       0 [    3]      (   0)            948

==============================================================================================================================================================

       100         105   0.01            NNLO.QT-CS.42.RRA            0.0039363345 +-     0.0001274668
--------------------------------------------------------------------------------------------------------------------------------------------------------------
       100         105   0.01            dd~_epvebb~sc~               0.0015563897 +-      7.22822e-05       0.4508       0 [    3]      (   0)            845
       100         105   0.01            uu~_epvebb~sc~               0.0023799448 +-     0.0001049908       0.4621       0 [    3]      (   0)            930

       100         105   0.05            NNLO.QT-CS.42.RRA            0.0039363345 +-     0.0001274668
--------------------------------------------------------------------------------------------------------------------------------------------------------------
       100         105   0.05            dd~_epvebb~sc~               0.0015563897 +-      7.22822e-05       0.4508       0 [    3]      (   0)            845
       100         105   0.05            uu~_epvebb~sc~               0.0023799448 +-     0.0001049908       0.4621       0 [    3]      (   0)            930

       100         105   0.1             NNLO.QT-CS.42.RRA            0.0039363345 +-     0.0001274668
--------------------------------------------------------------------------------------------------------------------------------------------------------------
       100         105   0.1             dd~_epvebb~sc~               0.0015563897 +-      7.22822e-05       0.4508       0 [    3]      (   0)            845
       100         105   0.1             uu~_epvebb~sc~               0.0023799448 +-     0.0001049908       0.4621       0 [    3]      (   0)            930

       100         105   0.15            NNLO.QT-CS.42.RRA            0.0039363345 +-     0.0001274668
--------------------------------------------------------------------------------------------------------------------------------------------------------------
       100         105   0.15            dd~_epvebb~sc~               0.0015563897 +-      7.22822e-05       0.4508       0 [    3]      (   0)            844
       100         105   0.15            uu~_epvebb~sc~               0.0023799448 +-     0.0001049908       0.4621       0 [    3]      (   0)            930

       100         105   0.2             NNLO.QT-CS.42.RRA            0.0039363345 +-     0.0001274668
--------------------------------------------------------------------------------------------------------------------------------------------------------------
       100         105   0.2             dd~_epvebb~sc~               0.0015563897 +-      7.22822e-05       0.4508       0 [    3]      (   0)            843
       100         105   0.2             uu~_epvebb~sc~               0.0023799448 +-     0.0001049908       0.4621       0 [    3]      (   0)            929

       100         105   0.25            NNLO.QT-CS.42.RRA            0.0039363345 +-     0.0001274668
--------------------------------------------------------------------------------------------------------------------------------------------------------------
       100         105   0.25            dd~_epvebb~sc~               0.0015563897 +-      7.22822e-05       0.4508       0 [    3]      (   0)            843
       100         105   0.25            uu~_epvebb~sc~               0.0023799448 +-     0.0001049908       0.4621       0 [    3]      (   0)            929

       100         105   0.5             NNLO.QT-CS.42.RRA            0.0039363345 +-     0.0001274668
--------------------------------------------------------------------------------------------------------------------------------------------------------------
       100         105   0.5             dd~_epvebb~sc~               0.0015563897 +-      7.22822e-05       0.4508       0 [    3]      (   0)            843
       100         105   0.5             uu~_epvebb~sc~               0.0023799448 +-     0.0001049908       0.4621       0 [    3]      (   0)            929

==============================================================================================================================================================

       105         110   0.01            NNLO.QT-CS.42.RRA            0.0034520973 +-     0.0001174391
--------------------------------------------------------------------------------------------------------------------------------------------------------------
       105         110   0.01            dd~_epvebb~sc~               0.0013100591 +-      6.14513e-05      0.02051       0 [    3]      (   0)            784
       105         110   0.01            uu~_epvebb~sc~               0.0021420382 +-     0.0001000783      0.05659       0 [    3]      (   0)            864

       105         110   0.05            NNLO.QT-CS.42.RRA            0.0034520973 +-     0.0001174391
--------------------------------------------------------------------------------------------------------------------------------------------------------------
       105         110   0.05            dd~_epvebb~sc~               0.0013100591 +-      6.14513e-05      0.02051       0 [    3]      (   0)            784
       105         110   0.05            uu~_epvebb~sc~               0.0021420382 +-     0.0001000783      0.05659       0 [    3]      (   0)            864

       105         110   0.1             NNLO.QT-CS.42.RRA            0.0034520973 +-     0.0001174391
--------------------------------------------------------------------------------------------------------------------------------------------------------------
       105         110   0.1             dd~_epvebb~sc~               0.0013100591 +-      6.14513e-05      0.02051       0 [    3]      (   0)            784
       105         110   0.1             uu~_epvebb~sc~               0.0021420382 +-     0.0001000783      0.05659       0 [    3]      (   0)            864

       105         110   0.15            NNLO.QT-CS.42.RRA            0.0034520973 +-     0.0001174391
--------------------------------------------------------------------------------------------------------------------------------------------------------------
       105         110   0.15            dd~_epvebb~sc~               0.0013100591 +-      6.14513e-05      0.02051       0 [    3]      (   0)            784
       105         110   0.15            uu~_epvebb~sc~               0.0021420382 +-     0.0001000783      0.05659       0 [    3]      (   0)            863

       105         110   0.2             NNLO.QT-CS.42.RRA            0.0034520973 +-     0.0001174391
--------------------------------------------------------------------------------------------------------------------------------------------------------------
       105         110   0.2             dd~_epvebb~sc~               0.0013100591 +-      6.14513e-05      0.02051       0 [    3]      (   0)            784
       105         110   0.2             uu~_epvebb~sc~               0.0021420382 +-     0.0001000783      0.05659       0 [    3]      (   0)            863

       105         110   0.25            NNLO.QT-CS.42.RRA            0.0034520973 +-     0.0001174391
--------------------------------------------------------------------------------------------------------------------------------------------------------------
       105         110   0.25            dd~_epvebb~sc~               0.0013100591 +-      6.14513e-05      0.02051       0 [    3]      (   0)            784
       105         110   0.25            uu~_epvebb~sc~               0.0021420382 +-     0.0001000783      0.05659       0 [    3]      (   0)            863

       105         110   0.5             NNLO.QT-CS.42.RRA            0.0034520973 +-     0.0001174391
--------------------------------------------------------------------------------------------------------------------------------------------------------------
       105         110   0.5             dd~_epvebb~sc~               0.0013100591 +-      6.14513e-05      0.02051       0 [    3]      (   0)            783
       105         110   0.5             uu~_epvebb~sc~               0.0021420382 +-     0.0001000783      0.05659       0 [    3]      (   0)            863

==============================================================================================================================================================

       110         115   0.01            NNLO.QT-CS.42.RRA            0.0029219605 +-     0.0001054830
--------------------------------------------------------------------------------------------------------------------------------------------------------------
       110         115   0.01            dd~_epvebb~sc~               0.0010813907 +-      5.66959e-05        2.405       0 [    3]      (   0)            665
       110         115   0.01            uu~_epvebb~sc~               0.0018405697 +-      8.89508e-05        2.410       0 [    3]      (   0)            787

       110         115   0.05            NNLO.QT-CS.42.RRA            0.0029219605 +-     0.0001054830
--------------------------------------------------------------------------------------------------------------------------------------------------------------
       110         115   0.05            dd~_epvebb~sc~               0.0010813907 +-      5.66959e-05        2.405       0 [    3]      (   0)            665
       110         115   0.05            uu~_epvebb~sc~               0.0018405697 +-      8.89508e-05        2.410       0 [    3]      (   0)            787

       110         115   0.1             NNLO.QT-CS.42.RRA            0.0029219605 +-     0.0001054830
--------------------------------------------------------------------------------------------------------------------------------------------------------------
       110         115   0.1             dd~_epvebb~sc~               0.0010813907 +-      5.66959e-05        2.405       0 [    3]      (   0)            665
       110         115   0.1             uu~_epvebb~sc~               0.0018405697 +-      8.89508e-05        2.410       0 [    3]      (   0)            787

       110         115   0.15            NNLO.QT-CS.42.RRA            0.0029219605 +-     0.0001054830
--------------------------------------------------------------------------------------------------------------------------------------------------------------
       110         115   0.15            dd~_epvebb~sc~               0.0010813907 +-      5.66959e-05        2.405       0 [    3]      (   0)            665
       110         115   0.15            uu~_epvebb~sc~               0.0018405697 +-      8.89508e-05        2.410       0 [    3]      (   0)            787

       110         115   0.2             NNLO.QT-CS.42.RRA            0.0029219605 +-     0.0001054830
--------------------------------------------------------------------------------------------------------------------------------------------------------------
       110         115   0.2             dd~_epvebb~sc~               0.0010813907 +-      5.66959e-05        2.405       0 [    3]      (   0)            665
       110         115   0.2             uu~_epvebb~sc~               0.0018405697 +-      8.89508e-05        2.410       0 [    3]      (   0)            787

       110         115   0.25            NNLO.QT-CS.42.RRA            0.0029219605 +-     0.0001054830
--------------------------------------------------------------------------------------------------------------------------------------------------------------
       110         115   0.25            dd~_epvebb~sc~               0.0010813907 +-      5.66959e-05        2.405       0 [    3]      (   0)            665
       110         115   0.25            uu~_epvebb~sc~               0.0018405697 +-      8.89508e-05        2.410       0 [    3]      (   0)            787

       110         115   0.5             NNLO.QT-CS.42.RRA            0.0029219605 +-     0.0001054830
--------------------------------------------------------------------------------------------------------------------------------------------------------------
       110         115   0.5             dd~_epvebb~sc~               0.0010813907 +-      5.66959e-05        2.405       0 [    3]      (   0)            665
       110         115   0.5             uu~_epvebb~sc~               0.0018405697 +-      8.89508e-05        2.410       0 [    3]      (   0)            787

==============================================================================================================================================================

       115         120   0.01            NNLO.QT-CS.42.RRA            0.0025555463 +-      9.46882e-05
--------------------------------------------------------------------------------------------------------------------------------------------------------------
       115         120   0.01            dd~_epvebb~sc~               0.0011052960 +-      5.68413e-05      0.05183       0 [    3]      (   0)            670
       115         120   0.01            uu~_epvebb~sc~               0.0014502503 +-      7.57293e-05        1.239       0 [    3]      (   0)            675

       115         120   0.05            NNLO.QT-CS.42.RRA            0.0025555463 +-      9.46882e-05
--------------------------------------------------------------------------------------------------------------------------------------------------------------
       115         120   0.05            dd~_epvebb~sc~               0.0011052960 +-      5.68413e-05      0.05183       0 [    3]      (   0)            670
       115         120   0.05            uu~_epvebb~sc~               0.0014502503 +-      7.57293e-05        1.239       0 [    3]      (   0)            675

       115         120   0.1             NNLO.QT-CS.42.RRA            0.0025555463 +-      9.46882e-05
--------------------------------------------------------------------------------------------------------------------------------------------------------------
       115         120   0.1             dd~_epvebb~sc~               0.0011052960 +-      5.68413e-05      0.05183       0 [    3]      (   0)            670
       115         120   0.1             uu~_epvebb~sc~               0.0014502503 +-      7.57293e-05        1.239       0 [    3]      (   0)            675

       115         120   0.15            NNLO.QT-CS.42.RRA            0.0025555463 +-      9.46882e-05
--------------------------------------------------------------------------------------------------------------------------------------------------------------
       115         120   0.15            dd~_epvebb~sc~               0.0011052960 +-      5.68413e-05      0.05183       0 [    3]      (   0)            670
       115         120   0.15            uu~_epvebb~sc~               0.0014502503 +-      7.57293e-05        1.239       0 [    3]      (   0)            675

       115         120   0.2             NNLO.QT-CS.42.RRA            0.0025555463 +-      9.46882e-05
--------------------------------------------------------------------------------------------------------------------------------------------------------------
       115         120   0.2             dd~_epvebb~sc~               0.0011052960 +-      5.68413e-05      0.05183       0 [    3]      (   0)            670
       115         120   0.2             uu~_epvebb~sc~               0.0014502503 +-      7.57293e-05        1.239       0 [    3]      (   0)            675

       115         120   0.25            NNLO.QT-CS.42.RRA            0.0025555463 +-      9.46882e-05
--------------------------------------------------------------------------------------------------------------------------------------------------------------
       115         120   0.25            dd~_epvebb~sc~               0.0011052960 +-      5.68413e-05      0.05183       0 [    3]      (   0)            669
       115         120   0.25            uu~_epvebb~sc~               0.0014502503 +-      7.57293e-05        1.239       0 [    3]      (   0)            675

       115         120   0.5             NNLO.QT-CS.42.RRA            0.0025555463 +-      9.46882e-05
--------------------------------------------------------------------------------------------------------------------------------------------------------------
       115         120   0.5             dd~_epvebb~sc~               0.0011052960 +-      5.68413e-05      0.05183       0 [    3]      (   0)            668
       115         120   0.5             uu~_epvebb~sc~               0.0014502503 +-      7.57293e-05        1.239       0 [    3]      (   0)            675

==============================================================================================================================================================

       120         125   0.01            NNLO.QT-CS.42.RRA            0.0022263797 +-      9.09921e-05
--------------------------------------------------------------------------------------------------------------------------------------------------------------
       120         125   0.01            dd~_epvebb~sc~               0.0009099662 +-      5.06378e-05      0.06276       0 [    3]      (   0)            591
       120         125   0.01            uu~_epvebb~sc~               0.0013164135 +-      7.56002e-05       0.7015       0 [    3]      (   0)            605

       120         125   0.05            NNLO.QT-CS.42.RRA            0.0022263797 +-      9.09921e-05
--------------------------------------------------------------------------------------------------------------------------------------------------------------
       120         125   0.05            dd~_epvebb~sc~               0.0009099662 +-      5.06378e-05      0.06276       0 [    3]      (   0)            591
       120         125   0.05            uu~_epvebb~sc~               0.0013164135 +-      7.56002e-05       0.7015       0 [    3]      (   0)            605

       120         125   0.1             NNLO.QT-CS.42.RRA            0.0022263797 +-      9.09921e-05
--------------------------------------------------------------------------------------------------------------------------------------------------------------
       120         125   0.1             dd~_epvebb~sc~               0.0009099662 +-      5.06378e-05      0.06276       0 [    3]      (   0)            590
       120         125   0.1             uu~_epvebb~sc~               0.0013164135 +-      7.56002e-05       0.7015       0 [    3]      (   0)            605

       120         125   0.15            NNLO.QT-CS.42.RRA            0.0022263797 +-      9.09921e-05
--------------------------------------------------------------------------------------------------------------------------------------------------------------
       120         125   0.15            dd~_epvebb~sc~               0.0009099662 +-      5.06378e-05      0.06276       0 [    3]      (   0)            590
       120         125   0.15            uu~_epvebb~sc~               0.0013164135 +-      7.56002e-05       0.7015       0 [    3]      (   0)            605

       120         125   0.2             NNLO.QT-CS.42.RRA            0.0022263797 +-      9.09921e-05
--------------------------------------------------------------------------------------------------------------------------------------------------------------
       120         125   0.2             dd~_epvebb~sc~               0.0009099662 +-      5.06378e-05      0.06276       0 [    3]      (   0)            590
       120         125   0.2             uu~_epvebb~sc~               0.0013164135 +-      7.56002e-05       0.7015       0 [    3]      (   0)            605

       120         125   0.25            NNLO.QT-CS.42.RRA            0.0022263797 +-      9.09921e-05
--------------------------------------------------------------------------------------------------------------------------------------------------------------
       120         125   0.25            dd~_epvebb~sc~               0.0009099662 +-      5.06378e-05      0.06276       0 [    3]      (   0)            590
       120         125   0.25            uu~_epvebb~sc~               0.0013164135 +-      7.56002e-05       0.7015       0 [    3]      (   0)            605

       120         125   0.5             NNLO.QT-CS.42.RRA            0.0022263797 +-      9.09921e-05
--------------------------------------------------------------------------------------------------------------------------------------------------------------
       120         125   0.5             dd~_epvebb~sc~               0.0009099662 +-      5.06378e-05      0.06276       0 [    3]      (   0)            589
       120         125   0.5             uu~_epvebb~sc~               0.0013164135 +-      7.56002e-05       0.7015       0 [    3]      (   0)            605

==============================================================================================================================================================

       125         130   0.01            NNLO.QT-CS.42.RRA            0.0019952898 +-      8.42245e-05
--------------------------------------------------------------------------------------------------------------------------------------------------------------
       125         130   0.01            dd~_epvebb~sc~               0.0007637915 +-      4.32923e-05       0.7901       0 [    3]      (   0)            551
       125         130   0.01            uu~_epvebb~sc~               0.0012314983 +-      7.22465e-05      0.09937       0 [    3]      (   0)            564

       125         130   0.05            NNLO.QT-CS.42.RRA            0.0019952898 +-      8.42245e-05
--------------------------------------------------------------------------------------------------------------------------------------------------------------
       125         130   0.05            dd~_epvebb~sc~               0.0007637915 +-      4.32923e-05       0.7901       0 [    3]      (   0)            551
       125         130   0.05            uu~_epvebb~sc~               0.0012314983 +-      7.22465e-05      0.09937       0 [    3]      (   0)            564

       125         130   0.1             NNLO.QT-CS.42.RRA            0.0019952898 +-      8.42245e-05
--------------------------------------------------------------------------------------------------------------------------------------------------------------
       125         130   0.1             dd~_epvebb~sc~               0.0007637915 +-      4.32923e-05       0.7901       0 [    3]      (   0)            551
       125         130   0.1             uu~_epvebb~sc~               0.0012314983 +-      7.22465e-05      0.09937       0 [    3]      (   0)            564

       125         130   0.15            NNLO.QT-CS.42.RRA            0.0019952898 +-      8.42245e-05
--------------------------------------------------------------------------------------------------------------------------------------------------------------
       125         130   0.15            dd~_epvebb~sc~               0.0007637915 +-      4.32923e-05       0.7901       0 [    3]      (   0)            551
       125         130   0.15            uu~_epvebb~sc~               0.0012314983 +-      7.22465e-05      0.09937       0 [    3]      (   0)            564

       125         130   0.2             NNLO.QT-CS.42.RRA            0.0019952898 +-      8.42245e-05
--------------------------------------------------------------------------------------------------------------------------------------------------------------
       125         130   0.2             dd~_epvebb~sc~               0.0007637915 +-      4.32923e-05       0.7901       0 [    3]      (   0)            551
       125         130   0.2             uu~_epvebb~sc~               0.0012314983 +-      7.22465e-05      0.09937       0 [    3]      (   0)            564

       125         130   0.25            NNLO.QT-CS.42.RRA            0.0019952898 +-      8.42245e-05
--------------------------------------------------------------------------------------------------------------------------------------------------------------
       125         130   0.25            dd~_epvebb~sc~               0.0007637915 +-      4.32923e-05       0.7901       0 [    3]      (   0)            551
       125         130   0.25            uu~_epvebb~sc~               0.0012314983 +-      7.22465e-05      0.09937       0 [    3]      (   0)            564

       125         130   0.5             NNLO.QT-CS.42.RRA            0.0019952898 +-      8.42245e-05
--------------------------------------------------------------------------------------------------------------------------------------------------------------
       125         130   0.5             dd~_epvebb~sc~               0.0007637915 +-      4.32923e-05       0.7901       0 [    3]      (   0)            551
       125         130   0.5             uu~_epvebb~sc~               0.0012314983 +-      7.22465e-05      0.09937       0 [    3]      (   0)            564

==============================================================================================================================================================

       130         135   0.01            NNLO.QT-CS.42.RRA            0.0019211393 +-      8.40821e-05
--------------------------------------------------------------------------------------------------------------------------------------------------------------
       130         135   0.01            dd~_epvebb~sc~               0.0007682216 +-      4.73158e-05      0.03261       0 [    3]      (   0)            508
       130         135   0.01            uu~_epvebb~sc~               0.0011529177 +-      6.95055e-05       0.4307       0 [    3]      (   0)            511

       130         135   0.05            NNLO.QT-CS.42.RRA            0.0019211393 +-      8.40821e-05
--------------------------------------------------------------------------------------------------------------------------------------------------------------
       130         135   0.05            dd~_epvebb~sc~               0.0007682216 +-      4.73158e-05      0.03261       0 [    3]      (   0)            508
       130         135   0.05            uu~_epvebb~sc~               0.0011529177 +-      6.95055e-05       0.4307       0 [    3]      (   0)            511

       130         135   0.1             NNLO.QT-CS.42.RRA            0.0019211393 +-      8.40821e-05
--------------------------------------------------------------------------------------------------------------------------------------------------------------
       130         135   0.1             dd~_epvebb~sc~               0.0007682216 +-      4.73158e-05      0.03261       0 [    3]      (   0)            508
       130         135   0.1             uu~_epvebb~sc~               0.0011529177 +-      6.95055e-05       0.4307       0 [    3]      (   0)            511

       130         135   0.15            NNLO.QT-CS.42.RRA            0.0019211393 +-      8.40821e-05
--------------------------------------------------------------------------------------------------------------------------------------------------------------
       130         135   0.15            dd~_epvebb~sc~               0.0007682216 +-      4.73158e-05      0.03261       0 [    3]      (   0)            508
       130         135   0.15            uu~_epvebb~sc~               0.0011529177 +-      6.95055e-05       0.4307       0 [    3]      (   0)            511

       130         135   0.2             NNLO.QT-CS.42.RRA            0.0019211393 +-      8.40821e-05
--------------------------------------------------------------------------------------------------------------------------------------------------------------
       130         135   0.2             dd~_epvebb~sc~               0.0007682216 +-      4.73158e-05      0.03261       0 [    3]      (   0)            508
       130         135   0.2             uu~_epvebb~sc~               0.0011529177 +-      6.95055e-05       0.4307       0 [    3]      (   0)            511

       130         135   0.25            NNLO.QT-CS.42.RRA            0.0019211393 +-      8.40821e-05
--------------------------------------------------------------------------------------------------------------------------------------------------------------
       130         135   0.25            dd~_epvebb~sc~               0.0007682216 +-      4.73158e-05      0.03261       0 [    3]      (   0)            507
       130         135   0.25            uu~_epvebb~sc~               0.0011529177 +-      6.95055e-05       0.4307       0 [    3]      (   0)            511

       130         135   0.5             NNLO.QT-CS.42.RRA            0.0019211393 +-      8.40821e-05
--------------------------------------------------------------------------------------------------------------------------------------------------------------
       130         135   0.5             dd~_epvebb~sc~               0.0007682216 +-      4.73158e-05      0.03261       0 [    3]      (   0)            507
       130         135   0.5             uu~_epvebb~sc~               0.0011529177 +-      6.95055e-05       0.4307       0 [    3]      (   0)            511

==============================================================================================================================================================

       135         140   0.01            NNLO.QT-CS.42.RRA            0.0016240993 +-      7.20759e-05
--------------------------------------------------------------------------------------------------------------------------------------------------------------
       135         140   0.01            dd~_epvebb~sc~               0.0006795457 +-      4.36842e-05      0.09155       0 [    3]      (   0)            468
       135         140   0.01            uu~_epvebb~sc~               0.0009445536 +-      5.73291e-05        1.132       0 [    3]      (   0)            496

       135         140   0.05            NNLO.QT-CS.42.RRA            0.0016240993 +-      7.20759e-05
--------------------------------------------------------------------------------------------------------------------------------------------------------------
       135         140   0.05            dd~_epvebb~sc~               0.0006795457 +-      4.36842e-05      0.09155       0 [    3]      (   0)            468
       135         140   0.05            uu~_epvebb~sc~               0.0009445536 +-      5.73291e-05        1.132       0 [    3]      (   0)            496

       135         140   0.1             NNLO.QT-CS.42.RRA            0.0016240993 +-      7.20759e-05
--------------------------------------------------------------------------------------------------------------------------------------------------------------
       135         140   0.1             dd~_epvebb~sc~               0.0006795457 +-      4.36842e-05      0.09155       0 [    3]      (   0)            468
       135         140   0.1             uu~_epvebb~sc~               0.0009445536 +-      5.73291e-05        1.132       0 [    3]      (   0)            496

       135         140   0.15            NNLO.QT-CS.42.RRA            0.0016240993 +-      7.20759e-05
--------------------------------------------------------------------------------------------------------------------------------------------------------------
       135         140   0.15            dd~_epvebb~sc~               0.0006795457 +-      4.36842e-05      0.09155       0 [    3]      (   0)            468
       135         140   0.15            uu~_epvebb~sc~               0.0009445536 +-      5.73291e-05        1.132       0 [    3]      (   0)            496

       135         140   0.2             NNLO.QT-CS.42.RRA            0.0016175678 +-      7.17799e-05
--------------------------------------------------------------------------------------------------------------------------------------------------------------
       135         140   0.2             dd~_epvebb~sc~               0.0006795457 +-      4.36842e-05      0.09155       0 [    3]      (   0)            468
       135         140   0.2             uu~_epvebb~sc~               0.0009380221 +-      5.69565e-05        1.381       0 [    3]      (   0)            495

       135         140   0.25            NNLO.QT-CS.42.RRA            0.0016175678 +-      7.17799e-05
--------------------------------------------------------------------------------------------------------------------------------------------------------------
       135         140   0.25            dd~_epvebb~sc~               0.0006795457 +-      4.36842e-05      0.09155       0 [    3]      (   0)            468
       135         140   0.25            uu~_epvebb~sc~               0.0009380221 +-      5.69565e-05        1.381       0 [    3]      (   0)            495

       135         140   0.5             NNLO.QT-CS.42.RRA            0.0016175678 +-      7.17799e-05
--------------------------------------------------------------------------------------------------------------------------------------------------------------
       135         140   0.5             dd~_epvebb~sc~               0.0006795457 +-      4.36842e-05      0.09155       0 [    3]      (   0)            467
       135         140   0.5             uu~_epvebb~sc~               0.0009380221 +-      5.69565e-05        1.381       0 [    3]      (   0)            494

==============================================================================================================================================================

       140         145   0.01            NNLO.QT-CS.42.RRA            0.0015147951 +-      7.46731e-05
--------------------------------------------------------------------------------------------------------------------------------------------------------------
       140         145   0.01            dd~_epvebb~sc~               0.0006299679 +-      4.32447e-05      0.07103       0 [    3]      (   0)            444
       140         145   0.01            uu~_epvebb~sc~               0.0008848272 +-      6.08767e-05      0.04812       0 [    3]      (   0)            419

       140         145   0.05            NNLO.QT-CS.42.RRA            0.0015147951 +-      7.46731e-05
--------------------------------------------------------------------------------------------------------------------------------------------------------------
       140         145   0.05            dd~_epvebb~sc~               0.0006299679 +-      4.32447e-05      0.07103       0 [    3]      (   0)            444
       140         145   0.05            uu~_epvebb~sc~               0.0008848272 +-      6.08767e-05      0.04812       0 [    3]      (   0)            419

       140         145   0.1             NNLO.QT-CS.42.RRA            0.0015147951 +-      7.46731e-05
--------------------------------------------------------------------------------------------------------------------------------------------------------------
       140         145   0.1             dd~_epvebb~sc~               0.0006299679 +-      4.32447e-05      0.07103       0 [    3]      (   0)            444
       140         145   0.1             uu~_epvebb~sc~               0.0008848272 +-      6.08767e-05      0.04812       0 [    3]      (   0)            419

       140         145   0.15            NNLO.QT-CS.42.RRA            0.0015147951 +-      7.46731e-05
--------------------------------------------------------------------------------------------------------------------------------------------------------------
       140         145   0.15            dd~_epvebb~sc~               0.0006299679 +-      4.32447e-05      0.07103       0 [    3]      (   0)            443
       140         145   0.15            uu~_epvebb~sc~               0.0008848272 +-      6.08767e-05      0.04812       0 [    3]      (   0)            419

       140         145   0.2             NNLO.QT-CS.42.RRA            0.0015147951 +-      7.46731e-05
--------------------------------------------------------------------------------------------------------------------------------------------------------------
       140         145   0.2             dd~_epvebb~sc~               0.0006299679 +-      4.32447e-05      0.07103       0 [    3]      (   0)            443
       140         145   0.2             uu~_epvebb~sc~               0.0008848272 +-      6.08767e-05      0.04812       0 [    3]      (   0)            419

       140         145   0.25            NNLO.QT-CS.42.RRA            0.0015147951 +-      7.46731e-05
--------------------------------------------------------------------------------------------------------------------------------------------------------------
       140         145   0.25            dd~_epvebb~sc~               0.0006299679 +-      4.32447e-05      0.07103       0 [    3]      (   0)            443
       140         145   0.25            uu~_epvebb~sc~               0.0008848272 +-      6.08767e-05      0.04812       0 [    3]      (   0)            419

       140         145   0.5             NNLO.QT-CS.42.RRA            0.0015147931 +-      7.46731e-05
--------------------------------------------------------------------------------------------------------------------------------------------------------------
       140         145   0.5             dd~_epvebb~sc~               0.0006299658 +-      4.32447e-05      0.07105       0 [    3]      (   0)            441
       140         145   0.5             uu~_epvebb~sc~               0.0008848272 +-      6.08767e-05      0.04812       0 [    3]      (   0)            419

==============================================================================================================================================================

       145         150   0.01            NNLO.QT-CS.42.RRA            0.0013567823 +-      6.56686e-05
--------------------------------------------------------------------------------------------------------------------------------------------------------------
       145         150   0.01            dd~_epvebb~sc~               0.0006161137 +-      4.04090e-05        1.215       0 [    3]      (   0)            422
       145         150   0.01            uu~_epvebb~sc~               0.0007406686 +-      5.17637e-05        1.082       0 [    3]      (   0)            388

       145         150   0.05            NNLO.QT-CS.42.RRA            0.0013567823 +-      6.56686e-05
--------------------------------------------------------------------------------------------------------------------------------------------------------------
       145         150   0.05            dd~_epvebb~sc~               0.0006161137 +-      4.04090e-05        1.215       0 [    3]      (   0)            422
       145         150   0.05            uu~_epvebb~sc~               0.0007406686 +-      5.17637e-05        1.082       0 [    3]      (   0)            388

       145         150   0.1             NNLO.QT-CS.42.RRA            0.0013567823 +-      6.56686e-05
--------------------------------------------------------------------------------------------------------------------------------------------------------------
       145         150   0.1             dd~_epvebb~sc~               0.0006161137 +-      4.04090e-05        1.215       0 [    3]      (   0)            420
       145         150   0.1             uu~_epvebb~sc~               0.0007406686 +-      5.17637e-05        1.082       0 [    3]      (   0)            388

       145         150   0.15            NNLO.QT-CS.42.RRA            0.0013567823 +-      6.56686e-05
--------------------------------------------------------------------------------------------------------------------------------------------------------------
       145         150   0.15            dd~_epvebb~sc~               0.0006161137 +-      4.04090e-05        1.215       0 [    3]      (   0)            420
       145         150   0.15            uu~_epvebb~sc~               0.0007406686 +-      5.17637e-05        1.082       0 [    3]      (   0)            388

       145         150   0.2             NNLO.QT-CS.42.RRA            0.0013567823 +-      6.56686e-05
--------------------------------------------------------------------------------------------------------------------------------------------------------------
       145         150   0.2             dd~_epvebb~sc~               0.0006161137 +-      4.04090e-05        1.215       0 [    3]      (   0)            420
       145         150   0.2             uu~_epvebb~sc~               0.0007406686 +-      5.17637e-05        1.082       0 [    3]      (   0)            388

       145         150   0.25            NNLO.QT-CS.42.RRA            0.0013567823 +-      6.56686e-05
--------------------------------------------------------------------------------------------------------------------------------------------------------------
       145         150   0.25            dd~_epvebb~sc~               0.0006161137 +-      4.04090e-05        1.215       0 [    3]      (   0)            420
       145         150   0.25            uu~_epvebb~sc~               0.0007406686 +-      5.17637e-05        1.082       0 [    3]      (   0)            388

       145         150   0.5             NNLO.QT-CS.42.RRA            0.0013567823 +-      6.56686e-05
--------------------------------------------------------------------------------------------------------------------------------------------------------------
       145         150   0.5             dd~_epvebb~sc~               0.0006161137 +-      4.04090e-05        1.215       0 [    3]      (   0)            420
       145         150   0.5             uu~_epvebb~sc~               0.0007406686 +-      5.17637e-05        1.082       0 [    3]      (   0)            387

==============================================================================================================================================================

       150         155   0.01            NNLO.QT-CS.42.RRA            0.0011664410 +-      5.92110e-05
--------------------------------------------------------------------------------------------------------------------------------------------------------------
       150         155   0.01            dd~_epvebb~sc~               0.0004856364 +-      3.45000e-05       0.9596       0 [    3]      (   0)            369
       150         155   0.01            uu~_epvebb~sc~               0.0006808045 +-      4.81216e-05       0.7548       0 [    3]      (   0)            386

       150         155   0.05            NNLO.QT-CS.42.RRA            0.0011664410 +-      5.92110e-05
--------------------------------------------------------------------------------------------------------------------------------------------------------------
       150         155   0.05            dd~_epvebb~sc~               0.0004856364 +-      3.45000e-05       0.9596       0 [    3]      (   0)            369
       150         155   0.05            uu~_epvebb~sc~               0.0006808045 +-      4.81216e-05       0.7548       0 [    3]      (   0)            386

       150         155   0.1             NNLO.QT-CS.42.RRA            0.0011664410 +-      5.92110e-05
--------------------------------------------------------------------------------------------------------------------------------------------------------------
       150         155   0.1             dd~_epvebb~sc~               0.0004856364 +-      3.45000e-05       0.9596       0 [    3]      (   0)            368
       150         155   0.1             uu~_epvebb~sc~               0.0006808045 +-      4.81216e-05       0.7548       0 [    3]      (   0)            386

       150         155   0.15            NNLO.QT-CS.42.RRA            0.0011664410 +-      5.92110e-05
--------------------------------------------------------------------------------------------------------------------------------------------------------------
       150         155   0.15            dd~_epvebb~sc~               0.0004856364 +-      3.45000e-05       0.9596       0 [    3]      (   0)            368
       150         155   0.15            uu~_epvebb~sc~               0.0006808045 +-      4.81216e-05       0.7548       0 [    3]      (   0)            386

       150         155   0.2             NNLO.QT-CS.42.RRA            0.0011664410 +-      5.92110e-05
--------------------------------------------------------------------------------------------------------------------------------------------------------------
       150         155   0.2             dd~_epvebb~sc~               0.0004856364 +-      3.45000e-05       0.9596       0 [    3]      (   0)            368
       150         155   0.2             uu~_epvebb~sc~               0.0006808045 +-      4.81216e-05       0.7548       0 [    3]      (   0)            385

       150         155   0.25            NNLO.QT-CS.42.RRA            0.0011664410 +-      5.92110e-05
--------------------------------------------------------------------------------------------------------------------------------------------------------------
       150         155   0.25            dd~_epvebb~sc~               0.0004856364 +-      3.45000e-05       0.9596       0 [    3]      (   0)            368
       150         155   0.25            uu~_epvebb~sc~               0.0006808045 +-      4.81216e-05       0.7548       0 [    3]      (   0)            385

       150         155   0.5             NNLO.QT-CS.42.RRA            0.0011664410 +-      5.92110e-05
--------------------------------------------------------------------------------------------------------------------------------------------------------------
       150         155   0.5             dd~_epvebb~sc~               0.0004856364 +-      3.45000e-05       0.9596       0 [    3]      (   0)            368
       150         155   0.5             uu~_epvebb~sc~               0.0006808045 +-      4.81216e-05       0.7548       0 [    3]      (   0)            385

==============================================================================================================================================================

       155         160   0.01            NNLO.QT-CS.42.RRA            0.0011341490 +-      5.75927e-05
--------------------------------------------------------------------------------------------------------------------------------------------------------------
       155         160   0.01            dd~_epvebb~sc~               0.0004586867 +-      3.35735e-05        1.845       0 [    3]      (   0)            335
       155         160   0.01            uu~_epvebb~sc~               0.0006754622 +-      4.67946e-05       0.1131       0 [    3]      (   0)            365

       155         160   0.05            NNLO.QT-CS.42.RRA            0.0011341490 +-      5.75927e-05
--------------------------------------------------------------------------------------------------------------------------------------------------------------
       155         160   0.05            dd~_epvebb~sc~               0.0004586867 +-      3.35735e-05        1.845       0 [    3]      (   0)            335
       155         160   0.05            uu~_epvebb~sc~               0.0006754622 +-      4.67946e-05       0.1131       0 [    3]      (   0)            365

       155         160   0.1             NNLO.QT-CS.42.RRA            0.0011341490 +-      5.75927e-05
--------------------------------------------------------------------------------------------------------------------------------------------------------------
       155         160   0.1             dd~_epvebb~sc~               0.0004586867 +-      3.35735e-05        1.845       0 [    3]      (   0)            335
       155         160   0.1             uu~_epvebb~sc~               0.0006754622 +-      4.67946e-05       0.1131       0 [    3]      (   0)            364

       155         160   0.15            NNLO.QT-CS.42.RRA            0.0011341490 +-      5.75927e-05
--------------------------------------------------------------------------------------------------------------------------------------------------------------
       155         160   0.15            dd~_epvebb~sc~               0.0004586867 +-      3.35735e-05        1.845       0 [    3]      (   0)            335
       155         160   0.15            uu~_epvebb~sc~               0.0006754622 +-      4.67946e-05       0.1131       0 [    3]      (   0)            364

       155         160   0.2             NNLO.QT-CS.42.RRA            0.0011341490 +-      5.75927e-05
--------------------------------------------------------------------------------------------------------------------------------------------------------------
       155         160   0.2             dd~_epvebb~sc~               0.0004586867 +-      3.35735e-05        1.845       0 [    3]      (   0)            335
       155         160   0.2             uu~_epvebb~sc~               0.0006754622 +-      4.67946e-05       0.1131       0 [    3]      (   0)            364

       155         160   0.25            NNLO.QT-CS.42.RRA            0.0011341490 +-      5.75927e-05
--------------------------------------------------------------------------------------------------------------------------------------------------------------
       155         160   0.25            dd~_epvebb~sc~               0.0004586867 +-      3.35735e-05        1.845       0 [    3]      (   0)            335
       155         160   0.25            uu~_epvebb~sc~               0.0006754622 +-      4.67946e-05       0.1131       0 [    3]      (   0)            364

       155         160   0.5             NNLO.QT-CS.42.RRA            0.0011334533 +-      5.75885e-05
--------------------------------------------------------------------------------------------------------------------------------------------------------------
       155         160   0.5             dd~_epvebb~sc~               0.0004586867 +-      3.35735e-05        1.845       0 [    3]      (   0)            335
       155         160   0.5             uu~_epvebb~sc~               0.0006747665 +-      4.67895e-05       0.1212       0 [    3]      (   0)            363

==============================================================================================================================================================

       160         165   0.01            NNLO.QT-CS.42.RRA           0.00098327328 +-     5.860783e-05
--------------------------------------------------------------------------------------------------------------------------------------------------------------
       160         165   0.01            dd~_epvebb~sc~              0.00034019195 +-     2.644363e-05       0.8383       0 [    3]      (   0)            298
       160         165   0.01            uu~_epvebb~sc~              0.00064308133 +-     5.230309e-05       0.2806       0 [    3]      (   0)            330

       160         165   0.05            NNLO.QT-CS.42.RRA           0.00098327328 +-     5.860783e-05
--------------------------------------------------------------------------------------------------------------------------------------------------------------
       160         165   0.05            dd~_epvebb~sc~              0.00034019195 +-     2.644363e-05       0.8383       0 [    3]      (   0)            298
       160         165   0.05            uu~_epvebb~sc~              0.00064308133 +-     5.230309e-05       0.2806       0 [    3]      (   0)            330

       160         165   0.1             NNLO.QT-CS.42.RRA           0.00098327328 +-     5.860783e-05
--------------------------------------------------------------------------------------------------------------------------------------------------------------
       160         165   0.1             dd~_epvebb~sc~              0.00034019195 +-     2.644363e-05       0.8383       0 [    3]      (   0)            298
       160         165   0.1             uu~_epvebb~sc~              0.00064308133 +-     5.230309e-05       0.2806       0 [    3]      (   0)            330

       160         165   0.15            NNLO.QT-CS.42.RRA           0.00098327328 +-     5.860783e-05
--------------------------------------------------------------------------------------------------------------------------------------------------------------
       160         165   0.15            dd~_epvebb~sc~              0.00034019195 +-     2.644363e-05       0.8383       0 [    3]      (   0)            298
       160         165   0.15            uu~_epvebb~sc~              0.00064308133 +-     5.230309e-05       0.2806       0 [    3]      (   0)            330

       160         165   0.2             NNLO.QT-CS.42.RRA           0.00098327328 +-     5.860783e-05
--------------------------------------------------------------------------------------------------------------------------------------------------------------
       160         165   0.2             dd~_epvebb~sc~              0.00034019195 +-     2.644363e-05       0.8383       0 [    3]      (   0)            298
       160         165   0.2             uu~_epvebb~sc~              0.00064308133 +-     5.230309e-05       0.2806       0 [    3]      (   0)            330

       160         165   0.25            NNLO.QT-CS.42.RRA           0.00098327328 +-     5.860783e-05
--------------------------------------------------------------------------------------------------------------------------------------------------------------
       160         165   0.25            dd~_epvebb~sc~              0.00034019195 +-     2.644363e-05       0.8383       0 [    3]      (   0)            298
       160         165   0.25            uu~_epvebb~sc~              0.00064308133 +-     5.230309e-05       0.2806       0 [    3]      (   0)            330

       160         165   0.5             NNLO.QT-CS.42.RRA           0.00098327328 +-     5.860783e-05
--------------------------------------------------------------------------------------------------------------------------------------------------------------
       160         165   0.5             dd~_epvebb~sc~              0.00034019195 +-     2.644363e-05       0.8383       0 [    3]      (   0)            298
       160         165   0.5             uu~_epvebb~sc~              0.00064308133 +-     5.230309e-05       0.2806       0 [    3]      (   0)            330

==============================================================================================================================================================

       165         170   0.01            NNLO.QT-CS.42.RRA           0.00093846853 +-     5.454928e-05
--------------------------------------------------------------------------------------------------------------------------------------------------------------
       165         170   0.01            dd~_epvebb~sc~              0.00041467179 +-     3.333108e-05        2.078       0 [    3]      (   0)            311
       165         170   0.01            uu~_epvebb~sc~              0.00052379674 +-     4.318175e-05       0.5935       0 [    3]      (   0)            281

       165         170   0.05            NNLO.QT-CS.42.RRA           0.00093846853 +-     5.454928e-05
--------------------------------------------------------------------------------------------------------------------------------------------------------------
       165         170   0.05            dd~_epvebb~sc~              0.00041467179 +-     3.333108e-05        2.078       0 [    3]      (   0)            311
       165         170   0.05            uu~_epvebb~sc~              0.00052379674 +-     4.318175e-05       0.5935       0 [    3]      (   0)            281

       165         170   0.1             NNLO.QT-CS.42.RRA           0.00093846853 +-     5.454928e-05
--------------------------------------------------------------------------------------------------------------------------------------------------------------
       165         170   0.1             dd~_epvebb~sc~              0.00041467179 +-     3.333108e-05        2.078       0 [    3]      (   0)            311
       165         170   0.1             uu~_epvebb~sc~              0.00052379674 +-     4.318175e-05       0.5935       0 [    3]      (   0)            281

       165         170   0.15            NNLO.QT-CS.42.RRA           0.00093846853 +-     5.454928e-05
--------------------------------------------------------------------------------------------------------------------------------------------------------------
       165         170   0.15            dd~_epvebb~sc~              0.00041467179 +-     3.333108e-05        2.078       0 [    3]      (   0)            311
       165         170   0.15            uu~_epvebb~sc~              0.00052379674 +-     4.318175e-05       0.5935       0 [    3]      (   0)            281

       165         170   0.2             NNLO.QT-CS.42.RRA           0.00093846853 +-     5.454928e-05
--------------------------------------------------------------------------------------------------------------------------------------------------------------
       165         170   0.2             dd~_epvebb~sc~              0.00041467179 +-     3.333108e-05        2.078       0 [    3]      (   0)            311
       165         170   0.2             uu~_epvebb~sc~              0.00052379674 +-     4.318175e-05       0.5935       0 [    3]      (   0)            281

       165         170   0.25            NNLO.QT-CS.42.RRA           0.00093846853 +-     5.454928e-05
--------------------------------------------------------------------------------------------------------------------------------------------------------------
       165         170   0.25            dd~_epvebb~sc~              0.00041467179 +-     3.333108e-05        2.078       0 [    3]      (   0)            311
       165         170   0.25            uu~_epvebb~sc~              0.00052379674 +-     4.318175e-05       0.5935       0 [    3]      (   0)            281

       165         170   0.5             NNLO.QT-CS.42.RRA           0.00093846853 +-     5.454928e-05
--------------------------------------------------------------------------------------------------------------------------------------------------------------
       165         170   0.5             dd~_epvebb~sc~              0.00041467179 +-     3.333108e-05        2.078       0 [    3]      (   0)            311
       165         170   0.5             uu~_epvebb~sc~              0.00052379674 +-     4.318175e-05       0.5935       0 [    3]      (   0)            281

==============================================================================================================================================================

       170         175   0.01            NNLO.QT-CS.42.RRA           0.00083278136 +-     4.975005e-05
--------------------------------------------------------------------------------------------------------------------------------------------------------------
       170         175   0.01            dd~_epvebb~sc~              0.00030655864 +-     2.768915e-05        2.392       0 [    3]      (   0)            252
       170         175   0.01            uu~_epvebb~sc~              0.00052622272 +-     4.133253e-05       0.3034       0 [    3]      (   0)            307

       170         175   0.05            NNLO.QT-CS.42.RRA           0.00083278136 +-     4.975005e-05
--------------------------------------------------------------------------------------------------------------------------------------------------------------
       170         175   0.05            dd~_epvebb~sc~              0.00030655864 +-     2.768915e-05        2.392       0 [    3]      (   0)            252
       170         175   0.05            uu~_epvebb~sc~              0.00052622272 +-     4.133253e-05       0.3034       0 [    3]      (   0)            307

       170         175   0.1             NNLO.QT-CS.42.RRA           0.00083278136 +-     4.975005e-05
--------------------------------------------------------------------------------------------------------------------------------------------------------------
       170         175   0.1             dd~_epvebb~sc~              0.00030655864 +-     2.768915e-05        2.392       0 [    3]      (   0)            251
       170         175   0.1             uu~_epvebb~sc~              0.00052622272 +-     4.133253e-05       0.3034       0 [    3]      (   0)            307

       170         175   0.15            NNLO.QT-CS.42.RRA           0.00083278136 +-     4.975005e-05
--------------------------------------------------------------------------------------------------------------------------------------------------------------
       170         175   0.15            dd~_epvebb~sc~              0.00030655864 +-     2.768915e-05        2.392       0 [    3]      (   0)            251
       170         175   0.15            uu~_epvebb~sc~              0.00052622272 +-     4.133253e-05       0.3034       0 [    3]      (   0)            307

       170         175   0.2             NNLO.QT-CS.42.RRA           0.00083278136 +-     4.975005e-05
--------------------------------------------------------------------------------------------------------------------------------------------------------------
       170         175   0.2             dd~_epvebb~sc~              0.00030655864 +-     2.768915e-05        2.392       0 [    3]      (   0)            251
       170         175   0.2             uu~_epvebb~sc~              0.00052622272 +-     4.133253e-05       0.3034       0 [    3]      (   0)            307

       170         175   0.25            NNLO.QT-CS.42.RRA           0.00083278136 +-     4.975005e-05
--------------------------------------------------------------------------------------------------------------------------------------------------------------
       170         175   0.25            dd~_epvebb~sc~              0.00030655864 +-     2.768915e-05        2.392       0 [    3]      (   0)            251
       170         175   0.25            uu~_epvebb~sc~              0.00052622272 +-     4.133253e-05       0.3034       0 [    3]      (   0)            307

       170         175   0.5             NNLO.QT-CS.42.RRA           0.00083278136 +-     4.975005e-05
--------------------------------------------------------------------------------------------------------------------------------------------------------------
       170         175   0.5             dd~_epvebb~sc~              0.00030655864 +-     2.768915e-05        2.392       0 [    3]      (   0)            251
       170         175   0.5             uu~_epvebb~sc~              0.00052622272 +-     4.133253e-05       0.3034       0 [    3]      (   0)            307

==============================================================================================================================================================

       175         180   0.01            NNLO.QT-CS.42.RRA           0.00072722036 +-     5.030153e-05
--------------------------------------------------------------------------------------------------------------------------------------------------------------
       175         180   0.01            dd~_epvebb~sc~              0.00027214672 +-     2.558013e-05        3.467       0 [    3]      (   0)            235
       175         180   0.01            uu~_epvebb~sc~              0.00045507364 +-     4.331167e-05        1.410       0 [    3]      (   0)            246

       175         180   0.05            NNLO.QT-CS.42.RRA           0.00072722036 +-     5.030153e-05
--------------------------------------------------------------------------------------------------------------------------------------------------------------
       175         180   0.05            dd~_epvebb~sc~              0.00027214672 +-     2.558013e-05        3.467       0 [    3]      (   0)            235
       175         180   0.05            uu~_epvebb~sc~              0.00045507364 +-     4.331167e-05        1.410       0 [    3]      (   0)            246

       175         180   0.1             NNLO.QT-CS.42.RRA           0.00072722036 +-     5.030153e-05
--------------------------------------------------------------------------------------------------------------------------------------------------------------
       175         180   0.1             dd~_epvebb~sc~              0.00027214672 +-     2.558013e-05        3.467       0 [    3]      (   0)            235
       175         180   0.1             uu~_epvebb~sc~              0.00045507364 +-     4.331167e-05        1.410       0 [    3]      (   0)            246

       175         180   0.15            NNLO.QT-CS.42.RRA           0.00072722036 +-     5.030153e-05
--------------------------------------------------------------------------------------------------------------------------------------------------------------
       175         180   0.15            dd~_epvebb~sc~              0.00027214672 +-     2.558013e-05        3.467       0 [    3]      (   0)            235
       175         180   0.15            uu~_epvebb~sc~              0.00045507364 +-     4.331167e-05        1.410       0 [    3]      (   0)            246

       175         180   0.2             NNLO.QT-CS.42.RRA           0.00072722036 +-     5.030153e-05
--------------------------------------------------------------------------------------------------------------------------------------------------------------
       175         180   0.2             dd~_epvebb~sc~              0.00027214672 +-     2.558013e-05        3.467       0 [    3]      (   0)            235
       175         180   0.2             uu~_epvebb~sc~              0.00045507364 +-     4.331167e-05        1.410       0 [    3]      (   0)            246

       175         180   0.25            NNLO.QT-CS.42.RRA           0.00072722036 +-     5.030153e-05
--------------------------------------------------------------------------------------------------------------------------------------------------------------
       175         180   0.25            dd~_epvebb~sc~              0.00027214672 +-     2.558013e-05        3.467       0 [    3]      (   0)            235
       175         180   0.25            uu~_epvebb~sc~              0.00045507364 +-     4.331167e-05        1.410       0 [    3]      (   0)            246

       175         180   0.5             NNLO.QT-CS.42.RRA           0.00072722036 +-     5.030153e-05
--------------------------------------------------------------------------------------------------------------------------------------------------------------
       175         180   0.5             dd~_epvebb~sc~              0.00027214672 +-     2.558013e-05        3.467       0 [    3]      (   0)            235
       175         180   0.5             uu~_epvebb~sc~              0.00045507364 +-     4.331167e-05        1.410       0 [    3]      (   0)            246

==============================================================================================================================================================

       180         185   0.01            NNLO.QT-CS.42.RRA           0.00074598879 +-     4.623460e-05
--------------------------------------------------------------------------------------------------------------------------------------------------------------
       180         185   0.01            dd~_epvebb~sc~              0.00031581728 +-     2.686945e-05       0.2355       0 [    3]      (   0)            257
       180         185   0.01            uu~_epvebb~sc~              0.00043017151 +-     3.762540e-05       0.6899       0 [    3]      (   0)            250

       180         185   0.05            NNLO.QT-CS.42.RRA           0.00074598879 +-     4.623460e-05
--------------------------------------------------------------------------------------------------------------------------------------------------------------
       180         185   0.05            dd~_epvebb~sc~              0.00031581728 +-     2.686945e-05       0.2355       0 [    3]      (   0)            257
       180         185   0.05            uu~_epvebb~sc~              0.00043017151 +-     3.762540e-05       0.6899       0 [    3]      (   0)            250

       180         185   0.1             NNLO.QT-CS.42.RRA           0.00074598879 +-     4.623460e-05
--------------------------------------------------------------------------------------------------------------------------------------------------------------
       180         185   0.1             dd~_epvebb~sc~              0.00031581728 +-     2.686945e-05       0.2355       0 [    3]      (   0)            257
       180         185   0.1             uu~_epvebb~sc~              0.00043017151 +-     3.762540e-05       0.6899       0 [    3]      (   0)            250

       180         185   0.15            NNLO.QT-CS.42.RRA           0.00074598879 +-     4.623460e-05
--------------------------------------------------------------------------------------------------------------------------------------------------------------
       180         185   0.15            dd~_epvebb~sc~              0.00031581728 +-     2.686945e-05       0.2355       0 [    3]      (   0)            257
       180         185   0.15            uu~_epvebb~sc~              0.00043017151 +-     3.762540e-05       0.6899       0 [    3]      (   0)            250

       180         185   0.2             NNLO.QT-CS.42.RRA           0.00074598879 +-     4.623460e-05
--------------------------------------------------------------------------------------------------------------------------------------------------------------
       180         185   0.2             dd~_epvebb~sc~              0.00031581728 +-     2.686945e-05       0.2355       0 [    3]      (   0)            256
       180         185   0.2             uu~_epvebb~sc~              0.00043017151 +-     3.762540e-05       0.6899       0 [    3]      (   0)            250

       180         185   0.25            NNLO.QT-CS.42.RRA           0.00074598879 +-     4.623460e-05
--------------------------------------------------------------------------------------------------------------------------------------------------------------
       180         185   0.25            dd~_epvebb~sc~              0.00031581728 +-     2.686945e-05       0.2355       0 [    3]      (   0)            256
       180         185   0.25            uu~_epvebb~sc~              0.00043017151 +-     3.762540e-05       0.6899       0 [    3]      (   0)            250

       180         185   0.5             NNLO.QT-CS.42.RRA           0.00074598879 +-     4.623460e-05
--------------------------------------------------------------------------------------------------------------------------------------------------------------
       180         185   0.5             dd~_epvebb~sc~              0.00031581728 +-     2.686945e-05       0.2355       0 [    3]      (   0)            255
       180         185   0.5             uu~_epvebb~sc~              0.00043017151 +-     3.762540e-05       0.6899       0 [    3]      (   0)            250

==============================================================================================================================================================

       185         190   0.01            NNLO.QT-CS.42.RRA           0.00057687152 +-     4.124045e-05
--------------------------------------------------------------------------------------------------------------------------------------------------------------
       185         190   0.01            dd~_epvebb~sc~              0.00022952760 +-     2.500986e-05       0.1045       0 [    3]      (   0)            195
       185         190   0.01            uu~_epvebb~sc~              0.00034734392 +-     3.279149e-05      0.01732       0 [    3]      (   0)            215

       185         190   0.05            NNLO.QT-CS.42.RRA           0.00057687152 +-     4.124045e-05
--------------------------------------------------------------------------------------------------------------------------------------------------------------
       185         190   0.05            dd~_epvebb~sc~              0.00022952760 +-     2.500986e-05       0.1045       0 [    3]      (   0)            195
       185         190   0.05            uu~_epvebb~sc~              0.00034734392 +-     3.279149e-05      0.01732       0 [    3]      (   0)            215

       185         190   0.1             NNLO.QT-CS.42.RRA           0.00057687152 +-     4.124045e-05
--------------------------------------------------------------------------------------------------------------------------------------------------------------
       185         190   0.1             dd~_epvebb~sc~              0.00022952760 +-     2.500986e-05       0.1045       0 [    3]      (   0)            194
       185         190   0.1             uu~_epvebb~sc~              0.00034734392 +-     3.279149e-05      0.01732       0 [    3]      (   0)            215

       185         190   0.15            NNLO.QT-CS.42.RRA           0.00057687152 +-     4.124045e-05
--------------------------------------------------------------------------------------------------------------------------------------------------------------
       185         190   0.15            dd~_epvebb~sc~              0.00022952760 +-     2.500986e-05       0.1045       0 [    3]      (   0)            194
       185         190   0.15            uu~_epvebb~sc~              0.00034734392 +-     3.279149e-05      0.01732       0 [    3]      (   0)            215

       185         190   0.2             NNLO.QT-CS.42.RRA           0.00057687152 +-     4.124045e-05
--------------------------------------------------------------------------------------------------------------------------------------------------------------
       185         190   0.2             dd~_epvebb~sc~              0.00022952760 +-     2.500986e-05       0.1045       0 [    3]      (   0)            194
       185         190   0.2             uu~_epvebb~sc~              0.00034734392 +-     3.279149e-05      0.01732       0 [    3]      (   0)            215

       185         190   0.25            NNLO.QT-CS.42.RRA           0.00057687152 +-     4.124045e-05
--------------------------------------------------------------------------------------------------------------------------------------------------------------
       185         190   0.25            dd~_epvebb~sc~              0.00022952760 +-     2.500986e-05       0.1045       0 [    3]      (   0)            194
       185         190   0.25            uu~_epvebb~sc~              0.00034734392 +-     3.279149e-05      0.01732       0 [    3]      (   0)            215

       185         190   0.5             NNLO.QT-CS.42.RRA           0.00057687152 +-     4.124045e-05
--------------------------------------------------------------------------------------------------------------------------------------------------------------
       185         190   0.5             dd~_epvebb~sc~              0.00022952760 +-     2.500986e-05       0.1045       0 [    3]      (   0)            194
       185         190   0.5             uu~_epvebb~sc~              0.00034734392 +-     3.279149e-05      0.01732       0 [    3]      (   0)            215

==============================================================================================================================================================

       190         195   0.01            NNLO.QT-CS.42.RRA           0.00059409340 +-     4.273593e-05
--------------------------------------------------------------------------------------------------------------------------------------------------------------
       190         195   0.01            dd~_epvebb~sc~              0.00024401162 +-     2.469464e-05       0.2377       0 [    3]      (   0)            204
       190         195   0.01            uu~_epvebb~sc~              0.00035008178 +-     3.487886e-05       0.3023       0 [    3]      (   0)            213

       190         195   0.05            NNLO.QT-CS.42.RRA           0.00059409340 +-     4.273593e-05
--------------------------------------------------------------------------------------------------------------------------------------------------------------
       190         195   0.05            dd~_epvebb~sc~              0.00024401162 +-     2.469464e-05       0.2377       0 [    3]      (   0)            204
       190         195   0.05            uu~_epvebb~sc~              0.00035008178 +-     3.487886e-05       0.3023       0 [    3]      (   0)            213

       190         195   0.1             NNLO.QT-CS.42.RRA           0.00059409340 +-     4.273593e-05
--------------------------------------------------------------------------------------------------------------------------------------------------------------
       190         195   0.1             dd~_epvebb~sc~              0.00024401162 +-     2.469464e-05       0.2377       0 [    3]      (   0)            204
       190         195   0.1             uu~_epvebb~sc~              0.00035008178 +-     3.487886e-05       0.3023       0 [    3]      (   0)            213

       190         195   0.15            NNLO.QT-CS.42.RRA           0.00059409340 +-     4.273593e-05
--------------------------------------------------------------------------------------------------------------------------------------------------------------
       190         195   0.15            dd~_epvebb~sc~              0.00024401162 +-     2.469464e-05       0.2377       0 [    3]      (   0)            204
       190         195   0.15            uu~_epvebb~sc~              0.00035008178 +-     3.487886e-05       0.3023       0 [    3]      (   0)            213

       190         195   0.2             NNLO.QT-CS.42.RRA           0.00059409340 +-     4.273593e-05
--------------------------------------------------------------------------------------------------------------------------------------------------------------
       190         195   0.2             dd~_epvebb~sc~              0.00024401162 +-     2.469464e-05       0.2377       0 [    3]      (   0)            204
       190         195   0.2             uu~_epvebb~sc~              0.00035008178 +-     3.487886e-05       0.3023       0 [    3]      (   0)            213

       190         195   0.25            NNLO.QT-CS.42.RRA           0.00059409340 +-     4.273593e-05
--------------------------------------------------------------------------------------------------------------------------------------------------------------
       190         195   0.25            dd~_epvebb~sc~              0.00024401162 +-     2.469464e-05       0.2377       0 [    3]      (   0)            204
       190         195   0.25            uu~_epvebb~sc~              0.00035008178 +-     3.487886e-05       0.3023       0 [    3]      (   0)            213

       190         195   0.5             NNLO.QT-CS.42.RRA           0.00059409339 +-     4.273593e-05
--------------------------------------------------------------------------------------------------------------------------------------------------------------
       190         195   0.5             dd~_epvebb~sc~              0.00024401161 +-     2.469464e-05       0.2377       0 [    3]      (   0)            203
       190         195   0.5             uu~_epvebb~sc~              0.00035008178 +-     3.487886e-05       0.3023       0 [    3]      (   0)            213

==============================================================================================================================================================

       195         200   0.01            NNLO.QT-CS.42.RRA           0.00052335585 +-     3.625574e-05
--------------------------------------------------------------------------------------------------------------------------------------------------------------
       195         200   0.01            dd~_epvebb~sc~              0.00017939740 +-     2.010388e-05      0.04321       0 [    3]      (   0)            169
       195         200   0.01            uu~_epvebb~sc~              0.00034395845 +-     3.017138e-05       0.4305       0 [    3]      (   0)            228

       195         200   0.05            NNLO.QT-CS.42.RRA           0.00052335585 +-     3.625574e-05
--------------------------------------------------------------------------------------------------------------------------------------------------------------
       195         200   0.05            dd~_epvebb~sc~              0.00017939740 +-     2.010388e-05      0.04321       0 [    3]      (   0)            169
       195         200   0.05            uu~_epvebb~sc~              0.00034395845 +-     3.017138e-05       0.4305       0 [    3]      (   0)            228

       195         200   0.1             NNLO.QT-CS.42.RRA           0.00052335585 +-     3.625574e-05
--------------------------------------------------------------------------------------------------------------------------------------------------------------
       195         200   0.1             dd~_epvebb~sc~              0.00017939740 +-     2.010388e-05      0.04321       0 [    3]      (   0)            167
       195         200   0.1             uu~_epvebb~sc~              0.00034395845 +-     3.017138e-05       0.4305       0 [    3]      (   0)            228

       195         200   0.15            NNLO.QT-CS.42.RRA           0.00052335585 +-     3.625574e-05
--------------------------------------------------------------------------------------------------------------------------------------------------------------
       195         200   0.15            dd~_epvebb~sc~              0.00017939740 +-     2.010388e-05      0.04321       0 [    3]      (   0)            167
       195         200   0.15            uu~_epvebb~sc~              0.00034395845 +-     3.017138e-05       0.4305       0 [    3]      (   0)            228

       195         200   0.2             NNLO.QT-CS.42.RRA           0.00052335585 +-     3.625574e-05
--------------------------------------------------------------------------------------------------------------------------------------------------------------
       195         200   0.2             dd~_epvebb~sc~              0.00017939740 +-     2.010388e-05      0.04321       0 [    3]      (   0)            166
       195         200   0.2             uu~_epvebb~sc~              0.00034395845 +-     3.017138e-05       0.4305       0 [    3]      (   0)            228

       195         200   0.25            NNLO.QT-CS.42.RRA           0.00052335585 +-     3.625574e-05
--------------------------------------------------------------------------------------------------------------------------------------------------------------
       195         200   0.25            dd~_epvebb~sc~              0.00017939740 +-     2.010388e-05      0.04321       0 [    3]      (   0)            166
       195         200   0.25            uu~_epvebb~sc~              0.00034395845 +-     3.017138e-05       0.4305       0 [    3]      (   0)            228

       195         200   0.5             NNLO.QT-CS.42.RRA           0.00052335559 +-     3.625574e-05
--------------------------------------------------------------------------------------------------------------------------------------------------------------
       195         200   0.5             dd~_epvebb~sc~              0.00017939714 +-     2.010388e-05      0.04320       0 [    3]      (   0)            165
       195         200   0.5             uu~_epvebb~sc~              0.00034395845 +-     3.017138e-05       0.4305       0 [    3]      (   0)            228

==============================================================================================================================================================

       200         205   0.01            NNLO.QT-CS.42.RRA           0.00052645009 +-     3.921393e-05
--------------------------------------------------------------------------------------------------------------------------------------------------------------
       200         205   0.01            dd~_epvebb~sc~              0.00022328913 +-     2.372198e-05       0.1548       0 [    3]      (   0)            174
       200         205   0.01            uu~_epvebb~sc~              0.00030316096 +-     3.122498e-05       0.1337       0 [    3]      (   0)            199

       200         205   0.05            NNLO.QT-CS.42.RRA           0.00052645009 +-     3.921393e-05
--------------------------------------------------------------------------------------------------------------------------------------------------------------
       200         205   0.05            dd~_epvebb~sc~              0.00022328913 +-     2.372198e-05       0.1548       0 [    3]      (   0)            174
       200         205   0.05            uu~_epvebb~sc~              0.00030316096 +-     3.122498e-05       0.1337       0 [    3]      (   0)            199

       200         205   0.1             NNLO.QT-CS.42.RRA           0.00052645009 +-     3.921393e-05
--------------------------------------------------------------------------------------------------------------------------------------------------------------
       200         205   0.1             dd~_epvebb~sc~              0.00022328913 +-     2.372198e-05       0.1548       0 [    3]      (   0)            174
       200         205   0.1             uu~_epvebb~sc~              0.00030316096 +-     3.122498e-05       0.1337       0 [    3]      (   0)            199

       200         205   0.15            NNLO.QT-CS.42.RRA           0.00052645009 +-     3.921393e-05
--------------------------------------------------------------------------------------------------------------------------------------------------------------
       200         205   0.15            dd~_epvebb~sc~              0.00022328913 +-     2.372198e-05       0.1548       0 [    3]      (   0)            174
       200         205   0.15            uu~_epvebb~sc~              0.00030316096 +-     3.122498e-05       0.1337       0 [    3]      (   0)            199

       200         205   0.2             NNLO.QT-CS.42.RRA           0.00052645009 +-     3.921393e-05
--------------------------------------------------------------------------------------------------------------------------------------------------------------
       200         205   0.2             dd~_epvebb~sc~              0.00022328913 +-     2.372198e-05       0.1548       0 [    3]      (   0)            174
       200         205   0.2             uu~_epvebb~sc~              0.00030316096 +-     3.122498e-05       0.1337       0 [    3]      (   0)            199

       200         205   0.25            NNLO.QT-CS.42.RRA           0.00052645009 +-     3.921393e-05
--------------------------------------------------------------------------------------------------------------------------------------------------------------
       200         205   0.25            dd~_epvebb~sc~              0.00022328913 +-     2.372198e-05       0.1548       0 [    3]      (   0)            174
       200         205   0.25            uu~_epvebb~sc~              0.00030316096 +-     3.122498e-05       0.1337       0 [    3]      (   0)            199

       200         205   0.5             NNLO.QT-CS.42.RRA           0.00052645009 +-     3.921393e-05
--------------------------------------------------------------------------------------------------------------------------------------------------------------
       200         205   0.5             dd~_epvebb~sc~              0.00022328913 +-     2.372198e-05       0.1548       0 [    3]      (   0)            174
       200         205   0.5             uu~_epvebb~sc~              0.00030316096 +-     3.122498e-05       0.1337       0 [    3]      (   0)            199

==============================================================================================================================================================

       205         210   0.01            NNLO.QT-CS.42.RRA           0.00045879473 +-     3.510347e-05
--------------------------------------------------------------------------------------------------------------------------------------------------------------
       205         210   0.01            dd~_epvebb~sc~              0.00018699465 +-     1.935788e-05       0.7172       0 [    3]      (   0)            159
       205         210   0.01            uu~_epvebb~sc~              0.00027180008 +-     2.928354e-05        1.588       0 [    3]      (   0)            179

       205         210   0.05            NNLO.QT-CS.42.RRA           0.00045879473 +-     3.510347e-05
--------------------------------------------------------------------------------------------------------------------------------------------------------------
       205         210   0.05            dd~_epvebb~sc~              0.00018699465 +-     1.935788e-05       0.7172       0 [    3]      (   0)            158
       205         210   0.05            uu~_epvebb~sc~              0.00027180008 +-     2.928354e-05        1.588       0 [    3]      (   0)            179

       205         210   0.1             NNLO.QT-CS.42.RRA           0.00045879473 +-     3.510347e-05
--------------------------------------------------------------------------------------------------------------------------------------------------------------
       205         210   0.1             dd~_epvebb~sc~              0.00018699465 +-     1.935788e-05       0.7172       0 [    3]      (   0)            158
       205         210   0.1             uu~_epvebb~sc~              0.00027180008 +-     2.928354e-05        1.588       0 [    3]      (   0)            179

       205         210   0.15            NNLO.QT-CS.42.RRA           0.00045879473 +-     3.510347e-05
--------------------------------------------------------------------------------------------------------------------------------------------------------------
       205         210   0.15            dd~_epvebb~sc~              0.00018699465 +-     1.935788e-05       0.7172       0 [    3]      (   0)            158
       205         210   0.15            uu~_epvebb~sc~              0.00027180008 +-     2.928354e-05        1.588       0 [    3]      (   0)            178

       205         210   0.2             NNLO.QT-CS.42.RRA           0.00045879473 +-     3.510347e-05
--------------------------------------------------------------------------------------------------------------------------------------------------------------
       205         210   0.2             dd~_epvebb~sc~              0.00018699465 +-     1.935788e-05       0.7172       0 [    3]      (   0)            158
       205         210   0.2             uu~_epvebb~sc~              0.00027180008 +-     2.928354e-05        1.588       0 [    3]      (   0)            178

       205         210   0.25            NNLO.QT-CS.42.RRA           0.00045879473 +-     3.510347e-05
--------------------------------------------------------------------------------------------------------------------------------------------------------------
       205         210   0.25            dd~_epvebb~sc~              0.00018699465 +-     1.935788e-05       0.7172       0 [    3]      (   0)            158
       205         210   0.25            uu~_epvebb~sc~              0.00027180008 +-     2.928354e-05        1.588       0 [    3]      (   0)            178

       205         210   0.5             NNLO.QT-CS.42.RRA           0.00045879473 +-     3.510347e-05
--------------------------------------------------------------------------------------------------------------------------------------------------------------
       205         210   0.5             dd~_epvebb~sc~              0.00018699465 +-     1.935788e-05       0.7172       0 [    3]      (   0)            158
       205         210   0.5             uu~_epvebb~sc~              0.00027180008 +-     2.928354e-05        1.588       0 [    3]      (   0)            178

==============================================================================================================================================================

       210         215   0.01            NNLO.QT-CS.42.RRA           0.00043604890 +-     3.637625e-05
--------------------------------------------------------------------------------------------------------------------------------------------------------------
       210         215   0.01            dd~_epvebb~sc~              0.00018388209 +-     2.183094e-05        1.079       0 [    3]      (   0)            168
       210         215   0.01            uu~_epvebb~sc~              0.00025216681 +-     2.909710e-05       0.5214       0 [    3]      (   0)            159

       210         215   0.05            NNLO.QT-CS.42.RRA           0.00043604890 +-     3.637625e-05
--------------------------------------------------------------------------------------------------------------------------------------------------------------
       210         215   0.05            dd~_epvebb~sc~              0.00018388209 +-     2.183094e-05        1.079       0 [    3]      (   0)            168
       210         215   0.05            uu~_epvebb~sc~              0.00025216681 +-     2.909710e-05       0.5214       0 [    3]      (   0)            159

       210         215   0.1             NNLO.QT-CS.42.RRA           0.00043604890 +-     3.637625e-05
--------------------------------------------------------------------------------------------------------------------------------------------------------------
       210         215   0.1             dd~_epvebb~sc~              0.00018388209 +-     2.183094e-05        1.079       0 [    3]      (   0)            168
       210         215   0.1             uu~_epvebb~sc~              0.00025216681 +-     2.909710e-05       0.5214       0 [    3]      (   0)            158

       210         215   0.15            NNLO.QT-CS.42.RRA           0.00043604890 +-     3.637625e-05
--------------------------------------------------------------------------------------------------------------------------------------------------------------
       210         215   0.15            dd~_epvebb~sc~              0.00018388209 +-     2.183094e-05        1.079       0 [    3]      (   0)            168
       210         215   0.15            uu~_epvebb~sc~              0.00025216681 +-     2.909710e-05       0.5214       0 [    3]      (   0)            158

       210         215   0.2             NNLO.QT-CS.42.RRA           0.00043604890 +-     3.637625e-05
--------------------------------------------------------------------------------------------------------------------------------------------------------------
       210         215   0.2             dd~_epvebb~sc~              0.00018388209 +-     2.183094e-05        1.079       0 [    3]      (   0)            168
       210         215   0.2             uu~_epvebb~sc~              0.00025216681 +-     2.909710e-05       0.5214       0 [    3]      (   0)            158

       210         215   0.25            NNLO.QT-CS.42.RRA           0.00043604890 +-     3.637625e-05
--------------------------------------------------------------------------------------------------------------------------------------------------------------
       210         215   0.25            dd~_epvebb~sc~              0.00018388209 +-     2.183094e-05        1.079       0 [    3]      (   0)            168
       210         215   0.25            uu~_epvebb~sc~              0.00025216681 +-     2.909710e-05       0.5214       0 [    3]      (   0)            157

       210         215   0.5             NNLO.QT-CS.42.RRA           0.00043604882 +-     3.637625e-05
--------------------------------------------------------------------------------------------------------------------------------------------------------------
       210         215   0.5             dd~_epvebb~sc~              0.00018388209 +-     2.183094e-05        1.079       0 [    3]      (   0)            168
       210         215   0.5             uu~_epvebb~sc~              0.00025216673 +-     2.909710e-05       0.5214       0 [    3]      (   0)            156

==============================================================================================================================================================

       215         220   0.01            NNLO.QT-CS.42.RRA           0.00037422448 +-     2.794553e-05
--------------------------------------------------------------------------------------------------------------------------------------------------------------
       215         220   0.01            dd~_epvebb~sc~              0.00014712925 +-     1.658919e-05       0.5407       0 [    3]      (   0)            145
       215         220   0.01            uu~_epvebb~sc~              0.00022709522 +-     2.248892e-05     0.005766       0 [    3]      (   0)            168

       215         220   0.05            NNLO.QT-CS.42.RRA           0.00037422448 +-     2.794553e-05
--------------------------------------------------------------------------------------------------------------------------------------------------------------
       215         220   0.05            dd~_epvebb~sc~              0.00014712925 +-     1.658919e-05       0.5407       0 [    3]      (   0)            145
       215         220   0.05            uu~_epvebb~sc~              0.00022709522 +-     2.248892e-05     0.005766       0 [    3]      (   0)            168

       215         220   0.1             NNLO.QT-CS.42.RRA           0.00037422448 +-     2.794553e-05
--------------------------------------------------------------------------------------------------------------------------------------------------------------
       215         220   0.1             dd~_epvebb~sc~              0.00014712925 +-     1.658919e-05       0.5407       0 [    3]      (   0)            145
       215         220   0.1             uu~_epvebb~sc~              0.00022709522 +-     2.248892e-05     0.005766       0 [    3]      (   0)            168

       215         220   0.15            NNLO.QT-CS.42.RRA           0.00037422448 +-     2.794553e-05
--------------------------------------------------------------------------------------------------------------------------------------------------------------
       215         220   0.15            dd~_epvebb~sc~              0.00014712925 +-     1.658919e-05       0.5407       0 [    3]      (   0)            145
       215         220   0.15            uu~_epvebb~sc~              0.00022709522 +-     2.248892e-05     0.005766       0 [    3]      (   0)            168

       215         220   0.2             NNLO.QT-CS.42.RRA           0.00037422448 +-     2.794553e-05
--------------------------------------------------------------------------------------------------------------------------------------------------------------
       215         220   0.2             dd~_epvebb~sc~              0.00014712925 +-     1.658919e-05       0.5407       0 [    3]      (   0)            145
       215         220   0.2             uu~_epvebb~sc~              0.00022709522 +-     2.248892e-05     0.005766       0 [    3]      (   0)            168

       215         220   0.25            NNLO.QT-CS.42.RRA           0.00037422448 +-     2.794553e-05
--------------------------------------------------------------------------------------------------------------------------------------------------------------
       215         220   0.25            dd~_epvebb~sc~              0.00014712925 +-     1.658919e-05       0.5407       0 [    3]      (   0)            145
       215         220   0.25            uu~_epvebb~sc~              0.00022709522 +-     2.248892e-05     0.005766       0 [    3]      (   0)            168

       215         220   0.5             NNLO.QT-CS.42.RRA           0.00037422448 +-     2.794553e-05
--------------------------------------------------------------------------------------------------------------------------------------------------------------
       215         220   0.5             dd~_epvebb~sc~              0.00014712925 +-     1.658919e-05       0.5407       0 [    3]      (   0)            145
       215         220   0.5             uu~_epvebb~sc~              0.00022709522 +-     2.248892e-05     0.005766       0 [    3]      (   0)            168

==============================================================================================================================================================

       220         225   0.01            NNLO.QT-CS.42.RRA           0.00032260780 +-     3.002450e-05
--------------------------------------------------------------------------------------------------------------------------------------------------------------
       220         225   0.01            dd~_epvebb~sc~              0.00013245235 +-     1.734842e-05        2.091       0 [    3]      (   0)            120
       220         225   0.01            uu~_epvebb~sc~              0.00019015545 +-     2.450517e-05        1.078       0 [    3]      (   0)            132

       220         225   0.05            NNLO.QT-CS.42.RRA           0.00032260780 +-     3.002450e-05
--------------------------------------------------------------------------------------------------------------------------------------------------------------
       220         225   0.05            dd~_epvebb~sc~              0.00013245235 +-     1.734842e-05        2.091       0 [    3]      (   0)            120
       220         225   0.05            uu~_epvebb~sc~              0.00019015545 +-     2.450517e-05        1.078       0 [    3]      (   0)            132

       220         225   0.1             NNLO.QT-CS.42.RRA           0.00032260780 +-     3.002450e-05
--------------------------------------------------------------------------------------------------------------------------------------------------------------
       220         225   0.1             dd~_epvebb~sc~              0.00013245235 +-     1.734842e-05        2.091       0 [    3]      (   0)            120
       220         225   0.1             uu~_epvebb~sc~              0.00019015545 +-     2.450517e-05        1.078       0 [    3]      (   0)            132

       220         225   0.15            NNLO.QT-CS.42.RRA           0.00032260780 +-     3.002450e-05
--------------------------------------------------------------------------------------------------------------------------------------------------------------
       220         225   0.15            dd~_epvebb~sc~              0.00013245235 +-     1.734842e-05        2.091       0 [    3]      (   0)            120
       220         225   0.15            uu~_epvebb~sc~              0.00019015545 +-     2.450517e-05        1.078       0 [    3]      (   0)            132

       220         225   0.2             NNLO.QT-CS.42.RRA           0.00032260780 +-     3.002450e-05
--------------------------------------------------------------------------------------------------------------------------------------------------------------
       220         225   0.2             dd~_epvebb~sc~              0.00013245235 +-     1.734842e-05        2.091       0 [    3]      (   0)            120
       220         225   0.2             uu~_epvebb~sc~              0.00019015545 +-     2.450517e-05        1.078       0 [    3]      (   0)            132

       220         225   0.25            NNLO.QT-CS.42.RRA           0.00032260780 +-     3.002450e-05
--------------------------------------------------------------------------------------------------------------------------------------------------------------
       220         225   0.25            dd~_epvebb~sc~              0.00013245235 +-     1.734842e-05        2.091       0 [    3]      (   0)            120
       220         225   0.25            uu~_epvebb~sc~              0.00019015545 +-     2.450517e-05        1.078       0 [    3]      (   0)            132

       220         225   0.5             NNLO.QT-CS.42.RRA           0.00032260780 +-     3.002450e-05
--------------------------------------------------------------------------------------------------------------------------------------------------------------
       220         225   0.5             dd~_epvebb~sc~              0.00013245235 +-     1.734842e-05        2.091       0 [    3]      (   0)            120
       220         225   0.5             uu~_epvebb~sc~              0.00019015545 +-     2.450517e-05        1.078       0 [    3]      (   0)            132

==============================================================================================================================================================

       225         230   0.01            NNLO.QT-CS.42.RRA           0.00037334504 +-     3.696698e-05
--------------------------------------------------------------------------------------------------------------------------------------------------------------
       225         230   0.01            dd~_epvebb~sc~              0.00010544943 +-     1.610637e-05      0.03144       0 [    3]      (   0)            116
       225         230   0.01            uu~_epvebb~sc~              0.00026789561 +-     3.327374e-05      0.01498       0 [    3]      (   0)            157

       225         230   0.05            NNLO.QT-CS.42.RRA           0.00037334504 +-     3.696698e-05
--------------------------------------------------------------------------------------------------------------------------------------------------------------
       225         230   0.05            dd~_epvebb~sc~              0.00010544943 +-     1.610637e-05      0.03144       0 [    3]      (   0)            116
       225         230   0.05            uu~_epvebb~sc~              0.00026789561 +-     3.327374e-05      0.01498       0 [    3]      (   0)            157

       225         230   0.1             NNLO.QT-CS.42.RRA           0.00037334504 +-     3.696698e-05
--------------------------------------------------------------------------------------------------------------------------------------------------------------
       225         230   0.1             dd~_epvebb~sc~              0.00010544943 +-     1.610637e-05      0.03144       0 [    3]      (   0)            116
       225         230   0.1             uu~_epvebb~sc~              0.00026789561 +-     3.327374e-05      0.01498       0 [    3]      (   0)            157

       225         230   0.15            NNLO.QT-CS.42.RRA           0.00037334504 +-     3.696698e-05
--------------------------------------------------------------------------------------------------------------------------------------------------------------
       225         230   0.15            dd~_epvebb~sc~              0.00010544943 +-     1.610637e-05      0.03144       0 [    3]      (   0)            116
       225         230   0.15            uu~_epvebb~sc~              0.00026789561 +-     3.327374e-05      0.01498       0 [    3]      (   0)            157

       225         230   0.2             NNLO.QT-CS.42.RRA           0.00037334504 +-     3.696698e-05
--------------------------------------------------------------------------------------------------------------------------------------------------------------
       225         230   0.2             dd~_epvebb~sc~              0.00010544943 +-     1.610637e-05      0.03144       0 [    3]      (   0)            116
       225         230   0.2             uu~_epvebb~sc~              0.00026789561 +-     3.327374e-05      0.01498       0 [    3]      (   0)            156

       225         230   0.25            NNLO.QT-CS.42.RRA           0.00037334504 +-     3.696698e-05
--------------------------------------------------------------------------------------------------------------------------------------------------------------
       225         230   0.25            dd~_epvebb~sc~              0.00010544943 +-     1.610637e-05      0.03144       0 [    3]      (   0)            116
       225         230   0.25            uu~_epvebb~sc~              0.00026789561 +-     3.327374e-05      0.01498       0 [    3]      (   0)            156

       225         230   0.5             NNLO.QT-CS.42.RRA           0.00037334504 +-     3.696698e-05
--------------------------------------------------------------------------------------------------------------------------------------------------------------
       225         230   0.5             dd~_epvebb~sc~              0.00010544943 +-     1.610637e-05      0.03144       0 [    3]      (   0)            116
       225         230   0.5             uu~_epvebb~sc~              0.00026789561 +-     3.327374e-05      0.01498       0 [    3]      (   0)            156

==============================================================================================================================================================

       230         235   0.01            NNLO.QT-CS.42.RRA           0.00028318681 +-     2.454055e-05
--------------------------------------------------------------------------------------------------------------------------------------------------------------
       230         235   0.01            dd~_epvebb~sc~              0.00011562668 +-     1.375432e-05       0.1474       0 [    3]      (   0)            135
       230         235   0.01            uu~_epvebb~sc~              0.00016756013 +-     2.032381e-05       0.4666       0 [    3]      (   0)            131

       230         235   0.05            NNLO.QT-CS.42.RRA           0.00028318681 +-     2.454055e-05
--------------------------------------------------------------------------------------------------------------------------------------------------------------
       230         235   0.05            dd~_epvebb~sc~              0.00011562668 +-     1.375432e-05       0.1474       0 [    3]      (   0)            135
       230         235   0.05            uu~_epvebb~sc~              0.00016756013 +-     2.032381e-05       0.4666       0 [    3]      (   0)            131

       230         235   0.1             NNLO.QT-CS.42.RRA           0.00028318681 +-     2.454055e-05
--------------------------------------------------------------------------------------------------------------------------------------------------------------
       230         235   0.1             dd~_epvebb~sc~              0.00011562668 +-     1.375432e-05       0.1474       0 [    3]      (   0)            135
       230         235   0.1             uu~_epvebb~sc~              0.00016756013 +-     2.032381e-05       0.4666       0 [    3]      (   0)            131

       230         235   0.15            NNLO.QT-CS.42.RRA           0.00028318681 +-     2.454055e-05
--------------------------------------------------------------------------------------------------------------------------------------------------------------
       230         235   0.15            dd~_epvebb~sc~              0.00011562668 +-     1.375432e-05       0.1474       0 [    3]      (   0)            135
       230         235   0.15            uu~_epvebb~sc~              0.00016756013 +-     2.032381e-05       0.4666       0 [    3]      (   0)            131

       230         235   0.2             NNLO.QT-CS.42.RRA           0.00028318681 +-     2.454055e-05
--------------------------------------------------------------------------------------------------------------------------------------------------------------
       230         235   0.2             dd~_epvebb~sc~              0.00011562668 +-     1.375432e-05       0.1474       0 [    3]      (   0)            135
       230         235   0.2             uu~_epvebb~sc~              0.00016756013 +-     2.032381e-05       0.4666       0 [    3]      (   0)            131

       230         235   0.25            NNLO.QT-CS.42.RRA           0.00028318681 +-     2.454055e-05
--------------------------------------------------------------------------------------------------------------------------------------------------------------
       230         235   0.25            dd~_epvebb~sc~              0.00011562668 +-     1.375432e-05       0.1474       0 [    3]      (   0)            135
       230         235   0.25            uu~_epvebb~sc~              0.00016756013 +-     2.032381e-05       0.4666       0 [    3]      (   0)            131

       230         235   0.5             NNLO.QT-CS.42.RRA           0.00028318681 +-     2.454055e-05
--------------------------------------------------------------------------------------------------------------------------------------------------------------
       230         235   0.5             dd~_epvebb~sc~              0.00011562668 +-     1.375432e-05       0.1474       0 [    3]      (   0)            135
       230         235   0.5             uu~_epvebb~sc~              0.00016756013 +-     2.032381e-05       0.4666       0 [    3]      (   0)            131

==============================================================================================================================================================

       235         240   0.01            NNLO.QT-CS.42.RRA           0.00029953459 +-     2.886292e-05
--------------------------------------------------------------------------------------------------------------------------------------------------------------
       235         240   0.01            dd~_epvebb~sc~              0.00011290370 +-     1.479387e-05       0.4851       0 [    3]      (   0)            119
       235         240   0.01            uu~_epvebb~sc~              0.00018663088 +-     2.478325e-05       0.4344       0 [    3]      (   0)            126

       235         240   0.05            NNLO.QT-CS.42.RRA           0.00029953459 +-     2.886292e-05
--------------------------------------------------------------------------------------------------------------------------------------------------------------
       235         240   0.05            dd~_epvebb~sc~              0.00011290370 +-     1.479387e-05       0.4851       0 [    3]      (   0)            119
       235         240   0.05            uu~_epvebb~sc~              0.00018663088 +-     2.478325e-05       0.4344       0 [    3]      (   0)            126

       235         240   0.1             NNLO.QT-CS.42.RRA           0.00029953459 +-     2.886292e-05
--------------------------------------------------------------------------------------------------------------------------------------------------------------
       235         240   0.1             dd~_epvebb~sc~              0.00011290370 +-     1.479387e-05       0.4851       0 [    3]      (   0)            119
       235         240   0.1             uu~_epvebb~sc~              0.00018663088 +-     2.478325e-05       0.4344       0 [    3]      (   0)            126

       235         240   0.15            NNLO.QT-CS.42.RRA           0.00029953459 +-     2.886292e-05
--------------------------------------------------------------------------------------------------------------------------------------------------------------
       235         240   0.15            dd~_epvebb~sc~              0.00011290370 +-     1.479387e-05       0.4851       0 [    3]      (   0)            119
       235         240   0.15            uu~_epvebb~sc~              0.00018663088 +-     2.478325e-05       0.4344       0 [    3]      (   0)            126

       235         240   0.2             NNLO.QT-CS.42.RRA           0.00029953459 +-     2.886292e-05
--------------------------------------------------------------------------------------------------------------------------------------------------------------
       235         240   0.2             dd~_epvebb~sc~              0.00011290370 +-     1.479387e-05       0.4851       0 [    3]      (   0)            119
       235         240   0.2             uu~_epvebb~sc~              0.00018663088 +-     2.478325e-05       0.4344       0 [    3]      (   0)            126

       235         240   0.25            NNLO.QT-CS.42.RRA           0.00029953459 +-     2.886292e-05
--------------------------------------------------------------------------------------------------------------------------------------------------------------
       235         240   0.25            dd~_epvebb~sc~              0.00011290370 +-     1.479387e-05       0.4851       0 [    3]      (   0)            119
       235         240   0.25            uu~_epvebb~sc~              0.00018663088 +-     2.478325e-05       0.4344       0 [    3]      (   0)            126

       235         240   0.5             NNLO.QT-CS.42.RRA           0.00029953459 +-     2.886292e-05
--------------------------------------------------------------------------------------------------------------------------------------------------------------
       235         240   0.5             dd~_epvebb~sc~              0.00011290370 +-     1.479387e-05       0.4851       0 [    3]      (   0)            118
       235         240   0.5             uu~_epvebb~sc~              0.00018663088 +-     2.478325e-05       0.4344       0 [    3]      (   0)            126

==============================================================================================================================================================

       240         245   0.01            NNLO.QT-CS.42.RRA           0.00021676299 +-     2.174703e-05
--------------------------------------------------------------------------------------------------------------------------------------------------------------
       240         245   0.01            dd~_epvebb~sc~               9.046190e-05 +-     1.257937e-05       0.6834       0 [    3]      (   0)            112
       240         245   0.01            uu~_epvebb~sc~              0.00012630109 +-     1.773959e-05       0.7050       0 [    3]      (   0)            107

       240         245   0.05            NNLO.QT-CS.42.RRA           0.00021676299 +-     2.174703e-05
--------------------------------------------------------------------------------------------------------------------------------------------------------------
       240         245   0.05            dd~_epvebb~sc~               9.046190e-05 +-     1.257937e-05       0.6834       0 [    3]      (   0)            112
       240         245   0.05            uu~_epvebb~sc~              0.00012630109 +-     1.773959e-05       0.7050       0 [    3]      (   0)            107

       240         245   0.1             NNLO.QT-CS.42.RRA           0.00021676299 +-     2.174703e-05
--------------------------------------------------------------------------------------------------------------------------------------------------------------
       240         245   0.1             dd~_epvebb~sc~               9.046190e-05 +-     1.257937e-05       0.6834       0 [    3]      (   0)            112
       240         245   0.1             uu~_epvebb~sc~              0.00012630109 +-     1.773959e-05       0.7050       0 [    3]      (   0)            107

       240         245   0.15            NNLO.QT-CS.42.RRA           0.00021676299 +-     2.174703e-05
--------------------------------------------------------------------------------------------------------------------------------------------------------------
       240         245   0.15            dd~_epvebb~sc~               9.046190e-05 +-     1.257937e-05       0.6834       0 [    3]      (   0)            112
       240         245   0.15            uu~_epvebb~sc~              0.00012630109 +-     1.773959e-05       0.7050       0 [    3]      (   0)            107

       240         245   0.2             NNLO.QT-CS.42.RRA           0.00021676299 +-     2.174703e-05
--------------------------------------------------------------------------------------------------------------------------------------------------------------
       240         245   0.2             dd~_epvebb~sc~               9.046190e-05 +-     1.257937e-05       0.6834       0 [    3]      (   0)            112
       240         245   0.2             uu~_epvebb~sc~              0.00012630109 +-     1.773959e-05       0.7050       0 [    3]      (   0)            107

       240         245   0.25            NNLO.QT-CS.42.RRA           0.00021676299 +-     2.174703e-05
--------------------------------------------------------------------------------------------------------------------------------------------------------------
       240         245   0.25            dd~_epvebb~sc~               9.046190e-05 +-     1.257937e-05       0.6834       0 [    3]      (   0)            112
       240         245   0.25            uu~_epvebb~sc~              0.00012630109 +-     1.773959e-05       0.7050       0 [    3]      (   0)            107

       240         245   0.5             NNLO.QT-CS.42.RRA           0.00021676299 +-     2.174703e-05
--------------------------------------------------------------------------------------------------------------------------------------------------------------
       240         245   0.5             dd~_epvebb~sc~               9.046190e-05 +-     1.257937e-05       0.6834       0 [    3]      (   0)            110
       240         245   0.5             uu~_epvebb~sc~              0.00012630109 +-     1.773959e-05       0.7050       0 [    3]      (   0)            107

==============================================================================================================================================================

       245         250   0.01            NNLO.QT-CS.42.RRA           0.00026444528 +-     2.708729e-05
--------------------------------------------------------------------------------------------------------------------------------------------------------------
       245         250   0.01            dd~_epvebb~sc~               7.729232e-05 +-     1.059638e-05       0.6419       0 [    3]      (   0)             88
       245         250   0.01            uu~_epvebb~sc~              0.00018715296 +-     2.492866e-05      0.03153       0 [    3]      (   0)            118

       245         250   0.05            NNLO.QT-CS.42.RRA           0.00026444528 +-     2.708729e-05
--------------------------------------------------------------------------------------------------------------------------------------------------------------
       245         250   0.05            dd~_epvebb~sc~               7.729232e-05 +-     1.059638e-05       0.6419       0 [    3]      (   0)             88
       245         250   0.05            uu~_epvebb~sc~              0.00018715296 +-     2.492866e-05      0.03153       0 [    3]      (   0)            118

       245         250   0.1             NNLO.QT-CS.42.RRA           0.00026444528 +-     2.708729e-05
--------------------------------------------------------------------------------------------------------------------------------------------------------------
       245         250   0.1             dd~_epvebb~sc~               7.729232e-05 +-     1.059638e-05       0.6419       0 [    3]      (   0)             88
       245         250   0.1             uu~_epvebb~sc~              0.00018715296 +-     2.492866e-05      0.03153       0 [    3]      (   0)            117

       245         250   0.15            NNLO.QT-CS.42.RRA           0.00026444528 +-     2.708729e-05
--------------------------------------------------------------------------------------------------------------------------------------------------------------
       245         250   0.15            dd~_epvebb~sc~               7.729232e-05 +-     1.059638e-05       0.6419       0 [    3]      (   0)             88
       245         250   0.15            uu~_epvebb~sc~              0.00018715296 +-     2.492866e-05      0.03153       0 [    3]      (   0)            117

       245         250   0.2             NNLO.QT-CS.42.RRA           0.00026444528 +-     2.708729e-05
--------------------------------------------------------------------------------------------------------------------------------------------------------------
       245         250   0.2             dd~_epvebb~sc~               7.729232e-05 +-     1.059638e-05       0.6419       0 [    3]      (   0)             88
       245         250   0.2             uu~_epvebb~sc~              0.00018715296 +-     2.492866e-05      0.03153       0 [    3]      (   0)            117

       245         250   0.25            NNLO.QT-CS.42.RRA           0.00026444528 +-     2.708729e-05
--------------------------------------------------------------------------------------------------------------------------------------------------------------
       245         250   0.25            dd~_epvebb~sc~               7.729232e-05 +-     1.059638e-05       0.6419       0 [    3]      (   0)             88
       245         250   0.25            uu~_epvebb~sc~              0.00018715296 +-     2.492866e-05      0.03153       0 [    3]      (   0)            117

       245         250   0.5             NNLO.QT-CS.42.RRA           0.00026444528 +-     2.708729e-05
--------------------------------------------------------------------------------------------------------------------------------------------------------------
       245         250   0.5             dd~_epvebb~sc~               7.729232e-05 +-     1.059638e-05       0.6419       0 [    3]      (   0)             88
       245         250   0.5             uu~_epvebb~sc~              0.00018715296 +-     2.492866e-05      0.03153       0 [    3]      (   0)            117

==============================================================================================================================================================

       250         255   0.01            NNLO.QT-CS.42.RRA           0.00023846433 +-     2.360925e-05
--------------------------------------------------------------------------------------------------------------------------------------------------------------
       250         255   0.01            dd~_epvebb~sc~               8.302555e-05 +-     1.203617e-05        1.388       0 [    3]      (   0)             90
       250         255   0.01            uu~_epvebb~sc~              0.00015543878 +-     2.031077e-05       0.3898       0 [    3]      (   0)            122

       250         255   0.05            NNLO.QT-CS.42.RRA           0.00023846433 +-     2.360925e-05
--------------------------------------------------------------------------------------------------------------------------------------------------------------
       250         255   0.05            dd~_epvebb~sc~               8.302555e-05 +-     1.203617e-05        1.388       0 [    3]      (   0)             90
       250         255   0.05            uu~_epvebb~sc~              0.00015543878 +-     2.031077e-05       0.3898       0 [    3]      (   0)            122

       250         255   0.1             NNLO.QT-CS.42.RRA           0.00023846433 +-     2.360925e-05
--------------------------------------------------------------------------------------------------------------------------------------------------------------
       250         255   0.1             dd~_epvebb~sc~               8.302555e-05 +-     1.203617e-05        1.388       0 [    3]      (   0)             90
       250         255   0.1             uu~_epvebb~sc~              0.00015543878 +-     2.031077e-05       0.3898       0 [    3]      (   0)            122

       250         255   0.15            NNLO.QT-CS.42.RRA           0.00023846433 +-     2.360925e-05
--------------------------------------------------------------------------------------------------------------------------------------------------------------
       250         255   0.15            dd~_epvebb~sc~               8.302555e-05 +-     1.203617e-05        1.388       0 [    3]      (   0)             90
       250         255   0.15            uu~_epvebb~sc~              0.00015543878 +-     2.031077e-05       0.3898       0 [    3]      (   0)            122

       250         255   0.2             NNLO.QT-CS.42.RRA           0.00023846433 +-     2.360925e-05
--------------------------------------------------------------------------------------------------------------------------------------------------------------
       250         255   0.2             dd~_epvebb~sc~               8.302555e-05 +-     1.203617e-05        1.388       0 [    3]      (   0)             90
       250         255   0.2             uu~_epvebb~sc~              0.00015543878 +-     2.031077e-05       0.3898       0 [    3]      (   0)            122

       250         255   0.25            NNLO.QT-CS.42.RRA           0.00023846433 +-     2.360925e-05
--------------------------------------------------------------------------------------------------------------------------------------------------------------
       250         255   0.25            dd~_epvebb~sc~               8.302555e-05 +-     1.203617e-05        1.388       0 [    3]      (   0)             90
       250         255   0.25            uu~_epvebb~sc~              0.00015543878 +-     2.031077e-05       0.3898       0 [    3]      (   0)            122

       250         255   0.5             NNLO.QT-CS.42.RRA           0.00023846433 +-     2.360925e-05
--------------------------------------------------------------------------------------------------------------------------------------------------------------
       250         255   0.5             dd~_epvebb~sc~               8.302555e-05 +-     1.203617e-05        1.388       0 [    3]      (   0)             90
       250         255   0.5             uu~_epvebb~sc~              0.00015543878 +-     2.031077e-05       0.3898       0 [    3]      (   0)            122

==============================================================================================================================================================

       255         260   0.01            NNLO.QT-CS.42.RRA           0.00022327744 +-     2.805044e-05
--------------------------------------------------------------------------------------------------------------------------------------------------------------
       255         260   0.01            dd~_epvebb~sc~               8.201334e-05 +-     1.270316e-05       0.7244       0 [    3]      (   0)             82
       255         260   0.01            uu~_epvebb~sc~              0.00014126410 +-     2.500914e-05        1.493       0 [    3]      (   0)             94

       255         260   0.05            NNLO.QT-CS.42.RRA           0.00022327744 +-     2.805044e-05
--------------------------------------------------------------------------------------------------------------------------------------------------------------
       255         260   0.05            dd~_epvebb~sc~               8.201334e-05 +-     1.270316e-05       0.7244       0 [    3]      (   0)             82
       255         260   0.05            uu~_epvebb~sc~              0.00014126410 +-     2.500914e-05        1.493       0 [    3]      (   0)             94

       255         260   0.1             NNLO.QT-CS.42.RRA           0.00022327744 +-     2.805044e-05
--------------------------------------------------------------------------------------------------------------------------------------------------------------
       255         260   0.1             dd~_epvebb~sc~               8.201334e-05 +-     1.270316e-05       0.7244       0 [    3]      (   0)             82
       255         260   0.1             uu~_epvebb~sc~              0.00014126410 +-     2.500914e-05        1.493       0 [    3]      (   0)             94

       255         260   0.15            NNLO.QT-CS.42.RRA           0.00022327744 +-     2.805044e-05
--------------------------------------------------------------------------------------------------------------------------------------------------------------
       255         260   0.15            dd~_epvebb~sc~               8.201334e-05 +-     1.270316e-05       0.7244       0 [    3]      (   0)             82
       255         260   0.15            uu~_epvebb~sc~              0.00014126410 +-     2.500914e-05        1.493       0 [    3]      (   0)             94

       255         260   0.2             NNLO.QT-CS.42.RRA           0.00022327744 +-     2.805044e-05
--------------------------------------------------------------------------------------------------------------------------------------------------------------
       255         260   0.2             dd~_epvebb~sc~               8.201334e-05 +-     1.270316e-05       0.7244       0 [    3]      (   0)             82
       255         260   0.2             uu~_epvebb~sc~              0.00014126410 +-     2.500914e-05        1.493       0 [    3]      (   0)             94

       255         260   0.25            NNLO.QT-CS.42.RRA           0.00022327744 +-     2.805044e-05
--------------------------------------------------------------------------------------------------------------------------------------------------------------
       255         260   0.25            dd~_epvebb~sc~               8.201334e-05 +-     1.270316e-05       0.7244       0 [    3]      (   0)             82
       255         260   0.25            uu~_epvebb~sc~              0.00014126410 +-     2.500914e-05        1.493       0 [    3]      (   0)             94

       255         260   0.5             NNLO.QT-CS.42.RRA           0.00022327744 +-     2.805044e-05
--------------------------------------------------------------------------------------------------------------------------------------------------------------
       255         260   0.5             dd~_epvebb~sc~               8.201334e-05 +-     1.270316e-05       0.7244       0 [    3]      (   0)             81
       255         260   0.5             uu~_epvebb~sc~              0.00014126410 +-     2.500914e-05        1.493       0 [    3]      (   0)             94

==============================================================================================================================================================

       260         265   0.01            NNLO.QT-CS.42.RRA           0.00016859094 +-     1.808870e-05
--------------------------------------------------------------------------------------------------------------------------------------------------------------
       260         265   0.01            dd~_epvebb~sc~               7.214814e-05 +-     1.108226e-05        4.874       0 [    3]      (   0)             92
       260         265   0.01            uu~_epvebb~sc~               9.644280e-05 +-     1.429631e-05       0.4814       0 [    3]      (   0)             86

       260         265   0.05            NNLO.QT-CS.42.RRA           0.00016859094 +-     1.808870e-05
--------------------------------------------------------------------------------------------------------------------------------------------------------------
       260         265   0.05            dd~_epvebb~sc~               7.214814e-05 +-     1.108226e-05        4.874       0 [    3]      (   0)             92
       260         265   0.05            uu~_epvebb~sc~               9.644280e-05 +-     1.429631e-05       0.4814       0 [    3]      (   0)             86

       260         265   0.1             NNLO.QT-CS.42.RRA           0.00016859094 +-     1.808870e-05
--------------------------------------------------------------------------------------------------------------------------------------------------------------
       260         265   0.1             dd~_epvebb~sc~               7.214814e-05 +-     1.108226e-05        4.874       0 [    3]      (   0)             92
       260         265   0.1             uu~_epvebb~sc~               9.644280e-05 +-     1.429631e-05       0.4814       0 [    3]      (   0)             86

       260         265   0.15            NNLO.QT-CS.42.RRA           0.00016859094 +-     1.808870e-05
--------------------------------------------------------------------------------------------------------------------------------------------------------------
       260         265   0.15            dd~_epvebb~sc~               7.214814e-05 +-     1.108226e-05        4.874       0 [    3]      (   0)             92
       260         265   0.15            uu~_epvebb~sc~               9.644280e-05 +-     1.429631e-05       0.4814       0 [    3]      (   0)             86

       260         265   0.2             NNLO.QT-CS.42.RRA           0.00016819565 +-     1.808439e-05
--------------------------------------------------------------------------------------------------------------------------------------------------------------
       260         265   0.2             dd~_epvebb~sc~               7.175285e-05 +-     1.107522e-05        4.908       0 [    3]      (   0)             91
       260         265   0.2             uu~_epvebb~sc~               9.644280e-05 +-     1.429631e-05       0.4814       0 [    3]      (   0)             86

       260         265   0.25            NNLO.QT-CS.42.RRA           0.00016819565 +-     1.808439e-05
--------------------------------------------------------------------------------------------------------------------------------------------------------------
       260         265   0.25            dd~_epvebb~sc~               7.175285e-05 +-     1.107522e-05        4.908       0 [    3]      (   0)             91
       260         265   0.25            uu~_epvebb~sc~               9.644280e-05 +-     1.429631e-05       0.4814       0 [    3]      (   0)             86

       260         265   0.5             NNLO.QT-CS.42.RRA           0.00016819565 +-     1.808439e-05
--------------------------------------------------------------------------------------------------------------------------------------------------------------
       260         265   0.5             dd~_epvebb~sc~               7.175285e-05 +-     1.107522e-05        4.908       0 [    3]      (   0)             91
       260         265   0.5             uu~_epvebb~sc~               9.644280e-05 +-     1.429631e-05       0.4814       0 [    3]      (   0)             86

==============================================================================================================================================================

       265         270   0.01            NNLO.QT-CS.42.RRA           0.00017248852 +-     1.978223e-05
--------------------------------------------------------------------------------------------------------------------------------------------------------------
       265         270   0.01            dd~_epvebb~sc~               7.259826e-05 +-     1.351011e-05       0.3786       0 [    3]      (   0)             75
       265         270   0.01            uu~_epvebb~sc~               9.989026e-05 +-     1.445039e-05        1.057       0 [    3]      (   0)            102

       265         270   0.05            NNLO.QT-CS.42.RRA           0.00017248852 +-     1.978223e-05
--------------------------------------------------------------------------------------------------------------------------------------------------------------
       265         270   0.05            dd~_epvebb~sc~               7.259826e-05 +-     1.351011e-05       0.3786       0 [    3]      (   0)             75
       265         270   0.05            uu~_epvebb~sc~               9.989026e-05 +-     1.445039e-05        1.057       0 [    3]      (   0)            102

       265         270   0.1             NNLO.QT-CS.42.RRA           0.00017248852 +-     1.978223e-05
--------------------------------------------------------------------------------------------------------------------------------------------------------------
       265         270   0.1             dd~_epvebb~sc~               7.259826e-05 +-     1.351011e-05       0.3786       0 [    3]      (   0)             75
       265         270   0.1             uu~_epvebb~sc~               9.989026e-05 +-     1.445039e-05        1.057       0 [    3]      (   0)            102

       265         270   0.15            NNLO.QT-CS.42.RRA           0.00017248852 +-     1.978223e-05
--------------------------------------------------------------------------------------------------------------------------------------------------------------
       265         270   0.15            dd~_epvebb~sc~               7.259826e-05 +-     1.351011e-05       0.3786       0 [    3]      (   0)             75
       265         270   0.15            uu~_epvebb~sc~               9.989026e-05 +-     1.445039e-05        1.057       0 [    3]      (   0)            102

       265         270   0.2             NNLO.QT-CS.42.RRA           0.00017248852 +-     1.978223e-05
--------------------------------------------------------------------------------------------------------------------------------------------------------------
       265         270   0.2             dd~_epvebb~sc~               7.259826e-05 +-     1.351011e-05       0.3786       0 [    3]      (   0)             75
       265         270   0.2             uu~_epvebb~sc~               9.989026e-05 +-     1.445039e-05        1.057       0 [    3]      (   0)            102

       265         270   0.25            NNLO.QT-CS.42.RRA           0.00017248852 +-     1.978223e-05
--------------------------------------------------------------------------------------------------------------------------------------------------------------
       265         270   0.25            dd~_epvebb~sc~               7.259826e-05 +-     1.351011e-05       0.3786       0 [    3]      (   0)             75
       265         270   0.25            uu~_epvebb~sc~               9.989026e-05 +-     1.445039e-05        1.057       0 [    3]      (   0)            102

       265         270   0.5             NNLO.QT-CS.42.RRA           0.00017248852 +-     1.978223e-05
--------------------------------------------------------------------------------------------------------------------------------------------------------------
       265         270   0.5             dd~_epvebb~sc~               7.259826e-05 +-     1.351011e-05       0.3786       0 [    3]      (   0)             75
       265         270   0.5             uu~_epvebb~sc~               9.989026e-05 +-     1.445039e-05        1.057       0 [    3]      (   0)            102

==============================================================================================================================================================

       270         275   0.01            NNLO.QT-CS.42.RRA           0.00016793722 +-     1.894086e-05
--------------------------------------------------------------------------------------------------------------------------------------------------------------
       270         275   0.01            dd~_epvebb~sc~               7.127542e-05 +-     1.115224e-05       0.6377       0 [    3]      (   0)             82
       270         275   0.01            uu~_epvebb~sc~               9.666180e-05 +-     1.530959e-05       0.7738       0 [    3]      (   0)             85

       270         275   0.05            NNLO.QT-CS.42.RRA           0.00016793722 +-     1.894086e-05
--------------------------------------------------------------------------------------------------------------------------------------------------------------
       270         275   0.05            dd~_epvebb~sc~               7.127542e-05 +-     1.115224e-05       0.6377       0 [    3]      (   0)             82
       270         275   0.05            uu~_epvebb~sc~               9.666180e-05 +-     1.530959e-05       0.7738       0 [    3]      (   0)             85

       270         275   0.1             NNLO.QT-CS.42.RRA           0.00016793722 +-     1.894086e-05
--------------------------------------------------------------------------------------------------------------------------------------------------------------
       270         275   0.1             dd~_epvebb~sc~               7.127542e-05 +-     1.115224e-05       0.6377       0 [    3]      (   0)             82
       270         275   0.1             uu~_epvebb~sc~               9.666180e-05 +-     1.530959e-05       0.7738       0 [    3]      (   0)             85

       270         275   0.15            NNLO.QT-CS.42.RRA           0.00016793722 +-     1.894086e-05
--------------------------------------------------------------------------------------------------------------------------------------------------------------
       270         275   0.15            dd~_epvebb~sc~               7.127542e-05 +-     1.115224e-05       0.6377       0 [    3]      (   0)             82
       270         275   0.15            uu~_epvebb~sc~               9.666180e-05 +-     1.530959e-05       0.7738       0 [    3]      (   0)             85

       270         275   0.2             NNLO.QT-CS.42.RRA           0.00016793722 +-     1.894086e-05
--------------------------------------------------------------------------------------------------------------------------------------------------------------
       270         275   0.2             dd~_epvebb~sc~               7.127542e-05 +-     1.115224e-05       0.6377       0 [    3]      (   0)             82
       270         275   0.2             uu~_epvebb~sc~               9.666180e-05 +-     1.530959e-05       0.7738       0 [    3]      (   0)             85

       270         275   0.25            NNLO.QT-CS.42.RRA           0.00016793722 +-     1.894086e-05
--------------------------------------------------------------------------------------------------------------------------------------------------------------
       270         275   0.25            dd~_epvebb~sc~               7.127542e-05 +-     1.115224e-05       0.6377       0 [    3]      (   0)             82
       270         275   0.25            uu~_epvebb~sc~               9.666180e-05 +-     1.530959e-05       0.7738       0 [    3]      (   0)             85

       270         275   0.5             NNLO.QT-CS.42.RRA           0.00016793722 +-     1.894086e-05
--------------------------------------------------------------------------------------------------------------------------------------------------------------
       270         275   0.5             dd~_epvebb~sc~               7.127542e-05 +-     1.115224e-05       0.6377       0 [    3]      (   0)             82
       270         275   0.5             uu~_epvebb~sc~               9.666180e-05 +-     1.530959e-05       0.7738       0 [    3]      (   0)             85

==============================================================================================================================================================

       275         280   0.01            NNLO.QT-CS.42.RRA           0.00015947506 +-     1.994003e-05
--------------------------------------------------------------------------------------------------------------------------------------------------------------
       275         280   0.01            dd~_epvebb~sc~               5.798107e-05 +-     1.113028e-05      0.09012       0 [    3]      (   0)             74
       275         280   0.01            uu~_epvebb~sc~              0.00010149399 +-     1.654453e-05       0.4382       0 [    3]      (   0)             85

       275         280   0.05            NNLO.QT-CS.42.RRA           0.00015947506 +-     1.994003e-05
--------------------------------------------------------------------------------------------------------------------------------------------------------------
       275         280   0.05            dd~_epvebb~sc~               5.798107e-05 +-     1.113028e-05      0.09012       0 [    3]      (   0)             74
       275         280   0.05            uu~_epvebb~sc~              0.00010149399 +-     1.654453e-05       0.4382       0 [    3]      (   0)             85

       275         280   0.1             NNLO.QT-CS.42.RRA           0.00015947506 +-     1.994003e-05
--------------------------------------------------------------------------------------------------------------------------------------------------------------
       275         280   0.1             dd~_epvebb~sc~               5.798107e-05 +-     1.113028e-05      0.09012       0 [    3]      (   0)             74
       275         280   0.1             uu~_epvebb~sc~              0.00010149399 +-     1.654453e-05       0.4382       0 [    3]      (   0)             85

       275         280   0.15            NNLO.QT-CS.42.RRA           0.00015947506 +-     1.994003e-05
--------------------------------------------------------------------------------------------------------------------------------------------------------------
       275         280   0.15            dd~_epvebb~sc~               5.798107e-05 +-     1.113028e-05      0.09012       0 [    3]      (   0)             74
       275         280   0.15            uu~_epvebb~sc~              0.00010149399 +-     1.654453e-05       0.4382       0 [    3]      (   0)             85

       275         280   0.2             NNLO.QT-CS.42.RRA           0.00015947506 +-     1.994003e-05
--------------------------------------------------------------------------------------------------------------------------------------------------------------
       275         280   0.2             dd~_epvebb~sc~               5.798107e-05 +-     1.113028e-05      0.09012       0 [    3]      (   0)             74
       275         280   0.2             uu~_epvebb~sc~              0.00010149399 +-     1.654453e-05       0.4382       0 [    3]      (   0)             85

       275         280   0.25            NNLO.QT-CS.42.RRA           0.00015947506 +-     1.994003e-05
--------------------------------------------------------------------------------------------------------------------------------------------------------------
       275         280   0.25            dd~_epvebb~sc~               5.798107e-05 +-     1.113028e-05      0.09012       0 [    3]      (   0)             74
       275         280   0.25            uu~_epvebb~sc~              0.00010149399 +-     1.654453e-05       0.4382       0 [    3]      (   0)             85

       275         280   0.5             NNLO.QT-CS.42.RRA           0.00015947506 +-     1.994003e-05
--------------------------------------------------------------------------------------------------------------------------------------------------------------
       275         280   0.5             dd~_epvebb~sc~               5.798107e-05 +-     1.113028e-05      0.09012       0 [    3]      (   0)             74
       275         280   0.5             uu~_epvebb~sc~              0.00010149399 +-     1.654453e-05       0.4382       0 [    3]      (   0)             85

==============================================================================================================================================================

       280         285   0.01            NNLO.QT-CS.42.RRA           0.00012522431 +-     1.637281e-05
--------------------------------------------------------------------------------------------------------------------------------------------------------------
       280         285   0.01            dd~_epvebb~sc~               2.618698e-05 +-      4.96005e-06        1.290       0 [    3]      (   0)             54
       280         285   0.01            uu~_epvebb~sc~               9.903733e-05 +-     1.560342e-05       0.5489       0 [    3]      (   0)             80

       280         285   0.05            NNLO.QT-CS.42.RRA           0.00012522431 +-     1.637281e-05
--------------------------------------------------------------------------------------------------------------------------------------------------------------
       280         285   0.05            dd~_epvebb~sc~               2.618698e-05 +-      4.96005e-06        1.290       0 [    3]      (   0)             54
       280         285   0.05            uu~_epvebb~sc~               9.903733e-05 +-     1.560342e-05       0.5489       0 [    3]      (   0)             80

       280         285   0.1             NNLO.QT-CS.42.RRA           0.00012522431 +-     1.637281e-05
--------------------------------------------------------------------------------------------------------------------------------------------------------------
       280         285   0.1             dd~_epvebb~sc~               2.618698e-05 +-      4.96005e-06        1.290       0 [    3]      (   0)             54
       280         285   0.1             uu~_epvebb~sc~               9.903733e-05 +-     1.560342e-05       0.5489       0 [    3]      (   0)             80

       280         285   0.15            NNLO.QT-CS.42.RRA           0.00012522431 +-     1.637281e-05
--------------------------------------------------------------------------------------------------------------------------------------------------------------
       280         285   0.15            dd~_epvebb~sc~               2.618698e-05 +-      4.96005e-06        1.290       0 [    3]      (   0)             54
       280         285   0.15            uu~_epvebb~sc~               9.903733e-05 +-     1.560342e-05       0.5489       0 [    3]      (   0)             80

       280         285   0.2             NNLO.QT-CS.42.RRA           0.00012522431 +-     1.637281e-05
--------------------------------------------------------------------------------------------------------------------------------------------------------------
       280         285   0.2             dd~_epvebb~sc~               2.618698e-05 +-      4.96005e-06        1.290       0 [    3]      (   0)             54
       280         285   0.2             uu~_epvebb~sc~               9.903733e-05 +-     1.560342e-05       0.5489       0 [    3]      (   0)             80

       280         285   0.25            NNLO.QT-CS.42.RRA           0.00012522431 +-     1.637281e-05
--------------------------------------------------------------------------------------------------------------------------------------------------------------
       280         285   0.25            dd~_epvebb~sc~               2.618698e-05 +-      4.96005e-06        1.290       0 [    3]      (   0)             54
       280         285   0.25            uu~_epvebb~sc~               9.903733e-05 +-     1.560342e-05       0.5489       0 [    3]      (   0)             80

       280         285   0.5             NNLO.QT-CS.42.RRA           0.00012522431 +-     1.637281e-05
--------------------------------------------------------------------------------------------------------------------------------------------------------------
       280         285   0.5             dd~_epvebb~sc~               2.618698e-05 +-      4.96005e-06        1.290       0 [    3]      (   0)             54
       280         285   0.5             uu~_epvebb~sc~               9.903733e-05 +-     1.560342e-05       0.5489       0 [    3]      (   0)             80

==============================================================================================================================================================

       285         290   0.01            NNLO.QT-CS.42.RRA           0.00012293881 +-     1.562926e-05
--------------------------------------------------------------------------------------------------------------------------------------------------------------
       285         290   0.01            dd~_epvebb~sc~               5.085127e-05 +-      9.72410e-06      0.05844       0 [    3]      (   0)             64
       285         290   0.01            uu~_epvebb~sc~               7.208754e-05 +-     1.223583e-05        1.321       0 [    3]      (   0)             71

       285         290   0.05            NNLO.QT-CS.42.RRA           0.00012293881 +-     1.562926e-05
--------------------------------------------------------------------------------------------------------------------------------------------------------------
       285         290   0.05            dd~_epvebb~sc~               5.085127e-05 +-      9.72410e-06      0.05844       0 [    3]      (   0)             64
       285         290   0.05            uu~_epvebb~sc~               7.208754e-05 +-     1.223583e-05        1.321       0 [    3]      (   0)             71

       285         290   0.1             NNLO.QT-CS.42.RRA           0.00012293881 +-     1.562926e-05
--------------------------------------------------------------------------------------------------------------------------------------------------------------
       285         290   0.1             dd~_epvebb~sc~               5.085127e-05 +-      9.72410e-06      0.05844       0 [    3]      (   0)             64
       285         290   0.1             uu~_epvebb~sc~               7.208754e-05 +-     1.223583e-05        1.321       0 [    3]      (   0)             71

       285         290   0.15            NNLO.QT-CS.42.RRA           0.00012293881 +-     1.562926e-05
--------------------------------------------------------------------------------------------------------------------------------------------------------------
       285         290   0.15            dd~_epvebb~sc~               5.085127e-05 +-      9.72410e-06      0.05844       0 [    3]      (   0)             64
       285         290   0.15            uu~_epvebb~sc~               7.208754e-05 +-     1.223583e-05        1.321       0 [    3]      (   0)             71

       285         290   0.2             NNLO.QT-CS.42.RRA           0.00012293881 +-     1.562926e-05
--------------------------------------------------------------------------------------------------------------------------------------------------------------
       285         290   0.2             dd~_epvebb~sc~               5.085127e-05 +-      9.72410e-06      0.05844       0 [    3]      (   0)             64
       285         290   0.2             uu~_epvebb~sc~               7.208754e-05 +-     1.223583e-05        1.321       0 [    3]      (   0)             71

       285         290   0.25            NNLO.QT-CS.42.RRA           0.00012293881 +-     1.562926e-05
--------------------------------------------------------------------------------------------------------------------------------------------------------------
       285         290   0.25            dd~_epvebb~sc~               5.085127e-05 +-      9.72410e-06      0.05844       0 [    3]      (   0)             64
       285         290   0.25            uu~_epvebb~sc~               7.208754e-05 +-     1.223583e-05        1.321       0 [    3]      (   0)             71

       285         290   0.5             NNLO.QT-CS.42.RRA           0.00012293881 +-     1.562926e-05
--------------------------------------------------------------------------------------------------------------------------------------------------------------
       285         290   0.5             dd~_epvebb~sc~               5.085127e-05 +-      9.72410e-06      0.05844       0 [    3]      (   0)             64
       285         290   0.5             uu~_epvebb~sc~               7.208754e-05 +-     1.223583e-05        1.321       0 [    3]      (   0)             71

==============================================================================================================================================================

       290         295   0.01            NNLO.QT-CS.42.RRA           0.00016917897 +-     2.075719e-05
--------------------------------------------------------------------------------------------------------------------------------------------------------------
       290         295   0.01            dd~_epvebb~sc~               6.368318e-05 +-     1.066082e-05        6.329       0 [    3]      (   0)             70
       290         295   0.01            uu~_epvebb~sc~              0.00010549579 +-     1.781033e-05       0.1475       0 [    3]      (   0)             75

       290         295   0.05            NNLO.QT-CS.42.RRA           0.00016917897 +-     2.075719e-05
--------------------------------------------------------------------------------------------------------------------------------------------------------------
       290         295   0.05            dd~_epvebb~sc~               6.368318e-05 +-     1.066082e-05        6.329       0 [    3]      (   0)             70
       290         295   0.05            uu~_epvebb~sc~              0.00010549579 +-     1.781033e-05       0.1475       0 [    3]      (   0)             75

       290         295   0.1             NNLO.QT-CS.42.RRA           0.00016917897 +-     2.075719e-05
--------------------------------------------------------------------------------------------------------------------------------------------------------------
       290         295   0.1             dd~_epvebb~sc~               6.368318e-05 +-     1.066082e-05        6.329       0 [    3]      (   0)             70
       290         295   0.1             uu~_epvebb~sc~              0.00010549579 +-     1.781033e-05       0.1475       0 [    3]      (   0)             75

       290         295   0.15            NNLO.QT-CS.42.RRA           0.00016917897 +-     2.075719e-05
--------------------------------------------------------------------------------------------------------------------------------------------------------------
       290         295   0.15            dd~_epvebb~sc~               6.368318e-05 +-     1.066082e-05        6.329       0 [    3]      (   0)             70
       290         295   0.15            uu~_epvebb~sc~              0.00010549579 +-     1.781033e-05       0.1475       0 [    3]      (   0)             75

       290         295   0.2             NNLO.QT-CS.42.RRA           0.00016917897 +-     2.075719e-05
--------------------------------------------------------------------------------------------------------------------------------------------------------------
       290         295   0.2             dd~_epvebb~sc~               6.368318e-05 +-     1.066082e-05        6.329       0 [    3]      (   0)             70
       290         295   0.2             uu~_epvebb~sc~              0.00010549579 +-     1.781033e-05       0.1475       0 [    3]      (   0)             75

       290         295   0.25            NNLO.QT-CS.42.RRA           0.00016917897 +-     2.075719e-05
--------------------------------------------------------------------------------------------------------------------------------------------------------------
       290         295   0.25            dd~_epvebb~sc~               6.368318e-05 +-     1.066082e-05        6.329       0 [    3]      (   0)             70
       290         295   0.25            uu~_epvebb~sc~              0.00010549579 +-     1.781033e-05       0.1475       0 [    3]      (   0)             75

       290         295   0.5             NNLO.QT-CS.42.RRA           0.00016917897 +-     2.075719e-05
--------------------------------------------------------------------------------------------------------------------------------------------------------------
       290         295   0.5             dd~_epvebb~sc~               6.368318e-05 +-     1.066082e-05        6.329       0 [    3]      (   0)             70
       290         295   0.5             uu~_epvebb~sc~              0.00010549579 +-     1.781033e-05       0.1475       0 [    3]      (   0)             75

==============================================================================================================================================================

       295         300   0.01            NNLO.QT-CS.42.RRA           0.00010871050 +-     1.426750e-05
--------------------------------------------------------------------------------------------------------------------------------------------------------------
       295         300   0.01            dd~_epvebb~sc~               5.181833e-05 +-     1.029002e-05        1.110       0 [    3]      (   0)             65
       295         300   0.01            uu~_epvebb~sc~               5.689218e-05 +-      9.88317e-06       0.1040       0 [    3]      (   0)             65

       295         300   0.05            NNLO.QT-CS.42.RRA           0.00010871050 +-     1.426750e-05
--------------------------------------------------------------------------------------------------------------------------------------------------------------
       295         300   0.05            dd~_epvebb~sc~               5.181833e-05 +-     1.029002e-05        1.110       0 [    3]      (   0)             65
       295         300   0.05            uu~_epvebb~sc~               5.689218e-05 +-      9.88317e-06       0.1040       0 [    3]      (   0)             65

       295         300   0.1             NNLO.QT-CS.42.RRA           0.00010871050 +-     1.426750e-05
--------------------------------------------------------------------------------------------------------------------------------------------------------------
       295         300   0.1             dd~_epvebb~sc~               5.181833e-05 +-     1.029002e-05        1.110       0 [    3]      (   0)             65
       295         300   0.1             uu~_epvebb~sc~               5.689218e-05 +-      9.88317e-06       0.1040       0 [    3]      (   0)             65

       295         300   0.15            NNLO.QT-CS.42.RRA           0.00010871050 +-     1.426750e-05
--------------------------------------------------------------------------------------------------------------------------------------------------------------
       295         300   0.15            dd~_epvebb~sc~               5.181833e-05 +-     1.029002e-05        1.110       0 [    3]      (   0)             65
       295         300   0.15            uu~_epvebb~sc~               5.689218e-05 +-      9.88317e-06       0.1040       0 [    3]      (   0)             65

       295         300   0.2             NNLO.QT-CS.42.RRA           0.00010871050 +-     1.426750e-05
--------------------------------------------------------------------------------------------------------------------------------------------------------------
       295         300   0.2             dd~_epvebb~sc~               5.181833e-05 +-     1.029002e-05        1.110       0 [    3]      (   0)             65
       295         300   0.2             uu~_epvebb~sc~               5.689218e-05 +-      9.88317e-06       0.1040       0 [    3]      (   0)             65

       295         300   0.25            NNLO.QT-CS.42.RRA           0.00010871050 +-     1.426750e-05
--------------------------------------------------------------------------------------------------------------------------------------------------------------
       295         300   0.25            dd~_epvebb~sc~               5.181833e-05 +-     1.029002e-05        1.110       0 [    3]      (   0)             65
       295         300   0.25            uu~_epvebb~sc~               5.689218e-05 +-      9.88317e-06       0.1040       0 [    3]      (   0)             65

       295         300   0.5             NNLO.QT-CS.42.RRA           0.00010871050 +-     1.426750e-05
--------------------------------------------------------------------------------------------------------------------------------------------------------------
       295         300   0.5             dd~_epvebb~sc~               5.181833e-05 +-     1.029002e-05        1.110       0 [    3]      (   0)             65
       295         300   0.5             uu~_epvebb~sc~               5.689218e-05 +-      9.88317e-06       0.1040       0 [    3]      (   0)             65

==============================================================================================================================================================

       300         305   0.01            NNLO.QT-CS.42.RRA           9.3162771e-05 +-    1.2221565e-05
--------------------------------------------------------------------------------------------------------------------------------------------------------------
       300         305   0.01            dd~_epvebb~sc~              3.3222845e-05 +-     6.329829e-06       0.6608       0 [    3]      (   0)             46
       300         305   0.01            uu~_epvebb~sc~              5.9939926e-05 +-    1.0454660e-05       0.9439       0 [    3]      (   0)             69

       300         305   0.05            NNLO.QT-CS.42.RRA           9.3162771e-05 +-    1.2221565e-05
--------------------------------------------------------------------------------------------------------------------------------------------------------------
       300         305   0.05            dd~_epvebb~sc~              3.3222845e-05 +-     6.329829e-06       0.6608       0 [    3]      (   0)             46
       300         305   0.05            uu~_epvebb~sc~              5.9939926e-05 +-    1.0454660e-05       0.9439       0 [    3]      (   0)             69

       300         305   0.1             NNLO.QT-CS.42.RRA           9.3162771e-05 +-    1.2221565e-05
--------------------------------------------------------------------------------------------------------------------------------------------------------------
       300         305   0.1             dd~_epvebb~sc~              3.3222845e-05 +-     6.329829e-06       0.6608       0 [    3]      (   0)             46
       300         305   0.1             uu~_epvebb~sc~              5.9939926e-05 +-    1.0454660e-05       0.9439       0 [    3]      (   0)             69

       300         305   0.15            NNLO.QT-CS.42.RRA           9.3162771e-05 +-    1.2221565e-05
--------------------------------------------------------------------------------------------------------------------------------------------------------------
       300         305   0.15            dd~_epvebb~sc~              3.3222845e-05 +-     6.329829e-06       0.6608       0 [    3]      (   0)             46
       300         305   0.15            uu~_epvebb~sc~              5.9939926e-05 +-    1.0454660e-05       0.9439       0 [    3]      (   0)             69

       300         305   0.2             NNLO.QT-CS.42.RRA           9.3162771e-05 +-    1.2221565e-05
--------------------------------------------------------------------------------------------------------------------------------------------------------------
       300         305   0.2             dd~_epvebb~sc~              3.3222845e-05 +-     6.329829e-06       0.6608       0 [    3]      (   0)             46
       300         305   0.2             uu~_epvebb~sc~              5.9939926e-05 +-    1.0454660e-05       0.9439       0 [    3]      (   0)             69

       300         305   0.25            NNLO.QT-CS.42.RRA           9.3162771e-05 +-    1.2221565e-05
--------------------------------------------------------------------------------------------------------------------------------------------------------------
       300         305   0.25            dd~_epvebb~sc~              3.3222845e-05 +-     6.329829e-06       0.6608       0 [    3]      (   0)             46
       300         305   0.25            uu~_epvebb~sc~              5.9939926e-05 +-    1.0454660e-05       0.9439       0 [    3]      (   0)             69

       300         305   0.5             NNLO.QT-CS.42.RRA           9.2517995e-05 +-    1.2204565e-05
--------------------------------------------------------------------------------------------------------------------------------------------------------------
       300         305   0.5             dd~_epvebb~sc~              3.3222845e-05 +-     6.329829e-06       0.6608       0 [    3]      (   0)             46
       300         305   0.5             uu~_epvebb~sc~              5.9295150e-05 +-    1.0434783e-05        1.107       0 [    3]      (   0)             68

==============================================================================================================================================================

       305         310   0.01            NNLO.QT-CS.42.RRA           0.00011076205 +-     1.679735e-05
--------------------------------------------------------------------------------------------------------------------------------------------------------------
       305         310   0.01            dd~_epvebb~sc~               3.603316e-05 +-      7.44663e-06       0.6608       0 [    3]      (   0)             46
       305         310   0.01            uu~_epvebb~sc~               7.472889e-05 +-     1.505652e-05        1.500       0 [    3]      (   0)             61

       305         310   0.05            NNLO.QT-CS.42.RRA           0.00011076205 +-     1.679735e-05
--------------------------------------------------------------------------------------------------------------------------------------------------------------
       305         310   0.05            dd~_epvebb~sc~               3.603316e-05 +-      7.44663e-06       0.6608       0 [    3]      (   0)             46
       305         310   0.05            uu~_epvebb~sc~               7.472889e-05 +-     1.505652e-05        1.500       0 [    3]      (   0)             61

       305         310   0.1             NNLO.QT-CS.42.RRA           0.00011076205 +-     1.679735e-05
--------------------------------------------------------------------------------------------------------------------------------------------------------------
       305         310   0.1             dd~_epvebb~sc~               3.603316e-05 +-      7.44663e-06       0.6608       0 [    3]      (   0)             46
       305         310   0.1             uu~_epvebb~sc~               7.472889e-05 +-     1.505652e-05        1.500       0 [    3]      (   0)             61

       305         310   0.15            NNLO.QT-CS.42.RRA           0.00011076205 +-     1.679735e-05
--------------------------------------------------------------------------------------------------------------------------------------------------------------
       305         310   0.15            dd~_epvebb~sc~               3.603316e-05 +-      7.44663e-06       0.6608       0 [    3]      (   0)             46
       305         310   0.15            uu~_epvebb~sc~               7.472889e-05 +-     1.505652e-05        1.500       0 [    3]      (   0)             61

       305         310   0.2             NNLO.QT-CS.42.RRA           0.00011076205 +-     1.679735e-05
--------------------------------------------------------------------------------------------------------------------------------------------------------------
       305         310   0.2             dd~_epvebb~sc~               3.603316e-05 +-      7.44663e-06       0.6608       0 [    3]      (   0)             46
       305         310   0.2             uu~_epvebb~sc~               7.472889e-05 +-     1.505652e-05        1.500       0 [    3]      (   0)             61

       305         310   0.25            NNLO.QT-CS.42.RRA           0.00011076205 +-     1.679735e-05
--------------------------------------------------------------------------------------------------------------------------------------------------------------
       305         310   0.25            dd~_epvebb~sc~               3.603316e-05 +-      7.44663e-06       0.6608       0 [    3]      (   0)             46
       305         310   0.25            uu~_epvebb~sc~               7.472889e-05 +-     1.505652e-05        1.500       0 [    3]      (   0)             61

       305         310   0.5             NNLO.QT-CS.42.RRA           0.00011076205 +-     1.679735e-05
--------------------------------------------------------------------------------------------------------------------------------------------------------------
       305         310   0.5             dd~_epvebb~sc~               3.603316e-05 +-      7.44663e-06       0.6608       0 [    3]      (   0)             46
       305         310   0.5             uu~_epvebb~sc~               7.472889e-05 +-     1.505652e-05        1.500       0 [    3]      (   0)             60

==============================================================================================================================================================

       310         315   0.01            NNLO.QT-CS.42.RRA           9.6147400e-05 +-    1.5629733e-05
--------------------------------------------------------------------------------------------------------------------------------------------------------------
       310         315   0.01            dd~_epvebb~sc~              3.6942310e-05 +-     8.247966e-06       0.1951       0 [    3]      (   0)             49
       310         315   0.01            uu~_epvebb~sc~              5.9205090e-05 +-    1.3276280e-05        1.638       0 [    3]      (   0)             50

       310         315   0.05            NNLO.QT-CS.42.RRA           9.6147400e-05 +-    1.5629733e-05
--------------------------------------------------------------------------------------------------------------------------------------------------------------
       310         315   0.05            dd~_epvebb~sc~              3.6942310e-05 +-     8.247966e-06       0.1951       0 [    3]      (   0)             49
       310         315   0.05            uu~_epvebb~sc~              5.9205090e-05 +-    1.3276280e-05        1.638       0 [    3]      (   0)             50

       310         315   0.1             NNLO.QT-CS.42.RRA           9.6147400e-05 +-    1.5629733e-05
--------------------------------------------------------------------------------------------------------------------------------------------------------------
       310         315   0.1             dd~_epvebb~sc~              3.6942310e-05 +-     8.247966e-06       0.1951       0 [    3]      (   0)             49
       310         315   0.1             uu~_epvebb~sc~              5.9205089e-05 +-    1.3276280e-05        1.638       0 [    3]      (   0)             49

       310         315   0.15            NNLO.QT-CS.42.RRA           9.6147400e-05 +-    1.5629733e-05
--------------------------------------------------------------------------------------------------------------------------------------------------------------
       310         315   0.15            dd~_epvebb~sc~              3.6942310e-05 +-     8.247966e-06       0.1951       0 [    3]      (   0)             49
       310         315   0.15            uu~_epvebb~sc~              5.9205089e-05 +-    1.3276280e-05        1.638       0 [    3]      (   0)             49

       310         315   0.2             NNLO.QT-CS.42.RRA           9.6147400e-05 +-    1.5629733e-05
--------------------------------------------------------------------------------------------------------------------------------------------------------------
       310         315   0.2             dd~_epvebb~sc~              3.6942310e-05 +-     8.247966e-06       0.1951       0 [    3]      (   0)             49
       310         315   0.2             uu~_epvebb~sc~              5.9205089e-05 +-    1.3276280e-05        1.638       0 [    3]      (   0)             49

       310         315   0.25            NNLO.QT-CS.42.RRA           9.6147400e-05 +-    1.5629733e-05
--------------------------------------------------------------------------------------------------------------------------------------------------------------
       310         315   0.25            dd~_epvebb~sc~              3.6942310e-05 +-     8.247966e-06       0.1951       0 [    3]      (   0)             49
       310         315   0.25            uu~_epvebb~sc~              5.9205089e-05 +-    1.3276280e-05        1.638       0 [    3]      (   0)             49

       310         315   0.5             NNLO.QT-CS.42.RRA           9.6147400e-05 +-    1.5629733e-05
--------------------------------------------------------------------------------------------------------------------------------------------------------------
       310         315   0.5             dd~_epvebb~sc~              3.6942310e-05 +-     8.247966e-06       0.1951       0 [    3]      (   0)             49
       310         315   0.5             uu~_epvebb~sc~              5.9205089e-05 +-    1.3276280e-05        1.638       0 [    3]      (   0)             49

==============================================================================================================================================================

       315         320   0.01            NNLO.QT-CS.42.RRA           5.6652503e-05 +-    1.0836327e-05
--------------------------------------------------------------------------------------------------------------------------------------------------------------
       315         320   0.01            dd~_epvebb~sc~              1.7528165e-05 +-     4.644414e-06        1.459       0 [    3]      (   0)             29
       315         320   0.01            uu~_epvebb~sc~              3.9124337e-05 +-     9.790577e-06        3.527       0 [    3]      (   0)             43

       315         320   0.05            NNLO.QT-CS.42.RRA           5.6652503e-05 +-    1.0836327e-05
--------------------------------------------------------------------------------------------------------------------------------------------------------------
       315         320   0.05            dd~_epvebb~sc~              1.7528165e-05 +-     4.644414e-06        1.459       0 [    3]      (   0)             28
       315         320   0.05            uu~_epvebb~sc~              3.9124337e-05 +-     9.790577e-06        3.527       0 [    3]      (   0)             43

       315         320   0.1             NNLO.QT-CS.42.RRA           5.6652503e-05 +-    1.0836327e-05
--------------------------------------------------------------------------------------------------------------------------------------------------------------
       315         320   0.1             dd~_epvebb~sc~              1.7528165e-05 +-     4.644414e-06        1.459       0 [    3]      (   0)             28
       315         320   0.1             uu~_epvebb~sc~              3.9124337e-05 +-     9.790577e-06        3.527       0 [    3]      (   0)             43

       315         320   0.15            NNLO.QT-CS.42.RRA           5.6652503e-05 +-    1.0836327e-05
--------------------------------------------------------------------------------------------------------------------------------------------------------------
       315         320   0.15            dd~_epvebb~sc~              1.7528165e-05 +-     4.644414e-06        1.459       0 [    3]      (   0)             28
       315         320   0.15            uu~_epvebb~sc~              3.9124337e-05 +-     9.790577e-06        3.527       0 [    3]      (   0)             43

       315         320   0.2             NNLO.QT-CS.42.RRA           5.6652503e-05 +-    1.0836327e-05
--------------------------------------------------------------------------------------------------------------------------------------------------------------
       315         320   0.2             dd~_epvebb~sc~              1.7528165e-05 +-     4.644414e-06        1.459       0 [    3]      (   0)             28
       315         320   0.2             uu~_epvebb~sc~              3.9124337e-05 +-     9.790577e-06        3.527       0 [    3]      (   0)             43

       315         320   0.25            NNLO.QT-CS.42.RRA           5.6652503e-05 +-    1.0836327e-05
--------------------------------------------------------------------------------------------------------------------------------------------------------------
       315         320   0.25            dd~_epvebb~sc~              1.7528165e-05 +-     4.644414e-06        1.459       0 [    3]      (   0)             28
       315         320   0.25            uu~_epvebb~sc~              3.9124337e-05 +-     9.790577e-06        3.527       0 [    3]      (   0)             43

       315         320   0.5             NNLO.QT-CS.42.RRA           5.6652503e-05 +-    1.0836327e-05
--------------------------------------------------------------------------------------------------------------------------------------------------------------
       315         320   0.5             dd~_epvebb~sc~              1.7528165e-05 +-     4.644414e-06        1.459       0 [    3]      (   0)             28
       315         320   0.5             uu~_epvebb~sc~              3.9124337e-05 +-     9.790577e-06        3.527       0 [    3]      (   0)             43

==============================================================================================================================================================

       320         325   0.01            NNLO.QT-CS.42.RRA           7.3595958e-05 +-    1.1439709e-05
--------------------------------------------------------------------------------------------------------------------------------------------------------------
       320         325   0.01            dd~_epvebb~sc~              2.4770202e-05 +-     6.151835e-06       0.1363       0 [    3]      (   0)             45
       320         325   0.01            uu~_epvebb~sc~              4.8825756e-05 +-     9.644785e-06        1.699       0 [    3]      (   0)             52

       320         325   0.05            NNLO.QT-CS.42.RRA           7.3595958e-05 +-    1.1439709e-05
--------------------------------------------------------------------------------------------------------------------------------------------------------------
       320         325   0.05            dd~_epvebb~sc~              2.4770202e-05 +-     6.151835e-06       0.1363       0 [    3]      (   0)             45
       320         325   0.05            uu~_epvebb~sc~              4.8825756e-05 +-     9.644785e-06        1.699       0 [    3]      (   0)             52

       320         325   0.1             NNLO.QT-CS.42.RRA           7.3595958e-05 +-    1.1439709e-05
--------------------------------------------------------------------------------------------------------------------------------------------------------------
       320         325   0.1             dd~_epvebb~sc~              2.4770202e-05 +-     6.151835e-06       0.1363       0 [    3]      (   0)             44
       320         325   0.1             uu~_epvebb~sc~              4.8825756e-05 +-     9.644785e-06        1.699       0 [    3]      (   0)             52

       320         325   0.15            NNLO.QT-CS.42.RRA           7.3595958e-05 +-    1.1439709e-05
--------------------------------------------------------------------------------------------------------------------------------------------------------------
       320         325   0.15            dd~_epvebb~sc~              2.4770202e-05 +-     6.151835e-06       0.1363       0 [    3]      (   0)             44
       320         325   0.15            uu~_epvebb~sc~              4.8825756e-05 +-     9.644785e-06        1.699       0 [    3]      (   0)             52

       320         325   0.2             NNLO.QT-CS.42.RRA           7.3595958e-05 +-    1.1439709e-05
--------------------------------------------------------------------------------------------------------------------------------------------------------------
       320         325   0.2             dd~_epvebb~sc~              2.4770202e-05 +-     6.151835e-06       0.1363       0 [    3]      (   0)             44
       320         325   0.2             uu~_epvebb~sc~              4.8825756e-05 +-     9.644785e-06        1.699       0 [    3]      (   0)             52

       320         325   0.25            NNLO.QT-CS.42.RRA           7.3595958e-05 +-    1.1439709e-05
--------------------------------------------------------------------------------------------------------------------------------------------------------------
       320         325   0.25            dd~_epvebb~sc~              2.4770202e-05 +-     6.151835e-06       0.1363       0 [    3]      (   0)             44
       320         325   0.25            uu~_epvebb~sc~              4.8825756e-05 +-     9.644785e-06        1.699       0 [    3]      (   0)             52

       320         325   0.5             NNLO.QT-CS.42.RRA           7.3595958e-05 +-    1.1439709e-05
--------------------------------------------------------------------------------------------------------------------------------------------------------------
       320         325   0.5             dd~_epvebb~sc~              2.4770202e-05 +-     6.151835e-06       0.1363       0 [    3]      (   0)             44
       320         325   0.5             uu~_epvebb~sc~              4.8825756e-05 +-     9.644785e-06        1.699       0 [    3]      (   0)             52

==============================================================================================================================================================

       325         330   0.01            NNLO.QT-CS.42.RRA           8.2906073e-05 +-    1.3009738e-05
--------------------------------------------------------------------------------------------------------------------------------------------------------------
       325         330   0.01            dd~_epvebb~sc~              2.1959988e-05 +-     5.752312e-06        5.368       0 [    3]      (   0)             41
       325         330   0.01            uu~_epvebb~sc~              6.0946085e-05 +-    1.1668941e-05     0.005081       0 [    3]      (   0)             54

       325         330   0.05            NNLO.QT-CS.42.RRA           8.2906073e-05 +-    1.3009738e-05
--------------------------------------------------------------------------------------------------------------------------------------------------------------
       325         330   0.05            dd~_epvebb~sc~              2.1959988e-05 +-     5.752312e-06        5.368       0 [    3]      (   0)             41
       325         330   0.05            uu~_epvebb~sc~              6.0946085e-05 +-    1.1668941e-05     0.005081       0 [    3]      (   0)             54

       325         330   0.1             NNLO.QT-CS.42.RRA           8.2906073e-05 +-    1.3009738e-05
--------------------------------------------------------------------------------------------------------------------------------------------------------------
       325         330   0.1             dd~_epvebb~sc~              2.1959988e-05 +-     5.752312e-06        5.368       0 [    3]      (   0)             41
       325         330   0.1             uu~_epvebb~sc~              6.0946085e-05 +-    1.1668941e-05     0.005081       0 [    3]      (   0)             54

       325         330   0.15            NNLO.QT-CS.42.RRA           8.2906073e-05 +-    1.3009738e-05
--------------------------------------------------------------------------------------------------------------------------------------------------------------
       325         330   0.15            dd~_epvebb~sc~              2.1959988e-05 +-     5.752312e-06        5.368       0 [    3]      (   0)             41
       325         330   0.15            uu~_epvebb~sc~              6.0946085e-05 +-    1.1668941e-05     0.005081       0 [    3]      (   0)             54

       325         330   0.2             NNLO.QT-CS.42.RRA           8.2906073e-05 +-    1.3009738e-05
--------------------------------------------------------------------------------------------------------------------------------------------------------------
       325         330   0.2             dd~_epvebb~sc~              2.1959988e-05 +-     5.752312e-06        5.368       0 [    3]      (   0)             41
       325         330   0.2             uu~_epvebb~sc~              6.0946085e-05 +-    1.1668941e-05     0.005081       0 [    3]      (   0)             54

       325         330   0.25            NNLO.QT-CS.42.RRA           8.2906073e-05 +-    1.3009738e-05
--------------------------------------------------------------------------------------------------------------------------------------------------------------
       325         330   0.25            dd~_epvebb~sc~              2.1959988e-05 +-     5.752312e-06        5.368       0 [    3]      (   0)             41
       325         330   0.25            uu~_epvebb~sc~              6.0946085e-05 +-    1.1668941e-05     0.005081       0 [    3]      (   0)             54

       325         330   0.5             NNLO.QT-CS.42.RRA           8.2906073e-05 +-    1.3009738e-05
--------------------------------------------------------------------------------------------------------------------------------------------------------------
       325         330   0.5             dd~_epvebb~sc~              2.1959988e-05 +-     5.752312e-06        5.368       0 [    3]      (   0)             41
       325         330   0.5             uu~_epvebb~sc~              6.0946085e-05 +-    1.1668941e-05     0.005081       0 [    3]      (   0)             54

==============================================================================================================================================================

       330         335   0.01            NNLO.QT-CS.42.RRA           6.4429860e-05 +-    1.1239085e-05
--------------------------------------------------------------------------------------------------------------------------------------------------------------
       330         335   0.01            dd~_epvebb~sc~              2.5311263e-05 +-     6.142570e-06       0.8647       0 [    3]      (   0)             38
       330         335   0.01            uu~_epvebb~sc~              3.9118597e-05 +-     9.412006e-06       0.9834       0 [    3]      (   0)             46

       330         335   0.05            NNLO.QT-CS.42.RRA           6.4429860e-05 +-    1.1239085e-05
--------------------------------------------------------------------------------------------------------------------------------------------------------------
       330         335   0.05            dd~_epvebb~sc~              2.5311263e-05 +-     6.142570e-06       0.8647       0 [    3]      (   0)             38
       330         335   0.05            uu~_epvebb~sc~              3.9118597e-05 +-     9.412006e-06       0.9834       0 [    3]      (   0)             46

       330         335   0.1             NNLO.QT-CS.42.RRA           6.4429860e-05 +-    1.1239085e-05
--------------------------------------------------------------------------------------------------------------------------------------------------------------
       330         335   0.1             dd~_epvebb~sc~              2.5311263e-05 +-     6.142570e-06       0.8647       0 [    3]      (   0)             37
       330         335   0.1             uu~_epvebb~sc~              3.9118597e-05 +-     9.412006e-06       0.9834       0 [    3]      (   0)             46

       330         335   0.15            NNLO.QT-CS.42.RRA           6.4429860e-05 +-    1.1239085e-05
--------------------------------------------------------------------------------------------------------------------------------------------------------------
       330         335   0.15            dd~_epvebb~sc~              2.5311263e-05 +-     6.142570e-06       0.8647       0 [    3]      (   0)             37
       330         335   0.15            uu~_epvebb~sc~              3.9118597e-05 +-     9.412006e-06       0.9834       0 [    3]      (   0)             46

       330         335   0.2             NNLO.QT-CS.42.RRA           6.4429860e-05 +-    1.1239085e-05
--------------------------------------------------------------------------------------------------------------------------------------------------------------
       330         335   0.2             dd~_epvebb~sc~              2.5311263e-05 +-     6.142570e-06       0.8647       0 [    3]      (   0)             37
       330         335   0.2             uu~_epvebb~sc~              3.9118597e-05 +-     9.412006e-06       0.9834       0 [    3]      (   0)             46

       330         335   0.25            NNLO.QT-CS.42.RRA           6.4429860e-05 +-    1.1239085e-05
--------------------------------------------------------------------------------------------------------------------------------------------------------------
       330         335   0.25            dd~_epvebb~sc~              2.5311263e-05 +-     6.142570e-06       0.8647       0 [    3]      (   0)             37
       330         335   0.25            uu~_epvebb~sc~              3.9118597e-05 +-     9.412006e-06       0.9834       0 [    3]      (   0)             46

       330         335   0.5             NNLO.QT-CS.42.RRA           6.4429860e-05 +-    1.1239085e-05
--------------------------------------------------------------------------------------------------------------------------------------------------------------
       330         335   0.5             dd~_epvebb~sc~              2.5311263e-05 +-     6.142570e-06       0.8647       0 [    3]      (   0)             37
       330         335   0.5             uu~_epvebb~sc~              3.9118597e-05 +-     9.412006e-06       0.9834       0 [    3]      (   0)             46

==============================================================================================================================================================

       335         340   0.01            NNLO.QT-CS.42.RRA           0.00011000910 +-     1.752140e-05
--------------------------------------------------------------------------------------------------------------------------------------------------------------
       335         340   0.01            dd~_epvebb~sc~               2.709333e-05 +-      6.71417e-06      0.02825       0 [    3]      (   0)             37
       335         340   0.01            uu~_epvebb~sc~               8.291577e-05 +-     1.618392e-05       0.2976       0 [    3]      (   0)             58

       335         340   0.05            NNLO.QT-CS.42.RRA           0.00011000910 +-     1.752140e-05
--------------------------------------------------------------------------------------------------------------------------------------------------------------
       335         340   0.05            dd~_epvebb~sc~               2.709333e-05 +-      6.71417e-06      0.02825       0 [    3]      (   0)             37
       335         340   0.05            uu~_epvebb~sc~               8.291577e-05 +-     1.618392e-05       0.2976       0 [    3]      (   0)             57

       335         340   0.1             NNLO.QT-CS.42.RRA           0.00011000910 +-     1.752140e-05
--------------------------------------------------------------------------------------------------------------------------------------------------------------
       335         340   0.1             dd~_epvebb~sc~               2.709333e-05 +-      6.71417e-06      0.02825       0 [    3]      (   0)             37
       335         340   0.1             uu~_epvebb~sc~               8.291577e-05 +-     1.618392e-05       0.2976       0 [    3]      (   0)             57

       335         340   0.15            NNLO.QT-CS.42.RRA           0.00011000910 +-     1.752140e-05
--------------------------------------------------------------------------------------------------------------------------------------------------------------
       335         340   0.15            dd~_epvebb~sc~               2.709333e-05 +-      6.71417e-06      0.02825       0 [    3]      (   0)             37
       335         340   0.15            uu~_epvebb~sc~               8.291577e-05 +-     1.618392e-05       0.2976       0 [    3]      (   0)             57

       335         340   0.2             NNLO.QT-CS.42.RRA           0.00011000910 +-     1.752140e-05
--------------------------------------------------------------------------------------------------------------------------------------------------------------
       335         340   0.2             dd~_epvebb~sc~               2.709333e-05 +-      6.71417e-06      0.02825       0 [    3]      (   0)             37
       335         340   0.2             uu~_epvebb~sc~               8.291577e-05 +-     1.618392e-05       0.2976       0 [    3]      (   0)             57

       335         340   0.25            NNLO.QT-CS.42.RRA           0.00011000910 +-     1.752140e-05
--------------------------------------------------------------------------------------------------------------------------------------------------------------
       335         340   0.25            dd~_epvebb~sc~               2.709333e-05 +-      6.71417e-06      0.02825       0 [    3]      (   0)             37
       335         340   0.25            uu~_epvebb~sc~               8.291577e-05 +-     1.618392e-05       0.2976       0 [    3]      (   0)             57

       335         340   0.5             NNLO.QT-CS.42.RRA           0.00011000910 +-     1.752140e-05
--------------------------------------------------------------------------------------------------------------------------------------------------------------
       335         340   0.5             dd~_epvebb~sc~               2.709333e-05 +-      6.71417e-06      0.02825       0 [    3]      (   0)             37
       335         340   0.5             uu~_epvebb~sc~               8.291577e-05 +-     1.618392e-05       0.2976       0 [    3]      (   0)             57

==============================================================================================================================================================

       340         345   0.01            NNLO.QT-CS.42.RRA           7.8916457e-05 +-    1.3529454e-05
--------------------------------------------------------------------------------------------------------------------------------------------------------------
       340         345   0.01            dd~_epvebb~sc~              3.5288895e-05 +-     8.992066e-06       0.1417       0 [    3]      (   0)             42
       340         345   0.01            uu~_epvebb~sc~              4.3627562e-05 +-    1.0108852e-05        1.499       0 [    3]      (   0)             44

       340         345   0.05            NNLO.QT-CS.42.RRA           7.8916457e-05 +-    1.3529454e-05
--------------------------------------------------------------------------------------------------------------------------------------------------------------
       340         345   0.05            dd~_epvebb~sc~              3.5288895e-05 +-     8.992066e-06       0.1417       0 [    3]      (   0)             42
       340         345   0.05            uu~_epvebb~sc~              4.3627562e-05 +-    1.0108852e-05        1.499       0 [    3]      (   0)             44

       340         345   0.1             NNLO.QT-CS.42.RRA           7.8916457e-05 +-    1.3529454e-05
--------------------------------------------------------------------------------------------------------------------------------------------------------------
       340         345   0.1             dd~_epvebb~sc~              3.5288895e-05 +-     8.992066e-06       0.1417       0 [    3]      (   0)             42
       340         345   0.1             uu~_epvebb~sc~              4.3627562e-05 +-    1.0108852e-05        1.499       0 [    3]      (   0)             44

       340         345   0.15            NNLO.QT-CS.42.RRA           7.8916457e-05 +-    1.3529454e-05
--------------------------------------------------------------------------------------------------------------------------------------------------------------
       340         345   0.15            dd~_epvebb~sc~              3.5288895e-05 +-     8.992066e-06       0.1417       0 [    3]      (   0)             42
       340         345   0.15            uu~_epvebb~sc~              4.3627562e-05 +-    1.0108852e-05        1.499       0 [    3]      (   0)             44

       340         345   0.2             NNLO.QT-CS.42.RRA           7.8916457e-05 +-    1.3529454e-05
--------------------------------------------------------------------------------------------------------------------------------------------------------------
       340         345   0.2             dd~_epvebb~sc~              3.5288895e-05 +-     8.992066e-06       0.1417       0 [    3]      (   0)             42
       340         345   0.2             uu~_epvebb~sc~              4.3627562e-05 +-    1.0108852e-05        1.499       0 [    3]      (   0)             44

       340         345   0.25            NNLO.QT-CS.42.RRA           7.8916457e-05 +-    1.3529454e-05
--------------------------------------------------------------------------------------------------------------------------------------------------------------
       340         345   0.25            dd~_epvebb~sc~              3.5288895e-05 +-     8.992066e-06       0.1417       0 [    3]      (   0)             41
       340         345   0.25            uu~_epvebb~sc~              4.3627562e-05 +-    1.0108852e-05        1.499       0 [    3]      (   0)             44

       340         345   0.5             NNLO.QT-CS.42.RRA           7.8916457e-05 +-    1.3529454e-05
--------------------------------------------------------------------------------------------------------------------------------------------------------------
       340         345   0.5             dd~_epvebb~sc~              3.5288895e-05 +-     8.992066e-06       0.1417       0 [    3]      (   0)             41
       340         345   0.5             uu~_epvebb~sc~              4.3627562e-05 +-    1.0108852e-05        1.499       0 [    3]      (   0)             44

==============================================================================================================================================================

       345         350   0.01            NNLO.QT-CS.42.RRA           7.4179438e-05 +-    1.5178248e-05
--------------------------------------------------------------------------------------------------------------------------------------------------------------
       345         350   0.01            dd~_epvebb~sc~              3.0586853e-05 +-     7.827220e-06       0.3665       0 [    3]      (   0)             41
       345         350   0.01            uu~_epvebb~sc~              4.3592585e-05 +-    1.3004378e-05        2.026       0 [    3]      (   0)             35

       345         350   0.05            NNLO.QT-CS.42.RRA           7.4179438e-05 +-    1.5178248e-05
--------------------------------------------------------------------------------------------------------------------------------------------------------------
       345         350   0.05            dd~_epvebb~sc~              3.0586853e-05 +-     7.827220e-06       0.3665       0 [    3]      (   0)             41
       345         350   0.05            uu~_epvebb~sc~              4.3592585e-05 +-    1.3004378e-05        2.026       0 [    3]      (   0)             35

       345         350   0.1             NNLO.QT-CS.42.RRA           7.4179438e-05 +-    1.5178248e-05
--------------------------------------------------------------------------------------------------------------------------------------------------------------
       345         350   0.1             dd~_epvebb~sc~              3.0586853e-05 +-     7.827220e-06       0.3665       0 [    3]      (   0)             41
       345         350   0.1             uu~_epvebb~sc~              4.3592585e-05 +-    1.3004378e-05        2.026       0 [    3]      (   0)             35

       345         350   0.15            NNLO.QT-CS.42.RRA           7.4179438e-05 +-    1.5178248e-05
--------------------------------------------------------------------------------------------------------------------------------------------------------------
       345         350   0.15            dd~_epvebb~sc~              3.0586853e-05 +-     7.827220e-06       0.3665       0 [    3]      (   0)             41
       345         350   0.15            uu~_epvebb~sc~              4.3592585e-05 +-    1.3004378e-05        2.026       0 [    3]      (   0)             35

       345         350   0.2             NNLO.QT-CS.42.RRA           7.4179438e-05 +-    1.5178248e-05
--------------------------------------------------------------------------------------------------------------------------------------------------------------
       345         350   0.2             dd~_epvebb~sc~              3.0586853e-05 +-     7.827220e-06       0.3665       0 [    3]      (   0)             41
       345         350   0.2             uu~_epvebb~sc~              4.3592585e-05 +-    1.3004378e-05        2.026       0 [    3]      (   0)             35

       345         350   0.25            NNLO.QT-CS.42.RRA           7.4179438e-05 +-    1.5178248e-05
--------------------------------------------------------------------------------------------------------------------------------------------------------------
       345         350   0.25            dd~_epvebb~sc~              3.0586853e-05 +-     7.827220e-06       0.3665       0 [    3]      (   0)             41
       345         350   0.25            uu~_epvebb~sc~              4.3592585e-05 +-    1.3004378e-05        2.026       0 [    3]      (   0)             35

       345         350   0.5             NNLO.QT-CS.42.RRA           7.4179438e-05 +-    1.5178248e-05
--------------------------------------------------------------------------------------------------------------------------------------------------------------
       345         350   0.5             dd~_epvebb~sc~              3.0586853e-05 +-     7.827220e-06       0.3665       0 [    3]      (   0)             41
       345         350   0.5             uu~_epvebb~sc~              4.3592585e-05 +-    1.3004378e-05        2.026       0 [    3]      (   0)             35

==============================================================================================================================================================

       350         355   0.01            NNLO.QT-CS.42.RRA           7.8237910e-05 +-    1.3594218e-05
--------------------------------------------------------------------------------------------------------------------------------------------------------------
       350         355   0.01            dd~_epvebb~sc~              1.8847767e-05 +-     4.324188e-06        3.936       0 [    3]      (   0)             41
       350         355   0.01            uu~_epvebb~sc~              5.9390143e-05 +-    1.2888141e-05       0.2277       0 [    3]      (   0)             45

       350         355   0.05            NNLO.QT-CS.42.RRA           7.8237910e-05 +-    1.3594218e-05
--------------------------------------------------------------------------------------------------------------------------------------------------------------
       350         355   0.05            dd~_epvebb~sc~              1.8847767e-05 +-     4.324188e-06        3.936       0 [    3]      (   0)             41
       350         355   0.05            uu~_epvebb~sc~              5.9390143e-05 +-    1.2888141e-05       0.2277       0 [    3]      (   0)             45

       350         355   0.1             NNLO.QT-CS.42.RRA           7.8237910e-05 +-    1.3594218e-05
--------------------------------------------------------------------------------------------------------------------------------------------------------------
       350         355   0.1             dd~_epvebb~sc~              1.8847767e-05 +-     4.324188e-06        3.936       0 [    3]      (   0)             41
       350         355   0.1             uu~_epvebb~sc~              5.9390143e-05 +-    1.2888141e-05       0.2277       0 [    3]      (   0)             45

       350         355   0.15            NNLO.QT-CS.42.RRA           7.8237910e-05 +-    1.3594218e-05
--------------------------------------------------------------------------------------------------------------------------------------------------------------
       350         355   0.15            dd~_epvebb~sc~              1.8847767e-05 +-     4.324188e-06        3.936       0 [    3]      (   0)             41
       350         355   0.15            uu~_epvebb~sc~              5.9390143e-05 +-    1.2888141e-05       0.2277       0 [    3]      (   0)             45

       350         355   0.2             NNLO.QT-CS.42.RRA           7.8237910e-05 +-    1.3594218e-05
--------------------------------------------------------------------------------------------------------------------------------------------------------------
       350         355   0.2             dd~_epvebb~sc~              1.8847767e-05 +-     4.324188e-06        3.936       0 [    3]      (   0)             41
       350         355   0.2             uu~_epvebb~sc~              5.9390143e-05 +-    1.2888141e-05       0.2277       0 [    3]      (   0)             45

       350         355   0.25            NNLO.QT-CS.42.RRA           7.8237910e-05 +-    1.3594218e-05
--------------------------------------------------------------------------------------------------------------------------------------------------------------
       350         355   0.25            dd~_epvebb~sc~              1.8847767e-05 +-     4.324188e-06        3.936       0 [    3]      (   0)             41
       350         355   0.25            uu~_epvebb~sc~              5.9390143e-05 +-    1.2888141e-05       0.2277       0 [    3]      (   0)             45

       350         355   0.5             NNLO.QT-CS.42.RRA           7.8237910e-05 +-    1.3594218e-05
--------------------------------------------------------------------------------------------------------------------------------------------------------------
       350         355   0.5             dd~_epvebb~sc~              1.8847767e-05 +-     4.324188e-06        3.936       0 [    3]      (   0)             41
       350         355   0.5             uu~_epvebb~sc~              5.9390143e-05 +-    1.2888141e-05       0.2277       0 [    3]      (   0)             45

==============================================================================================================================================================

       355         360   0.01            NNLO.QT-CS.42.RRA           4.2430949e-05 +-     7.880472e-06
--------------------------------------------------------------------------------------------------------------------------------------------------------------
       355         360   0.01            dd~_epvebb~sc~              1.5088666e-05 +-     3.990300e-06        1.034       0 [    3]      (   0)             29
       355         360   0.01            uu~_epvebb~sc~              2.7342283e-05 +-     6.795538e-06       0.6399       0 [    3]      (   0)             27

       355         360   0.05            NNLO.QT-CS.42.RRA           4.2430949e-05 +-     7.880472e-06
--------------------------------------------------------------------------------------------------------------------------------------------------------------
       355         360   0.05            dd~_epvebb~sc~              1.5088666e-05 +-     3.990300e-06        1.034       0 [    3]      (   0)             29
       355         360   0.05            uu~_epvebb~sc~              2.7342283e-05 +-     6.795538e-06       0.6399       0 [    3]      (   0)             27

       355         360   0.1             NNLO.QT-CS.42.RRA           4.2430949e-05 +-     7.880472e-06
--------------------------------------------------------------------------------------------------------------------------------------------------------------
       355         360   0.1             dd~_epvebb~sc~              1.5088666e-05 +-     3.990300e-06        1.034       0 [    3]      (   0)             29
       355         360   0.1             uu~_epvebb~sc~              2.7342283e-05 +-     6.795538e-06       0.6399       0 [    3]      (   0)             27

       355         360   0.15            NNLO.QT-CS.42.RRA           4.2430949e-05 +-     7.880472e-06
--------------------------------------------------------------------------------------------------------------------------------------------------------------
       355         360   0.15            dd~_epvebb~sc~              1.5088666e-05 +-     3.990300e-06        1.034       0 [    3]      (   0)             29
       355         360   0.15            uu~_epvebb~sc~              2.7342283e-05 +-     6.795538e-06       0.6399       0 [    3]      (   0)             27

       355         360   0.2             NNLO.QT-CS.42.RRA           4.2430949e-05 +-     7.880472e-06
--------------------------------------------------------------------------------------------------------------------------------------------------------------
       355         360   0.2             dd~_epvebb~sc~              1.5088666e-05 +-     3.990300e-06        1.034       0 [    3]      (   0)             29
       355         360   0.2             uu~_epvebb~sc~              2.7342283e-05 +-     6.795538e-06       0.6399       0 [    3]      (   0)             27

       355         360   0.25            NNLO.QT-CS.42.RRA           4.2430949e-05 +-     7.880472e-06
--------------------------------------------------------------------------------------------------------------------------------------------------------------
       355         360   0.25            dd~_epvebb~sc~              1.5088666e-05 +-     3.990300e-06        1.034       0 [    3]      (   0)             29
       355         360   0.25            uu~_epvebb~sc~              2.7342283e-05 +-     6.795538e-06       0.6399       0 [    3]      (   0)             27

       355         360   0.5             NNLO.QT-CS.42.RRA           4.2430949e-05 +-     7.880472e-06
--------------------------------------------------------------------------------------------------------------------------------------------------------------
       355         360   0.5             dd~_epvebb~sc~              1.5088666e-05 +-     3.990300e-06        1.034       0 [    3]      (   0)             29
       355         360   0.5             uu~_epvebb~sc~              2.7342283e-05 +-     6.795538e-06       0.6399       0 [    3]      (   0)             27

==============================================================================================================================================================

       360         365   0.01            NNLO.QT-CS.42.RRA           3.2399806e-05 +-     6.282706e-06
--------------------------------------------------------------------------------------------------------------------------------------------------------------
       360         365   0.01            dd~_epvebb~sc~              1.1054169e-05 +-     2.666006e-06       0.3091       0 [    3]      (   0)             26
       360         365   0.01            uu~_epvebb~sc~              2.1345637e-05 +-     5.689008e-06        1.177       0 [    3]      (   0)             31

       360         365   0.05            NNLO.QT-CS.42.RRA           3.2399806e-05 +-     6.282706e-06
--------------------------------------------------------------------------------------------------------------------------------------------------------------
       360         365   0.05            dd~_epvebb~sc~              1.1054169e-05 +-     2.666006e-06       0.3091       0 [    3]      (   0)             26
       360         365   0.05            uu~_epvebb~sc~              2.1345637e-05 +-     5.689008e-06        1.177       0 [    3]      (   0)             31

       360         365   0.1             NNLO.QT-CS.42.RRA           3.2399806e-05 +-     6.282706e-06
--------------------------------------------------------------------------------------------------------------------------------------------------------------
       360         365   0.1             dd~_epvebb~sc~              1.1054169e-05 +-     2.666006e-06       0.3091       0 [    3]      (   0)             26
       360         365   0.1             uu~_epvebb~sc~              2.1345637e-05 +-     5.689008e-06        1.177       0 [    3]      (   0)             31

       360         365   0.15            NNLO.QT-CS.42.RRA           3.2399806e-05 +-     6.282706e-06
--------------------------------------------------------------------------------------------------------------------------------------------------------------
       360         365   0.15            dd~_epvebb~sc~              1.1054169e-05 +-     2.666006e-06       0.3091       0 [    3]      (   0)             26
       360         365   0.15            uu~_epvebb~sc~              2.1345637e-05 +-     5.689008e-06        1.177       0 [    3]      (   0)             31

       360         365   0.2             NNLO.QT-CS.42.RRA           3.2399806e-05 +-     6.282706e-06
--------------------------------------------------------------------------------------------------------------------------------------------------------------
       360         365   0.2             dd~_epvebb~sc~              1.1054169e-05 +-     2.666006e-06       0.3091       0 [    3]      (   0)             26
       360         365   0.2             uu~_epvebb~sc~              2.1345637e-05 +-     5.689008e-06        1.177       0 [    3]      (   0)             31

       360         365   0.25            NNLO.QT-CS.42.RRA           3.2399806e-05 +-     6.282706e-06
--------------------------------------------------------------------------------------------------------------------------------------------------------------
       360         365   0.25            dd~_epvebb~sc~              1.1054169e-05 +-     2.666006e-06       0.3091       0 [    3]      (   0)             26
       360         365   0.25            uu~_epvebb~sc~              2.1345637e-05 +-     5.689008e-06        1.177       0 [    3]      (   0)             31

       360         365   0.5             NNLO.QT-CS.42.RRA           3.2399806e-05 +-     6.282706e-06
--------------------------------------------------------------------------------------------------------------------------------------------------------------
       360         365   0.5             dd~_epvebb~sc~              1.1054169e-05 +-     2.666006e-06       0.3091       0 [    3]      (   0)             26
       360         365   0.5             uu~_epvebb~sc~              2.1345637e-05 +-     5.689008e-06        1.177       0 [    3]      (   0)             30

==============================================================================================================================================================

       365         370   0.01            NNLO.QT-CS.42.RRA           6.0533612e-05 +-    1.0592489e-05
--------------------------------------------------------------------------------------------------------------------------------------------------------------
       365         370   0.01            dd~_epvebb~sc~              3.3637557e-05 +-     7.375185e-06        1.815       0 [    3]      (   0)             42
       365         370   0.01            uu~_epvebb~sc~              2.6896055e-05 +-     7.603122e-06        1.322       0 [    3]      (   0)             29

       365         370   0.05            NNLO.QT-CS.42.RRA           6.0533612e-05 +-    1.0592489e-05
--------------------------------------------------------------------------------------------------------------------------------------------------------------
       365         370   0.05            dd~_epvebb~sc~              3.3637557e-05 +-     7.375185e-06        1.815       0 [    3]      (   0)             42
       365         370   0.05            uu~_epvebb~sc~              2.6896055e-05 +-     7.603122e-06        1.322       0 [    3]      (   0)             28

       365         370   0.1             NNLO.QT-CS.42.RRA           6.0533612e-05 +-    1.0592489e-05
--------------------------------------------------------------------------------------------------------------------------------------------------------------
       365         370   0.1             dd~_epvebb~sc~              3.3637557e-05 +-     7.375185e-06        1.815       0 [    3]      (   0)             42
       365         370   0.1             uu~_epvebb~sc~              2.6896055e-05 +-     7.603122e-06        1.322       0 [    3]      (   0)             28

       365         370   0.15            NNLO.QT-CS.42.RRA           6.0533612e-05 +-    1.0592489e-05
--------------------------------------------------------------------------------------------------------------------------------------------------------------
       365         370   0.15            dd~_epvebb~sc~              3.3637557e-05 +-     7.375185e-06        1.815       0 [    3]      (   0)             42
       365         370   0.15            uu~_epvebb~sc~              2.6896055e-05 +-     7.603122e-06        1.322       0 [    3]      (   0)             28

       365         370   0.2             NNLO.QT-CS.42.RRA           6.0533612e-05 +-    1.0592489e-05
--------------------------------------------------------------------------------------------------------------------------------------------------------------
       365         370   0.2             dd~_epvebb~sc~              3.3637557e-05 +-     7.375185e-06        1.815       0 [    3]      (   0)             42
       365         370   0.2             uu~_epvebb~sc~              2.6896055e-05 +-     7.603122e-06        1.322       0 [    3]      (   0)             28

       365         370   0.25            NNLO.QT-CS.42.RRA           6.0533612e-05 +-    1.0592489e-05
--------------------------------------------------------------------------------------------------------------------------------------------------------------
       365         370   0.25            dd~_epvebb~sc~              3.3637557e-05 +-     7.375185e-06        1.815       0 [    3]      (   0)             42
       365         370   0.25            uu~_epvebb~sc~              2.6896055e-05 +-     7.603122e-06        1.322       0 [    3]      (   0)             28

       365         370   0.5             NNLO.QT-CS.42.RRA           6.0533612e-05 +-    1.0592489e-05
--------------------------------------------------------------------------------------------------------------------------------------------------------------
       365         370   0.5             dd~_epvebb~sc~              3.3637557e-05 +-     7.375185e-06        1.815       0 [    3]      (   0)             42
       365         370   0.5             uu~_epvebb~sc~              2.6896055e-05 +-     7.603122e-06        1.322       0 [    3]      (   0)             28

==============================================================================================================================================================

       370         375   0.01            NNLO.QT-CS.42.RRA           2.8500936e-05 +-     5.467793e-06
--------------------------------------------------------------------------------------------------------------------------------------------------------------
       370         375   0.01            dd~_epvebb~sc~              1.2887521e-05 +-     3.501620e-06        2.913       0 [    3]      (   0)             26
       370         375   0.01            uu~_epvebb~sc~              1.5613415e-05 +-     4.199454e-06       0.9509       0 [    3]      (   0)             21

       370         375   0.05            NNLO.QT-CS.42.RRA           2.8500936e-05 +-     5.467793e-06
--------------------------------------------------------------------------------------------------------------------------------------------------------------
       370         375   0.05            dd~_epvebb~sc~              1.2887521e-05 +-     3.501620e-06        2.913       0 [    3]      (   0)             26
       370         375   0.05            uu~_epvebb~sc~              1.5613415e-05 +-     4.199454e-06       0.9509       0 [    3]      (   0)             21

       370         375   0.1             NNLO.QT-CS.42.RRA           2.8500936e-05 +-     5.467793e-06
--------------------------------------------------------------------------------------------------------------------------------------------------------------
       370         375   0.1             dd~_epvebb~sc~              1.2887521e-05 +-     3.501620e-06        2.913       0 [    3]      (   0)             26
       370         375   0.1             uu~_epvebb~sc~              1.5613415e-05 +-     4.199454e-06       0.9509       0 [    3]      (   0)             21

       370         375   0.15            NNLO.QT-CS.42.RRA           2.8500936e-05 +-     5.467793e-06
--------------------------------------------------------------------------------------------------------------------------------------------------------------
       370         375   0.15            dd~_epvebb~sc~              1.2887521e-05 +-     3.501620e-06        2.913       0 [    3]      (   0)             26
       370         375   0.15            uu~_epvebb~sc~              1.5613415e-05 +-     4.199454e-06       0.9509       0 [    3]      (   0)             21

       370         375   0.2             NNLO.QT-CS.42.RRA           2.8500936e-05 +-     5.467793e-06
--------------------------------------------------------------------------------------------------------------------------------------------------------------
       370         375   0.2             dd~_epvebb~sc~              1.2887521e-05 +-     3.501620e-06        2.913       0 [    3]      (   0)             26
       370         375   0.2             uu~_epvebb~sc~              1.5613415e-05 +-     4.199454e-06       0.9509       0 [    3]      (   0)             21

       370         375   0.25            NNLO.QT-CS.42.RRA           2.8500936e-05 +-     5.467793e-06
--------------------------------------------------------------------------------------------------------------------------------------------------------------
       370         375   0.25            dd~_epvebb~sc~              1.2887521e-05 +-     3.501620e-06        2.913       0 [    3]      (   0)             26
       370         375   0.25            uu~_epvebb~sc~              1.5613415e-05 +-     4.199454e-06       0.9509       0 [    3]      (   0)             21

       370         375   0.5             NNLO.QT-CS.42.RRA           2.8500936e-05 +-     5.467793e-06
--------------------------------------------------------------------------------------------------------------------------------------------------------------
       370         375   0.5             dd~_epvebb~sc~              1.2887521e-05 +-     3.501620e-06        2.913       0 [    3]      (   0)             26
       370         375   0.5             uu~_epvebb~sc~              1.5613415e-05 +-     4.199454e-06       0.9509       0 [    3]      (   0)             21

==============================================================================================================================================================

       375         380   0.01            NNLO.QT-CS.42.RRA           3.7789273e-05 +-     9.386351e-06
--------------------------------------------------------------------------------------------------------------------------------------------------------------
       375         380   0.01            dd~_epvebb~sc~               8.681083e-06 +-     3.065647e-06        1.780       0 [    3]      (   0)             19
       375         380   0.01            uu~_epvebb~sc~              2.9108191e-05 +-     8.871606e-06        5.748       0 [    3]      (   0)             30

       375         380   0.05            NNLO.QT-CS.42.RRA           3.7789273e-05 +-     9.386351e-06
--------------------------------------------------------------------------------------------------------------------------------------------------------------
       375         380   0.05            dd~_epvebb~sc~               8.681083e-06 +-     3.065647e-06        1.780       0 [    3]      (   0)             19
       375         380   0.05            uu~_epvebb~sc~              2.9108191e-05 +-     8.871606e-06        5.748       0 [    3]      (   0)             30

       375         380   0.1             NNLO.QT-CS.42.RRA           3.7789273e-05 +-     9.386351e-06
--------------------------------------------------------------------------------------------------------------------------------------------------------------
       375         380   0.1             dd~_epvebb~sc~               8.681083e-06 +-     3.065647e-06        1.780       0 [    3]      (   0)             19
       375         380   0.1             uu~_epvebb~sc~              2.9108191e-05 +-     8.871606e-06        5.748       0 [    3]      (   0)             30

       375         380   0.15            NNLO.QT-CS.42.RRA           3.7789273e-05 +-     9.386351e-06
--------------------------------------------------------------------------------------------------------------------------------------------------------------
       375         380   0.15            dd~_epvebb~sc~               8.681083e-06 +-     3.065647e-06        1.780       0 [    3]      (   0)             19
       375         380   0.15            uu~_epvebb~sc~              2.9108191e-05 +-     8.871606e-06        5.748       0 [    3]      (   0)             30

       375         380   0.2             NNLO.QT-CS.42.RRA           3.7789273e-05 +-     9.386351e-06
--------------------------------------------------------------------------------------------------------------------------------------------------------------
       375         380   0.2             dd~_epvebb~sc~               8.681083e-06 +-     3.065647e-06        1.780       0 [    3]      (   0)             19
       375         380   0.2             uu~_epvebb~sc~              2.9108191e-05 +-     8.871606e-06        5.748       0 [    3]      (   0)             30

       375         380   0.25            NNLO.QT-CS.42.RRA           3.7789273e-05 +-     9.386351e-06
--------------------------------------------------------------------------------------------------------------------------------------------------------------
       375         380   0.25            dd~_epvebb~sc~               8.681083e-06 +-     3.065647e-06        1.780       0 [    3]      (   0)             19
       375         380   0.25            uu~_epvebb~sc~              2.9108191e-05 +-     8.871606e-06        5.748       0 [    3]      (   0)             30

       375         380   0.5             NNLO.QT-CS.42.RRA           3.7789273e-05 +-     9.386351e-06
--------------------------------------------------------------------------------------------------------------------------------------------------------------
       375         380   0.5             dd~_epvebb~sc~               8.681083e-06 +-     3.065647e-06        1.780       0 [    3]      (   0)             19
       375         380   0.5             uu~_epvebb~sc~              2.9108191e-05 +-     8.871606e-06        5.748       0 [    3]      (   0)             30

==============================================================================================================================================================

       380         385   0.01            NNLO.QT-CS.42.RRA           4.9482116e-05 +-     8.634792e-06
--------------------------------------------------------------------------------------------------------------------------------------------------------------
       380         385   0.01            dd~_epvebb~sc~              1.7158125e-05 +-     4.661413e-06        1.062       0 [    3]      (   0)             31
       380         385   0.01            uu~_epvebb~sc~              3.2323990e-05 +-     7.268484e-06       0.4273       0 [    3]      (   0)             32

       380         385   0.05            NNLO.QT-CS.42.RRA           4.9482116e-05 +-     8.634792e-06
--------------------------------------------------------------------------------------------------------------------------------------------------------------
       380         385   0.05            dd~_epvebb~sc~              1.7158125e-05 +-     4.661413e-06        1.062       0 [    3]      (   0)             31
       380         385   0.05            uu~_epvebb~sc~              3.2323990e-05 +-     7.268484e-06       0.4273       0 [    3]      (   0)             32

       380         385   0.1             NNLO.QT-CS.42.RRA           4.9482116e-05 +-     8.634792e-06
--------------------------------------------------------------------------------------------------------------------------------------------------------------
       380         385   0.1             dd~_epvebb~sc~              1.7158125e-05 +-     4.661413e-06        1.062       0 [    3]      (   0)             31
       380         385   0.1             uu~_epvebb~sc~              3.2323990e-05 +-     7.268484e-06       0.4273       0 [    3]      (   0)             32

       380         385   0.15            NNLO.QT-CS.42.RRA           4.9482116e-05 +-     8.634792e-06
--------------------------------------------------------------------------------------------------------------------------------------------------------------
       380         385   0.15            dd~_epvebb~sc~              1.7158125e-05 +-     4.661413e-06        1.062       0 [    3]      (   0)             31
       380         385   0.15            uu~_epvebb~sc~              3.2323990e-05 +-     7.268484e-06       0.4273       0 [    3]      (   0)             32

       380         385   0.2             NNLO.QT-CS.42.RRA           4.9482116e-05 +-     8.634792e-06
--------------------------------------------------------------------------------------------------------------------------------------------------------------
       380         385   0.2             dd~_epvebb~sc~              1.7158125e-05 +-     4.661413e-06        1.062       0 [    3]      (   0)             31
       380         385   0.2             uu~_epvebb~sc~              3.2323990e-05 +-     7.268484e-06       0.4273       0 [    3]      (   0)             32

       380         385   0.25            NNLO.QT-CS.42.RRA           4.9482116e-05 +-     8.634792e-06
--------------------------------------------------------------------------------------------------------------------------------------------------------------
       380         385   0.25            dd~_epvebb~sc~              1.7158125e-05 +-     4.661413e-06        1.062       0 [    3]      (   0)             31
       380         385   0.25            uu~_epvebb~sc~              3.2323990e-05 +-     7.268484e-06       0.4273       0 [    3]      (   0)             32

       380         385   0.5             NNLO.QT-CS.42.RRA           4.9482116e-05 +-     8.634792e-06
--------------------------------------------------------------------------------------------------------------------------------------------------------------
       380         385   0.5             dd~_epvebb~sc~              1.7158125e-05 +-     4.661413e-06        1.062       0 [    3]      (   0)             31
       380         385   0.5             uu~_epvebb~sc~              3.2323990e-05 +-     7.268484e-06       0.4273       0 [    3]      (   0)             32

==============================================================================================================================================================

       385         390   0.01            NNLO.QT-CS.42.RRA           3.6655651e-05 +-    1.0086914e-05
--------------------------------------------------------------------------------------------------------------------------------------------------------------
       385         390   0.01            dd~_epvebb~sc~               8.964103e-06 +-     3.241700e-06      0.06884       0 [    3]      (   0)             20
       385         390   0.01            uu~_epvebb~sc~              2.7691548e-05 +-     9.551818e-06        2.054       0 [    3]      (   0)             25

       385         390   0.05            NNLO.QT-CS.42.RRA           3.6655651e-05 +-    1.0086914e-05
--------------------------------------------------------------------------------------------------------------------------------------------------------------
       385         390   0.05            dd~_epvebb~sc~               8.964103e-06 +-     3.241700e-06      0.06884       0 [    3]      (   0)             20
       385         390   0.05            uu~_epvebb~sc~              2.7691548e-05 +-     9.551818e-06        2.054       0 [    3]      (   0)             25

       385         390   0.1             NNLO.QT-CS.42.RRA           3.6655651e-05 +-    1.0086914e-05
--------------------------------------------------------------------------------------------------------------------------------------------------------------
       385         390   0.1             dd~_epvebb~sc~               8.964103e-06 +-     3.241700e-06      0.06884       0 [    3]      (   0)             20
       385         390   0.1             uu~_epvebb~sc~              2.7691548e-05 +-     9.551818e-06        2.054       0 [    3]      (   0)             25

       385         390   0.15            NNLO.QT-CS.42.RRA           3.6655651e-05 +-    1.0086914e-05
--------------------------------------------------------------------------------------------------------------------------------------------------------------
       385         390   0.15            dd~_epvebb~sc~               8.964103e-06 +-     3.241700e-06      0.06884       0 [    3]      (   0)             20
       385         390   0.15            uu~_epvebb~sc~              2.7691548e-05 +-     9.551818e-06        2.054       0 [    3]      (   0)             25

       385         390   0.2             NNLO.QT-CS.42.RRA           3.6655651e-05 +-    1.0086914e-05
--------------------------------------------------------------------------------------------------------------------------------------------------------------
       385         390   0.2             dd~_epvebb~sc~               8.964103e-06 +-     3.241700e-06      0.06884       0 [    3]      (   0)             20
       385         390   0.2             uu~_epvebb~sc~              2.7691548e-05 +-     9.551818e-06        2.054       0 [    3]      (   0)             25

       385         390   0.25            NNLO.QT-CS.42.RRA           3.6655651e-05 +-    1.0086914e-05
--------------------------------------------------------------------------------------------------------------------------------------------------------------
       385         390   0.25            dd~_epvebb~sc~               8.964103e-06 +-     3.241700e-06      0.06884       0 [    3]      (   0)             20
       385         390   0.25            uu~_epvebb~sc~              2.7691548e-05 +-     9.551818e-06        2.054       0 [    3]      (   0)             25

       385         390   0.5             NNLO.QT-CS.42.RRA           3.6655651e-05 +-    1.0086914e-05
--------------------------------------------------------------------------------------------------------------------------------------------------------------
       385         390   0.5             dd~_epvebb~sc~               8.964103e-06 +-     3.241700e-06      0.06884       0 [    3]      (   0)             20
       385         390   0.5             uu~_epvebb~sc~              2.7691548e-05 +-     9.551818e-06        2.054       0 [    3]      (   0)             25

==============================================================================================================================================================

       390         395   0.01            NNLO.QT-CS.42.RRA           2.9293008e-05 +-    1.0514212e-05
--------------------------------------------------------------------------------------------------------------------------------------------------------------
       390         395   0.01            dd~_epvebb~sc~               9.019515e-06 +-     3.289539e-06        16.07       0 [    3]      (   0)             19
       390         395   0.01            uu~_epvebb~sc~              2.0273493e-05 +-     9.986371e-06       0.4765       0 [    3]      (   0)             17

       390         395   0.05            NNLO.QT-CS.42.RRA           2.9293008e-05 +-    1.0514212e-05
--------------------------------------------------------------------------------------------------------------------------------------------------------------
       390         395   0.05            dd~_epvebb~sc~               9.019515e-06 +-     3.289539e-06        16.07       0 [    3]      (   0)             19
       390         395   0.05            uu~_epvebb~sc~              2.0273493e-05 +-     9.986371e-06       0.4765       0 [    3]      (   0)             17

       390         395   0.1             NNLO.QT-CS.42.RRA           2.9293008e-05 +-    1.0514212e-05
--------------------------------------------------------------------------------------------------------------------------------------------------------------
       390         395   0.1             dd~_epvebb~sc~               9.019515e-06 +-     3.289539e-06        16.07       0 [    3]      (   0)             19
       390         395   0.1             uu~_epvebb~sc~              2.0273493e-05 +-     9.986371e-06       0.4765       0 [    3]      (   0)             17

       390         395   0.15            NNLO.QT-CS.42.RRA           2.9293008e-05 +-    1.0514212e-05
--------------------------------------------------------------------------------------------------------------------------------------------------------------
       390         395   0.15            dd~_epvebb~sc~               9.019515e-06 +-     3.289539e-06        16.07       0 [    3]      (   0)             19
       390         395   0.15            uu~_epvebb~sc~              2.0273493e-05 +-     9.986371e-06       0.4765       0 [    3]      (   0)             17

       390         395   0.2             NNLO.QT-CS.42.RRA           2.9293008e-05 +-    1.0514212e-05
--------------------------------------------------------------------------------------------------------------------------------------------------------------
       390         395   0.2             dd~_epvebb~sc~               9.019515e-06 +-     3.289539e-06        16.07       0 [    3]      (   0)             19
       390         395   0.2             uu~_epvebb~sc~              2.0273493e-05 +-     9.986371e-06       0.4765       0 [    3]      (   0)             17

       390         395   0.25            NNLO.QT-CS.42.RRA           2.9293008e-05 +-    1.0514212e-05
--------------------------------------------------------------------------------------------------------------------------------------------------------------
       390         395   0.25            dd~_epvebb~sc~               9.019515e-06 +-     3.289539e-06        16.07       0 [    3]      (   0)             19
       390         395   0.25            uu~_epvebb~sc~              2.0273493e-05 +-     9.986371e-06       0.4765       0 [    3]      (   0)             17

       390         395   0.5             NNLO.QT-CS.42.RRA           2.9293008e-05 +-    1.0514212e-05
--------------------------------------------------------------------------------------------------------------------------------------------------------------
       390         395   0.5             dd~_epvebb~sc~               9.019515e-06 +-     3.289539e-06        16.07       0 [    3]      (   0)             19
       390         395   0.5             uu~_epvebb~sc~              2.0273493e-05 +-     9.986371e-06       0.4765       0 [    3]      (   0)             17

==============================================================================================================================================================

       395         400   0.01            NNLO.QT-CS.42.RRA           3.8127829e-05 +-     6.876558e-06
--------------------------------------------------------------------------------------------------------------------------------------------------------------
       395         400   0.01            dd~_epvebb~sc~              1.1263798e-05 +-     3.066631e-06       0.1241       0 [    3]      (   0)             21
       395         400   0.01            uu~_epvebb~sc~              2.6864031e-05 +-     6.154902e-06        5.484       0 [    3]      (   0)             31

       395         400   0.05            NNLO.QT-CS.42.RRA           3.8127829e-05 +-     6.876558e-06
--------------------------------------------------------------------------------------------------------------------------------------------------------------
       395         400   0.05            dd~_epvebb~sc~              1.1263798e-05 +-     3.066631e-06       0.1241       0 [    3]      (   0)             21
       395         400   0.05            uu~_epvebb~sc~              2.6864031e-05 +-     6.154902e-06        5.484       0 [    3]      (   0)             30

       395         400   0.1             NNLO.QT-CS.42.RRA           3.8127829e-05 +-     6.876558e-06
--------------------------------------------------------------------------------------------------------------------------------------------------------------
       395         400   0.1             dd~_epvebb~sc~              1.1263798e-05 +-     3.066631e-06       0.1241       0 [    3]      (   0)             21
       395         400   0.1             uu~_epvebb~sc~              2.6864031e-05 +-     6.154902e-06        5.484       0 [    3]      (   0)             30

       395         400   0.15            NNLO.QT-CS.42.RRA           3.8127829e-05 +-     6.876558e-06
--------------------------------------------------------------------------------------------------------------------------------------------------------------
       395         400   0.15            dd~_epvebb~sc~              1.1263798e-05 +-     3.066631e-06       0.1241       0 [    3]      (   0)             21
       395         400   0.15            uu~_epvebb~sc~              2.6864031e-05 +-     6.154902e-06        5.484       0 [    3]      (   0)             30

       395         400   0.2             NNLO.QT-CS.42.RRA           3.8127829e-05 +-     6.876558e-06
--------------------------------------------------------------------------------------------------------------------------------------------------------------
       395         400   0.2             dd~_epvebb~sc~              1.1263798e-05 +-     3.066631e-06       0.1241       0 [    3]      (   0)             21
       395         400   0.2             uu~_epvebb~sc~              2.6864031e-05 +-     6.154902e-06        5.484       0 [    3]      (   0)             30

       395         400   0.25            NNLO.QT-CS.42.RRA           3.8127829e-05 +-     6.876558e-06
--------------------------------------------------------------------------------------------------------------------------------------------------------------
       395         400   0.25            dd~_epvebb~sc~              1.1263798e-05 +-     3.066631e-06       0.1241       0 [    3]      (   0)             20
       395         400   0.25            uu~_epvebb~sc~              2.6864031e-05 +-     6.154902e-06        5.484       0 [    3]      (   0)             30

       395         400   0.5             NNLO.QT-CS.42.RRA           3.8127829e-05 +-     6.876558e-06
--------------------------------------------------------------------------------------------------------------------------------------------------------------
       395         400   0.5             dd~_epvebb~sc~              1.1263798e-05 +-     3.066631e-06       0.1241       0 [    3]      (   0)             20
       395         400   0.5             uu~_epvebb~sc~              2.6864031e-05 +-     6.154902e-06        5.484       0 [    3]      (   0)             30

==============================================================================================================================================================

       400         405   0.01            NNLO.QT-CS.42.RRA           3.0845228e-05 +-     7.559319e-06
--------------------------------------------------------------------------------------------------------------------------------------------------------------
       400         405   0.01            dd~_epvebb~sc~              1.0925181e-05 +-     3.936857e-06       0.3607       0 [    3]      (   0)             18
       400         405   0.01            uu~_epvebb~sc~              1.9920047e-05 +-     6.453252e-06        35.37       1 [    3]      (   0)             22

       400         405   0.05            NNLO.QT-CS.42.RRA           3.0845228e-05 +-     7.559319e-06
--------------------------------------------------------------------------------------------------------------------------------------------------------------
       400         405   0.05            dd~_epvebb~sc~              1.0925181e-05 +-     3.936857e-06       0.3607       0 [    3]      (   0)             18
       400         405   0.05            uu~_epvebb~sc~              1.9920047e-05 +-     6.453252e-06        35.37       1 [    3]      (   0)             22

       400         405   0.1             NNLO.QT-CS.42.RRA           3.0845228e-05 +-     7.559319e-06
--------------------------------------------------------------------------------------------------------------------------------------------------------------
       400         405   0.1             dd~_epvebb~sc~              1.0925181e-05 +-     3.936857e-06       0.3607       0 [    3]      (   0)             18
       400         405   0.1             uu~_epvebb~sc~              1.9920047e-05 +-     6.453252e-06        35.37       1 [    3]      (   0)             22

       400         405   0.15            NNLO.QT-CS.42.RRA           3.0845228e-05 +-     7.559319e-06
--------------------------------------------------------------------------------------------------------------------------------------------------------------
       400         405   0.15            dd~_epvebb~sc~              1.0925181e-05 +-     3.936857e-06       0.3607       0 [    3]      (   0)             18
       400         405   0.15            uu~_epvebb~sc~              1.9920047e-05 +-     6.453252e-06        35.37       1 [    3]      (   0)             22

       400         405   0.2             NNLO.QT-CS.42.RRA           3.0845228e-05 +-     7.559319e-06
--------------------------------------------------------------------------------------------------------------------------------------------------------------
       400         405   0.2             dd~_epvebb~sc~              1.0925181e-05 +-     3.936857e-06       0.3607       0 [    3]      (   0)             18
       400         405   0.2             uu~_epvebb~sc~              1.9920047e-05 +-     6.453252e-06        35.37       1 [    3]      (   0)             22

       400         405   0.25            NNLO.QT-CS.42.RRA           3.0845228e-05 +-     7.559319e-06
--------------------------------------------------------------------------------------------------------------------------------------------------------------
       400         405   0.25            dd~_epvebb~sc~              1.0925181e-05 +-     3.936857e-06       0.3607       0 [    3]      (   0)             18
       400         405   0.25            uu~_epvebb~sc~              1.9920047e-05 +-     6.453252e-06        35.37       1 [    3]      (   0)             22

       400         405   0.5             NNLO.QT-CS.42.RRA           3.0845228e-05 +-     7.559319e-06
--------------------------------------------------------------------------------------------------------------------------------------------------------------
       400         405   0.5             dd~_epvebb~sc~              1.0925181e-05 +-     3.936857e-06       0.3607       0 [    3]      (   0)             18
       400         405   0.5             uu~_epvebb~sc~              1.9920047e-05 +-     6.453252e-06        35.37       1 [    3]      (   0)             22

==============================================================================================================================================================

       405         410   0.01            NNLO.QT-CS.42.RRA           2.6388887e-05 +-     5.962667e-06
--------------------------------------------------------------------------------------------------------------------------------------------------------------
       405         410   0.01            dd~_epvebb~sc~               8.815117e-06 +-     2.561600e-06        3.635       0 [    3]      (   0)             19
       405         410   0.01            uu~_epvebb~sc~              1.7573770e-05 +-     5.384385e-06       0.2569       0 [    3]      (   0)             18

       405         410   0.05            NNLO.QT-CS.42.RRA           2.6388887e-05 +-     5.962667e-06
--------------------------------------------------------------------------------------------------------------------------------------------------------------
       405         410   0.05            dd~_epvebb~sc~               8.815117e-06 +-     2.561600e-06        3.635       0 [    3]      (   0)             19
       405         410   0.05            uu~_epvebb~sc~              1.7573770e-05 +-     5.384385e-06       0.2569       0 [    3]      (   0)             18

       405         410   0.1             NNLO.QT-CS.42.RRA           2.6388887e-05 +-     5.962667e-06
--------------------------------------------------------------------------------------------------------------------------------------------------------------
       405         410   0.1             dd~_epvebb~sc~               8.815117e-06 +-     2.561600e-06        3.635       0 [    3]      (   0)             19
       405         410   0.1             uu~_epvebb~sc~              1.7573770e-05 +-     5.384385e-06       0.2569       0 [    3]      (   0)             18

       405         410   0.15            NNLO.QT-CS.42.RRA           2.6388887e-05 +-     5.962667e-06
--------------------------------------------------------------------------------------------------------------------------------------------------------------
       405         410   0.15            dd~_epvebb~sc~               8.815117e-06 +-     2.561600e-06        3.635       0 [    3]      (   0)             19
       405         410   0.15            uu~_epvebb~sc~              1.7573770e-05 +-     5.384385e-06       0.2569       0 [    3]      (   0)             18

       405         410   0.2             NNLO.QT-CS.42.RRA           2.6388887e-05 +-     5.962667e-06
--------------------------------------------------------------------------------------------------------------------------------------------------------------
       405         410   0.2             dd~_epvebb~sc~               8.815117e-06 +-     2.561600e-06        3.635       0 [    3]      (   0)             19
       405         410   0.2             uu~_epvebb~sc~              1.7573770e-05 +-     5.384385e-06       0.2569       0 [    3]      (   0)             18

       405         410   0.25            NNLO.QT-CS.42.RRA           2.6388887e-05 +-     5.962667e-06
--------------------------------------------------------------------------------------------------------------------------------------------------------------
       405         410   0.25            dd~_epvebb~sc~               8.815117e-06 +-     2.561600e-06        3.635       0 [    3]      (   0)             19
       405         410   0.25            uu~_epvebb~sc~              1.7573770e-05 +-     5.384385e-06       0.2569       0 [    3]      (   0)             18

       405         410   0.5             NNLO.QT-CS.42.RRA           2.6388887e-05 +-     5.962667e-06
--------------------------------------------------------------------------------------------------------------------------------------------------------------
       405         410   0.5             dd~_epvebb~sc~               8.815117e-06 +-     2.561600e-06        3.635       0 [    3]      (   0)             19
       405         410   0.5             uu~_epvebb~sc~              1.7573770e-05 +-     5.384385e-06       0.2569       0 [    3]      (   0)             18

==============================================================================================================================================================

       410         415   0.01            NNLO.QT-CS.42.RRA           2.6345311e-05 +-     6.502039e-06
--------------------------------------------------------------------------------------------------------------------------------------------------------------
       410         415   0.01            dd~_epvebb~sc~               9.517240e-06 +-     3.890184e-06        25.92       1 [    3]      (   0)             21
       410         415   0.01            uu~_epvebb~sc~              1.6828071e-05 +-     5.209893e-06        1.028       0 [    3]      (   0)             26

       410         415   0.05            NNLO.QT-CS.42.RRA           2.6345311e-05 +-     6.502039e-06
--------------------------------------------------------------------------------------------------------------------------------------------------------------
       410         415   0.05            dd~_epvebb~sc~               9.517240e-06 +-     3.890184e-06        25.92       1 [    3]      (   0)             21
       410         415   0.05            uu~_epvebb~sc~              1.6828071e-05 +-     5.209893e-06        1.028       0 [    3]      (   0)             26

       410         415   0.1             NNLO.QT-CS.42.RRA           2.6345311e-05 +-     6.502039e-06
--------------------------------------------------------------------------------------------------------------------------------------------------------------
       410         415   0.1             dd~_epvebb~sc~               9.517240e-06 +-     3.890184e-06        25.92       1 [    3]      (   0)             21
       410         415   0.1             uu~_epvebb~sc~              1.6828071e-05 +-     5.209893e-06        1.028       0 [    3]      (   0)             26

       410         415   0.15            NNLO.QT-CS.42.RRA           2.6345311e-05 +-     6.502039e-06
--------------------------------------------------------------------------------------------------------------------------------------------------------------
       410         415   0.15            dd~_epvebb~sc~               9.517240e-06 +-     3.890184e-06        25.92       1 [    3]      (   0)             21
       410         415   0.15            uu~_epvebb~sc~              1.6828071e-05 +-     5.209893e-06        1.028       0 [    3]      (   0)             26

       410         415   0.2             NNLO.QT-CS.42.RRA           2.6345311e-05 +-     6.502039e-06
--------------------------------------------------------------------------------------------------------------------------------------------------------------
       410         415   0.2             dd~_epvebb~sc~               9.517240e-06 +-     3.890184e-06        25.92       1 [    3]      (   0)             21
       410         415   0.2             uu~_epvebb~sc~              1.6828071e-05 +-     5.209893e-06        1.028       0 [    3]      (   0)             26

       410         415   0.25            NNLO.QT-CS.42.RRA           2.6345311e-05 +-     6.502039e-06
--------------------------------------------------------------------------------------------------------------------------------------------------------------
       410         415   0.25            dd~_epvebb~sc~               9.517240e-06 +-     3.890184e-06        25.92       1 [    3]      (   0)             21
       410         415   0.25            uu~_epvebb~sc~              1.6828071e-05 +-     5.209893e-06        1.028       0 [    3]      (   0)             26

       410         415   0.5             NNLO.QT-CS.42.RRA           2.6345311e-05 +-     6.502039e-06
--------------------------------------------------------------------------------------------------------------------------------------------------------------
       410         415   0.5             dd~_epvebb~sc~               9.517240e-06 +-     3.890184e-06        25.92       1 [    3]      (   0)             21
       410         415   0.5             uu~_epvebb~sc~              1.6828071e-05 +-     5.209893e-06        1.028       0 [    3]      (   0)             26

==============================================================================================================================================================

       415         420   0.01            NNLO.QT-CS.42.RRA           1.7934196e-05 +-     4.893600e-06
--------------------------------------------------------------------------------------------------------------------------------------------------------------
       415         420   0.01            dd~_epvebb~sc~               6.988753e-06 +-     3.697739e-06       0.5635       0 [    3]      (   0)             14
       415         420   0.01            uu~_epvebb~sc~              1.0945444e-05 +-     3.205316e-06       0.1984       0 [    3]      (   0)             17

       415         420   0.05            NNLO.QT-CS.42.RRA           1.7934196e-05 +-     4.893600e-06
--------------------------------------------------------------------------------------------------------------------------------------------------------------
       415         420   0.05            dd~_epvebb~sc~               6.988753e-06 +-     3.697739e-06       0.5635       0 [    3]      (   0)             14
       415         420   0.05            uu~_epvebb~sc~              1.0945444e-05 +-     3.205316e-06       0.1984       0 [    3]      (   0)             17

       415         420   0.1             NNLO.QT-CS.42.RRA           1.7934196e-05 +-     4.893600e-06
--------------------------------------------------------------------------------------------------------------------------------------------------------------
       415         420   0.1             dd~_epvebb~sc~               6.988753e-06 +-     3.697739e-06       0.5635       0 [    3]      (   0)             14
       415         420   0.1             uu~_epvebb~sc~              1.0945444e-05 +-     3.205316e-06       0.1984       0 [    3]      (   0)             17

       415         420   0.15            NNLO.QT-CS.42.RRA           1.7934196e-05 +-     4.893600e-06
--------------------------------------------------------------------------------------------------------------------------------------------------------------
       415         420   0.15            dd~_epvebb~sc~               6.988753e-06 +-     3.697739e-06       0.5635       0 [    3]      (   0)             14
       415         420   0.15            uu~_epvebb~sc~              1.0945444e-05 +-     3.205316e-06       0.1984       0 [    3]      (   0)             17

       415         420   0.2             NNLO.QT-CS.42.RRA           1.7934196e-05 +-     4.893600e-06
--------------------------------------------------------------------------------------------------------------------------------------------------------------
       415         420   0.2             dd~_epvebb~sc~               6.988753e-06 +-     3.697739e-06       0.5635       0 [    3]      (   0)             14
       415         420   0.2             uu~_epvebb~sc~              1.0945444e-05 +-     3.205316e-06       0.1984       0 [    3]      (   0)             17

       415         420   0.25            NNLO.QT-CS.42.RRA           1.7934196e-05 +-     4.893600e-06
--------------------------------------------------------------------------------------------------------------------------------------------------------------
       415         420   0.25            dd~_epvebb~sc~               6.988753e-06 +-     3.697739e-06       0.5635       0 [    3]      (   0)             14
       415         420   0.25            uu~_epvebb~sc~              1.0945444e-05 +-     3.205316e-06       0.1984       0 [    3]      (   0)             17

       415         420   0.5             NNLO.QT-CS.42.RRA           1.7934196e-05 +-     4.893600e-06
--------------------------------------------------------------------------------------------------------------------------------------------------------------
       415         420   0.5             dd~_epvebb~sc~               6.988753e-06 +-     3.697739e-06       0.5635       0 [    3]      (   0)             14
       415         420   0.5             uu~_epvebb~sc~              1.0945444e-05 +-     3.205316e-06       0.1984       0 [    3]      (   0)             17

==============================================================================================================================================================

       420         425   0.01            NNLO.QT-CS.42.RRA           1.9627811e-05 +-     6.756615e-06
--------------------------------------------------------------------------------------------------------------------------------------------------------------
       420         425   0.01            dd~_epvebb~sc~               2.442431e-06 +-     1.087586e-06        2.007       1 [    3]      (   0)              8
       420         425   0.01            uu~_epvebb~sc~              1.7185380e-05 +-     6.668509e-06        1.796       0 [    3]      (   0)             18

       420         425   0.05            NNLO.QT-CS.42.RRA           1.9627811e-05 +-     6.756615e-06
--------------------------------------------------------------------------------------------------------------------------------------------------------------
       420         425   0.05            dd~_epvebb~sc~               2.442431e-06 +-     1.087586e-06        2.007       1 [    3]      (   0)              8
       420         425   0.05            uu~_epvebb~sc~              1.7185380e-05 +-     6.668509e-06        1.796       0 [    3]      (   0)             18

       420         425   0.1             NNLO.QT-CS.42.RRA           1.9627811e-05 +-     6.756615e-06
--------------------------------------------------------------------------------------------------------------------------------------------------------------
       420         425   0.1             dd~_epvebb~sc~               2.442431e-06 +-     1.087586e-06        2.007       1 [    3]      (   0)              8
       420         425   0.1             uu~_epvebb~sc~              1.7185380e-05 +-     6.668509e-06        1.796       0 [    3]      (   0)             18

       420         425   0.15            NNLO.QT-CS.42.RRA           1.9627811e-05 +-     6.756615e-06
--------------------------------------------------------------------------------------------------------------------------------------------------------------
       420         425   0.15            dd~_epvebb~sc~               2.442431e-06 +-     1.087586e-06        2.007       1 [    3]      (   0)              8
       420         425   0.15            uu~_epvebb~sc~              1.7185380e-05 +-     6.668509e-06        1.796       0 [    3]      (   0)             18

       420         425   0.2             NNLO.QT-CS.42.RRA           1.9627811e-05 +-     6.756615e-06
--------------------------------------------------------------------------------------------------------------------------------------------------------------
       420         425   0.2             dd~_epvebb~sc~               2.442431e-06 +-     1.087586e-06        2.007       1 [    3]      (   0)              8
       420         425   0.2             uu~_epvebb~sc~              1.7185380e-05 +-     6.668509e-06        1.796       0 [    3]      (   0)             18

       420         425   0.25            NNLO.QT-CS.42.RRA           1.9627811e-05 +-     6.756615e-06
--------------------------------------------------------------------------------------------------------------------------------------------------------------
       420         425   0.25            dd~_epvebb~sc~               2.442431e-06 +-     1.087586e-06        2.007       1 [    3]      (   0)              8
       420         425   0.25            uu~_epvebb~sc~              1.7185380e-05 +-     6.668509e-06        1.796       0 [    3]      (   0)             18

       420         425   0.5             NNLO.QT-CS.42.RRA           1.9627811e-05 +-     6.756615e-06
--------------------------------------------------------------------------------------------------------------------------------------------------------------
       420         425   0.5             dd~_epvebb~sc~               2.442431e-06 +-     1.087586e-06        2.007       1 [    3]      (   0)              8
       420         425   0.5             uu~_epvebb~sc~              1.7185380e-05 +-     6.668509e-06        1.796       0 [    3]      (   0)             18

==============================================================================================================================================================

       425         430   0.01            NNLO.QT-CS.42.RRA           3.1113499e-05 +-     7.219551e-06
--------------------------------------------------------------------------------------------------------------------------------------------------------------
       425         430   0.01            dd~_epvebb~sc~               8.699329e-06 +-     2.709782e-06     0.003986       0 [    3]      (   0)             23
       425         430   0.01            uu~_epvebb~sc~              2.2414170e-05 +-     6.691711e-06       0.2959       0 [    3]      (   0)             27

       425         430   0.05            NNLO.QT-CS.42.RRA           3.1113499e-05 +-     7.219551e-06
--------------------------------------------------------------------------------------------------------------------------------------------------------------
       425         430   0.05            dd~_epvebb~sc~               8.699329e-06 +-     2.709782e-06     0.003986       0 [    3]      (   0)             23
       425         430   0.05            uu~_epvebb~sc~              2.2414170e-05 +-     6.691711e-06       0.2959       0 [    3]      (   0)             27

       425         430   0.1             NNLO.QT-CS.42.RRA           3.1113499e-05 +-     7.219551e-06
--------------------------------------------------------------------------------------------------------------------------------------------------------------
       425         430   0.1             dd~_epvebb~sc~               8.699329e-06 +-     2.709782e-06     0.003986       0 [    3]      (   0)             23
       425         430   0.1             uu~_epvebb~sc~              2.2414170e-05 +-     6.691711e-06       0.2959       0 [    3]      (   0)             27

       425         430   0.15            NNLO.QT-CS.42.RRA           3.1113499e-05 +-     7.219551e-06
--------------------------------------------------------------------------------------------------------------------------------------------------------------
       425         430   0.15            dd~_epvebb~sc~               8.699329e-06 +-     2.709782e-06     0.003986       0 [    3]      (   0)             23
       425         430   0.15            uu~_epvebb~sc~              2.2414170e-05 +-     6.691711e-06       0.2959       0 [    3]      (   0)             27

       425         430   0.2             NNLO.QT-CS.42.RRA           3.1113499e-05 +-     7.219551e-06
--------------------------------------------------------------------------------------------------------------------------------------------------------------
       425         430   0.2             dd~_epvebb~sc~               8.699329e-06 +-     2.709782e-06     0.003986       0 [    3]      (   0)             23
       425         430   0.2             uu~_epvebb~sc~              2.2414170e-05 +-     6.691711e-06       0.2959       0 [    3]      (   0)             27

       425         430   0.25            NNLO.QT-CS.42.RRA           3.1113499e-05 +-     7.219551e-06
--------------------------------------------------------------------------------------------------------------------------------------------------------------
       425         430   0.25            dd~_epvebb~sc~               8.699329e-06 +-     2.709782e-06     0.003986       0 [    3]      (   0)             23
       425         430   0.25            uu~_epvebb~sc~              2.2414170e-05 +-     6.691711e-06       0.2959       0 [    3]      (   0)             27

       425         430   0.5             NNLO.QT-CS.42.RRA           3.1113499e-05 +-     7.219551e-06
--------------------------------------------------------------------------------------------------------------------------------------------------------------
       425         430   0.5             dd~_epvebb~sc~               8.699329e-06 +-     2.709782e-06     0.003986       0 [    3]      (   0)             22
       425         430   0.5             uu~_epvebb~sc~              2.2414170e-05 +-     6.691711e-06       0.2959       0 [    3]      (   0)             27

==============================================================================================================================================================

       430         435   0.01            NNLO.QT-CS.42.RRA           1.7140465e-05 +-     4.340832e-06
--------------------------------------------------------------------------------------------------------------------------------------------------------------
       430         435   0.01            dd~_epvebb~sc~               5.950278e-06 +-     1.787580e-06        3.002       0 [    3]      (   0)             17
       430         435   0.01            uu~_epvebb~sc~              1.1190187e-05 +-     3.955677e-06        1.453       0 [    3]      (   0)             16

       430         435   0.05            NNLO.QT-CS.42.RRA           1.7140465e-05 +-     4.340832e-06
--------------------------------------------------------------------------------------------------------------------------------------------------------------
       430         435   0.05            dd~_epvebb~sc~               5.950278e-06 +-     1.787580e-06        3.002       0 [    3]      (   0)             17
       430         435   0.05            uu~_epvebb~sc~              1.1190187e-05 +-     3.955677e-06        1.453       0 [    3]      (   0)             16

       430         435   0.1             NNLO.QT-CS.42.RRA           1.7140465e-05 +-     4.340832e-06
--------------------------------------------------------------------------------------------------------------------------------------------------------------
       430         435   0.1             dd~_epvebb~sc~               5.950278e-06 +-     1.787580e-06        3.002       0 [    3]      (   0)             17
       430         435   0.1             uu~_epvebb~sc~              1.1190187e-05 +-     3.955677e-06        1.453       0 [    3]      (   0)             16

       430         435   0.15            NNLO.QT-CS.42.RRA           1.7140465e-05 +-     4.340832e-06
--------------------------------------------------------------------------------------------------------------------------------------------------------------
       430         435   0.15            dd~_epvebb~sc~               5.950278e-06 +-     1.787580e-06        3.002       0 [    3]      (   0)             17
       430         435   0.15            uu~_epvebb~sc~              1.1190187e-05 +-     3.955677e-06        1.453       0 [    3]      (   0)             16

       430         435   0.2             NNLO.QT-CS.42.RRA           1.7140465e-05 +-     4.340832e-06
--------------------------------------------------------------------------------------------------------------------------------------------------------------
       430         435   0.2             dd~_epvebb~sc~               5.950278e-06 +-     1.787580e-06        3.002       0 [    3]      (   0)             17
       430         435   0.2             uu~_epvebb~sc~              1.1190187e-05 +-     3.955677e-06        1.453       0 [    3]      (   0)             16

       430         435   0.25            NNLO.QT-CS.42.RRA           1.7140465e-05 +-     4.340832e-06
--------------------------------------------------------------------------------------------------------------------------------------------------------------
       430         435   0.25            dd~_epvebb~sc~               5.950278e-06 +-     1.787580e-06        3.002       0 [    3]      (   0)             17
       430         435   0.25            uu~_epvebb~sc~              1.1190187e-05 +-     3.955677e-06        1.453       0 [    3]      (   0)             16

       430         435   0.5             NNLO.QT-CS.42.RRA           1.7140465e-05 +-     4.340832e-06
--------------------------------------------------------------------------------------------------------------------------------------------------------------
       430         435   0.5             dd~_epvebb~sc~               5.950278e-06 +-     1.787580e-06        3.002       0 [    3]      (   0)             17
       430         435   0.5             uu~_epvebb~sc~              1.1190187e-05 +-     3.955677e-06        1.453       0 [    3]      (   0)             16

==============================================================================================================================================================

       435         440   0.01            NNLO.QT-CS.42.RRA           2.8611513e-05 +-     7.013228e-06
--------------------------------------------------------------------------------------------------------------------------------------------------------------
       435         440   0.01            dd~_epvebb~sc~              1.0773950e-05 +-     3.784525e-06        3.039       0 [    3]      (   0)             21
       435         440   0.01            uu~_epvebb~sc~              1.7837563e-05 +-     5.904468e-06        3.911       0 [    3]      (   0)             19

       435         440   0.05            NNLO.QT-CS.42.RRA           2.8611513e-05 +-     7.013228e-06
--------------------------------------------------------------------------------------------------------------------------------------------------------------
       435         440   0.05            dd~_epvebb~sc~              1.0773950e-05 +-     3.784525e-06        3.039       0 [    3]      (   0)             21
       435         440   0.05            uu~_epvebb~sc~              1.7837563e-05 +-     5.904468e-06        3.911       0 [    3]      (   0)             19

       435         440   0.1             NNLO.QT-CS.42.RRA           2.8611513e-05 +-     7.013228e-06
--------------------------------------------------------------------------------------------------------------------------------------------------------------
       435         440   0.1             dd~_epvebb~sc~              1.0773950e-05 +-     3.784525e-06        3.039       0 [    3]      (   0)             20
       435         440   0.1             uu~_epvebb~sc~              1.7837563e-05 +-     5.904468e-06        3.911       0 [    3]      (   0)             19

       435         440   0.15            NNLO.QT-CS.42.RRA           2.8611513e-05 +-     7.013228e-06
--------------------------------------------------------------------------------------------------------------------------------------------------------------
       435         440   0.15            dd~_epvebb~sc~              1.0773950e-05 +-     3.784525e-06        3.039       0 [    3]      (   0)             20
       435         440   0.15            uu~_epvebb~sc~              1.7837563e-05 +-     5.904468e-06        3.911       0 [    3]      (   0)             19

       435         440   0.2             NNLO.QT-CS.42.RRA           2.8611513e-05 +-     7.013228e-06
--------------------------------------------------------------------------------------------------------------------------------------------------------------
       435         440   0.2             dd~_epvebb~sc~              1.0773950e-05 +-     3.784525e-06        3.039       0 [    3]      (   0)             20
       435         440   0.2             uu~_epvebb~sc~              1.7837563e-05 +-     5.904468e-06        3.911       0 [    3]      (   0)             19

       435         440   0.25            NNLO.QT-CS.42.RRA           2.8611513e-05 +-     7.013228e-06
--------------------------------------------------------------------------------------------------------------------------------------------------------------
       435         440   0.25            dd~_epvebb~sc~              1.0773950e-05 +-     3.784525e-06        3.039       0 [    3]      (   0)             20
       435         440   0.25            uu~_epvebb~sc~              1.7837563e-05 +-     5.904468e-06        3.911       0 [    3]      (   0)             19

       435         440   0.5             NNLO.QT-CS.42.RRA           2.8611513e-05 +-     7.013228e-06
--------------------------------------------------------------------------------------------------------------------------------------------------------------
       435         440   0.5             dd~_epvebb~sc~              1.0773950e-05 +-     3.784525e-06        3.039       0 [    3]      (   0)             20
       435         440   0.5             uu~_epvebb~sc~              1.7837563e-05 +-     5.904468e-06        3.911       0 [    3]      (   0)             19

==============================================================================================================================================================

       440         445   0.01            NNLO.QT-CS.42.RRA           1.6029016e-05 +-     5.126978e-06
--------------------------------------------------------------------------------------------------------------------------------------------------------------
       440         445   0.01            dd~_epvebb~sc~               3.903999e-06 +-     1.574277e-06      0.03656       0 [    3]      (   0)             10
       440         445   0.01            uu~_epvebb~sc~              1.2125017e-05 +-     4.879298e-06        7.959       0 [    3]      (   0)             14

       440         445   0.05            NNLO.QT-CS.42.RRA           1.6029016e-05 +-     5.126978e-06
--------------------------------------------------------------------------------------------------------------------------------------------------------------
       440         445   0.05            dd~_epvebb~sc~               3.903999e-06 +-     1.574277e-06      0.03656       0 [    3]      (   0)             10
       440         445   0.05            uu~_epvebb~sc~              1.2125017e-05 +-     4.879298e-06        7.959       0 [    3]      (   0)             14

       440         445   0.1             NNLO.QT-CS.42.RRA           1.6029016e-05 +-     5.126978e-06
--------------------------------------------------------------------------------------------------------------------------------------------------------------
       440         445   0.1             dd~_epvebb~sc~               3.903999e-06 +-     1.574277e-06      0.03656       0 [    3]      (   0)             10
       440         445   0.1             uu~_epvebb~sc~              1.2125017e-05 +-     4.879298e-06        7.959       0 [    3]      (   0)             14

       440         445   0.15            NNLO.QT-CS.42.RRA           1.6029016e-05 +-     5.126978e-06
--------------------------------------------------------------------------------------------------------------------------------------------------------------
       440         445   0.15            dd~_epvebb~sc~               3.903999e-06 +-     1.574277e-06      0.03656       0 [    3]      (   0)             10
       440         445   0.15            uu~_epvebb~sc~              1.2125017e-05 +-     4.879298e-06        7.959       0 [    3]      (   0)             14

       440         445   0.2             NNLO.QT-CS.42.RRA           1.6029016e-05 +-     5.126978e-06
--------------------------------------------------------------------------------------------------------------------------------------------------------------
       440         445   0.2             dd~_epvebb~sc~               3.903999e-06 +-     1.574277e-06      0.03656       0 [    3]      (   0)             10
       440         445   0.2             uu~_epvebb~sc~              1.2125017e-05 +-     4.879298e-06        7.959       0 [    3]      (   0)             14

       440         445   0.25            NNLO.QT-CS.42.RRA           1.6029016e-05 +-     5.126978e-06
--------------------------------------------------------------------------------------------------------------------------------------------------------------
       440         445   0.25            dd~_epvebb~sc~               3.903999e-06 +-     1.574277e-06      0.03656       0 [    3]      (   0)             10
       440         445   0.25            uu~_epvebb~sc~              1.2125017e-05 +-     4.879298e-06        7.959       0 [    3]      (   0)             14

       440         445   0.5             NNLO.QT-CS.42.RRA           1.6029016e-05 +-     5.126978e-06
--------------------------------------------------------------------------------------------------------------------------------------------------------------
       440         445   0.5             dd~_epvebb~sc~               3.903999e-06 +-     1.574277e-06      0.03656       0 [    3]      (   0)             10
       440         445   0.5             uu~_epvebb~sc~              1.2125017e-05 +-     4.879298e-06        7.959       0 [    3]      (   0)             14

==============================================================================================================================================================

       445         450   0.01            NNLO.QT-CS.42.RRA           1.6837436e-05 +-     7.101581e-06
--------------------------------------------------------------------------------------------------------------------------------------------------------------
       445         450   0.01            dd~_epvebb~sc~              1.1824414e-05 +-     3.584120e-06        15.08       0 [    3]      (   0)             22
       445         450   0.01            uu~_epvebb~sc~               5.013022e-06 +-     6.130786e-06        1.996       0 [    3]      (   0)             18

       445         450   0.05            NNLO.QT-CS.42.RRA           1.6837436e-05 +-     7.101581e-06
--------------------------------------------------------------------------------------------------------------------------------------------------------------
       445         450   0.05            dd~_epvebb~sc~              1.1824414e-05 +-     3.584120e-06        15.08       0 [    3]      (   0)             22
       445         450   0.05            uu~_epvebb~sc~               5.013022e-06 +-     6.130786e-06        1.996       0 [    3]      (   0)             18

       445         450   0.1             NNLO.QT-CS.42.RRA           1.6837436e-05 +-     7.101581e-06
--------------------------------------------------------------------------------------------------------------------------------------------------------------
       445         450   0.1             dd~_epvebb~sc~              1.1824414e-05 +-     3.584120e-06        15.08       0 [    3]      (   0)             22
       445         450   0.1             uu~_epvebb~sc~               5.013022e-06 +-     6.130786e-06        1.996       0 [    3]      (   0)             18

       445         450   0.15            NNLO.QT-CS.42.RRA           1.6837436e-05 +-     7.101581e-06
--------------------------------------------------------------------------------------------------------------------------------------------------------------
       445         450   0.15            dd~_epvebb~sc~              1.1824414e-05 +-     3.584120e-06        15.08       0 [    3]      (   0)             22
       445         450   0.15            uu~_epvebb~sc~               5.013022e-06 +-     6.130786e-06        1.996       0 [    3]      (   0)             18

       445         450   0.2             NNLO.QT-CS.42.RRA           1.6837436e-05 +-     7.101581e-06
--------------------------------------------------------------------------------------------------------------------------------------------------------------
       445         450   0.2             dd~_epvebb~sc~              1.1824414e-05 +-     3.584120e-06        15.08       0 [    3]      (   0)             22
       445         450   0.2             uu~_epvebb~sc~               5.013022e-06 +-     6.130786e-06        1.996       0 [    3]      (   0)             18

       445         450   0.25            NNLO.QT-CS.42.RRA           1.6837436e-05 +-     7.101581e-06
--------------------------------------------------------------------------------------------------------------------------------------------------------------
       445         450   0.25            dd~_epvebb~sc~              1.1824414e-05 +-     3.584120e-06        15.08       0 [    3]      (   0)             22
       445         450   0.25            uu~_epvebb~sc~               5.013022e-06 +-     6.130786e-06        1.996       0 [    3]      (   0)             18

       445         450   0.5             NNLO.QT-CS.42.RRA           1.6837436e-05 +-     7.101581e-06
--------------------------------------------------------------------------------------------------------------------------------------------------------------
       445         450   0.5             dd~_epvebb~sc~              1.1824414e-05 +-     3.584120e-06        15.08       0 [    3]      (   0)             22
       445         450   0.5             uu~_epvebb~sc~               5.013022e-06 +-     6.130786e-06        1.996       0 [    3]      (   0)             18

==============================================================================================================================================================

       450         455   0.01            NNLO.QT-CS.42.RRA           1.9770630e-05 +-     5.734205e-06
--------------------------------------------------------------------------------------------------------------------------------------------------------------
       450         455   0.01            dd~_epvebb~sc~               8.895855e-06 +-     3.211537e-06       0.4273       1 [    3]      (   0)             13
       450         455   0.01            uu~_epvebb~sc~              1.0874775e-05 +-     4.750488e-06       0.9062       0 [    3]      (   0)             11

       450         455   0.05            NNLO.QT-CS.42.RRA           1.9770630e-05 +-     5.734205e-06
--------------------------------------------------------------------------------------------------------------------------------------------------------------
       450         455   0.05            dd~_epvebb~sc~               8.895855e-06 +-     3.211537e-06       0.4273       1 [    3]      (   0)             13
       450         455   0.05            uu~_epvebb~sc~              1.0874775e-05 +-     4.750488e-06       0.9062       0 [    3]      (   0)             11

       450         455   0.1             NNLO.QT-CS.42.RRA           1.9770630e-05 +-     5.734205e-06
--------------------------------------------------------------------------------------------------------------------------------------------------------------
       450         455   0.1             dd~_epvebb~sc~               8.895855e-06 +-     3.211537e-06       0.4273       1 [    3]      (   0)             13
       450         455   0.1             uu~_epvebb~sc~              1.0874775e-05 +-     4.750488e-06       0.9062       0 [    3]      (   0)             11

       450         455   0.15            NNLO.QT-CS.42.RRA           1.9770630e-05 +-     5.734205e-06
--------------------------------------------------------------------------------------------------------------------------------------------------------------
       450         455   0.15            dd~_epvebb~sc~               8.895855e-06 +-     3.211537e-06       0.4273       1 [    3]      (   0)             13
       450         455   0.15            uu~_epvebb~sc~              1.0874775e-05 +-     4.750488e-06       0.9062       0 [    3]      (   0)             11

       450         455   0.2             NNLO.QT-CS.42.RRA           1.9770630e-05 +-     5.734205e-06
--------------------------------------------------------------------------------------------------------------------------------------------------------------
       450         455   0.2             dd~_epvebb~sc~               8.895855e-06 +-     3.211537e-06       0.4273       1 [    3]      (   0)             13
       450         455   0.2             uu~_epvebb~sc~              1.0874775e-05 +-     4.750488e-06       0.9062       0 [    3]      (   0)             11

       450         455   0.25            NNLO.QT-CS.42.RRA           1.9770630e-05 +-     5.734205e-06
--------------------------------------------------------------------------------------------------------------------------------------------------------------
       450         455   0.25            dd~_epvebb~sc~               8.895855e-06 +-     3.211537e-06       0.4273       1 [    3]      (   0)             13
       450         455   0.25            uu~_epvebb~sc~              1.0874775e-05 +-     4.750488e-06       0.9062       0 [    3]      (   0)             11

       450         455   0.5             NNLO.QT-CS.42.RRA           1.9770630e-05 +-     5.734205e-06
--------------------------------------------------------------------------------------------------------------------------------------------------------------
       450         455   0.5             dd~_epvebb~sc~               8.895855e-06 +-     3.211537e-06       0.4273       1 [    3]      (   0)             13
       450         455   0.5             uu~_epvebb~sc~              1.0874775e-05 +-     4.750488e-06       0.9062       0 [    3]      (   0)             11

==============================================================================================================================================================

       455         460   0.01            NNLO.QT-CS.42.RRA           2.0606926e-05 +-     6.022579e-06
--------------------------------------------------------------------------------------------------------------------------------------------------------------
       455         460   0.01            dd~_epvebb~sc~               3.805529e-06 +-     1.509963e-06        1.867       2 [    3]      (   0)              9
       455         460   0.01            uu~_epvebb~sc~              1.6801396e-05 +-     5.830220e-06        6.116       0 [    3]      (   0)             20

       455         460   0.05            NNLO.QT-CS.42.RRA           2.0606926e-05 +-     6.022579e-06
--------------------------------------------------------------------------------------------------------------------------------------------------------------
       455         460   0.05            dd~_epvebb~sc~               3.805529e-06 +-     1.509963e-06        1.867       2 [    3]      (   0)              9
       455         460   0.05            uu~_epvebb~sc~              1.6801396e-05 +-     5.830220e-06        6.116       0 [    3]      (   0)             20

       455         460   0.1             NNLO.QT-CS.42.RRA           2.0606926e-05 +-     6.022579e-06
--------------------------------------------------------------------------------------------------------------------------------------------------------------
       455         460   0.1             dd~_epvebb~sc~               3.805529e-06 +-     1.509963e-06        1.867       2 [    3]      (   0)              9
       455         460   0.1             uu~_epvebb~sc~              1.6801396e-05 +-     5.830220e-06        6.116       0 [    3]      (   0)             20

       455         460   0.15            NNLO.QT-CS.42.RRA           2.0606926e-05 +-     6.022579e-06
--------------------------------------------------------------------------------------------------------------------------------------------------------------
       455         460   0.15            dd~_epvebb~sc~               3.805529e-06 +-     1.509963e-06        1.867       2 [    3]      (   0)              9
       455         460   0.15            uu~_epvebb~sc~              1.6801396e-05 +-     5.830220e-06        6.116       0 [    3]      (   0)             20

       455         460   0.2             NNLO.QT-CS.42.RRA           2.0606926e-05 +-     6.022579e-06
--------------------------------------------------------------------------------------------------------------------------------------------------------------
       455         460   0.2             dd~_epvebb~sc~               3.805529e-06 +-     1.509963e-06        1.867       2 [    3]      (   0)              9
       455         460   0.2             uu~_epvebb~sc~              1.6801396e-05 +-     5.830220e-06        6.116       0 [    3]      (   0)             20

       455         460   0.25            NNLO.QT-CS.42.RRA           2.0606926e-05 +-     6.022579e-06
--------------------------------------------------------------------------------------------------------------------------------------------------------------
       455         460   0.25            dd~_epvebb~sc~               3.805529e-06 +-     1.509963e-06        1.867       2 [    3]      (   0)              9
       455         460   0.25            uu~_epvebb~sc~              1.6801396e-05 +-     5.830220e-06        6.116       0 [    3]      (   0)             20

       455         460   0.5             NNLO.QT-CS.42.RRA           2.0606926e-05 +-     6.022579e-06
--------------------------------------------------------------------------------------------------------------------------------------------------------------
       455         460   0.5             dd~_epvebb~sc~               3.805529e-06 +-     1.509963e-06        1.867       2 [    3]      (   0)              9
       455         460   0.5             uu~_epvebb~sc~              1.6801396e-05 +-     5.830220e-06        6.116       0 [    3]      (   0)             20

==============================================================================================================================================================

       460         465   0.01            NNLO.QT-CS.42.RRA           2.2310033e-05 +-     6.574398e-06
--------------------------------------------------------------------------------------------------------------------------------------------------------------
       460         465   0.01            dd~_epvebb~sc~               6.621792e-06 +-     2.703924e-06        1.090       0 [    3]      (   0)             16
       460         465   0.01            uu~_epvebb~sc~              1.5688241e-05 +-     5.992621e-06        1.612       0 [    3]      (   0)             20

       460         465   0.05            NNLO.QT-CS.42.RRA           2.2310033e-05 +-     6.574398e-06
--------------------------------------------------------------------------------------------------------------------------------------------------------------
       460         465   0.05            dd~_epvebb~sc~               6.621792e-06 +-     2.703924e-06        1.090       0 [    3]      (   0)             16
       460         465   0.05            uu~_epvebb~sc~              1.5688241e-05 +-     5.992621e-06        1.612       0 [    3]      (   0)             20

       460         465   0.1             NNLO.QT-CS.42.RRA           2.2310033e-05 +-     6.574398e-06
--------------------------------------------------------------------------------------------------------------------------------------------------------------
       460         465   0.1             dd~_epvebb~sc~               6.621792e-06 +-     2.703924e-06        1.090       0 [    3]      (   0)             16
       460         465   0.1             uu~_epvebb~sc~              1.5688241e-05 +-     5.992621e-06        1.612       0 [    3]      (   0)             20

       460         465   0.15            NNLO.QT-CS.42.RRA           2.2310033e-05 +-     6.574398e-06
--------------------------------------------------------------------------------------------------------------------------------------------------------------
       460         465   0.15            dd~_epvebb~sc~               6.621792e-06 +-     2.703924e-06        1.090       0 [    3]      (   0)             16
       460         465   0.15            uu~_epvebb~sc~              1.5688241e-05 +-     5.992621e-06        1.612       0 [    3]      (   0)             20

       460         465   0.2             NNLO.QT-CS.42.RRA           2.2310033e-05 +-     6.574398e-06
--------------------------------------------------------------------------------------------------------------------------------------------------------------
       460         465   0.2             dd~_epvebb~sc~               6.621792e-06 +-     2.703924e-06        1.090       0 [    3]      (   0)             16
       460         465   0.2             uu~_epvebb~sc~              1.5688241e-05 +-     5.992621e-06        1.612       0 [    3]      (   0)             20

       460         465   0.25            NNLO.QT-CS.42.RRA           2.2310033e-05 +-     6.574398e-06
--------------------------------------------------------------------------------------------------------------------------------------------------------------
       460         465   0.25            dd~_epvebb~sc~               6.621792e-06 +-     2.703924e-06        1.090       0 [    3]      (   0)             16
       460         465   0.25            uu~_epvebb~sc~              1.5688241e-05 +-     5.992621e-06        1.612       0 [    3]      (   0)             20

       460         465   0.5             NNLO.QT-CS.42.RRA           2.2310033e-05 +-     6.574398e-06
--------------------------------------------------------------------------------------------------------------------------------------------------------------
       460         465   0.5             dd~_epvebb~sc~               6.621792e-06 +-     2.703924e-06        1.090       0 [    3]      (   0)             16
       460         465   0.5             uu~_epvebb~sc~              1.5688241e-05 +-     5.992621e-06        1.612       0 [    3]      (   0)             20

==============================================================================================================================================================

       465         470   0.01            NNLO.QT-CS.42.RRA           1.8876152e-05 +-     6.316025e-06
--------------------------------------------------------------------------------------------------------------------------------------------------------------
       465         470   0.01            dd~_epvebb~sc~               4.416868e-06 +-     2.390245e-06       0.9392       1 [    3]      (   0)              8
       465         470   0.01            uu~_epvebb~sc~              1.4459284e-05 +-     5.846272e-06        9.386       0 [    3]      (   0)             18

       465         470   0.05            NNLO.QT-CS.42.RRA           1.8876152e-05 +-     6.316025e-06
--------------------------------------------------------------------------------------------------------------------------------------------------------------
       465         470   0.05            dd~_epvebb~sc~               4.416868e-06 +-     2.390245e-06       0.9392       1 [    3]      (   0)              8
       465         470   0.05            uu~_epvebb~sc~              1.4459284e-05 +-     5.846272e-06        9.386       0 [    3]      (   0)             18

       465         470   0.1             NNLO.QT-CS.42.RRA           1.8876152e-05 +-     6.316025e-06
--------------------------------------------------------------------------------------------------------------------------------------------------------------
       465         470   0.1             dd~_epvebb~sc~               4.416868e-06 +-     2.390245e-06       0.9392       1 [    3]      (   0)              8
       465         470   0.1             uu~_epvebb~sc~              1.4459284e-05 +-     5.846272e-06        9.386       0 [    3]      (   0)             18

       465         470   0.15            NNLO.QT-CS.42.RRA           1.8876152e-05 +-     6.316025e-06
--------------------------------------------------------------------------------------------------------------------------------------------------------------
       465         470   0.15            dd~_epvebb~sc~               4.416868e-06 +-     2.390245e-06       0.9392       1 [    3]      (   0)              8
       465         470   0.15            uu~_epvebb~sc~              1.4459284e-05 +-     5.846272e-06        9.386       0 [    3]      (   0)             18

       465         470   0.2             NNLO.QT-CS.42.RRA           1.8876152e-05 +-     6.316025e-06
--------------------------------------------------------------------------------------------------------------------------------------------------------------
       465         470   0.2             dd~_epvebb~sc~               4.416868e-06 +-     2.390245e-06       0.9392       1 [    3]      (   0)              8
       465         470   0.2             uu~_epvebb~sc~              1.4459284e-05 +-     5.846272e-06        9.386       0 [    3]      (   0)             18

       465         470   0.25            NNLO.QT-CS.42.RRA           1.8876152e-05 +-     6.316025e-06
--------------------------------------------------------------------------------------------------------------------------------------------------------------
       465         470   0.25            dd~_epvebb~sc~               4.416868e-06 +-     2.390245e-06       0.9392       1 [    3]      (   0)              8
       465         470   0.25            uu~_epvebb~sc~              1.4459284e-05 +-     5.846272e-06        9.386       0 [    3]      (   0)             18

       465         470   0.5             NNLO.QT-CS.42.RRA           1.8876152e-05 +-     6.316025e-06
--------------------------------------------------------------------------------------------------------------------------------------------------------------
       465         470   0.5             dd~_epvebb~sc~               4.416868e-06 +-     2.390245e-06       0.9392       1 [    3]      (   0)              8
       465         470   0.5             uu~_epvebb~sc~              1.4459284e-05 +-     5.846272e-06        9.386       0 [    3]      (   0)             18

==============================================================================================================================================================

       470         475   0.01            NNLO.QT-CS.42.RRA           1.9441213e-05 +-     8.054101e-06
--------------------------------------------------------------------------------------------------------------------------------------------------------------
       470         475   0.01            dd~_epvebb~sc~               4.308518e-06 +-     1.562104e-06        1.555       0 [    3]      (   0)             11
       470         475   0.01            uu~_epvebb~sc~              1.5132695e-05 +-     7.901163e-06       0.5573       0 [    3]      (   0)             16

       470         475   0.05            NNLO.QT-CS.42.RRA           1.9441213e-05 +-     8.054101e-06
--------------------------------------------------------------------------------------------------------------------------------------------------------------
       470         475   0.05            dd~_epvebb~sc~               4.308518e-06 +-     1.562104e-06        1.555       0 [    3]      (   0)             11
       470         475   0.05            uu~_epvebb~sc~              1.5132695e-05 +-     7.901163e-06       0.5573       0 [    3]      (   0)             16

       470         475   0.1             NNLO.QT-CS.42.RRA           1.9441213e-05 +-     8.054101e-06
--------------------------------------------------------------------------------------------------------------------------------------------------------------
       470         475   0.1             dd~_epvebb~sc~               4.308518e-06 +-     1.562104e-06        1.555       0 [    3]      (   0)             11
       470         475   0.1             uu~_epvebb~sc~              1.5132695e-05 +-     7.901163e-06       0.5573       0 [    3]      (   0)             16

       470         475   0.15            NNLO.QT-CS.42.RRA           1.9441213e-05 +-     8.054101e-06
--------------------------------------------------------------------------------------------------------------------------------------------------------------
       470         475   0.15            dd~_epvebb~sc~               4.308518e-06 +-     1.562104e-06        1.555       0 [    3]      (   0)             11
       470         475   0.15            uu~_epvebb~sc~              1.5132695e-05 +-     7.901163e-06       0.5573       0 [    3]      (   0)             16

       470         475   0.2             NNLO.QT-CS.42.RRA           1.9441213e-05 +-     8.054101e-06
--------------------------------------------------------------------------------------------------------------------------------------------------------------
       470         475   0.2             dd~_epvebb~sc~               4.308518e-06 +-     1.562104e-06        1.555       0 [    3]      (   0)             11
       470         475   0.2             uu~_epvebb~sc~              1.5132695e-05 +-     7.901163e-06       0.5573       0 [    3]      (   0)             16

       470         475   0.25            NNLO.QT-CS.42.RRA           1.9441213e-05 +-     8.054101e-06
--------------------------------------------------------------------------------------------------------------------------------------------------------------
       470         475   0.25            dd~_epvebb~sc~               4.308518e-06 +-     1.562104e-06        1.555       0 [    3]      (   0)             11
       470         475   0.25            uu~_epvebb~sc~              1.5132695e-05 +-     7.901163e-06       0.5573       0 [    3]      (   0)             16

       470         475   0.5             NNLO.QT-CS.42.RRA           1.9441213e-05 +-     8.054101e-06
--------------------------------------------------------------------------------------------------------------------------------------------------------------
       470         475   0.5             dd~_epvebb~sc~               4.308518e-06 +-     1.562104e-06        1.555       0 [    3]      (   0)             11
       470         475   0.5             uu~_epvebb~sc~              1.5132695e-05 +-     7.901163e-06       0.5573       0 [    3]      (   0)             16

==============================================================================================================================================================

       475         480   0.01            NNLO.QT-CS.42.RRA           1.9484112e-05 +-     5.218392e-06
--------------------------------------------------------------------------------------------------------------------------------------------------------------
       475         480   0.01            dd~_epvebb~sc~               6.611676e-06 +-     2.376986e-06       0.4657       0 [    3]      (   0)             16
       475         480   0.01            uu~_epvebb~sc~              1.2872436e-05 +-     4.645595e-06        2.438       0 [    3]      (   0)             13

       475         480   0.05            NNLO.QT-CS.42.RRA           1.9484112e-05 +-     5.218392e-06
--------------------------------------------------------------------------------------------------------------------------------------------------------------
       475         480   0.05            dd~_epvebb~sc~               6.611676e-06 +-     2.376986e-06       0.4657       0 [    3]      (   0)             16
       475         480   0.05            uu~_epvebb~sc~              1.2872436e-05 +-     4.645595e-06        2.438       0 [    3]      (   0)             13

       475         480   0.1             NNLO.QT-CS.42.RRA           1.9484112e-05 +-     5.218392e-06
--------------------------------------------------------------------------------------------------------------------------------------------------------------
       475         480   0.1             dd~_epvebb~sc~               6.611676e-06 +-     2.376986e-06       0.4657       0 [    3]      (   0)             16
       475         480   0.1             uu~_epvebb~sc~              1.2872436e-05 +-     4.645595e-06        2.438       0 [    3]      (   0)             13

       475         480   0.15            NNLO.QT-CS.42.RRA           1.9484112e-05 +-     5.218392e-06
--------------------------------------------------------------------------------------------------------------------------------------------------------------
       475         480   0.15            dd~_epvebb~sc~               6.611676e-06 +-     2.376986e-06       0.4657       0 [    3]      (   0)             16
       475         480   0.15            uu~_epvebb~sc~              1.2872436e-05 +-     4.645595e-06        2.438       0 [    3]      (   0)             13

       475         480   0.2             NNLO.QT-CS.42.RRA           1.9484112e-05 +-     5.218392e-06
--------------------------------------------------------------------------------------------------------------------------------------------------------------
       475         480   0.2             dd~_epvebb~sc~               6.611676e-06 +-     2.376986e-06       0.4657       0 [    3]      (   0)             16
       475         480   0.2             uu~_epvebb~sc~              1.2872436e-05 +-     4.645595e-06        2.438       0 [    3]      (   0)             13

       475         480   0.25            NNLO.QT-CS.42.RRA           1.9484112e-05 +-     5.218392e-06
--------------------------------------------------------------------------------------------------------------------------------------------------------------
       475         480   0.25            dd~_epvebb~sc~               6.611676e-06 +-     2.376986e-06       0.4657       0 [    3]      (   0)             16
       475         480   0.25            uu~_epvebb~sc~              1.2872436e-05 +-     4.645595e-06        2.438       0 [    3]      (   0)             13

       475         480   0.5             NNLO.QT-CS.42.RRA           1.9484112e-05 +-     5.218392e-06
--------------------------------------------------------------------------------------------------------------------------------------------------------------
       475         480   0.5             dd~_epvebb~sc~               6.611676e-06 +-     2.376986e-06       0.4657       0 [    3]      (   0)             16
       475         480   0.5             uu~_epvebb~sc~              1.2872436e-05 +-     4.645595e-06        2.438       0 [    3]      (   0)             13

==============================================================================================================================================================

       480         485   0.01            NNLO.QT-CS.42.RRA           1.1066133e-05 +-     3.761385e-06
--------------------------------------------------------------------------------------------------------------------------------------------------------------
       480         485   0.01            dd~_epvebb~sc~               4.603533e-06 +-     2.431399e-06       0.7907       1 [    3]      (   0)              8
       480         485   0.01            uu~_epvebb~sc~               6.462600e-06 +-     2.869898e-06        5.062       0 [    3]      (   0)             17

       480         485   0.05            NNLO.QT-CS.42.RRA           1.1066133e-05 +-     3.761385e-06
--------------------------------------------------------------------------------------------------------------------------------------------------------------
       480         485   0.05            dd~_epvebb~sc~               4.603533e-06 +-     2.431399e-06       0.7907       1 [    3]      (   0)              8
       480         485   0.05            uu~_epvebb~sc~               6.462600e-06 +-     2.869898e-06        5.062       0 [    3]      (   0)             17

       480         485   0.1             NNLO.QT-CS.42.RRA           1.1066133e-05 +-     3.761385e-06
--------------------------------------------------------------------------------------------------------------------------------------------------------------
       480         485   0.1             dd~_epvebb~sc~               4.603533e-06 +-     2.431399e-06       0.7907       1 [    3]      (   0)              8
       480         485   0.1             uu~_epvebb~sc~               6.462600e-06 +-     2.869898e-06        5.062       0 [    3]      (   0)             17

       480         485   0.15            NNLO.QT-CS.42.RRA           1.1066133e-05 +-     3.761385e-06
--------------------------------------------------------------------------------------------------------------------------------------------------------------
       480         485   0.15            dd~_epvebb~sc~               4.603533e-06 +-     2.431399e-06       0.7907       1 [    3]      (   0)              8
       480         485   0.15            uu~_epvebb~sc~               6.462600e-06 +-     2.869898e-06        5.062       0 [    3]      (   0)             17

       480         485   0.2             NNLO.QT-CS.42.RRA           1.1066133e-05 +-     3.761385e-06
--------------------------------------------------------------------------------------------------------------------------------------------------------------
       480         485   0.2             dd~_epvebb~sc~               4.603533e-06 +-     2.431399e-06       0.7907       1 [    3]      (   0)              8
       480         485   0.2             uu~_epvebb~sc~               6.462600e-06 +-     2.869898e-06        5.062       0 [    3]      (   0)             17

       480         485   0.25            NNLO.QT-CS.42.RRA           1.1066133e-05 +-     3.761385e-06
--------------------------------------------------------------------------------------------------------------------------------------------------------------
       480         485   0.25            dd~_epvebb~sc~               4.603533e-06 +-     2.431399e-06       0.7907       1 [    3]      (   0)              8
       480         485   0.25            uu~_epvebb~sc~               6.462600e-06 +-     2.869898e-06        5.062       0 [    3]      (   0)             17

       480         485   0.5             NNLO.QT-CS.42.RRA           1.1066130e-05 +-     3.761385e-06
--------------------------------------------------------------------------------------------------------------------------------------------------------------
       480         485   0.5             dd~_epvebb~sc~               4.603533e-06 +-     2.431399e-06       0.7907       1 [    3]      (   0)              8
       480         485   0.5             uu~_epvebb~sc~               6.462597e-06 +-     2.869898e-06        5.062       0 [    3]      (   0)             16

==============================================================================================================================================================

       485         490   0.01            NNLO.QT-CS.42.RRA           1.1750695e-05 +-     5.043231e-06
--------------------------------------------------------------------------------------------------------------------------------------------------------------
       485         490   0.01            dd~_epvebb~sc~               6.901610e-06 +-     3.250315e-06        1.052       0 [    3]      (   0)             13
       485         490   0.01            uu~_epvebb~sc~               4.849085e-06 +-     3.856116e-06       0.2640       0 [    3]      (   0)             13

       485         490   0.05            NNLO.QT-CS.42.RRA           1.1750695e-05 +-     5.043231e-06
--------------------------------------------------------------------------------------------------------------------------------------------------------------
       485         490   0.05            dd~_epvebb~sc~               6.901610e-06 +-     3.250315e-06        1.052       0 [    3]      (   0)             13
       485         490   0.05            uu~_epvebb~sc~               4.849085e-06 +-     3.856116e-06       0.2640       0 [    3]      (   0)             13

       485         490   0.1             NNLO.QT-CS.42.RRA           1.1750695e-05 +-     5.043231e-06
--------------------------------------------------------------------------------------------------------------------------------------------------------------
       485         490   0.1             dd~_epvebb~sc~               6.901610e-06 +-     3.250315e-06        1.052       0 [    3]      (   0)             13
       485         490   0.1             uu~_epvebb~sc~               4.849085e-06 +-     3.856116e-06       0.2640       0 [    3]      (   0)             13

       485         490   0.15            NNLO.QT-CS.42.RRA           1.1750695e-05 +-     5.043231e-06
--------------------------------------------------------------------------------------------------------------------------------------------------------------
       485         490   0.15            dd~_epvebb~sc~               6.901610e-06 +-     3.250315e-06        1.052       0 [    3]      (   0)             13
       485         490   0.15            uu~_epvebb~sc~               4.849085e-06 +-     3.856116e-06       0.2640       0 [    3]      (   0)             13

       485         490   0.2             NNLO.QT-CS.42.RRA           1.1750695e-05 +-     5.043231e-06
--------------------------------------------------------------------------------------------------------------------------------------------------------------
       485         490   0.2             dd~_epvebb~sc~               6.901610e-06 +-     3.250315e-06        1.052       0 [    3]      (   0)             13
       485         490   0.2             uu~_epvebb~sc~               4.849085e-06 +-     3.856116e-06       0.2640       0 [    3]      (   0)             13

       485         490   0.25            NNLO.QT-CS.42.RRA           1.1750695e-05 +-     5.043231e-06
--------------------------------------------------------------------------------------------------------------------------------------------------------------
       485         490   0.25            dd~_epvebb~sc~               6.901610e-06 +-     3.250315e-06        1.052       0 [    3]      (   0)             13
       485         490   0.25            uu~_epvebb~sc~               4.849085e-06 +-     3.856116e-06       0.2640       0 [    3]      (   0)             13

       485         490   0.5             NNLO.QT-CS.42.RRA           1.1750695e-05 +-     5.043231e-06
--------------------------------------------------------------------------------------------------------------------------------------------------------------
       485         490   0.5             dd~_epvebb~sc~               6.901610e-06 +-     3.250315e-06        1.052       0 [    3]      (   0)             13
       485         490   0.5             uu~_epvebb~sc~               4.849085e-06 +-     3.856116e-06       0.2640       0 [    3]      (   0)             13

==============================================================================================================================================================

       490         495   0.01            NNLO.QT-CS.42.RRA           1.0247937e-05 +-     2.957870e-06
--------------------------------------------------------------------------------------------------------------------------------------------------------------
       490         495   0.01            dd~_epvebb~sc~               4.104156e-06 +-     1.602080e-06       0.2417       1 [    3]      (   0)             11
       490         495   0.01            uu~_epvebb~sc~               6.143781e-06 +-     2.486431e-06       0.4330       1 [    3]      (   0)              8

       490         495   0.05            NNLO.QT-CS.42.RRA           1.0247937e-05 +-     2.957870e-06
--------------------------------------------------------------------------------------------------------------------------------------------------------------
       490         495   0.05            dd~_epvebb~sc~               4.104156e-06 +-     1.602080e-06       0.2417       1 [    3]      (   0)             11
       490         495   0.05            uu~_epvebb~sc~               6.143781e-06 +-     2.486431e-06       0.4330       1 [    3]      (   0)              8

       490         495   0.1             NNLO.QT-CS.42.RRA           1.0247937e-05 +-     2.957870e-06
--------------------------------------------------------------------------------------------------------------------------------------------------------------
       490         495   0.1             dd~_epvebb~sc~               4.104156e-06 +-     1.602080e-06       0.2417       1 [    3]      (   0)             11
       490         495   0.1             uu~_epvebb~sc~               6.143781e-06 +-     2.486431e-06       0.4330       1 [    3]      (   0)              8

       490         495   0.15            NNLO.QT-CS.42.RRA           1.0247937e-05 +-     2.957870e-06
--------------------------------------------------------------------------------------------------------------------------------------------------------------
       490         495   0.15            dd~_epvebb~sc~               4.104156e-06 +-     1.602080e-06       0.2417       1 [    3]      (   0)             11
       490         495   0.15            uu~_epvebb~sc~               6.143781e-06 +-     2.486431e-06       0.4330       1 [    3]      (   0)              8

       490         495   0.2             NNLO.QT-CS.42.RRA           1.0247937e-05 +-     2.957870e-06
--------------------------------------------------------------------------------------------------------------------------------------------------------------
       490         495   0.2             dd~_epvebb~sc~               4.104156e-06 +-     1.602080e-06       0.2417       1 [    3]      (   0)             11
       490         495   0.2             uu~_epvebb~sc~               6.143781e-06 +-     2.486431e-06       0.4330       1 [    3]      (   0)              8

       490         495   0.25            NNLO.QT-CS.42.RRA           1.0247937e-05 +-     2.957870e-06
--------------------------------------------------------------------------------------------------------------------------------------------------------------
       490         495   0.25            dd~_epvebb~sc~               4.104156e-06 +-     1.602080e-06       0.2417       1 [    3]      (   0)             11
       490         495   0.25            uu~_epvebb~sc~               6.143781e-06 +-     2.486431e-06       0.4330       1 [    3]      (   0)              8

       490         495   0.5             NNLO.QT-CS.42.RRA           1.0247937e-05 +-     2.957870e-06
--------------------------------------------------------------------------------------------------------------------------------------------------------------
       490         495   0.5             dd~_epvebb~sc~               4.104156e-06 +-     1.602080e-06       0.2417       1 [    3]      (   0)             11
       490         495   0.5             uu~_epvebb~sc~               6.143781e-06 +-     2.486431e-06       0.4330       1 [    3]      (   0)              8

==============================================================================================================================================================

       495         500   0.01            NNLO.QT-CS.42.RRA           1.4592304e-05 +-     6.441691e-06
--------------------------------------------------------------------------------------------------------------------------------------------------------------
       495         500   0.01            dd~_epvebb~sc~               8.499136e-06 +-     5.868669e-06        289.0       1 [    3]      (   0)             14
       495         500   0.01            uu~_epvebb~sc~               6.093168e-06 +-     2.655955e-06        5.590       1 [    3]      (   0)             12

       495         500   0.05            NNLO.QT-CS.42.RRA           1.4592304e-05 +-     6.441691e-06
--------------------------------------------------------------------------------------------------------------------------------------------------------------
       495         500   0.05            dd~_epvebb~sc~               8.499136e-06 +-     5.868669e-06        289.0       1 [    3]      (   0)             14
       495         500   0.05            uu~_epvebb~sc~               6.093168e-06 +-     2.655955e-06        5.590       1 [    3]      (   0)             12

       495         500   0.1             NNLO.QT-CS.42.RRA           1.4592304e-05 +-     6.441691e-06
--------------------------------------------------------------------------------------------------------------------------------------------------------------
       495         500   0.1             dd~_epvebb~sc~               8.499136e-06 +-     5.868669e-06        289.0       1 [    3]      (   0)             14
       495         500   0.1             uu~_epvebb~sc~               6.093168e-06 +-     2.655955e-06        5.590       1 [    3]      (   0)             12

       495         500   0.15            NNLO.QT-CS.42.RRA           1.4592304e-05 +-     6.441691e-06
--------------------------------------------------------------------------------------------------------------------------------------------------------------
       495         500   0.15            dd~_epvebb~sc~               8.499136e-06 +-     5.868669e-06        289.0       1 [    3]      (   0)             14
       495         500   0.15            uu~_epvebb~sc~               6.093168e-06 +-     2.655955e-06        5.590       1 [    3]      (   0)             12

       495         500   0.2             NNLO.QT-CS.42.RRA           1.4592304e-05 +-     6.441691e-06
--------------------------------------------------------------------------------------------------------------------------------------------------------------
       495         500   0.2             dd~_epvebb~sc~               8.499136e-06 +-     5.868669e-06        289.0       1 [    3]      (   0)             14
       495         500   0.2             uu~_epvebb~sc~               6.093168e-06 +-     2.655955e-06        5.590       1 [    3]      (   0)             12

       495         500   0.25            NNLO.QT-CS.42.RRA           1.4592304e-05 +-     6.441691e-06
--------------------------------------------------------------------------------------------------------------------------------------------------------------
       495         500   0.25            dd~_epvebb~sc~               8.499136e-06 +-     5.868669e-06        289.0       1 [    3]      (   0)             14
       495         500   0.25            uu~_epvebb~sc~               6.093168e-06 +-     2.655955e-06        5.590       1 [    3]      (   0)             12

       495         500   0.5             NNLO.QT-CS.42.RRA           1.4592304e-05 +-     6.441691e-06
--------------------------------------------------------------------------------------------------------------------------------------------------------------
       495         500   0.5             dd~_epvebb~sc~               8.499136e-06 +-     5.868669e-06        289.0       1 [    3]      (   0)             14
       495         500   0.5             uu~_epvebb~sc~               6.093168e-06 +-     2.655955e-06        5.590       1 [    3]      (   0)             12

==============================================================================================================================================================

